source,variant,instance,factor,baseline,objective,period_ub,bound,old_status,old_value,old_mu,old_seconds,status,value,seconds,mu_max,total_cost,nprocs,patterns,verify_ok,pin_ok,fix_ok,mu_solver,step1_status,step1_total_cost,old_step1_total_cost,agree
e2_joint,base,p_rasta,none,joint,TOTALCOST,,,OPTIMAL,3330,1012,5.375,OPTIMAL,3330,8.599,1012,3330,2,frontEnd=high_sil_isolated_checker;rasta=none;powspec=none;audspec=none;compJah=high_sil_isolated_checker;rastaFilter=none;backEnd=low_sil_doer_checker,True,True,,4655,,,,True
e2_joint,base,p_rasta,none,PFmin,TOTALCOST,,,OPTIMAL,3330,1012,3.725,OPTIMAL,3330,5.614,1012,3330,2,frontEnd=two_of_two_high_sil;rasta=none;powspec=none;audspec=none;compJah=two_of_two_high_sil;rastaFilter=none;backEnd=low_sil_doer_checker,True,True,True,4655,,,,True
e2_joint,base,p_rasta,none,PFmax,TOTALCOST,,,OPTIMAL,3330,1012,3.213,OPTIMAL,3330,5.113,1012,3330,2,frontEnd=two_of_two_high_sil;rasta=none;powspec=none;audspec=none;compJah=two_of_two_high_sil;rastaFilter=none;backEnd=low_sil_diverse_doer_checker,True,True,True,4655,,,,True
e2_joint,base,p_rasta,none,NP,TOTALCOST,,,OPTIMAL,3330,1012,4.707,OPTIMAL,3330,7.148,1012,3330,2,frontEnd=high_sil_isolated_checker;rasta=none;powspec=none;audspec=none;compJah=high_sil_isolated_checker;rastaFilter=none;backEnd=low_sil_doer_checker,True,True,,4655,,,,True
e2_joint,base,p_rasta,none,PFlight,TOTALCOST,,,OPTIMAL,3330,1012,4.212,OPTIMAL,3330,6.067,1012,3330,2,frontEnd=high_sil_isolated_checker;rasta=none;powspec=none;audspec=none;compJah=high_sil_isolated_checker;rastaFilter=none;backEnd=low_sil_doer_checker,True,True,True,4655,,,,True
e2_joint,base,p_rasta,none,PFcheap,TOTALCOST,,,OPTIMAL,3330,1012,4.016,OPTIMAL,3330,4.76,1012,3330,2,frontEnd=high_sil_isolated_checker;rasta=none;powspec=none;audspec=none;compJah=high_sil_isolated_checker;rastaFilter=none;backEnd=low_sil_doer_checker,True,True,True,4655,,,,True
e2_joint,base,f_random_hw,none,joint,TOTALCOST,,,OPTIMAL,3349,1079,7.899,OPTIMAL,3349,10.468,1079,3349,5,frontEnd=two_of_two_high_sil;rasta=none;powspec=none;audspec=none;compJah=two_of_two_high_sil;rastaFilter=none;backEnd=low_sil_doer_checker,True,True,,4655,,,,True
e2_joint,base,f_random_hw,none,PFmin,TOTALCOST,,,OPTIMAL,3349,1079,4.352,OPTIMAL,3349,6.114,1080,3349,5,frontEnd=two_of_two_high_sil;rasta=none;powspec=none;audspec=none;compJah=two_of_two_high_sil;rastaFilter=none;backEnd=low_sil_doer_checker,True,True,True,4655,,,,True
e2_joint,base,f_random_hw,none,PFmax,TOTALCOST,,,OPTIMAL,3374,1079,4.396,OPTIMAL,3374,5.961,1080,3374,5,frontEnd=two_of_two_high_sil;rasta=none;powspec=none;audspec=none;compJah=two_of_two_high_sil;rastaFilter=none;backEnd=low_sil_diverse_doer_checker,True,True,True,4655,,,,True
e2_joint,base,f_random_hw,none,NP,TOTALCOST,,,OPTIMAL,3349,1079,5.721,OPTIMAL,3349,4.713,1122,3349,5,frontEnd=high_sil_isolated_checker;rasta=none;powspec=none;audspec=none;compJah=two_of_two_high_sil;rastaFilter=none;backEnd=low_sil_doer_checker,True,True,,4655,,,,True
e2_joint,base,f_random_hw,none,PFlight,TOTALCOST,,,OPTIMAL,3349,1079,4.806,OPTIMAL,3349,5.507,1079,3349,5,frontEnd=high_sil_isolated_checker;rasta=none;powspec=none;audspec=none;compJah=high_sil_isolated_checker;rastaFilter=none;backEnd=low_sil_doer_checker,True,True,True,4655,,,,True
e2_joint,base,f_random_hw,none,PFcheap,TOTALCOST,,,OPTIMAL,3349,1079,4.724,OPTIMAL,3349,5.718,1079,3349,5,frontEnd=high_sil_isolated_checker;rasta=none;powspec=none;audspec=none;compJah=high_sil_isolated_checker;rastaFilter=none;backEnd=low_sil_doer_checker,True,True,True,4655,,,,True
e2_joint,base,d_random_hw,none,joint,TOTALCOST,,,OPTIMAL,1857,1751,5.735,OPTIMAL,1857,6.496,1751,1857,3,frontEnd=low_sil_doer_checker;rasta=none;powspec=none;audspec=none;compJah=low_sil_doer_checker;rastaFilter=none;backEnd=low_sil_doer_checker,True,True,,3012,,,,True
e2_joint,base,d_random_hw,none,PFmin,TOTALCOST,,,OPTIMAL,1857,1702,3.084,OPTIMAL,1857,3.538,1766,1857,3,frontEnd=low_sil_doer_checker;rasta=none;powspec=none;audspec=none;compJah=low_sil_doer_checker;rastaFilter=none;backEnd=low_sil_doer_checker,True,True,True,3012,,,,True
e2_joint,base,d_random_hw,none,PFmax,TOTALCOST,,,OPTIMAL,1882,1751,3.023,OPTIMAL,1882,3.612,1766,1882,3,frontEnd=low_sil_diverse_doer_checker;rasta=none;powspec=none;audspec=none;compJah=low_sil_diverse_doer_checker;rastaFilter=none;backEnd=low_sil_diverse_doer_checker,True,True,True,3012,,,,True
e2_joint,base,d_random_hw,none,NP,TOTALCOST,,,OPTIMAL,1857,1766,3.606,OPTIMAL,1857,4.353,1684,1857,3,frontEnd=low_sil_doer_checker;rasta=none;powspec=none;audspec=none;compJah=low_sil_doer_checker;rastaFilter=none;backEnd=low_sil_doer_checker,True,True,,3012,,,,True
e2_joint,base,d_random_hw,none,PFlight,TOTALCOST,,,OPTIMAL,1857,1620,3.521,OPTIMAL,1857,3.616,1833,1857,3,frontEnd=low_sil_doer_checker;rasta=none;powspec=none;audspec=none;compJah=low_sil_doer_checker;rastaFilter=none;backEnd=low_sil_doer_checker,True,True,True,3012,,,,True
e2_joint,base,d_random_hw,none,PFcheap,TOTALCOST,,,OPTIMAL,1857,1766,3.431,OPTIMAL,1857,3.58,1620,1857,3,frontEnd=low_sil_doer_checker;rasta=none;powspec=none;audspec=none;compJah=low_sil_doer_checker;rastaFilter=none;backEnd=low_sil_doer_checker,True,True,True,3012,,,,True
e2_joint,base,f_sw3,none,joint,TOTALCOST,,,OPTIMAL,3365,1079,5.198,OPTIMAL,3365,6.278,1267,3365,4,frontEnd=two_of_two_high_sil;rasta=none;powspec=none;audspec=none;compJah=two_of_two_high_sil;rastaFilter=none;backEnd=same_cpu_doer_checker,True,True,,2750,,,,True
e2_joint,base,f_sw3,none,PFmin,TOTALCOST,,,OPTIMAL,3365,1105,3.085,OPTIMAL,3365,3.399,1105,3365,4,frontEnd=two_of_two_high_sil;rasta=none;powspec=none;audspec=none;compJah=two_of_two_high_sil;rastaFilter=none;backEnd=same_cpu_doer_checker,True,True,True,2750,,,,True
e2_joint,base,f_sw3,none,PFmax,TOTALCOST,,,OPTIMAL,3406,1267,3.26,OPTIMAL,3406,3.546,1105,3406,5,frontEnd=two_of_two_high_sil;rasta=none;powspec=none;audspec=none;compJah=two_of_two_high_sil;rastaFilter=none;backEnd=low_sil_diverse_doer_checker,True,True,True,2750,,,,True
e2_joint,base,f_sw3,none,NP,TOTALCOST,,,OPTIMAL,3365,1126,2.458,OPTIMAL,3365,3.945,1079,3365,4,frontEnd=two_of_two_high_sil;rasta=none;powspec=none;audspec=none;compJah=two_of_two_high_sil;rastaFilter=none;backEnd=same_cpu_doer_checker,True,True,,2750,,,,True
e2_joint,base,f_sw3,none,PFlight,TOTALCOST,,,OPTIMAL,4403,1130,3.288,OPTIMAL,4403,3.726,1079,4403,4,frontEnd=mixed_sil_doer_checker;rasta=none;powspec=none;audspec=none;compJah=mixed_sil_doer_checker;rastaFilter=none;backEnd=same_cpu_doer_checker,True,True,True,2750,,,,True
e2_joint,base,f_sw3,none,PFcheap,TOTALCOST,,,OPTIMAL,3365,1079,3.332,OPTIMAL,3365,3.482,1105,3365,4,frontEnd=two_of_two_high_sil;rasta=none;powspec=none;audspec=none;compJah=two_of_two_high_sil;rastaFilter=none;backEnd=same_cpu_doer_checker,True,True,True,2750,,,,True
e2_joint,base,f_both3,none,joint,TOTALCOST,,,OPTIMAL,3406,1130,3.346,OPTIMAL,3406,5.827,1104,3406,5,frontEnd=two_of_two_high_sil;rasta=none;powspec=none;audspec=none;compJah=two_of_two_high_sil;rastaFilter=none;backEnd=low_sil_diverse_doer_checker,True,True,,2750,,,,True
e2_joint,base,f_both3,none,PFmin,TOTALCOST,,,OPTIMAL,3406,1267,3.052,OPTIMAL,3406,3.568,1267,3406,5,frontEnd=two_of_two_high_sil;rasta=none;powspec=none;audspec=none;compJah=two_of_two_high_sil;rastaFilter=none;backEnd=low_sil_diverse_doer_checker,True,True,True,2750,,,,True
e2_joint,base,f_both3,none,PFmax,TOTALCOST,,,OPTIMAL,3406,1267,3.214,OPTIMAL,3406,3.639,1267,3406,5,frontEnd=two_of_two_high_sil;rasta=none;powspec=none;audspec=none;compJah=two_of_two_high_sil;rastaFilter=none;backEnd=low_sil_diverse_doer_checker,True,True,True,2750,,,,True
e2_joint,base,f_both3,none,NP,TOTALCOST,,,OPTIMAL,3406,1079,2.9,OPTIMAL,3406,3.441,1079,3406,5,frontEnd=two_of_two_high_sil;rasta=none;powspec=none;audspec=none;compJah=two_of_two_high_sil;rastaFilter=none;backEnd=low_sil_diverse_doer_checker,True,True,,2750,,,,True
e2_joint,base,f_both3,none,PFlight,TOTALCOST,,,OPTIMAL,4444,1104,3.507,OPTIMAL,4444,3.816,1079,4444,5,frontEnd=mixed_sil_doer_checker;rasta=none;powspec=none;audspec=none;compJah=mixed_sil_doer_checker;rastaFilter=none;backEnd=low_sil_diverse_doer_checker,True,True,True,2750,,,,True
e2_joint,base,f_both3,none,PFcheap,TOTALCOST,,,OPTIMAL,3406,1267,3.647,OPTIMAL,3406,3.559,1360,3406,5,frontEnd=two_of_two_high_sil;rasta=none;powspec=none;audspec=none;compJah=two_of_two_high_sil;rastaFilter=none;backEnd=low_sil_diverse_doer_checker,True,True,True,2750,,,,True
e2_joint,base,c_pat,none,joint,TOTALCOST,,,OPTIMAL,3349,1330,13.896,OPTIMAL,3349,16.04,1290,3349,5,frontEnd=high_sil_isolated_checker;rasta=none;powspec=none;audspec=none;compJah=high_sil_isolated_checker;rastaFilter=none;backEnd=low_sil_doer_checker,True,True,,1824,,,,True
e2_joint,base,c_pat,none,PFmin,TOTALCOST,,,OPTIMAL,3349,1137,9.127,OPTIMAL,3349,9.826,1189,3349,5,frontEnd=two_of_two_high_sil;rasta=none;powspec=none;audspec=none;compJah=two_of_two_high_sil;rastaFilter=none;backEnd=low_sil_doer_checker,True,True,True,1189,,,,True
e2_joint,base,c_pat,none,PFmax,TOTALCOST,,,OPTIMAL,3374,1154,9.211,OPTIMAL,3374,10.207,1188,3374,5,frontEnd=two_of_two_high_sil;rasta=none;powspec=none;audspec=none;compJah=two_of_two_high_sil;rastaFilter=none;backEnd=low_sil_diverse_doer_checker,True,True,True,1188,,,,True
e2_joint,base,c_pat,none,NP,TOTALCOST,,,OPTIMAL,3349,1228,11.039,OPTIMAL,3349,10.995,1137,3349,5,frontEnd=high_sil_isolated_checker;rasta=none;powspec=none;audspec=none;compJah=high_sil_isolated_checker;rastaFilter=none;backEnd=low_sil_doer_checker,True,True,,1137,,,,True
e2_joint,base,c_pat,none,PFlight,TOTALCOST,,,OPTIMAL,3349,1188,10.497,OPTIMAL,3349,10.46,1137,3349,5,frontEnd=high_sil_isolated_checker;rasta=none;powspec=none;audspec=none;compJah=high_sil_isolated_checker;rastaFilter=none;backEnd=low_sil_doer_checker,True,True,True,1137,,,,True
e2_joint,base,c_pat,none,PFcheap,TOTALCOST,,,OPTIMAL,3349,1239,10.707,OPTIMAL,3349,10.073,1173,3349,5,frontEnd=high_sil_isolated_checker;rasta=none;powspec=none;audspec=none;compJah=high_sil_isolated_checker;rastaFilter=none;backEnd=low_sil_doer_checker,True,True,True,1190,,,,True
e2_joint,base,pc_sobel,none,joint,TOTALCOST,100000,,OPTIMAL,1401,480,2.839,OPTIMAL,1401,3.168,768,1401,3,get_pixel=two_of_two_high_sil;gx=none;gy=none;abs=none,True,True,,768,,,,True
e2_joint,base,pc_sobel,none,PFmin,TOTALCOST,100000,,OPTIMAL,1401,768,2.006,OPTIMAL,1401,2.064,768,1401,3,get_pixel=two_of_two_high_sil;gx=none;gy=none;abs=none,True,True,True,768,,,,True
e2_joint,base,pc_sobel,none,PFmax,TOTALCOST,100000,,OPTIMAL,1401,768,1.867,OPTIMAL,1401,1.892,768,1401,3,get_pixel=two_of_two_high_sil;gx=none;gy=none;abs=none,True,True,True,768,,,,True
e2_joint,base,pc_sobel,none,NP,TOTALCOST,100000,,OPTIMAL,1401,480,2.007,OPTIMAL,1401,2.323,499,1401,3,get_pixel=high_sil_isolated_checker;gx=none;gy=none;abs=none,True,True,,499,,,,True
e2_joint,base,pc_sobel,none,PFlight,TOTALCOST,100000,,OPTIMAL,1401,499,2.194,OPTIMAL,1401,2.248,499,1401,3,get_pixel=high_sil_isolated_checker;gx=none;gy=none;abs=none,True,True,True,499,,,,True
e2_joint,base,pc_sobel,none,PFcheap,TOTALCOST,100000,,OPTIMAL,1401,480,2.166,OPTIMAL,1401,2.034,480,1401,3,get_pixel=high_sil_isolated_checker;gx=none;gy=none;abs=none,True,True,True,480,,,,True
e2_joint,base,v_nvp,none,joint,TOTALCOST,,,OPTIMAL,5680,1185,4.838,OPTIMAL,5680,5.226,1185,5680,6,frontEnd=nvp_three_version;rasta=none;powspec=none;audspec=none;compJah=nvp_three_version;rastaFilter=none;backEnd=low_sil_diverse_doer_checker,True,True,,3099,,,,True
e2_joint,base,v_nvp,none,PFmin,TOTALCOST,,,OPTIMAL,5680,1180,3.507,OPTIMAL,5680,4.172,1180,5680,6,frontEnd=nvp_three_version;rasta=none;powspec=none;audspec=none;compJah=nvp_three_version;rastaFilter=none;backEnd=low_sil_diverse_doer_checker,True,True,True,3099,,,,True
e2_joint,base,v_nvp,none,PFmax,TOTALCOST,,,OPTIMAL,5680,1180,3.532,OPTIMAL,5680,4.084,1185,5680,6,frontEnd=nvp_three_version;rasta=none;powspec=none;audspec=none;compJah=nvp_three_version;rastaFilter=none;backEnd=low_sil_diverse_doer_checker,True,True,True,3099,,,,True
e2_joint,base,v_nvp,none,NP,TOTALCOST,,,OPTIMAL,5680,1196,3.456,OPTIMAL,5680,4.207,1180,5680,6,frontEnd=nvp_three_version;rasta=none;powspec=none;audspec=none;compJah=nvp_three_version;rastaFilter=none;backEnd=low_sil_diverse_doer_checker,True,True,,3099,,,,True
e2_joint,base,v_nvp,none,PFlight,TOTALCOST,,,OPTIMAL,5680,1172,4.086,OPTIMAL,5680,4.08,1185,5680,6,frontEnd=nvp_three_version;rasta=none;powspec=none;audspec=none;compJah=nvp_three_version;rastaFilter=none;backEnd=low_sil_diverse_doer_checker,True,True,True,3099,,,,True
e2_joint,base,v_nvp,none,PFcheap,TOTALCOST,,,OPTIMAL,5680,1185,4.3,OPTIMAL,5680,4.219,1185,5680,6,frontEnd=nvp_three_version;rasta=none;powspec=none;audspec=none;compJah=nvp_three_version;rastaFilter=none;backEnd=low_sil_diverse_doer_checker,True,True,True,3099,,,,True
e2_joint,base,d_systematic_sw,none,joint,TOTALCOST,,,OPTIMAL,1846,1751,3.444,OPTIMAL,1846,3.784,1833,1846,2,frontEnd=same_cpu_doer_checker;rasta=none;powspec=none;audspec=none;compJah=same_cpu_doer_checker;rastaFilter=none;backEnd=same_cpu_doer_checker,True,True,,2103,,,,True
e2_joint,base,d_systematic_sw,none,PFmin,TOTALCOST,,,OPTIMAL,1846,1766,2.523,OPTIMAL,1846,2.384,1751,1846,2,frontEnd=same_cpu_doer_checker;rasta=none;powspec=none;audspec=none;compJah=same_cpu_doer_checker;rastaFilter=none;backEnd=same_cpu_doer_checker,True,True,True,2103,,,,True
e2_joint,base,d_systematic_sw,none,PFmax,TOTALCOST,,,OPTIMAL,2009,1626,3.06,OPTIMAL,2009,2.577,1486,2009,3,frontEnd=low_sil_diverse_doer_checker;rasta=none;powspec=none;audspec=none;compJah=low_sil_diverse_doer_checker;rastaFilter=none;backEnd=low_sil_diverse_doer_checker,True,True,True,2103,,,,True
e2_joint,base,d_systematic_sw,none,NP,TOTALCOST,,,OPTIMAL,1846,1766,2.002,OPTIMAL,1846,2.032,1766,1846,2,frontEnd=same_cpu_doer_checker;rasta=none;powspec=none;audspec=none;compJah=same_cpu_doer_checker;rastaFilter=none;backEnd=same_cpu_doer_checker,True,True,,2103,,,,True
e2_joint,base,d_systematic_sw,none,PFlight,TOTALCOST,,,OPTIMAL,1846,1766,2.333,OPTIMAL,1846,2.33,1684,1846,2,frontEnd=same_cpu_doer_checker;rasta=none;powspec=none;audspec=none;compJah=same_cpu_doer_checker;rastaFilter=none;backEnd=same_cpu_doer_checker,True,True,True,2103,,,,True
e2_joint,base,d_systematic_sw,none,PFcheap,TOTALCOST,,,OPTIMAL,1846,1833,2.291,OPTIMAL,1846,2.313,1833,1846,2,frontEnd=same_cpu_doer_checker;rasta=none;powspec=none;audspec=none;compJah=same_cpu_doer_checker;rastaFilter=none;backEnd=same_cpu_doer_checker,True,True,True,2103,,,,True
e4_sens,cost_profile,x_myklebust2015,none,joint,TOTALCOST,,,OPTIMAL,2517,1079,0.828,OPTIMAL,2517,0.93,1079,2517,3,,True,True,,1620,,,,True
e4_sens,cost_profile,x_klosterman,none,joint,TOTALCOST,,,OPTIMAL,1719,1079,0.788,OPTIMAL,1719,0.884,1079,1719,3,,True,True,,1620,,,,True
e4_sens,cost_profile,x_do178b,none,joint,TOTALCOST,,,OPTIMAL,2904,1079,0.824,OPTIMAL,2904,0.908,1079,2904,3,,True,True,,1620,,,,True
e4_sens,profile_consolidation,x_myklebust2015,3,joint,TOTALCOST,,NPROCS=3,OPTIMAL,2517,1079,0.713,OPTIMAL,2517,0.799,1079,2517,3,,True,True,,1620,,,,True
e4_sens,profile_consolidation,x_myklebust2015,2,joint,TOTALCOST,,NPROCS=2,OPTIMAL,2778,1353,0.644,OPTIMAL,2778,0.706,1486,2778,2,,True,True,,1620,,,,True
e4_sens,profile_consolidation,x_myklebust2015,1,joint,TOTALCOST,,NPROCS=1,OPTIMAL,4266,1012,0.504,OPTIMAL,4266,0.552,1012,4266,1,,True,True,,1620,,,,True
e4_sens,profile_consolidation,x_klosterman,3,joint,TOTALCOST,,NPROCS=3,OPTIMAL,1719,1130,0.698,OPTIMAL,1719,0.819,1079,1719,3,,True,True,,1620,,,,True
e4_sens,profile_consolidation,x_klosterman,2,joint,TOTALCOST,,NPROCS=2,OPTIMAL,1727,1292,0.632,OPTIMAL,1727,0.683,1292,1727,2,,True,True,,1620,,,,True
e4_sens,profile_consolidation,x_klosterman,1,joint,TOTALCOST,,NPROCS=1,OPTIMAL,1830,1012,0.541,OPTIMAL,1830,0.547,1012,1830,1,,True,True,,1620,,,,True
e4_sens,profile_consolidation,x_do178b,3,joint,TOTALCOST,,NPROCS=3,OPTIMAL,2904,1079,0.72,OPTIMAL,2904,0.821,1079,2904,3,,True,True,,1620,,,,True
e4_sens,profile_consolidation,x_do178b,2,joint,TOTALCOST,,NPROCS=2,OPTIMAL,3072,1353,0.691,OPTIMAL,3072,0.71,1353,3072,2,,True,True,,1620,,,,True
e4_sens,profile_consolidation,x_do178b,1,joint,TOTALCOST,,NPROCS=1,OPTIMAL,4140,1012,0.546,OPTIMAL,4140,0.558,1012,4140,1,,True,True,,1620,,,,True
e4_sens,fault_model,d_random_hw,none,joint,TOTALCOST,,,OPTIMAL,1857,1620,7.923,OPTIMAL,1857,6.254,1620,1857,3,,True,True,,3012,,,,True
e4_sens,consolidation,s_myklebust2015,3,joint,TOTALCOST,,NPROCS=3,OPTIMAL,1914,1079,0.892,OPTIMAL,1914,0.801,1079,1914,3,,True,True,,1620,,,,True
e4_sens,consolidation,s_myklebust2015,2,joint,TOTALCOST,,NPROCS=2,OPTIMAL,2199,1353,0.771,OPTIMAL,2199,0.747,1353,2199,2,,True,True,,1620,,,,True
e4_sens,consolidation,s_myklebust2015,1,joint,TOTALCOST,,NPROCS=1,OPTIMAL,3786,1012,0.532,OPTIMAL,3786,0.571,1012,3786,1,,True,True,,1620,,,,True
e4_sens,comm_model,pc_sobel,100000,joint,THROUGHPUT,,period_ub=100000,OPTIMAL,333,333,2.956,OPTIMAL,333,2.974,333,5746,4,,True,,,333,,,,True
e4_sens,nvp,v_nvp,none,joint,TOTALCOST,,,OPTIMAL,5680,1185,5.455,OPTIMAL,5680,5.3,1180,5680,6,,True,True,,3099,,,,True
e4_sens,fault_model,d_systematic_sw,none,joint,TOTALCOST,,,OPTIMAL,1846,1751,3.374,OPTIMAL,1846,3.766,1833,1846,2,,True,True,,2103,,,,True
e2_tight,base,p_rasta,-,min_period,THROUGHPUT,,,OPTIMAL,235,235,12.737,OPTIMAL,235,18.758,235,8091,10,frontEnd=mixed_sil_doer_checker;rasta=low_sil_doer_checker;powspec=none;audspec=low_sil_doer_checker;compJah=high_sil_isolated_checker;rastaFilter=none;backEnd=low_sil_doer_checker,True,,,235,,,,True
e2_tight,base,p_rasta,1.00,joint,TOTALCOST,235,period_ub=235,OPTIMAL,3618,235,6.273,OPTIMAL,3618,51.621,235,3618,9,frontEnd=high_sil_isolated_checker;rasta=none;powspec=none;audspec=none;compJah=high_sil_isolated_checker;rastaFilter=none;backEnd=low_sil_doer_checker,True,True,,235,,,,True
e2_tight,base,p_rasta,1.00,PFmin,TOTALCOST,235,period_ub=235,UNSAT,,,1.098,UNSAT,,1.226,,,,frontEnd=two_of_two_high_sil;rasta=none;powspec=none;audspec=none;compJah=two_of_two_high_sil;rastaFilter=none;backEnd=low_sil_doer_checker,,,,,,,,True
e2_tight,base,p_rasta,1.00,PFmax,TOTALCOST,235,period_ub=235,UNSAT,,,1.105,UNSAT,,1.192,,,,frontEnd=two_of_two_high_sil;rasta=none;powspec=none;audspec=none;compJah=two_of_two_high_sil;rastaFilter=none;backEnd=low_sil_diverse_doer_checker,,,,,,,,True
e2_tight,base,p_rasta,1.00,NP,TOTALCOST,235,period_ub=235,OPTIMAL,3618,235,4.634,OPTIMAL,3618,49.386,235,3618,9,frontEnd=high_sil_isolated_checker;rasta=none;powspec=none;audspec=none;compJah=high_sil_isolated_checker;rastaFilter=none;backEnd=low_sil_doer_checker,True,True,,235,,,,True
e2_tight,base,p_rasta,1.00,PFlight,TOTALCOST,235,period_ub=235,OPTIMAL,3618,235,3.771,OPTIMAL,3618,24.458,235,3618,9,frontEnd=high_sil_isolated_checker;rasta=none;powspec=none;audspec=none;compJah=high_sil_isolated_checker;rastaFilter=none;backEnd=low_sil_doer_checker,True,True,True,235,,,,True
e2_tight,base,p_rasta,1.00,PFcheap,TOTALCOST,235,period_ub=235,OPTIMAL,3618,235,3.351,OPTIMAL,3618,18.008,235,3618,9,frontEnd=high_sil_isolated_checker;rasta=none;powspec=none;audspec=none;compJah=high_sil_isolated_checker;rastaFilter=none;backEnd=low_sil_doer_checker,True,True,True,235,,,,True
e2_tight,base,p_rasta,1.10,joint,TOTALCOST,259,period_ub=259,OPTIMAL,3615,245,8.726,OPTIMAL,3615,268.843,245,3615,9,frontEnd=high_sil_isolated_checker;rasta=none;powspec=none;audspec=none;compJah=high_sil_isolated_checker;rastaFilter=none;backEnd=low_sil_doer_checker,True,True,,259,,,,True
e2_tight,base,p_rasta,1.10,PFmin,TOTALCOST,259,period_ub=259,UNSAT,,,1.145,UNSAT,,1.217,,,,frontEnd=two_of_two_high_sil;rasta=none;powspec=none;audspec=none;compJah=two_of_two_high_sil;rastaFilter=none;backEnd=low_sil_doer_checker,,,,,,,,True
e2_tight,base,p_rasta,1.10,PFmax,TOTALCOST,259,period_ub=259,UNSAT,,,1.103,UNSAT,,1.327,,,,frontEnd=two_of_two_high_sil;rasta=none;powspec=none;audspec=none;compJah=two_of_two_high_sil;rastaFilter=none;backEnd=low_sil_diverse_doer_checker,,,,,,,,True
e2_tight,base,p_rasta,1.10,NP,TOTALCOST,259,period_ub=259,OPTIMAL,3615,245,6.171,SAT,3615,300.404,245,3615,9,frontEnd=high_sil_isolated_checker;rasta=none;powspec=none;audspec=none;compJah=high_sil_isolated_checker;rastaFilter=none;backEnd=low_sil_doer_checker,True,True,,259,,,,
e2_tight,base,p_rasta,1.10,PFlight,TOTALCOST,259,period_ub=259,OPTIMAL,3615,245,3.519,OPTIMAL,3615,110.115,245,3615,9,frontEnd=high_sil_isolated_checker;rasta=none;powspec=none;audspec=none;compJah=high_sil_isolated_checker;rastaFilter=none;backEnd=low_sil_doer_checker,True,True,True,259,,,,True
e2_tight,base,p_rasta,1.10,PFcheap,TOTALCOST,259,period_ub=259,OPTIMAL,3615,245,3.604,OPTIMAL,3615,116.188,245,3615,9,frontEnd=high_sil_isolated_checker;rasta=none;powspec=none;audspec=none;compJah=high_sil_isolated_checker;rastaFilter=none;backEnd=low_sil_doer_checker,True,True,True,259,,,,True
e2_tight,base,p_rasta,1.25,joint,TOTALCOST,294,period_ub=294,OPTIMAL,3467,277,13.84,SAT,3467,300.403,277,3467,8,frontEnd=high_sil_isolated_checker;rasta=none;powspec=none;audspec=none;compJah=high_sil_isolated_checker;rastaFilter=none;backEnd=low_sil_doer_checker,True,True,,294,,,,
e2_tight,base,p_rasta,1.25,PFmin,TOTALCOST,294,period_ub=294,UNSAT,,,1.245,UNSAT,,1.471,,,,frontEnd=two_of_two_high_sil;rasta=none;powspec=none;audspec=none;compJah=two_of_two_high_sil;rastaFilter=none;backEnd=low_sil_doer_checker,,,,,,,,True
e2_tight,base,p_rasta,1.25,PFmax,TOTALCOST,294,period_ub=294,UNSAT,,,1.302,UNSAT,,1.473,,,,frontEnd=two_of_two_high_sil;rasta=none;powspec=none;audspec=none;compJah=two_of_two_high_sil;rastaFilter=none;backEnd=low_sil_diverse_doer_checker,,,,,,,,True
e2_tight,base,p_rasta,1.25,NP,TOTALCOST,294,period_ub=294,OPTIMAL,3467,277,7.508,SAT,3467,300.316,277,3467,8,frontEnd=high_sil_isolated_checker;rasta=none;powspec=none;audspec=none;compJah=high_sil_isolated_checker;rastaFilter=none;backEnd=low_sil_doer_checker,True,True,,294,,,,
e2_tight,base,p_rasta,1.25,PFlight,TOTALCOST,294,period_ub=294,OPTIMAL,3467,277,4.346,SAT,3467,300.372,277,3467,8,frontEnd=high_sil_isolated_checker;rasta=none;powspec=none;audspec=none;compJah=high_sil_isolated_checker;rastaFilter=none;backEnd=low_sil_doer_checker,True,True,True,294,,,,
e2_tight,base,p_rasta,1.25,PFcheap,TOTALCOST,294,period_ub=294,OPTIMAL,3467,277,4.662,SAT,3467,300.368,277,3467,8,frontEnd=high_sil_isolated_checker;rasta=none;powspec=none;audspec=none;compJah=high_sil_isolated_checker;rastaFilter=none;backEnd=low_sil_doer_checker,True,True,True,294,,,,
e2_tight,base,f_random_hw,-,min_period,THROUGHPUT,,,OPTIMAL,235,235,7.94,OPTIMAL,235,20.211,235,6941,10,frontEnd=mixed_sil_doer_checker;rasta=none;powspec=none;audspec=low_sil_doer_checker;compJah=high_sil_isolated_checker;rastaFilter=none;backEnd=low_sil_doer_checker,True,,,235,,,,True
e2_tight,base,f_random_hw,1.00,joint,TOTALCOST,235,period_ub=235,OPTIMAL,3636,235,6.497,OPTIMAL,3636,17.479,235,3636,10,frontEnd=high_sil_isolated_checker;rasta=none;powspec=none;audspec=none;compJah=high_sil_isolated_checker;rastaFilter=none;backEnd=low_sil_doer_checker,True,True,,235,,,,True
e2_tight,base,f_random_hw,1.00,PFmin,TOTALCOST,235,period_ub=235,UNSAT,,,1.096,UNSAT,,1.238,,,,frontEnd=two_of_two_high_sil;rasta=none;powspec=none;audspec=none;compJah=two_of_two_high_sil;rastaFilter=none;backEnd=low_sil_doer_checker,,,,,,,,True
e2_tight,base,f_random_hw,1.00,PFmax,TOTALCOST,235,period_ub=235,UNSAT,,,1.13,UNSAT,,1.272,,,,frontEnd=two_of_two_high_sil;rasta=none;powspec=none;audspec=none;compJah=two_of_two_high_sil;rastaFilter=none;backEnd=low_sil_diverse_doer_checker,,,,,,,,True
e2_tight,base,f_random_hw,1.00,NP,TOTALCOST,235,period_ub=235,OPTIMAL,3636,235,3.63,OPTIMAL,3636,7.193,235,3636,10,frontEnd=high_sil_isolated_checker;rasta=none;powspec=none;audspec=none;compJah=high_sil_isolated_checker;rastaFilter=none;backEnd=low_sil_doer_checker,True,True,,235,,,,True
e2_tight,base,f_random_hw,1.00,PFlight,TOTALCOST,235,period_ub=235,OPTIMAL,3636,235,3.346,OPTIMAL,3636,8.419,235,3636,10,frontEnd=high_sil_isolated_checker;rasta=none;powspec=none;audspec=none;compJah=high_sil_isolated_checker;rastaFilter=none;backEnd=low_sil_doer_checker,True,True,True,235,,,,True
e2_tight,base,f_random_hw,1.00,PFcheap,TOTALCOST,235,period_ub=235,OPTIMAL,3636,235,3.351,OPTIMAL,3636,8.875,235,3636,10,frontEnd=high_sil_isolated_checker;rasta=none;powspec=none;audspec=none;compJah=high_sil_isolated_checker;rastaFilter=none;backEnd=low_sil_doer_checker,True,True,True,235,,,,True
e2_tight,base,f_random_hw,1.10,joint,TOTALCOST,259,period_ub=259,OPTIMAL,3636,235,7.946,OPTIMAL,3636,32.939,235,3636,10,frontEnd=high_sil_isolated_checker;rasta=none;powspec=none;audspec=none;compJah=high_sil_isolated_checker;rastaFilter=none;backEnd=low_sil_doer_checker,True,True,,259,,,,True
e2_tight,base,f_random_hw,1.10,PFmin,TOTALCOST,259,period_ub=259,UNSAT,,,1.17,UNSAT,,1.289,,,,frontEnd=two_of_two_high_sil;rasta=none;powspec=none;audspec=none;compJah=two_of_two_high_sil;rastaFilter=none;backEnd=low_sil_doer_checker,,,,,,,,True
e2_tight,base,f_random_hw,1.10,PFmax,TOTALCOST,259,period_ub=259,UNSAT,,,1.147,UNSAT,,1.253,,,,frontEnd=two_of_two_high_sil;rasta=none;powspec=none;audspec=none;compJah=two_of_two_high_sil;rastaFilter=none;backEnd=low_sil_diverse_doer_checker,,,,,,,,True
e2_tight,base,f_random_hw,1.10,NP,TOTALCOST,259,period_ub=259,OPTIMAL,3636,235,4.672,OPTIMAL,3636,8.884,235,3636,10,frontEnd=high_sil_isolated_checker;rasta=none;powspec=none;audspec=none;compJah=high_sil_isolated_checker;rastaFilter=none;backEnd=low_sil_doer_checker,True,True,,259,,,,True
e2_tight,base,f_random_hw,1.10,PFlight,TOTALCOST,259,period_ub=259,OPTIMAL,3636,235,3.275,OPTIMAL,3636,11.501,235,3636,10,frontEnd=high_sil_isolated_checker;rasta=none;powspec=none;audspec=none;compJah=high_sil_isolated_checker;rastaFilter=none;backEnd=low_sil_doer_checker,True,True,True,259,,,,True
e2_tight,base,f_random_hw,1.10,PFcheap,TOTALCOST,259,period_ub=259,OPTIMAL,3636,235,3.259,OPTIMAL,3636,8.633,235,3636,10,frontEnd=high_sil_isolated_checker;rasta=none;powspec=none;audspec=none;compJah=high_sil_isolated_checker;rastaFilter=none;backEnd=low_sil_doer_checker,True,True,True,259,,,,True
e2_tight,base,f_random_hw,1.25,joint,TOTALCOST,294,period_ub=294,OPTIMAL,3484,282,11.822,OPTIMAL,3484,63.522,282,3484,10,frontEnd=high_sil_isolated_checker;rasta=none;powspec=none;audspec=none;compJah=high_sil_isolated_checker;rastaFilter=none;backEnd=low_sil_doer_checker,True,True,,294,,,,True
e2_tight,base,f_random_hw,1.25,PFmin,TOTALCOST,294,period_ub=294,UNSAT,,,1.299,UNSAT,,1.492,,,,frontEnd=two_of_two_high_sil;rasta=none;powspec=none;audspec=none;compJah=two_of_two_high_sil;rastaFilter=none;backEnd=low_sil_doer_checker,,,,,,,,True
e2_tight,base,f_random_hw,1.25,PFmax,TOTALCOST,294,period_ub=294,UNSAT,,,1.323,UNSAT,,1.429,,,,frontEnd=two_of_two_high_sil;rasta=none;powspec=none;audspec=none;compJah=two_of_two_high_sil;rastaFilter=none;backEnd=low_sil_diverse_doer_checker,,,,,,,,True
e2_tight,base,f_random_hw,1.25,NP,TOTALCOST,294,period_ub=294,OPTIMAL,3484,282,4.168,OPTIMAL,3484,5.783,282,3484,10,frontEnd=two_of_two_high_sil;rasta=none;powspec=none;audspec=none;compJah=high_sil_isolated_checker;rastaFilter=none;backEnd=low_sil_doer_checker,True,True,,294,,,,True
e2_tight,base,f_random_hw,1.25,PFlight,TOTALCOST,294,period_ub=294,OPTIMAL,3484,282,4.004,OPTIMAL,3484,8.149,282,3484,10,frontEnd=high_sil_isolated_checker;rasta=none;powspec=none;audspec=none;compJah=high_sil_isolated_checker;rastaFilter=none;backEnd=low_sil_doer_checker,True,True,True,294,,,,True
e2_tight,base,f_random_hw,1.25,PFcheap,TOTALCOST,294,period_ub=294,OPTIMAL,3484,282,3.812,OPTIMAL,3484,7.614,282,3484,10,frontEnd=high_sil_isolated_checker;rasta=none;powspec=none;audspec=none;compJah=high_sil_isolated_checker;rastaFilter=none;backEnd=low_sil_doer_checker,True,True,True,294,,,,True
e2_tight,base,d_random_hw,-,min_period,THROUGHPUT,,,OPTIMAL,235,235,6.624,OPTIMAL,235,8.629,235,4237,12,frontEnd=low_sil_doer_checker;rasta=none;powspec=none;audspec=one_of_two_failover;compJah=low_sil_doer_checker;rastaFilter=one_of_two_failover;backEnd=low_sil_doer_checker,True,,,235,,,,True
e2_tight,base,d_random_hw,1.00,joint,TOTALCOST,235,period_ub=235,OPTIMAL,2137,235,5.47,OPTIMAL,2137,10.786,235,2137,10,frontEnd=low_sil_doer_checker;rasta=none;powspec=none;audspec=none;compJah=low_sil_doer_checker;rastaFilter=none;backEnd=low_sil_doer_checker,True,True,,235,,,,True
e2_tight,base,d_random_hw,1.00,PFmin,TOTALCOST,235,period_ub=235,OPTIMAL,2137,235,2.242,OPTIMAL,2137,3.466,235,2137,10,frontEnd=low_sil_doer_checker;rasta=none;powspec=none;audspec=none;compJah=low_sil_doer_checker;rastaFilter=none;backEnd=low_sil_doer_checker,True,True,True,235,,,,True
e2_tight,base,d_random_hw,1.00,PFmax,TOTALCOST,235,period_ub=235,OPTIMAL,2137,235,2.25,OPTIMAL,2137,4.447,235,2137,10,frontEnd=low_sil_diverse_doer_checker;rasta=none;powspec=none;audspec=none;compJah=low_sil_diverse_doer_checker;rastaFilter=none;backEnd=low_sil_diverse_doer_checker,True,True,True,235,,,,True
e2_tight,base,d_random_hw,1.00,NP,TOTALCOST,235,period_ub=235,OPTIMAL,2137,235,3.193,OPTIMAL,2137,4.447,235,2137,10,frontEnd=low_sil_doer_checker;rasta=none;powspec=none;audspec=none;compJah=low_sil_doer_checker;rastaFilter=none;backEnd=low_sil_doer_checker,True,True,,235,,,,True
e2_tight,base,d_random_hw,1.00,PFlight,TOTALCOST,235,period_ub=235,OPTIMAL,2137,235,2.613,OPTIMAL,2137,4.723,235,2137,10,frontEnd=low_sil_doer_checker;rasta=none;powspec=none;audspec=none;compJah=low_sil_doer_checker;rastaFilter=none;backEnd=low_sil_doer_checker,True,True,True,235,,,,True
e2_tight,base,d_random_hw,1.00,PFcheap,TOTALCOST,235,period_ub=235,OPTIMAL,2137,235,2.424,OPTIMAL,2137,3.499,235,2137,10,frontEnd=low_sil_doer_checker;rasta=none;powspec=none;audspec=none;compJah=low_sil_doer_checker;rastaFilter=none;backEnd=low_sil_doer_checker,True,True,True,235,,,,True
e2_tight,base,d_random_hw,1.10,joint,TOTALCOST,259,period_ub=259,OPTIMAL,2131,252,6.558,OPTIMAL,2131,13.518,252,2131,10,frontEnd=low_sil_doer_checker;rasta=none;powspec=none;audspec=none;compJah=low_sil_doer_checker;rastaFilter=none;backEnd=low_sil_doer_checker,True,True,,259,,,,True
e2_tight,base,d_random_hw,1.10,PFmin,TOTALCOST,259,period_ub=259,OPTIMAL,2131,252,2.892,OPTIMAL,2131,4.872,252,2131,10,frontEnd=low_sil_doer_checker;rasta=none;powspec=none;audspec=none;compJah=low_sil_doer_checker;rastaFilter=none;backEnd=low_sil_doer_checker,True,True,True,259,,,,True
e2_tight,base,d_random_hw,1.10,PFmax,TOTALCOST,259,period_ub=259,OPTIMAL,2131,252,2.542,OPTIMAL,2131,4.286,252,2131,10,frontEnd=low_sil_diverse_doer_checker;rasta=none;powspec=none;audspec=none;compJah=low_sil_diverse_doer_checker;rastaFilter=none;backEnd=low_sil_diverse_doer_checker,True,True,True,259,,,,True
e2_tight,base,d_random_hw,1.10,NP,TOTALCOST,259,period_ub=259,OPTIMAL,2131,252,2.501,OPTIMAL,2131,4.956,252,2131,10,frontEnd=low_sil_doer_checker;rasta=none;powspec=none;audspec=none;compJah=low_sil_doer_checker;rastaFilter=none;backEnd=low_sil_doer_checker,True,True,,259,,,,True
e2_tight,base,d_random_hw,1.10,PFlight,TOTALCOST,259,period_ub=259,OPTIMAL,2131,252,3.123,OPTIMAL,2131,3.939,252,2131,10,frontEnd=low_sil_doer_checker;rasta=none;powspec=none;audspec=none;compJah=low_sil_doer_checker;rastaFilter=none;backEnd=low_sil_doer_checker,True,True,True,259,,,,True
e2_tight,base,d_random_hw,1.10,PFcheap,TOTALCOST,259,period_ub=259,OPTIMAL,2131,252,3.137,OPTIMAL,2131,3.996,252,2131,10,frontEnd=low_sil_doer_checker;rasta=none;powspec=none;audspec=none;compJah=low_sil_doer_checker;rastaFilter=none;backEnd=low_sil_doer_checker,True,True,True,259,,,,True
e2_tight,base,d_random_hw,1.25,joint,TOTALCOST,294,period_ub=294,OPTIMAL,1972,293,15.402,OPTIMAL,1972,22.582,293,1972,10,frontEnd=low_sil_doer_checker;rasta=none;powspec=none;audspec=none;compJah=low_sil_doer_checker;rastaFilter=none;backEnd=low_sil_doer_checker,True,True,,294,,,,True
e2_tight,base,d_random_hw,1.25,PFmin,TOTALCOST,294,period_ub=294,OPTIMAL,1972,293,6.399,OPTIMAL,1972,8.394,293,1972,10,frontEnd=low_sil_doer_checker;rasta=none;powspec=none;audspec=none;compJah=low_sil_doer_checker;rastaFilter=none;backEnd=low_sil_doer_checker,True,True,True,294,,,,True
e2_tight,base,d_random_hw,1.25,PFmax,TOTALCOST,294,period_ub=294,OPTIMAL,1972,293,5.519,OPTIMAL,1972,8.006,293,1972,10,frontEnd=low_sil_diverse_doer_checker;rasta=none;powspec=none;audspec=none;compJah=low_sil_diverse_doer_checker;rastaFilter=none;backEnd=low_sil_diverse_doer_checker,True,True,True,294,,,,True
e2_tight,base,d_random_hw,1.25,NP,TOTALCOST,294,period_ub=294,OPTIMAL,1972,293,8.835,OPTIMAL,1972,10.05,293,1972,10,frontEnd=low_sil_doer_checker;rasta=none;powspec=none;audspec=none;compJah=low_sil_doer_checker;rastaFilter=none;backEnd=low_sil_doer_checker,True,True,,294,,,,True
e2_tight,base,d_random_hw,1.25,PFlight,TOTALCOST,294,period_ub=294,OPTIMAL,1972,293,6.962,OPTIMAL,1972,11.129,293,1972,10,frontEnd=low_sil_doer_checker;rasta=none;powspec=none;audspec=none;compJah=low_sil_doer_checker;rastaFilter=none;backEnd=low_sil_doer_checker,True,True,True,294,,,,True
e2_tight,base,d_random_hw,1.25,PFcheap,TOTALCOST,294,period_ub=294,OPTIMAL,1972,293,4.78,OPTIMAL,1972,8.18,293,1972,10,frontEnd=low_sil_doer_checker;rasta=none;powspec=none;audspec=none;compJah=low_sil_doer_checker;rastaFilter=none;backEnd=low_sil_doer_checker,True,True,True,294,,,,True
e2_tight,base,f_sw3,-,min_period,THROUGHPUT,,,OPTIMAL,235,235,5.671,OPTIMAL,235,9.742,235,8431,10,frontEnd=mixed_sil_doer_checker;rasta=low_sil_diverse_doer_checker;powspec=none;audspec=none;compJah=mixed_sil_doer_checker;rastaFilter=none;backEnd=same_cpu_doer_checker,True,,,235,,,,True
e2_tight,base,f_sw3,1.00,joint,TOTALCOST,235,period_ub=235,OPTIMAL,4670,235,4.077,OPTIMAL,4670,3.828,235,4670,9,frontEnd=mixed_sil_doer_checker;rasta=none;powspec=none;audspec=none;compJah=mixed_sil_doer_checker;rastaFilter=none;backEnd=same_cpu_doer_checker,True,True,,235,,,,True
e2_tight,base,f_sw3,1.00,PFmin,TOTALCOST,235,period_ub=235,UNSAT,,,0.792,UNSAT,,0.805,,,,frontEnd=two_of_two_high_sil;rasta=none;powspec=none;audspec=none;compJah=two_of_two_high_sil;rastaFilter=none;backEnd=same_cpu_doer_checker,,,,,,,,True
e2_tight,base,f_sw3,1.00,PFmax,TOTALCOST,235,period_ub=235,UNSAT,,,0.783,UNSAT,,0.806,,,,frontEnd=two_of_two_high_sil;rasta=none;powspec=none;audspec=none;compJah=two_of_two_high_sil;rastaFilter=none;backEnd=low_sil_diverse_doer_checker,,,,,,,,True
e2_tight,base,f_sw3,1.00,NP,TOTALCOST,235,period_ub=235,OPTIMAL,4670,235,2.229,OPTIMAL,4670,2.593,235,4670,9,frontEnd=mixed_sil_doer_checker;rasta=none;powspec=none;audspec=none;compJah=mixed_sil_doer_checker;rastaFilter=none;backEnd=same_cpu_doer_checker,True,True,,235,,,,True
e2_tight,base,f_sw3,1.00,PFlight,TOTALCOST,235,period_ub=235,OPTIMAL,4670,235,2.608,OPTIMAL,4670,2.598,235,4670,9,frontEnd=mixed_sil_doer_checker;rasta=none;powspec=none;audspec=none;compJah=mixed_sil_doer_checker;rastaFilter=none;backEnd=same_cpu_doer_checker,True,True,True,235,,,,True
e2_tight,base,f_sw3,1.00,PFcheap,TOTALCOST,235,period_ub=235,UNSAT,,,1.007,UNSAT,,0.811,,,,frontEnd=two_of_two_high_sil;rasta=none;powspec=none;audspec=none;compJah=two_of_two_high_sil;rastaFilter=none;backEnd=same_cpu_doer_checker,,,,,,,,True
e2_tight,base,f_sw3,1.10,joint,TOTALCOST,259,period_ub=259,OPTIMAL,4670,235,4.614,OPTIMAL,4670,5.1,254,4670,9,frontEnd=mixed_sil_doer_checker;rasta=none;powspec=none;audspec=none;compJah=mixed_sil_doer_checker;rastaFilter=none;backEnd=same_cpu_doer_checker,True,True,,259,,,,True
e2_tight,base,f_sw3,1.10,PFmin,TOTALCOST,259,period_ub=259,UNSAT,,,0.834,UNSAT,,0.828,,,,frontEnd=two_of_two_high_sil;rasta=none;powspec=none;audspec=none;compJah=two_of_two_high_sil;rastaFilter=none;backEnd=same_cpu_doer_checker,,,,,,,,True
e2_tight,base,f_sw3,1.10,PFmax,TOTALCOST,259,period_ub=259,UNSAT,,,0.815,UNSAT,,0.821,,,,frontEnd=two_of_two_high_sil;rasta=none;powspec=none;audspec=none;compJah=two_of_two_high_sil;rastaFilter=none;backEnd=low_sil_diverse_doer_checker,,,,,,,,True
e2_tight,base,f_sw3,1.10,NP,TOTALCOST,259,period_ub=259,OPTIMAL,4670,235,2.492,OPTIMAL,4670,2.914,238,4670,9,frontEnd=mixed_sil_doer_checker;rasta=none;powspec=none;audspec=none;compJah=mixed_sil_doer_checker;rastaFilter=none;backEnd=same_cpu_doer_checker,True,True,,259,,,,True
e2_tight,base,f_sw3,1.10,PFlight,TOTALCOST,259,period_ub=259,OPTIMAL,4670,235,3.877,OPTIMAL,4670,3.035,235,4670,9,frontEnd=mixed_sil_doer_checker;rasta=none;powspec=none;audspec=none;compJah=mixed_sil_doer_checker;rastaFilter=none;backEnd=same_cpu_doer_checker,True,True,True,259,,,,True
e2_tight,base,f_sw3,1.10,PFcheap,TOTALCOST,259,period_ub=259,UNSAT,,,1.091,UNSAT,,0.859,,,,frontEnd=two_of_two_high_sil;rasta=none;powspec=none;audspec=none;compJah=two_of_two_high_sil;rastaFilter=none;backEnd=same_cpu_doer_checker,,,,,,,,True
e2_tight,base,f_sw3,1.25,joint,TOTALCOST,294,period_ub=294,OPTIMAL,4502,290,4.126,OPTIMAL,4502,5.245,290,4502,7,frontEnd=mixed_sil_doer_checker;rasta=none;powspec=none;audspec=none;compJah=mixed_sil_doer_checker;rastaFilter=none;backEnd=same_cpu_doer_checker,True,True,,294,,,,True
e2_tight,base,f_sw3,1.25,PFmin,TOTALCOST,294,period_ub=294,UNSAT,,,0.825,UNSAT,,0.853,,,,frontEnd=two_of_two_high_sil;rasta=none;powspec=none;audspec=none;compJah=two_of_two_high_sil;rastaFilter=none;backEnd=same_cpu_doer_checker,,,,,,,,True
e2_tight,base,f_sw3,1.25,PFmax,TOTALCOST,294,period_ub=294,UNSAT,,,0.818,UNSAT,,0.829,,,,frontEnd=two_of_two_high_sil;rasta=none;powspec=none;audspec=none;compJah=two_of_two_high_sil;rastaFilter=none;backEnd=low_sil_diverse_doer_checker,,,,,,,,True
e2_tight,base,f_sw3,1.25,NP,TOTALCOST,294,period_ub=294,OPTIMAL,4502,290,2.814,OPTIMAL,4502,3.648,290,4502,7,frontEnd=mixed_sil_doer_checker;rasta=none;powspec=none;audspec=none;compJah=mixed_sil_doer_checker;rastaFilter=none;backEnd=same_cpu_doer_checker,True,True,,294,,,,True
e2_tight,base,f_sw3,1.25,PFlight,TOTALCOST,294,period_ub=294,OPTIMAL,4502,290,4.156,OPTIMAL,4502,3.109,290,4502,7,frontEnd=mixed_sil_doer_checker;rasta=none;powspec=none;audspec=none;compJah=mixed_sil_doer_checker;rastaFilter=none;backEnd=same_cpu_doer_checker,True,True,True,294,,,,True
e2_tight,base,f_sw3,1.25,PFcheap,TOTALCOST,294,period_ub=294,UNSAT,,,0.902,UNSAT,,0.863,,,,frontEnd=two_of_two_high_sil;rasta=none;powspec=none;audspec=none;compJah=two_of_two_high_sil;rastaFilter=none;backEnd=same_cpu_doer_checker,,,,,,,,True
e2_tight,base,f_both3,-,min_period,THROUGHPUT,,,OPTIMAL,235,235,5.727,OPTIMAL,235,5.744,235,8765,11,frontEnd=mixed_sil_doer_checker;rasta=low_sil_diverse_doer_checker;powspec=none;audspec=low_sil_diverse_doer_checker;compJah=mixed_sil_doer_checker;rastaFilter=none;backEnd=low_sil_diverse_doer_checker,True,,,235,,,,True
e2_tight,base,f_both3,1.00,joint,TOTALCOST,235,period_ub=235,OPTIMAL,4708,235,3.443,OPTIMAL,4708,4.938,235,4708,10,frontEnd=mixed_sil_doer_checker;rasta=none;powspec=none;audspec=none;compJah=mixed_sil_doer_checker;rastaFilter=none;backEnd=low_sil_diverse_doer_checker,True,True,,235,,,,True
e2_tight,base,f_both3,1.00,PFmin,TOTALCOST,235,period_ub=235,UNSAT,,,0.795,UNSAT,,0.803,,,,frontEnd=two_of_two_high_sil;rasta=none;powspec=none;audspec=none;compJah=two_of_two_high_sil;rastaFilter=none;backEnd=low_sil_diverse_doer_checker,,,,,,,,True
e2_tight,base,f_both3,1.00,PFmax,TOTALCOST,235,period_ub=235,UNSAT,,,0.806,UNSAT,,0.79,,,,frontEnd=two_of_two_high_sil;rasta=none;powspec=none;audspec=none;compJah=two_of_two_high_sil;rastaFilter=none;backEnd=low_sil_diverse_doer_checker,,,,,,,,True
e2_tight,base,f_both3,1.00,NP,TOTALCOST,235,period_ub=235,OPTIMAL,4708,235,2.236,OPTIMAL,4708,2.383,235,4708,10,frontEnd=mixed_sil_doer_checker;rasta=none;powspec=none;audspec=none;compJah=mixed_sil_doer_checker;rastaFilter=none;backEnd=low_sil_diverse_doer_checker,True,True,,235,,,,True
e2_tight,base,f_both3,1.00,PFlight,TOTALCOST,235,period_ub=235,OPTIMAL,4708,235,3.025,OPTIMAL,4708,2.611,235,4708,10,frontEnd=mixed_sil_doer_checker;rasta=none;powspec=none;audspec=none;compJah=mixed_sil_doer_checker;rastaFilter=none;backEnd=low_sil_diverse_doer_checker,True,True,True,235,,,,True
e2_tight,base,f_both3,1.00,PFcheap,TOTALCOST,235,period_ub=235,UNSAT,,,0.901,UNSAT,,0.827,,,,frontEnd=two_of_two_high_sil;rasta=none;powspec=none;audspec=none;compJah=two_of_two_high_sil;rastaFilter=none;backEnd=low_sil_diverse_doer_checker,,,,,,,,True
e2_tight,base,f_both3,1.10,joint,TOTALCOST,259,period_ub=259,OPTIMAL,4708,235,4.304,OPTIMAL,4708,6.518,253,4708,10,frontEnd=mixed_sil_doer_checker;rasta=none;powspec=none;audspec=none;compJah=mixed_sil_doer_checker;rastaFilter=none;backEnd=low_sil_diverse_doer_checker,True,True,,259,,,,True
e2_tight,base,f_both3,1.10,PFmin,TOTALCOST,259,period_ub=259,UNSAT,,,0.8,UNSAT,,0.924,,,,frontEnd=two_of_two_high_sil;rasta=none;powspec=none;audspec=none;compJah=two_of_two_high_sil;rastaFilter=none;backEnd=low_sil_diverse_doer_checker,,,,,,,,True
e2_tight,base,f_both3,1.10,PFmax,TOTALCOST,259,period_ub=259,UNSAT,,,0.808,UNSAT,,0.82,,,,frontEnd=two_of_two_high_sil;rasta=none;powspec=none;audspec=none;compJah=two_of_two_high_sil;rastaFilter=none;backEnd=low_sil_diverse_doer_checker,,,,,,,,True
e2_tight,base,f_both3,1.10,NP,TOTALCOST,259,period_ub=259,OPTIMAL,4708,254,2.395,OPTIMAL,4708,2.8,254,4708,10,frontEnd=mixed_sil_doer_checker;rasta=none;powspec=none;audspec=none;compJah=mixed_sil_doer_checker;rastaFilter=none;backEnd=low_sil_diverse_doer_checker,True,True,,259,,,,True
e2_tight,base,f_both3,1.10,PFlight,TOTALCOST,259,period_ub=259,OPTIMAL,4708,235,2.932,OPTIMAL,4708,3.835,235,4708,10,frontEnd=mixed_sil_doer_checker;rasta=none;powspec=none;audspec=none;compJah=mixed_sil_doer_checker;rastaFilter=none;backEnd=low_sil_diverse_doer_checker,True,True,True,259,,,,True
e2_tight,base,f_both3,1.10,PFcheap,TOTALCOST,259,period_ub=259,UNSAT,,,0.886,UNSAT,,0.927,,,,frontEnd=two_of_two_high_sil;rasta=none;powspec=none;audspec=none;compJah=two_of_two_high_sil;rastaFilter=none;backEnd=low_sil_diverse_doer_checker,,,,,,,,True
e2_tight,base,f_both3,1.25,joint,TOTALCOST,294,period_ub=294,OPTIMAL,4700,266,6.692,OPTIMAL,4700,12.479,266,4700,9,frontEnd=mixed_sil_doer_checker;rasta=none;powspec=none;audspec=none;compJah=mixed_sil_doer_checker;rastaFilter=none;backEnd=low_sil_diverse_doer_checker,True,True,,294,,,,True
e2_tight,base,f_both3,1.25,PFmin,TOTALCOST,294,period_ub=294,UNSAT,,,0.815,UNSAT,,0.87,,,,frontEnd=two_of_two_high_sil;rasta=none;powspec=none;audspec=none;compJah=two_of_two_high_sil;rastaFilter=none;backEnd=low_sil_diverse_doer_checker,,,,,,,,True
e2_tight,base,f_both3,1.25,PFmax,TOTALCOST,294,period_ub=294,UNSAT,,,0.821,UNSAT,,0.889,,,,frontEnd=two_of_two_high_sil;rasta=none;powspec=none;audspec=none;compJah=two_of_two_high_sil;rastaFilter=none;backEnd=low_sil_diverse_doer_checker,,,,,,,,True
e2_tight,base,f_both3,1.25,NP,TOTALCOST,294,period_ub=294,OPTIMAL,4700,266,3.283,OPTIMAL,4700,5.981,266,4700,9,frontEnd=mixed_sil_doer_checker;rasta=none;powspec=none;audspec=none;compJah=mixed_sil_doer_checker;rastaFilter=none;backEnd=low_sil_diverse_doer_checker,True,True,,294,,,,True
e2_tight,base,f_both3,1.25,PFlight,TOTALCOST,294,period_ub=294,OPTIMAL,4700,266,4.534,OPTIMAL,4700,8.237,266,4700,9,frontEnd=mixed_sil_doer_checker;rasta=none;powspec=none;audspec=none;compJah=mixed_sil_doer_checker;rastaFilter=none;backEnd=low_sil_diverse_doer_checker,True,True,True,294,,,,True
e2_tight,base,f_both3,1.25,PFcheap,TOTALCOST,294,period_ub=294,UNSAT,,,0.919,UNSAT,,0.894,,,,frontEnd=two_of_two_high_sil;rasta=none;powspec=none;audspec=none;compJah=two_of_two_high_sil;rastaFilter=none;backEnd=low_sil_diverse_doer_checker,,,,,,,,True
e2_tight,base,c_pat,-,min_period,THROUGHPUT,,,OPTIMAL,235,235,16.02,OPTIMAL,235,25.455,235,5570,10,frontEnd=mixed_sil_doer_checker;rasta=one_of_two_failover;powspec=none;audspec=none;compJah=high_sil_isolated_checker;rastaFilter=none;backEnd=low_sil_doer_checker,True,,,235,,,,True
e2_tight,base,c_pat,1.00,joint,TOTALCOST,235,period_ub=235,OPTIMAL,3636,235,8.772,OPTIMAL,3636,45.563,235,3636,10,frontEnd=high_sil_isolated_checker;rasta=none;powspec=none;audspec=none;compJah=high_sil_isolated_checker;rastaFilter=none;backEnd=low_sil_doer_checker,True,True,,235,,,,True
e2_tight,base,c_pat,1.00,PFmin,TOTALCOST,235,period_ub=235,UNSAT,,,1.957,UNSAT,,1.975,,,,frontEnd=two_of_two_high_sil;rasta=none;powspec=none;audspec=none;compJah=two_of_two_high_sil;rastaFilter=none;backEnd=low_sil_doer_checker,,,,,,,,True
e2_tight,base,c_pat,1.00,PFmax,TOTALCOST,235,period_ub=235,UNSAT,,,1.912,UNSAT,,2.015,,,,frontEnd=two_of_two_high_sil;rasta=none;powspec=none;audspec=none;compJah=two_of_two_high_sil;rastaFilter=none;backEnd=low_sil_diverse_doer_checker,,,,,,,,True
e2_tight,base,c_pat,1.00,NP,TOTALCOST,235,period_ub=235,OPTIMAL,3636,235,6.36,OPTIMAL,3636,9.568,235,3636,10,frontEnd=high_sil_isolated_checker;rasta=none;powspec=none;audspec=none;compJah=high_sil_isolated_checker;rastaFilter=none;backEnd=low_sil_doer_checker,True,True,,235,,,,True
e2_tight,base,c_pat,1.00,PFlight,TOTALCOST,235,period_ub=235,OPTIMAL,3636,235,6.068,OPTIMAL,3636,9.215,235,3636,10,frontEnd=high_sil_isolated_checker;rasta=none;powspec=none;audspec=none;compJah=high_sil_isolated_checker;rastaFilter=none;backEnd=low_sil_doer_checker,True,True,True,235,,,,True
e2_tight,base,c_pat,1.00,PFcheap,TOTALCOST,235,period_ub=235,OPTIMAL,3636,235,5.969,OPTIMAL,3636,11.205,235,3636,10,frontEnd=high_sil_isolated_checker;rasta=none;powspec=none;audspec=none;compJah=high_sil_isolated_checker;rastaFilter=none;backEnd=low_sil_doer_checker,True,True,True,235,,,,True
e2_tight,base,c_pat,1.10,joint,TOTALCOST,259,period_ub=259,OPTIMAL,3636,249,15.315,OPTIMAL,3636,35.197,249,3636,10,frontEnd=high_sil_isolated_checker;rasta=none;powspec=none;audspec=none;compJah=high_sil_isolated_checker;rastaFilter=none;backEnd=low_sil_doer_checker,True,True,,259,,,,True
e2_tight,base,c_pat,1.10,PFmin,TOTALCOST,259,period_ub=259,UNSAT,,,1.96,UNSAT,,2.308,,,,frontEnd=two_of_two_high_sil;rasta=none;powspec=none;audspec=none;compJah=two_of_two_high_sil;rastaFilter=none;backEnd=low_sil_doer_checker,,,,,,,,True
e2_tight,base,c_pat,1.10,PFmax,TOTALCOST,259,period_ub=259,UNSAT,,,2.011,UNSAT,,2.25,,,,frontEnd=two_of_two_high_sil;rasta=none;powspec=none;audspec=none;compJah=two_of_two_high_sil;rastaFilter=none;backEnd=low_sil_diverse_doer_checker,,,,,,,,True
e2_tight,base,c_pat,1.10,NP,TOTALCOST,259,period_ub=259,OPTIMAL,3636,235,8.841,OPTIMAL,3636,13.911,251,3636,10,frontEnd=high_sil_isolated_checker;rasta=none;powspec=none;audspec=none;compJah=high_sil_isolated_checker;rastaFilter=none;backEnd=low_sil_doer_checker,True,True,,251,,,,True
e2_tight,base,c_pat,1.10,PFlight,TOTALCOST,259,period_ub=259,OPTIMAL,3636,235,8.166,OPTIMAL,3636,16.203,250,3636,10,frontEnd=high_sil_isolated_checker;rasta=none;powspec=none;audspec=none;compJah=high_sil_isolated_checker;rastaFilter=none;backEnd=low_sil_doer_checker,True,True,True,250,,,,True
e2_tight,base,c_pat,1.10,PFcheap,TOTALCOST,259,period_ub=259,OPTIMAL,3636,235,8.018,OPTIMAL,3636,14.836,248,3636,10,frontEnd=high_sil_isolated_checker;rasta=none;powspec=none;audspec=none;compJah=high_sil_isolated_checker;rastaFilter=none;backEnd=low_sil_doer_checker,True,True,True,248,,,,True
e2_tight,base,c_pat,1.25,joint,TOTALCOST,294,period_ub=294,OPTIMAL,3484,282,18.083,OPTIMAL,3484,50.144,282,3484,10,frontEnd=high_sil_isolated_checker;rasta=none;powspec=none;audspec=none;compJah=high_sil_isolated_checker;rastaFilter=none;backEnd=low_sil_doer_checker,True,True,,286,,,,True
e2_tight,base,c_pat,1.25,PFmin,TOTALCOST,294,period_ub=294,UNSAT,,,2.849,UNSAT,,2.912,,,,frontEnd=two_of_two_high_sil;rasta=none;powspec=none;audspec=none;compJah=two_of_two_high_sil;rastaFilter=none;backEnd=low_sil_doer_checker,,,,,,,,True
e2_tight,base,c_pat,1.25,PFmax,TOTALCOST,294,period_ub=294,UNSAT,,,2.851,UNSAT,,2.796,,,,frontEnd=two_of_two_high_sil;rasta=none;powspec=none;audspec=none;compJah=two_of_two_high_sil;rastaFilter=none;backEnd=low_sil_diverse_doer_checker,,,,,,,,True
e2_tight,base,c_pat,1.25,NP,TOTALCOST,294,period_ub=294,OPTIMAL,3484,287,9.931,OPTIMAL,3484,12.695,282,3484,10,frontEnd=high_sil_isolated_checker;rasta=none;powspec=none;audspec=none;compJah=high_sil_isolated_checker;rastaFilter=none;backEnd=low_sil_doer_checker,True,True,,282,,,,True
e2_tight,base,c_pat,1.25,PFlight,TOTALCOST,294,period_ub=294,OPTIMAL,3484,282,9.623,OPTIMAL,3484,20.479,282,3484,10,frontEnd=high_sil_isolated_checker;rasta=none;powspec=none;audspec=none;compJah=high_sil_isolated_checker;rastaFilter=none;backEnd=low_sil_doer_checker,True,True,True,286,,,,True
e2_tight,base,c_pat,1.25,PFcheap,TOTALCOST,294,period_ub=294,OPTIMAL,3484,282,9.2,OPTIMAL,3484,23.009,282,3484,10,frontEnd=high_sil_isolated_checker;rasta=none;powspec=none;audspec=none;compJah=high_sil_isolated_checker;rastaFilter=none;backEnd=low_sil_doer_checker,True,True,True,288,,,,True
e2_tight,base,pc_sobel,-,min_period,THROUGHPUT,100000,,OPTIMAL,333,333,2.674,OPTIMAL,333,3.339,333,5491,4,get_pixel=mixed_sil_doer_checker;gx=one_of_two_failover;gy=one_of_two_failover;abs=one_of_two_failover,True,,,333,,,,True
e2_tight,base,pc_sobel,1.00,joint,TOTALCOST,333,period_ub=333,OPTIMAL,1411,333,2.227,OPTIMAL,1411,3.102,333,1411,3,get_pixel=high_sil_isolated_checker;gx=none;gy=none;abs=none,True,True,,333,,,,True
e2_tight,base,pc_sobel,1.00,PFmin,TOTALCOST,333,period_ub=333,UNSAT,,,1.021,UNSAT,,1.161,,,,get_pixel=two_of_two_high_sil;gx=none;gy=none;abs=none,,,,,,,,True
e2_tight,base,pc_sobel,1.00,PFmax,TOTALCOST,333,period_ub=333,UNSAT,,,1.044,UNSAT,,1.298,,,,get_pixel=two_of_two_high_sil;gx=none;gy=none;abs=none,,,,,,,,True
e2_tight,base,pc_sobel,1.00,NP,TOTALCOST,333,period_ub=333,OPTIMAL,1411,333,1.65,OPTIMAL,1411,2.395,333,1411,3,get_pixel=high_sil_isolated_checker;gx=none;gy=none;abs=none,True,True,,333,,,,True
e2_tight,base,pc_sobel,1.00,PFlight,TOTALCOST,333,period_ub=333,OPTIMAL,1411,333,1.866,OPTIMAL,1411,2.045,333,1411,3,get_pixel=high_sil_isolated_checker;gx=none;gy=none;abs=none,True,True,True,333,,,,True
e2_tight,base,pc_sobel,1.00,PFcheap,TOTALCOST,333,period_ub=333,OPTIMAL,1411,333,1.951,OPTIMAL,1411,2.057,333,1411,3,get_pixel=high_sil_isolated_checker;gx=none;gy=none;abs=none,True,True,True,333,,,,True
e2_tight,base,pc_sobel,1.10,joint,TOTALCOST,367,period_ub=367,OPTIMAL,1405,352,2.635,OPTIMAL,1405,3.261,352,1405,3,get_pixel=high_sil_isolated_checker;gx=none;gy=none;abs=none,True,True,,352,,,,True
e2_tight,base,pc_sobel,1.10,PFmin,TOTALCOST,367,period_ub=367,UNSAT,,,1.007,UNSAT,,1.166,,,,get_pixel=two_of_two_high_sil;gx=none;gy=none;abs=none,,,,,,,,True
e2_tight,base,pc_sobel,1.10,PFmax,TOTALCOST,367,period_ub=367,UNSAT,,,1.001,UNSAT,,1.146,,,,get_pixel=two_of_two_high_sil;gx=none;gy=none;abs=none,,,,,,,,True
e2_tight,base,pc_sobel,1.10,NP,TOTALCOST,367,period_ub=367,OPTIMAL,1405,352,1.979,OPTIMAL,1405,2.256,352,1405,3,get_pixel=high_sil_isolated_checker;gx=none;gy=none;abs=none,True,True,,352,,,,True
e2_tight,base,pc_sobel,1.10,PFlight,TOTALCOST,367,period_ub=367,OPTIMAL,1405,352,2.383,OPTIMAL,1405,2.855,352,1405,3,get_pixel=high_sil_isolated_checker;gx=none;gy=none;abs=none,True,True,True,355,,,,True
e2_tight,base,pc_sobel,1.10,PFcheap,TOTALCOST,367,period_ub=367,OPTIMAL,1405,352,2.375,OPTIMAL,1405,2.243,352,1405,3,get_pixel=high_sil_isolated_checker;gx=none;gy=none;abs=none,True,True,True,355,,,,True
e2_tight,base,pc_sobel,1.25,joint,TOTALCOST,417,period_ub=417,OPTIMAL,1403,416,2.668,OPTIMAL,1403,3.318,416,1403,3,get_pixel=high_sil_isolated_checker;gx=none;gy=none;abs=none,True,True,,417,,,,True
e2_tight,base,pc_sobel,1.25,PFmin,TOTALCOST,417,period_ub=417,UNSAT,,,1.063,UNSAT,,1.162,,,,get_pixel=two_of_two_high_sil;gx=none;gy=none;abs=none,,,,,,,,True
e2_tight,base,pc_sobel,1.25,PFmax,TOTALCOST,417,period_ub=417,UNSAT,,,1.018,UNSAT,,1.195,,,,get_pixel=two_of_two_high_sil;gx=none;gy=none;abs=none,,,,,,,,True
e2_tight,base,pc_sobel,1.25,NP,TOTALCOST,417,period_ub=417,OPTIMAL,1403,416,1.959,OPTIMAL,1403,2.407,416,1403,3,get_pixel=high_sil_isolated_checker;gx=none;gy=none;abs=none,True,True,,416,,,,True
e2_tight,base,pc_sobel,1.25,PFlight,TOTALCOST,417,period_ub=417,OPTIMAL,1403,416,2.391,OPTIMAL,1403,2.296,416,1403,3,get_pixel=high_sil_isolated_checker;gx=none;gy=none;abs=none,True,True,True,416,,,,True
e2_tight,base,pc_sobel,1.25,PFcheap,TOTALCOST,417,period_ub=417,OPTIMAL,1403,416,2.41,OPTIMAL,1403,2.87,416,1403,3,get_pixel=high_sil_isolated_checker;gx=none;gy=none;abs=none,True,True,True,416,,,,True
e2_tight,base,v_nvp,-,min_period,THROUGHPUT,,,OPTIMAL,235,235,5.463,OPTIMAL,235,6.476,235,9541,14,frontEnd=nvp_three_version;rasta=low_sil_diverse_doer_checker;powspec=none;audspec=low_sil_diverse_doer_checker;compJah=nvp_three_version;rastaFilter=none;backEnd=low_sil_diverse_doer_checker,True,,,235,,,,True
e2_tight,base,v_nvp,1.00,joint,TOTALCOST,235,period_ub=235,OPTIMAL,5992,235,4.287,OPTIMAL,5992,6.411,235,5992,12,frontEnd=nvp_three_version;rasta=none;powspec=none;audspec=none;compJah=nvp_three_version;rastaFilter=none;backEnd=low_sil_diverse_doer_checker,True,True,,235,,,,True
e2_tight,base,v_nvp,1.00,PFmin,TOTALCOST,235,period_ub=235,OPTIMAL,5992,235,3.716,OPTIMAL,5992,4.369,235,5992,12,frontEnd=nvp_three_version;rasta=none;powspec=none;audspec=none;compJah=nvp_three_version;rastaFilter=none;backEnd=low_sil_diverse_doer_checker,True,True,True,235,,,,True
e2_tight,base,v_nvp,1.00,PFmax,TOTALCOST,235,period_ub=235,OPTIMAL,5992,235,3.416,OPTIMAL,5992,5.131,235,5992,12,frontEnd=nvp_three_version;rasta=none;powspec=none;audspec=none;compJah=nvp_three_version;rastaFilter=none;backEnd=low_sil_diverse_doer_checker,True,True,True,235,,,,True
e2_tight,base,v_nvp,1.00,NP,TOTALCOST,235,period_ub=235,OPTIMAL,5992,235,3.163,OPTIMAL,5992,3.887,235,5992,12,frontEnd=nvp_three_version;rasta=none;powspec=none;audspec=none;compJah=nvp_three_version;rastaFilter=none;backEnd=low_sil_diverse_doer_checker,True,True,,235,,,,True
e2_tight,base,v_nvp,1.00,PFlight,TOTALCOST,235,period_ub=235,OPTIMAL,5992,235,3.376,OPTIMAL,5992,4.161,235,5992,12,frontEnd=nvp_three_version;rasta=none;powspec=none;audspec=none;compJah=nvp_three_version;rastaFilter=none;backEnd=low_sil_diverse_doer_checker,True,True,True,235,,,,True
e2_tight,base,v_nvp,1.00,PFcheap,TOTALCOST,235,period_ub=235,OPTIMAL,5992,235,3.313,OPTIMAL,5992,4.165,235,5992,12,frontEnd=nvp_three_version;rasta=none;powspec=none;audspec=none;compJah=nvp_three_version;rastaFilter=none;backEnd=low_sil_diverse_doer_checker,True,True,True,235,,,,True
e2_tight,base,v_nvp,1.10,joint,TOTALCOST,259,period_ub=259,OPTIMAL,5992,253,4.248,OPTIMAL,5992,5.775,254,5992,12,frontEnd=nvp_three_version;rasta=none;powspec=none;audspec=none;compJah=nvp_three_version;rastaFilter=none;backEnd=low_sil_diverse_doer_checker,True,True,,259,,,,True
e2_tight,base,v_nvp,1.10,PFmin,TOTALCOST,259,period_ub=259,OPTIMAL,5992,253,3.358,OPTIMAL,5992,3.375,254,5992,12,frontEnd=nvp_three_version;rasta=none;powspec=none;audspec=none;compJah=nvp_three_version;rastaFilter=none;backEnd=low_sil_diverse_doer_checker,True,True,True,259,,,,True
e2_tight,base,v_nvp,1.10,PFmax,TOTALCOST,259,period_ub=259,OPTIMAL,5992,253,3.341,OPTIMAL,5992,3.502,254,5992,12,frontEnd=nvp_three_version;rasta=none;powspec=none;audspec=none;compJah=nvp_three_version;rastaFilter=none;backEnd=low_sil_diverse_doer_checker,True,True,True,259,,,,True
e2_tight,base,v_nvp,1.10,NP,TOTALCOST,259,period_ub=259,OPTIMAL,5992,254,3.084,OPTIMAL,5992,4.229,253,5992,12,frontEnd=nvp_three_version;rasta=none;powspec=none;audspec=none;compJah=nvp_three_version;rastaFilter=none;backEnd=low_sil_diverse_doer_checker,True,True,,259,,,,True
e2_tight,base,v_nvp,1.10,PFlight,TOTALCOST,259,period_ub=259,OPTIMAL,5992,253,4.32,OPTIMAL,5992,3.3,254,5992,12,frontEnd=nvp_three_version;rasta=none;powspec=none;audspec=none;compJah=nvp_three_version;rastaFilter=none;backEnd=low_sil_diverse_doer_checker,True,True,True,259,,,,True
e2_tight,base,v_nvp,1.10,PFcheap,TOTALCOST,259,period_ub=259,OPTIMAL,5992,253,3.453,OPTIMAL,5992,3.712,235,5992,12,frontEnd=nvp_three_version;rasta=none;powspec=none;audspec=none;compJah=nvp_three_version;rastaFilter=none;backEnd=low_sil_diverse_doer_checker,True,True,True,259,,,,True
e2_tight,base,v_nvp,1.25,joint,TOTALCOST,294,period_ub=294,OPTIMAL,5984,266,6.53,OPTIMAL,5984,18.015,266,5984,11,frontEnd=nvp_three_version;rasta=none;powspec=none;audspec=none;compJah=nvp_three_version;rastaFilter=none;backEnd=low_sil_diverse_doer_checker,True,True,,294,,,,True
e2_tight,base,v_nvp,1.25,PFmin,TOTALCOST,294,period_ub=294,OPTIMAL,5984,266,5.135,OPTIMAL,5984,7.248,276,5984,11,frontEnd=nvp_three_version;rasta=none;powspec=none;audspec=none;compJah=nvp_three_version;rastaFilter=none;backEnd=low_sil_diverse_doer_checker,True,True,True,294,,,,True
e2_tight,base,v_nvp,1.25,PFmax,TOTALCOST,294,period_ub=294,OPTIMAL,5984,266,5.046,OPTIMAL,5984,7.415,266,5984,11,frontEnd=nvp_three_version;rasta=none;powspec=none;audspec=none;compJah=nvp_three_version;rastaFilter=none;backEnd=low_sil_diverse_doer_checker,True,True,True,294,,,,True
e2_tight,base,v_nvp,1.25,NP,TOTALCOST,294,period_ub=294,OPTIMAL,5984,266,4.132,OPTIMAL,5984,5.905,266,5984,11,frontEnd=nvp_three_version;rasta=none;powspec=none;audspec=none;compJah=nvp_three_version;rastaFilter=none;backEnd=low_sil_diverse_doer_checker,True,True,,294,,,,True
e2_tight,base,v_nvp,1.25,PFlight,TOTALCOST,294,period_ub=294,OPTIMAL,5984,266,5.176,OPTIMAL,5984,10.414,276,5984,11,frontEnd=nvp_three_version;rasta=none;powspec=none;audspec=none;compJah=nvp_three_version;rastaFilter=none;backEnd=low_sil_diverse_doer_checker,True,True,True,294,,,,True
e2_tight,base,v_nvp,1.25,PFcheap,TOTALCOST,294,period_ub=294,OPTIMAL,5984,266,5.589,OPTIMAL,5984,10.941,266,5984,11,frontEnd=nvp_three_version;rasta=none;powspec=none;audspec=none;compJah=nvp_three_version;rastaFilter=none;backEnd=low_sil_diverse_doer_checker,True,True,True,294,,,,True
e2_tight,base,d_systematic_sw,-,min_period,THROUGHPUT,,,OPTIMAL,235,235,3.651,OPTIMAL,235,3.752,235,4410,11,frontEnd=low_sil_diverse_doer_checker;rasta=low_sil_diverse_doer_checker;powspec=none;audspec=low_sil_diverse_doer_checker;compJah=low_sil_diverse_doer_checker;rastaFilter=none;backEnd=low_sil_diverse_doer_checker,True,,,235,,,,True
e2_tight,base,d_systematic_sw,1.00,joint,TOTALCOST,235,period_ub=235,OPTIMAL,2104,235,2.506,OPTIMAL,2104,3.005,235,2104,7,frontEnd=same_cpu_doer_checker;rasta=none;powspec=none;audspec=none;compJah=same_cpu_doer_checker;rastaFilter=none;backEnd=same_cpu_doer_checker,True,True,,235,,,,True
e2_tight,base,d_systematic_sw,1.00,PFmin,TOTALCOST,235,period_ub=235,OPTIMAL,2104,235,4.458,OPTIMAL,2104,1.902,235,2104,7,frontEnd=same_cpu_doer_checker;rasta=none;powspec=none;audspec=none;compJah=same_cpu_doer_checker;rastaFilter=none;backEnd=same_cpu_doer_checker,True,True,True,235,,,,True
e2_tight,base,d_systematic_sw,1.00,PFmax,TOTALCOST,235,period_ub=235,OPTIMAL,2312,235,1.89,OPTIMAL,2312,2.647,235,2312,10,frontEnd=low_sil_diverse_doer_checker;rasta=none;powspec=none;audspec=none;compJah=low_sil_diverse_doer_checker;rastaFilter=none;backEnd=low_sil_diverse_doer_checker,True,True,True,235,,,,True
e2_tight,base,d_systematic_sw,1.00,NP,TOTALCOST,235,period_ub=235,OPTIMAL,2104,235,5.969,OPTIMAL,2104,1.847,235,2104,7,frontEnd=same_cpu_doer_checker;rasta=none;powspec=none;audspec=none;compJah=same_cpu_doer_checker;rastaFilter=none;backEnd=same_cpu_doer_checker,True,True,,235,,,,True
e2_tight,base,d_systematic_sw,1.00,PFlight,TOTALCOST,235,period_ub=235,OPTIMAL,2104,235,4.251,OPTIMAL,2104,1.773,235,2104,7,frontEnd=same_cpu_doer_checker;rasta=none;powspec=none;audspec=none;compJah=same_cpu_doer_checker;rastaFilter=none;backEnd=same_cpu_doer_checker,True,True,True,235,,,,True
e2_tight,base,d_systematic_sw,1.00,PFcheap,TOTALCOST,235,period_ub=235,OPTIMAL,2104,235,4.437,OPTIMAL,2104,1.89,235,2104,7,frontEnd=same_cpu_doer_checker;rasta=none;powspec=none;audspec=none;compJah=same_cpu_doer_checker;rastaFilter=none;backEnd=same_cpu_doer_checker,True,True,True,235,,,,True
e2_tight,base,d_systematic_sw,1.10,joint,TOTALCOST,259,period_ub=259,OPTIMAL,2104,235,3.325,OPTIMAL,2104,4.364,235,2104,7,frontEnd=same_cpu_doer_checker;rasta=none;powspec=none;audspec=none;compJah=same_cpu_doer_checker;rastaFilter=none;backEnd=same_cpu_doer_checker,True,True,,259,,,,True
e2_tight,base,d_systematic_sw,1.10,PFmin,TOTALCOST,259,period_ub=259,OPTIMAL,2104,235,2.576,OPTIMAL,2104,1.66,235,2104,7,frontEnd=same_cpu_doer_checker;rasta=none;powspec=none;audspec=none;compJah=same_cpu_doer_checker;rastaFilter=none;backEnd=same_cpu_doer_checker,True,True,True,259,,,,True
e2_tight,base,d_systematic_sw,1.10,PFmax,TOTALCOST,259,period_ub=259,OPTIMAL,2309,252,2.331,OPTIMAL,2309,4.034,253,2309,10,frontEnd=low_sil_diverse_doer_checker;rasta=none;powspec=none;audspec=none;compJah=low_sil_diverse_doer_checker;rastaFilter=none;backEnd=low_sil_diverse_doer_checker,True,True,True,259,,,,True
e2_tight,base,d_systematic_sw,1.10,NP,TOTALCOST,259,period_ub=259,OPTIMAL,2104,235,2.173,OPTIMAL,2104,1.732,235,2104,7,frontEnd=same_cpu_doer_checker;rasta=none;powspec=none;audspec=none;compJah=same_cpu_doer_checker;rastaFilter=none;backEnd=same_cpu_doer_checker,True,True,,259,,,,True
e2_tight,base,d_systematic_sw,1.10,PFlight,TOTALCOST,259,period_ub=259,OPTIMAL,2104,235,2.629,OPTIMAL,2104,1.537,235,2104,7,frontEnd=same_cpu_doer_checker;rasta=none;powspec=none;audspec=none;compJah=same_cpu_doer_checker;rastaFilter=none;backEnd=same_cpu_doer_checker,True,True,True,259,,,,True
e2_tight,base,d_systematic_sw,1.10,PFcheap,TOTALCOST,259,period_ub=259,OPTIMAL,2104,235,2.638,OPTIMAL,2104,1.549,235,2104,7,frontEnd=same_cpu_doer_checker;rasta=none;powspec=none;audspec=none;compJah=same_cpu_doer_checker;rastaFilter=none;backEnd=same_cpu_doer_checker,True,True,True,259,,,,True
e2_tight,base,d_systematic_sw,1.25,joint,TOTALCOST,294,period_ub=294,OPTIMAL,1920,293,3.514,OPTIMAL,1920,3.894,293,1920,7,frontEnd=same_cpu_doer_checker;rasta=none;powspec=none;audspec=none;compJah=same_cpu_doer_checker;rastaFilter=none;backEnd=same_cpu_doer_checker,True,True,,294,,,,True
e2_tight,base,d_systematic_sw,1.25,PFmin,TOTALCOST,294,period_ub=294,OPTIMAL,1920,293,2.275,OPTIMAL,1920,2.121,293,1920,7,frontEnd=same_cpu_doer_checker;rasta=none;powspec=none;audspec=none;compJah=same_cpu_doer_checker;rastaFilter=none;backEnd=same_cpu_doer_checker,True,True,True,294,,,,True
e2_tight,base,d_systematic_sw,1.25,PFmax,TOTALCOST,294,period_ub=294,OPTIMAL,2268,291,3.32,OPTIMAL,2268,6.378,291,2268,8,frontEnd=low_sil_diverse_doer_checker;rasta=none;powspec=none;audspec=none;compJah=low_sil_diverse_doer_checker;rastaFilter=none;backEnd=low_sil_diverse_doer_checker,True,True,True,294,,,,True
e2_tight,base,d_systematic_sw,1.25,NP,TOTALCOST,294,period_ub=294,OPTIMAL,1920,293,1.714,OPTIMAL,1920,2.225,293,1920,7,frontEnd=same_cpu_doer_checker;rasta=none;powspec=none;audspec=none;compJah=same_cpu_doer_checker;rastaFilter=none;backEnd=same_cpu_doer_checker,True,True,,294,,,,True
e2_tight,base,d_systematic_sw,1.25,PFlight,TOTALCOST,294,period_ub=294,OPTIMAL,1920,293,2.405,OPTIMAL,1920,2.27,293,1920,7,frontEnd=same_cpu_doer_checker;rasta=none;powspec=none;audspec=none;compJah=same_cpu_doer_checker;rastaFilter=none;backEnd=same_cpu_doer_checker,True,True,True,294,,,,True
e2_tight,base,d_systematic_sw,1.25,PFcheap,TOTALCOST,294,period_ub=294,OPTIMAL,1920,293,2.363,OPTIMAL,1920,2.289,293,1920,7,frontEnd=same_cpu_doer_checker;rasta=none;powspec=none;audspec=none;compJah=same_cpu_doer_checker;rastaFilter=none;backEnd=same_cpu_doer_checker,True,True,True,294,,,,True
e2_tight,base,p_rasta,1.50,joint,TOTALCOST,353,period_ub=353,OPTIMAL,3452,310,20.686,SAT,3452,300.4,310,3452,8,frontEnd=high_sil_isolated_checker;rasta=none;powspec=none;audspec=none;compJah=high_sil_isolated_checker;rastaFilter=none;backEnd=low_sil_doer_checker,True,True,,353,,,,
e2_tight,base,p_rasta,1.50,PFmin,TOTALCOST,353,period_ub=353,OPTIMAL,3455,340,4.253,SAT,3455,300.365,340,3455,8,frontEnd=two_of_two_high_sil;rasta=none;powspec=none;audspec=none;compJah=two_of_two_high_sil;rastaFilter=none;backEnd=low_sil_doer_checker,True,True,True,353,,,,
e2_tight,base,p_rasta,1.50,PFmax,TOTALCOST,353,period_ub=353,OPTIMAL,3458,353,4.494,SAT,3458,300.374,353,3458,8,frontEnd=two_of_two_high_sil;rasta=none;powspec=none;audspec=none;compJah=two_of_two_high_sil;rastaFilter=none;backEnd=low_sil_diverse_doer_checker,True,True,True,353,,,,
e2_tight,base,p_rasta,1.50,NP,TOTALCOST,353,period_ub=353,OPTIMAL,3452,340,14.567,SAT,3452,300.384,310,3452,8,frontEnd=high_sil_isolated_checker;rasta=none;powspec=none;audspec=none;compJah=high_sil_isolated_checker;rastaFilter=none;backEnd=low_sil_doer_checker,True,True,,353,,,,
e2_tight,base,p_rasta,1.50,PFlight,TOTALCOST,353,period_ub=353,OPTIMAL,3452,310,5.509,SAT,3452,300.355,310,3452,8,frontEnd=high_sil_isolated_checker;rasta=none;powspec=none;audspec=none;compJah=high_sil_isolated_checker;rastaFilter=none;backEnd=low_sil_doer_checker,True,True,True,353,,,,
e2_tight,base,p_rasta,1.50,PFcheap,TOTALCOST,353,period_ub=353,OPTIMAL,3452,310,5.134,SAT,3452,300.364,310,3452,8,frontEnd=high_sil_isolated_checker;rasta=none;powspec=none;audspec=none;compJah=high_sil_isolated_checker;rastaFilter=none;backEnd=low_sil_doer_checker,True,True,True,353,,,,
e2_tight,base,p_rasta,2.00,joint,TOTALCOST,470,period_ub=470,OPTIMAL,3399,449,22.045,SAT,3399,300.391,449,3399,5,frontEnd=high_sil_isolated_checker;rasta=none;powspec=none;audspec=none;compJah=high_sil_isolated_checker;rastaFilter=none;backEnd=low_sil_doer_checker,True,True,,470,,,,
e2_tight,base,p_rasta,2.00,PFmin,TOTALCOST,470,period_ub=470,OPTIMAL,3400,451,5.823,SAT,3400,300.365,451,3400,7,frontEnd=two_of_two_high_sil;rasta=none;powspec=none;audspec=none;compJah=two_of_two_high_sil;rastaFilter=none;backEnd=low_sil_doer_checker,True,True,True,470,,,,
e2_tight,base,p_rasta,2.00,PFmax,TOTALCOST,470,period_ub=470,OPTIMAL,3407,451,6.28,SAT,3407,300.36,451,3407,6,frontEnd=two_of_two_high_sil;rasta=none;powspec=none;audspec=none;compJah=two_of_two_high_sil;rastaFilter=none;backEnd=low_sil_diverse_doer_checker,True,True,True,470,,,,
e2_tight,base,p_rasta,2.00,NP,TOTALCOST,470,period_ub=470,OPTIMAL,3399,449,20.507,SAT,3399,300.375,449,3399,5,frontEnd=high_sil_isolated_checker;rasta=none;powspec=none;audspec=none;compJah=high_sil_isolated_checker;rastaFilter=none;backEnd=low_sil_doer_checker,True,True,,470,,,,
e2_tight,base,p_rasta,2.00,PFlight,TOTALCOST,470,period_ub=470,OPTIMAL,3399,449,13.9,SAT,3399,300.357,449,3399,5,frontEnd=high_sil_isolated_checker;rasta=none;powspec=none;audspec=none;compJah=high_sil_isolated_checker;rastaFilter=none;backEnd=low_sil_doer_checker,True,True,True,470,,,,
e2_tight,base,p_rasta,2.00,PFcheap,TOTALCOST,470,period_ub=470,OPTIMAL,3399,449,13.267,SAT,3399,300.365,449,3399,5,frontEnd=high_sil_isolated_checker;rasta=none;powspec=none;audspec=none;compJah=high_sil_isolated_checker;rastaFilter=none;backEnd=low_sil_doer_checker,True,True,True,470,,,,
e2_tight,base,f_random_hw,1.50,joint,TOTALCOST,353,period_ub=353,OPTIMAL,3473,319,19.794,SAT,3473,300.389,319,3473,9,frontEnd=high_sil_isolated_checker;rasta=none;powspec=none;audspec=none;compJah=high_sil_isolated_checker;rastaFilter=none;backEnd=low_sil_doer_checker,True,True,,353,,,,
e2_tight,base,f_random_hw,1.50,PFmin,TOTALCOST,353,period_ub=353,OPTIMAL,3473,340,4.749,OPTIMAL,3473,70.276,340,3473,9,frontEnd=two_of_two_high_sil;rasta=none;powspec=none;audspec=none;compJah=two_of_two_high_sil;rastaFilter=none;backEnd=low_sil_doer_checker,True,True,True,353,,,,True
e2_tight,base,f_random_hw,1.50,PFmax,TOTALCOST,353,period_ub=353,OPTIMAL,3473,340,4.665,OPTIMAL,3473,65.613,340,3473,9,frontEnd=two_of_two_high_sil;rasta=none;powspec=none;audspec=none;compJah=two_of_two_high_sil;rastaFilter=none;backEnd=low_sil_diverse_doer_checker,True,True,True,353,,,,True
e2_tight,base,f_random_hw,1.50,NP,TOTALCOST,353,period_ub=353,OPTIMAL,3473,319,7.111,SAT,3473,300.394,340,3473,9,frontEnd=two_of_two_high_sil;rasta=none;powspec=none;audspec=none;compJah=two_of_two_high_sil;rastaFilter=none;backEnd=low_sil_doer_checker,True,True,,353,,,,
e2_tight,base,f_random_hw,1.50,PFlight,TOTALCOST,353,period_ub=353,OPTIMAL,3473,319,4.725,OPTIMAL,3473,84.235,319,3473,9,frontEnd=high_sil_isolated_checker;rasta=none;powspec=none;audspec=none;compJah=high_sil_isolated_checker;rastaFilter=none;backEnd=low_sil_doer_checker,True,True,True,353,,,,True
e2_tight,base,f_random_hw,1.50,PFcheap,TOTALCOST,353,period_ub=353,OPTIMAL,3473,319,4.394,OPTIMAL,3473,43.335,319,3473,9,frontEnd=high_sil_isolated_checker;rasta=none;powspec=none;audspec=none;compJah=high_sil_isolated_checker;rastaFilter=none;backEnd=low_sil_doer_checker,True,True,True,353,,,,True
e2_tight,base,f_random_hw,2.00,joint,TOTALCOST,470,period_ub=470,OPTIMAL,3400,449,10.852,SAT,3400,300.387,449,3400,7,frontEnd=high_sil_isolated_checker;rasta=none;powspec=none;audspec=none;compJah=high_sil_isolated_checker;rastaFilter=none;backEnd=low_sil_doer_checker,True,True,,470,,,,
e2_tight,base,f_random_hw,2.00,PFmin,TOTALCOST,470,period_ub=470,OPTIMAL,3400,451,4.93,OPTIMAL,3400,17.43,451,3400,7,frontEnd=two_of_two_high_sil;rasta=none;powspec=none;audspec=none;compJah=two_of_two_high_sil;rastaFilter=none;backEnd=low_sil_doer_checker,True,True,True,470,,,,True
e2_tight,base,f_random_hw,2.00,PFmax,TOTALCOST,470,period_ub=470,OPTIMAL,3425,451,4.839,OPTIMAL,3425,8.406,451,3425,7,frontEnd=two_of_two_high_sil;rasta=none;powspec=none;audspec=none;compJah=two_of_two_high_sil;rastaFilter=none;backEnd=low_sil_diverse_doer_checker,True,True,True,470,,,,True
e2_tight,base,f_random_hw,2.00,NP,TOTALCOST,470,period_ub=470,OPTIMAL,3400,449,6.413,SAT,3400,300.383,449,3400,7,frontEnd=high_sil_isolated_checker;rasta=none;powspec=none;audspec=none;compJah=two_of_two_high_sil;rastaFilter=none;backEnd=low_sil_doer_checker,True,True,,470,,,,
e2_tight,base,f_random_hw,2.00,PFlight,TOTALCOST,470,period_ub=470,OPTIMAL,3400,449,4.479,OPTIMAL,3400,83.965,449,3400,7,frontEnd=high_sil_isolated_checker;rasta=none;powspec=none;audspec=none;compJah=high_sil_isolated_checker;rastaFilter=none;backEnd=low_sil_doer_checker,True,True,True,470,,,,True
e2_tight,base,f_random_hw,2.00,PFcheap,TOTALCOST,470,period_ub=470,OPTIMAL,3400,449,6.084,OPTIMAL,3400,146.892,449,3400,7,frontEnd=high_sil_isolated_checker;rasta=none;powspec=none;audspec=none;compJah=high_sil_isolated_checker;rastaFilter=none;backEnd=low_sil_doer_checker,True,True,True,470,,,,True
e2_tight,base,d_random_hw,1.50,joint,TOTALCOST,353,period_ub=353,OPTIMAL,1934,329,9.463,OPTIMAL,1934,10.404,329,1934,8,frontEnd=low_sil_doer_checker;rasta=none;powspec=none;audspec=none;compJah=low_sil_doer_checker;rastaFilter=none;backEnd=low_sil_doer_checker,True,True,,353,,,,True
e2_tight,base,d_random_hw,1.50,PFmin,TOTALCOST,353,period_ub=353,OPTIMAL,1934,329,3.502,OPTIMAL,1934,4.276,329,1934,8,frontEnd=low_sil_doer_checker;rasta=none;powspec=none;audspec=none;compJah=low_sil_doer_checker;rastaFilter=none;backEnd=low_sil_doer_checker,True,True,True,353,,,,True
e2_tight,base,d_random_hw,1.50,PFmax,TOTALCOST,353,period_ub=353,OPTIMAL,1934,329,3.42,OPTIMAL,1934,5.553,329,1934,8,frontEnd=low_sil_diverse_doer_checker;rasta=none;powspec=none;audspec=none;compJah=low_sil_diverse_doer_checker;rastaFilter=none;backEnd=low_sil_diverse_doer_checker,True,True,True,353,,,,True
e2_tight,base,d_random_hw,1.50,NP,TOTALCOST,353,period_ub=353,OPTIMAL,1934,329,5.147,OPTIMAL,1934,6.402,329,1934,8,frontEnd=low_sil_doer_checker;rasta=none;powspec=none;audspec=none;compJah=low_sil_doer_checker;rastaFilter=none;backEnd=low_sil_doer_checker,True,True,,353,,,,True
e2_tight,base,d_random_hw,1.50,PFlight,TOTALCOST,353,period_ub=353,OPTIMAL,1934,329,3.108,OPTIMAL,1934,4.575,329,1934,8,frontEnd=low_sil_doer_checker;rasta=none;powspec=none;audspec=none;compJah=low_sil_doer_checker;rastaFilter=none;backEnd=low_sil_doer_checker,True,True,True,353,,,,True
e2_tight,base,d_random_hw,1.50,PFcheap,TOTALCOST,353,period_ub=353,OPTIMAL,1934,329,3.46,OPTIMAL,1934,4.488,329,1934,8,frontEnd=low_sil_doer_checker;rasta=none;powspec=none;audspec=none;compJah=low_sil_doer_checker;rastaFilter=none;backEnd=low_sil_doer_checker,True,True,True,353,,,,True
e2_tight,base,d_random_hw,2.00,joint,TOTALCOST,470,period_ub=470,OPTIMAL,1912,465,7.334,OPTIMAL,1912,8.446,465,1912,6,frontEnd=low_sil_doer_checker;rasta=none;powspec=none;audspec=none;compJah=low_sil_doer_checker;rastaFilter=none;backEnd=low_sil_doer_checker,True,True,,470,,,,True
e2_tight,base,d_random_hw,2.00,PFmin,TOTALCOST,470,period_ub=470,OPTIMAL,1912,465,3.64,OPTIMAL,1912,4.523,465,1912,6,frontEnd=low_sil_doer_checker;rasta=none;powspec=none;audspec=none;compJah=low_sil_doer_checker;rastaFilter=none;backEnd=low_sil_doer_checker,True,True,True,470,,,,True
e2_tight,base,d_random_hw,2.00,PFmax,TOTALCOST,470,period_ub=470,OPTIMAL,1912,465,3.459,OPTIMAL,1912,3.737,465,1912,6,frontEnd=low_sil_diverse_doer_checker;rasta=none;powspec=none;audspec=none;compJah=low_sil_diverse_doer_checker;rastaFilter=none;backEnd=low_sil_diverse_doer_checker,True,True,True,470,,,,True
e2_tight,base,d_random_hw,2.00,NP,TOTALCOST,470,period_ub=470,OPTIMAL,1912,465,4.819,OPTIMAL,1912,5.512,465,1912,6,frontEnd=low_sil_doer_checker;rasta=none;powspec=none;audspec=none;compJah=low_sil_doer_checker;rastaFilter=none;backEnd=low_sil_doer_checker,True,True,,470,,,,True
e2_tight,base,d_random_hw,2.00,PFlight,TOTALCOST,470,period_ub=470,OPTIMAL,1912,465,3.712,OPTIMAL,1912,4.367,465,1912,6,frontEnd=low_sil_doer_checker;rasta=none;powspec=none;audspec=none;compJah=low_sil_doer_checker;rastaFilter=none;backEnd=low_sil_doer_checker,True,True,True,470,,,,True
e2_tight,base,d_random_hw,2.00,PFcheap,TOTALCOST,470,period_ub=470,OPTIMAL,1912,465,3.866,OPTIMAL,1912,4.475,465,1912,6,frontEnd=low_sil_doer_checker;rasta=none;powspec=none;audspec=none;compJah=low_sil_doer_checker;rastaFilter=none;backEnd=low_sil_doer_checker,True,True,True,470,,,,True
e2_tight,base,d_systematic_sw,1.50,joint,TOTALCOST,353,period_ub=353,OPTIMAL,1909,319,5.169,OPTIMAL,1909,4.135,319,1909,6,frontEnd=same_cpu_doer_checker;rasta=none;powspec=none;audspec=none;compJah=same_cpu_doer_checker;rastaFilter=none;backEnd=same_cpu_doer_checker,True,True,,353,,,,True
e2_tight,base,d_systematic_sw,1.50,PFmin,TOTALCOST,353,period_ub=353,OPTIMAL,1909,319,1.976,OPTIMAL,1909,2.129,319,1909,6,frontEnd=same_cpu_doer_checker;rasta=none;powspec=none;audspec=none;compJah=same_cpu_doer_checker;rastaFilter=none;backEnd=same_cpu_doer_checker,True,True,True,353,,,,True
e2_tight,base,d_systematic_sw,1.50,PFmax,TOTALCOST,353,period_ub=353,OPTIMAL,2112,345,2.858,OPTIMAL,2112,3.085,349,2112,8,frontEnd=low_sil_diverse_doer_checker;rasta=none;powspec=none;audspec=none;compJah=low_sil_diverse_doer_checker;rastaFilter=none;backEnd=low_sil_diverse_doer_checker,True,True,True,353,,,,True
e2_tight,base,d_systematic_sw,1.50,NP,TOTALCOST,353,period_ub=353,OPTIMAL,1909,319,1.774,OPTIMAL,1909,2.068,319,1909,6,frontEnd=same_cpu_doer_checker;rasta=none;powspec=none;audspec=none;compJah=same_cpu_doer_checker;rastaFilter=none;backEnd=same_cpu_doer_checker,True,True,,353,,,,True
e2_tight,base,d_systematic_sw,1.50,PFlight,TOTALCOST,353,period_ub=353,OPTIMAL,1909,319,1.941,OPTIMAL,1909,2.094,319,1909,6,frontEnd=same_cpu_doer_checker;rasta=none;powspec=none;audspec=none;compJah=same_cpu_doer_checker;rastaFilter=none;backEnd=same_cpu_doer_checker,True,True,True,353,,,,True
e2_tight,base,d_systematic_sw,1.50,PFcheap,TOTALCOST,353,period_ub=353,OPTIMAL,1909,319,1.906,OPTIMAL,1909,2.205,319,1909,6,frontEnd=same_cpu_doer_checker;rasta=none;powspec=none;audspec=none;compJah=same_cpu_doer_checker;rastaFilter=none;backEnd=same_cpu_doer_checker,True,True,True,353,,,,True
e2_tight,base,d_systematic_sw,2.00,joint,TOTALCOST,470,period_ub=470,OPTIMAL,1898,449,3.875,OPTIMAL,1898,3.429,449,1898,5,frontEnd=same_cpu_doer_checker;rasta=none;powspec=none;audspec=none;compJah=same_cpu_doer_checker;rastaFilter=none;backEnd=same_cpu_doer_checker,True,True,,470,,,,True
e2_tight,base,d_systematic_sw,2.00,PFmin,TOTALCOST,470,period_ub=470,OPTIMAL,1898,449,2.273,OPTIMAL,1898,2.276,449,1898,5,frontEnd=same_cpu_doer_checker;rasta=none;powspec=none;audspec=none;compJah=same_cpu_doer_checker;rastaFilter=none;backEnd=same_cpu_doer_checker,True,True,True,470,,,,True
e2_tight,base,d_systematic_sw,2.00,PFmax,TOTALCOST,470,period_ub=470,OPTIMAL,2068,465,2.769,OPTIMAL,2068,2.843,449,2068,6,frontEnd=low_sil_diverse_doer_checker;rasta=none;powspec=none;audspec=none;compJah=low_sil_diverse_doer_checker;rastaFilter=none;backEnd=low_sil_diverse_doer_checker,True,True,True,470,,,,True
e2_tight,base,d_systematic_sw,2.00,NP,TOTALCOST,470,period_ub=470,OPTIMAL,1898,449,1.797,OPTIMAL,1898,2.539,449,1898,5,frontEnd=same_cpu_doer_checker;rasta=none;powspec=none;audspec=none;compJah=same_cpu_doer_checker;rastaFilter=none;backEnd=same_cpu_doer_checker,True,True,,470,,,,True
e2_tight,base,d_systematic_sw,2.00,PFlight,TOTALCOST,470,period_ub=470,OPTIMAL,1898,449,2.677,OPTIMAL,1898,2.305,449,1898,5,frontEnd=same_cpu_doer_checker;rasta=none;powspec=none;audspec=none;compJah=same_cpu_doer_checker;rastaFilter=none;backEnd=same_cpu_doer_checker,True,True,True,470,,,,True
e2_tight,base,d_systematic_sw,2.00,PFcheap,TOTALCOST,470,period_ub=470,OPTIMAL,1898,449,2.329,OPTIMAL,1898,2.248,449,1898,5,frontEnd=same_cpu_doer_checker;rasta=none;powspec=none;audspec=none;compJah=same_cpu_doer_checker;rastaFilter=none;backEnd=same_cpu_doer_checker,True,True,True,470,,,,True
e2_tight,base,f_sw3,1.50,joint,TOTALCOST,353,period_ub=353,OPTIMAL,3988,319,5.593,OPTIMAL,3988,10.587,319,3988,8,frontEnd=two_of_two_high_sil;rasta=none;powspec=none;audspec=none;compJah=mixed_sil_doer_checker;rastaFilter=none;backEnd=same_cpu_doer_checker,True,True,,353,,,,True
e2_tight,base,f_sw3,1.50,PFmin,TOTALCOST,353,period_ub=353,UNSAT,,,1.252,UNSAT,,1.187,,,,frontEnd=two_of_two_high_sil;rasta=none;powspec=none;audspec=none;compJah=two_of_two_high_sil;rastaFilter=none;backEnd=same_cpu_doer_checker,,,,,,,,True
e2_tight,base,f_sw3,1.50,PFmax,TOTALCOST,353,period_ub=353,UNSAT,,,1.225,UNSAT,,1.249,,,,frontEnd=two_of_two_high_sil;rasta=none;powspec=none;audspec=none;compJah=two_of_two_high_sil;rastaFilter=none;backEnd=low_sil_diverse_doer_checker,,,,,,,,True
e2_tight,base,f_sw3,1.50,NP,TOTALCOST,353,period_ub=353,OPTIMAL,3988,319,3.825,OPTIMAL,3988,4.382,345,3988,8,frontEnd=two_of_two_high_sil;rasta=none;powspec=none;audspec=none;compJah=mixed_sil_doer_checker;rastaFilter=none;backEnd=same_cpu_doer_checker,True,True,,353,,,,True
e2_tight,base,f_sw3,1.50,PFlight,TOTALCOST,353,period_ub=353,OPTIMAL,4462,335,3.255,OPTIMAL,4462,3.671,335,4462,7,frontEnd=mixed_sil_doer_checker;rasta=none;powspec=none;audspec=none;compJah=mixed_sil_doer_checker;rastaFilter=none;backEnd=same_cpu_doer_checker,True,True,True,353,,,,True
e2_tight,base,f_sw3,1.50,PFcheap,TOTALCOST,353,period_ub=353,UNSAT,,,1.411,UNSAT,,1.185,,,,frontEnd=two_of_two_high_sil;rasta=none;powspec=none;audspec=none;compJah=two_of_two_high_sil;rastaFilter=none;backEnd=same_cpu_doer_checker,,,,,,,,True
e2_tight,base,f_sw3,2.00,joint,TOTALCOST,470,period_ub=470,OPTIMAL,3421,461,6.635,OPTIMAL,3421,10.183,461,3421,6,frontEnd=two_of_two_high_sil;rasta=none;powspec=none;audspec=none;compJah=two_of_two_high_sil;rastaFilter=none;backEnd=same_cpu_doer_checker,True,True,,470,,,,True
e2_tight,base,f_sw3,2.00,PFmin,TOTALCOST,470,period_ub=470,OPTIMAL,3421,461,3.308,OPTIMAL,3421,3.41,461,3421,6,frontEnd=two_of_two_high_sil;rasta=none;powspec=none;audspec=none;compJah=two_of_two_high_sil;rastaFilter=none;backEnd=same_cpu_doer_checker,True,True,True,470,,,,True
e2_tight,base,f_sw3,2.00,PFmax,TOTALCOST,470,period_ub=470,OPTIMAL,3462,461,3.563,OPTIMAL,3462,3.94,461,3462,7,frontEnd=two_of_two_high_sil;rasta=none;powspec=none;audspec=none;compJah=two_of_two_high_sil;rastaFilter=none;backEnd=low_sil_diverse_doer_checker,True,True,True,470,,,,True
e2_tight,base,f_sw3,2.00,NP,TOTALCOST,470,period_ub=470,OPTIMAL,3421,461,3.801,OPTIMAL,3421,3.634,461,3421,6,frontEnd=two_of_two_high_sil;rasta=none;powspec=none;audspec=none;compJah=two_of_two_high_sil;rastaFilter=none;backEnd=same_cpu_doer_checker,True,True,,470,,,,True
e2_tight,base,f_sw3,2.00,PFlight,TOTALCOST,470,period_ub=470,OPTIMAL,4454,449,3.664,OPTIMAL,4454,3.814,455,4454,6,frontEnd=mixed_sil_doer_checker;rasta=none;powspec=none;audspec=none;compJah=mixed_sil_doer_checker;rastaFilter=none;backEnd=same_cpu_doer_checker,True,True,True,470,,,,True
e2_tight,base,f_sw3,2.00,PFcheap,TOTALCOST,470,period_ub=470,OPTIMAL,3421,461,3.303,OPTIMAL,3421,4.786,461,3421,6,frontEnd=two_of_two_high_sil;rasta=none;powspec=none;audspec=none;compJah=two_of_two_high_sil;rastaFilter=none;backEnd=same_cpu_doer_checker,True,True,True,470,,,,True
e2_tight,base,f_both3,1.50,joint,TOTALCOST,353,period_ub=353,OPTIMAL,4149,319,8.954,OPTIMAL,4149,12.984,345,4149,9,frontEnd=two_of_two_high_sil;rasta=none;powspec=none;audspec=none;compJah=mixed_sil_doer_checker;rastaFilter=none;backEnd=low_sil_diverse_doer_checker,True,True,,353,,,,True
e2_tight,base,f_both3,1.50,PFmin,TOTALCOST,353,period_ub=353,UNSAT,,,1.225,UNSAT,,1.194,,,,frontEnd=two_of_two_high_sil;rasta=none;powspec=none;audspec=none;compJah=two_of_two_high_sil;rastaFilter=none;backEnd=low_sil_diverse_doer_checker,,,,,,,,True
e2_tight,base,f_both3,1.50,PFmax,TOTALCOST,353,period_ub=353,UNSAT,,,1.237,UNSAT,,1.15,,,,frontEnd=two_of_two_high_sil;rasta=none;powspec=none;audspec=none;compJah=two_of_two_high_sil;rastaFilter=none;backEnd=low_sil_diverse_doer_checker,,,,,,,,True
e2_tight,base,f_both3,1.50,NP,TOTALCOST,353,period_ub=353,OPTIMAL,4149,319,4.053,OPTIMAL,4149,4.625,319,4149,9,frontEnd=two_of_two_high_sil;rasta=none;powspec=none;audspec=none;compJah=mixed_sil_doer_checker;rastaFilter=none;backEnd=low_sil_diverse_doer_checker,True,True,,353,,,,True
e2_tight,base,f_both3,1.50,PFlight,TOTALCOST,353,period_ub=353,OPTIMAL,4663,319,4.78,OPTIMAL,4663,5.696,326,4663,9,frontEnd=mixed_sil_doer_checker;rasta=none;powspec=none;audspec=none;compJah=mixed_sil_doer_checker;rastaFilter=none;backEnd=low_sil_diverse_doer_checker,True,True,True,353,,,,True
e2_tight,base,f_both3,1.50,PFcheap,TOTALCOST,353,period_ub=353,UNSAT,,,1.237,UNSAT,,1.164,,,,frontEnd=two_of_two_high_sil;rasta=none;powspec=none;audspec=none;compJah=two_of_two_high_sil;rastaFilter=none;backEnd=low_sil_diverse_doer_checker,,,,,,,,True
e2_tight,base,f_both3,2.00,joint,TOTALCOST,470,period_ub=470,OPTIMAL,3462,461,7.041,OPTIMAL,3462,11.592,461,3462,7,frontEnd=two_of_two_high_sil;rasta=none;powspec=none;audspec=none;compJah=two_of_two_high_sil;rastaFilter=none;backEnd=low_sil_diverse_doer_checker,True,True,,470,,,,True
e2_tight,base,f_both3,2.00,PFmin,TOTALCOST,470,period_ub=470,OPTIMAL,3462,461,3.519,OPTIMAL,3462,4.13,461,3462,7,frontEnd=two_of_two_high_sil;rasta=none;powspec=none;audspec=none;compJah=two_of_two_high_sil;rastaFilter=none;backEnd=low_sil_diverse_doer_checker,True,True,True,470,,,,True
e2_tight,base,f_both3,2.00,PFmax,TOTALCOST,470,period_ub=470,OPTIMAL,3462,461,3.652,OPTIMAL,3462,3.856,461,3462,7,frontEnd=two_of_two_high_sil;rasta=none;powspec=none;audspec=none;compJah=two_of_two_high_sil;rastaFilter=none;backEnd=low_sil_diverse_doer_checker,True,True,True,470,,,,True
e2_tight,base,f_both3,2.00,NP,TOTALCOST,470,period_ub=470,OPTIMAL,3462,461,3.984,OPTIMAL,3462,3.596,461,3462,7,frontEnd=two_of_two_high_sil;rasta=none;powspec=none;audspec=none;compJah=two_of_two_high_sil;rastaFilter=none;backEnd=low_sil_diverse_doer_checker,True,True,,470,,,,True
e2_tight,base,f_both3,2.00,PFlight,TOTALCOST,470,period_ub=470,OPTIMAL,4500,449,3.768,OPTIMAL,4500,3.944,450,4500,7,frontEnd=mixed_sil_doer_checker;rasta=none;powspec=none;audspec=none;compJah=mixed_sil_doer_checker;rastaFilter=none;backEnd=low_sil_diverse_doer_checker,True,True,True,470,,,,True
e2_tight,base,f_both3,2.00,PFcheap,TOTALCOST,470,period_ub=470,OPTIMAL,3462,461,3.873,OPTIMAL,3462,4.329,461,3462,7,frontEnd=two_of_two_high_sil;rasta=none;powspec=none;audspec=none;compJah=two_of_two_high_sil;rastaFilter=none;backEnd=low_sil_diverse_doer_checker,True,True,True,470,,,,True
e2_tight,base,c_pat,1.50,joint,TOTALCOST,353,period_ub=353,OPTIMAL,3473,319,18.685,SAT,3473,300.489,319,3473,9,frontEnd=high_sil_isolated_checker;rasta=none;powspec=none;audspec=none;compJah=high_sil_isolated_checker;rastaFilter=none;backEnd=low_sil_doer_checker,True,True,,351,,,,
e2_tight,base,c_pat,1.50,PFmin,TOTALCOST,353,period_ub=353,OPTIMAL,3473,340,9.13,OPTIMAL,3473,134.435,340,3473,9,frontEnd=two_of_two_high_sil;rasta=none;powspec=none;audspec=none;compJah=two_of_two_high_sil;rastaFilter=none;backEnd=low_sil_doer_checker,True,True,True,340,,,,True
e2_tight,base,c_pat,1.50,PFmax,TOTALCOST,353,period_ub=353,OPTIMAL,3473,340,8.362,OPTIMAL,3473,166.417,340,3473,9,frontEnd=two_of_two_high_sil;rasta=none;powspec=none;audspec=none;compJah=two_of_two_high_sil;rastaFilter=none;backEnd=low_sil_diverse_doer_checker,True,True,True,340,,,,True
e2_tight,base,c_pat,1.50,NP,TOTALCOST,353,period_ub=353,OPTIMAL,3473,319,11.933,SAT,3473,300.506,324,3473,9,frontEnd=two_of_two_high_sil;rasta=none;powspec=none;audspec=none;compJah=high_sil_isolated_checker;rastaFilter=none;backEnd=low_sil_doer_checker,True,True,,353,,,,
e2_tight,base,c_pat,1.50,PFlight,TOTALCOST,353,period_ub=353,OPTIMAL,3473,323,9.038,OPTIMAL,3473,144.488,323,3473,9,frontEnd=high_sil_isolated_checker;rasta=none;powspec=none;audspec=none;compJah=high_sil_isolated_checker;rastaFilter=none;backEnd=low_sil_doer_checker,True,True,True,353,,,,True
e2_tight,base,c_pat,1.50,PFcheap,TOTALCOST,353,period_ub=353,OPTIMAL,3473,323,9.194,OPTIMAL,3473,230.798,325,3473,9,frontEnd=high_sil_isolated_checker;rasta=none;powspec=none;audspec=none;compJah=high_sil_isolated_checker;rastaFilter=none;backEnd=low_sil_doer_checker,True,True,True,353,,,,True
e2_tight,base,c_pat,2.00,joint,TOTALCOST,470,period_ub=470,OPTIMAL,3400,449,18.401,SAT,3400,300.54,456,3400,7,frontEnd=high_sil_isolated_checker;rasta=none;powspec=none;audspec=none;compJah=high_sil_isolated_checker;rastaFilter=none;backEnd=low_sil_doer_checker,True,True,,470,,,,
e2_tight,base,c_pat,2.00,PFmin,TOTALCOST,470,period_ub=470,OPTIMAL,3429,468,10.168,OPTIMAL,3429,124.615,442,3429,7,frontEnd=two_of_two_high_sil;rasta=none;powspec=none;audspec=none;compJah=two_of_two_high_sil;rastaFilter=none;backEnd=low_sil_doer_checker,True,True,True,470,,,,True
e2_tight,base,c_pat,2.00,PFmax,TOTALCOST,470,period_ub=470,OPTIMAL,3454,442,10.583,OPTIMAL,3454,186.937,442,3454,7,frontEnd=two_of_two_high_sil;rasta=none;powspec=none;audspec=none;compJah=two_of_two_high_sil;rastaFilter=none;backEnd=low_sil_diverse_doer_checker,True,True,True,451,,,,True
e2_tight,base,c_pat,2.00,NP,TOTALCOST,470,period_ub=470,OPTIMAL,3400,465,14.147,SAT,3400,300.495,449,3400,7,frontEnd=high_sil_isolated_checker;rasta=none;powspec=none;audspec=none;compJah=high_sil_isolated_checker;rastaFilter=none;backEnd=low_sil_doer_checker,True,True,,470,,,,
e2_tight,base,c_pat,2.00,PFlight,TOTALCOST,470,period_ub=470,OPTIMAL,3400,456,10.793,OPTIMAL,3400,167.13,449,3400,7,frontEnd=high_sil_isolated_checker;rasta=none;powspec=none;audspec=none;compJah=high_sil_isolated_checker;rastaFilter=none;backEnd=low_sil_doer_checker,True,True,True,468,,,,True
e2_tight,base,c_pat,2.00,PFcheap,TOTALCOST,470,period_ub=470,OPTIMAL,3400,470,9.608,OPTIMAL,3400,115.401,449,3400,7,frontEnd=high_sil_isolated_checker;rasta=none;powspec=none;audspec=none;compJah=high_sil_isolated_checker;rastaFilter=none;backEnd=low_sil_doer_checker,True,True,True,449,,,,True
e2_tight,base,pc_sobel,1.50,joint,TOTALCOST,500,period_ub=500,OPTIMAL,1401,480,3.134,OPTIMAL,1401,3.038,499,1401,3,get_pixel=high_sil_isolated_checker;gx=none;gy=none;abs=none,True,True,,499,,,,True
e2_tight,base,pc_sobel,1.50,PFmin,TOTALCOST,500,period_ub=500,UNSAT,,,1.163,UNSAT,,1.127,,,,get_pixel=two_of_two_high_sil;gx=none;gy=none;abs=none,,,,,,,,True
e2_tight,base,pc_sobel,1.50,PFmax,TOTALCOST,500,period_ub=500,UNSAT,,,1.13,UNSAT,,1.108,,,,get_pixel=two_of_two_high_sil;gx=none;gy=none;abs=none,,,,,,,,True
e2_tight,base,pc_sobel,1.50,NP,TOTALCOST,500,period_ub=500,OPTIMAL,1401,499,2.467,OPTIMAL,1401,2.354,499,1401,3,get_pixel=high_sil_isolated_checker;gx=none;gy=none;abs=none,True,True,,499,,,,True
e2_tight,base,pc_sobel,1.50,PFlight,TOTALCOST,500,period_ub=500,OPTIMAL,1401,499,2.55,OPTIMAL,1401,2.196,499,1401,3,get_pixel=high_sil_isolated_checker;gx=none;gy=none;abs=none,True,True,True,499,,,,True
e2_tight,base,pc_sobel,1.50,PFcheap,TOTALCOST,500,period_ub=500,OPTIMAL,1401,499,2.422,OPTIMAL,1401,2.354,499,1401,3,get_pixel=high_sil_isolated_checker;gx=none;gy=none;abs=none,True,True,True,499,,,,True
e2_tight,base,pc_sobel,2.00,joint,TOTALCOST,666,period_ub=666,OPTIMAL,1401,480,3.683,OPTIMAL,1401,3.233,499,1401,3,get_pixel=high_sil_isolated_checker;gx=none;gy=none;abs=none,True,True,,640,,,,True
e2_tight,base,pc_sobel,2.00,PFmin,TOTALCOST,666,period_ub=666,OPTIMAL,1405,640,1.973,OPTIMAL,1405,1.904,640,1405,3,get_pixel=two_of_two_high_sil;gx=none;gy=none;abs=none,True,True,True,640,,,,True
e2_tight,base,pc_sobel,2.00,PFmax,TOTALCOST,666,period_ub=666,OPTIMAL,1405,640,1.985,OPTIMAL,1405,2.01,640,1405,3,get_pixel=two_of_two_high_sil;gx=none;gy=none;abs=none,True,True,True,640,,,,True
e2_tight,base,pc_sobel,2.00,NP,TOTALCOST,666,period_ub=666,OPTIMAL,1401,499,2.289,OPTIMAL,1401,2.367,499,1401,3,get_pixel=high_sil_isolated_checker;gx=none;gy=none;abs=none,True,True,,666,,,,True
e2_tight,base,pc_sobel,2.00,PFlight,TOTALCOST,666,period_ub=666,OPTIMAL,1401,480,2.154,OPTIMAL,1401,2.233,499,1401,3,get_pixel=high_sil_isolated_checker;gx=none;gy=none;abs=none,True,True,True,601,,,,True
e2_tight,base,pc_sobel,2.00,PFcheap,TOTALCOST,666,period_ub=666,OPTIMAL,1401,480,2.123,OPTIMAL,1401,2.198,499,1401,3,get_pixel=high_sil_isolated_checker;gx=none;gy=none;abs=none,True,True,True,601,,,,True
e2_tight,base,v_nvp,1.50,joint,TOTALCOST,353,period_ub=353,OPTIMAL,5952,319,9.31,OPTIMAL,5952,8.472,319,5952,11,frontEnd=nvp_three_version;rasta=none;powspec=none;audspec=none;compJah=nvp_three_version;rastaFilter=none;backEnd=low_sil_diverse_doer_checker,True,True,,353,,,,True
e2_tight,base,v_nvp,1.50,PFmin,TOTALCOST,353,period_ub=353,OPTIMAL,5952,319,8.874,OPTIMAL,5952,6.917,319,5952,11,frontEnd=nvp_three_version;rasta=none;powspec=none;audspec=none;compJah=nvp_three_version;rastaFilter=none;backEnd=low_sil_diverse_doer_checker,True,True,True,353,,,,True
e2_tight,base,v_nvp,1.50,PFmax,TOTALCOST,353,period_ub=353,OPTIMAL,5952,319,8.865,OPTIMAL,5952,7.82,319,5952,11,frontEnd=nvp_three_version;rasta=none;powspec=none;audspec=none;compJah=nvp_three_version;rastaFilter=none;backEnd=low_sil_diverse_doer_checker,True,True,True,353,,,,True
e2_tight,base,v_nvp,1.50,NP,TOTALCOST,353,period_ub=353,OPTIMAL,5952,319,4.896,OPTIMAL,5952,5.923,319,5952,11,frontEnd=nvp_three_version;rasta=none;powspec=none;audspec=none;compJah=nvp_three_version;rastaFilter=none;backEnd=low_sil_diverse_doer_checker,True,True,,353,,,,True
e2_tight,base,v_nvp,1.50,PFlight,TOTALCOST,353,period_ub=353,OPTIMAL,5952,319,8.008,OPTIMAL,5952,7.687,319,5952,11,frontEnd=nvp_three_version;rasta=none;powspec=none;audspec=none;compJah=nvp_three_version;rastaFilter=none;backEnd=low_sil_diverse_doer_checker,True,True,True,353,,,,True
e2_tight,base,v_nvp,1.50,PFcheap,TOTALCOST,353,period_ub=353,OPTIMAL,5952,319,10.372,OPTIMAL,5952,7.565,319,5952,11,frontEnd=nvp_three_version;rasta=none;powspec=none;audspec=none;compJah=nvp_three_version;rastaFilter=none;backEnd=low_sil_diverse_doer_checker,True,True,True,353,,,,True
e2_tight,base,v_nvp,2.00,joint,TOTALCOST,470,period_ub=470,OPTIMAL,5944,449,10.229,OPTIMAL,5944,16.894,449,5944,10,frontEnd=nvp_three_version;rasta=none;powspec=none;audspec=none;compJah=nvp_three_version;rastaFilter=none;backEnd=low_sil_diverse_doer_checker,True,True,,470,,,,True
e2_tight,base,v_nvp,2.00,PFmin,TOTALCOST,470,period_ub=470,OPTIMAL,5944,449,9.286,OPTIMAL,5944,12.014,449,5944,10,frontEnd=nvp_three_version;rasta=none;powspec=none;audspec=none;compJah=nvp_three_version;rastaFilter=none;backEnd=low_sil_diverse_doer_checker,True,True,True,470,,,,True
e2_tight,base,v_nvp,2.00,PFmax,TOTALCOST,470,period_ub=470,OPTIMAL,5944,449,8.606,OPTIMAL,5944,10.983,449,5944,10,frontEnd=nvp_three_version;rasta=none;powspec=none;audspec=none;compJah=nvp_three_version;rastaFilter=none;backEnd=low_sil_diverse_doer_checker,True,True,True,470,,,,True
e2_tight,base,v_nvp,2.00,NP,TOTALCOST,470,period_ub=470,OPTIMAL,5944,449,5.882,OPTIMAL,5944,7.638,449,5944,10,frontEnd=nvp_three_version;rasta=none;powspec=none;audspec=none;compJah=nvp_three_version;rastaFilter=none;backEnd=low_sil_diverse_doer_checker,True,True,,470,,,,True
e2_tight,base,v_nvp,2.00,PFlight,TOTALCOST,470,period_ub=470,OPTIMAL,5944,449,8.656,OPTIMAL,5944,9.473,449,5944,10,frontEnd=nvp_three_version;rasta=none;powspec=none;audspec=none;compJah=nvp_three_version;rastaFilter=none;backEnd=low_sil_diverse_doer_checker,True,True,True,470,,,,True
e2_tight,base,v_nvp,2.00,PFcheap,TOTALCOST,470,period_ub=470,OPTIMAL,5944,449,9.777,OPTIMAL,5944,10.835,449,5944,10,frontEnd=nvp_three_version;rasta=none;powspec=none;audspec=none;compJah=nvp_three_version;rastaFilter=none;backEnd=low_sil_diverse_doer_checker,True,True,True,470,,,,True
e2_thr,base,p_rasta,none,joint,THROUGHPUT,,,OPTIMAL,235,235,10.448,OPTIMAL,235,15.848,235,5341,11,frontEnd=high_sil_isolated_checker;rasta=one_of_two_failover;powspec=none;audspec=one_of_two_failover;compJah=high_sil_isolated_checker;rastaFilter=none;backEnd=low_sil_doer_checker,True,,,235,,,,True
e2_thr,base,p_rasta,none,PFmin,THROUGHPUT,,,OPTIMAL,340,340,10.429,OPTIMAL,340,5.422,340,5630,7,frontEnd=two_of_two_high_sil;rasta=none;powspec=none;audspec=none;compJah=two_of_two_high_sil;rastaFilter=none;backEnd=low_sil_doer_checker,True,,True,340,,,,True
e2_thr,base,p_rasta,none,PFmax,THROUGHPUT,,,OPTIMAL,340,340,4.76,OPTIMAL,340,5.761,340,5751,8,frontEnd=two_of_two_high_sil;rasta=none;powspec=none;audspec=none;compJah=two_of_two_high_sil;rastaFilter=none;backEnd=low_sil_diverse_doer_checker,True,,True,340,,,,True
e2_thr,base,p_rasta,none,PFlight,THROUGHPUT,,,OPTIMAL,235,235,5.235,OPTIMAL,235,14.18,235,5080,9,frontEnd=high_sil_isolated_checker;rasta=none;powspec=none;audspec=none;compJah=high_sil_isolated_checker;rastaFilter=none;backEnd=low_sil_doer_checker,True,,True,235,,,,True
e2_thr,base,p_rasta,none,PFcheap,THROUGHPUT,,,OPTIMAL,235,235,6.434,OPTIMAL,235,7.666,235,5481,9,frontEnd=high_sil_isolated_checker;rasta=none;powspec=none;audspec=none;compJah=high_sil_isolated_checker;rastaFilter=none;backEnd=low_sil_doer_checker,True,,True,235,,,,True
e2_thr,base,p_rasta,none,NP,THROUGHPUT,,,OPTIMAL,235,235,8.279,OPTIMAL,235,9.512,235,4175,12,frontEnd=high_sil_isolated_checker;rasta=low_sil_doer_checker;powspec=none;audspec=low_sil_doer_checker;compJah=high_sil_isolated_checker;rastaFilter=one_of_two_failover;backEnd=low_sil_doer_checker,True,,,235,,,,True
e2_thr,tok2,p_rasta,none,joint,THROUGHPUT,,,OPTIMAL,235,235,10.919,OPTIMAL,235,13.005,235,6731,10,frontEnd=mixed_sil_doer_checker;rasta=one_of_two_failover;powspec=low_sil_diverse_doer_checker;audspec=low_sil_diverse_doer_checker;compJah=high_sil_isolated_checker;rastaFilter=low_sil_doer_checker;backEnd=low_sil_doer_checker,True,,,235,,,,True
e2_thr,tok2,p_rasta,none,PFmin,THROUGHPUT,,,OPTIMAL,235,235,6.523,OPTIMAL,235,6.262,235,4568,10,frontEnd=two_of_two_high_sil;rasta=none;powspec=none;audspec=none;compJah=two_of_two_high_sil;rastaFilter=none;backEnd=low_sil_doer_checker,True,,True,235,,,,True
e2_thr,tok2,p_rasta,none,PFmax,THROUGHPUT,,,OPTIMAL,235,235,16.972,OPTIMAL,235,8.631,235,4795,10,frontEnd=two_of_two_high_sil;rasta=none;powspec=none;audspec=none;compJah=two_of_two_high_sil;rastaFilter=none;backEnd=low_sil_diverse_doer_checker,True,,True,235,,,,True
e2_thr,tok2,p_rasta,none,PFlight,THROUGHPUT,,,OPTIMAL,235,235,7.206,OPTIMAL,235,8.639,235,6892,7,frontEnd=high_sil_isolated_checker;rasta=none;powspec=none;audspec=none;compJah=high_sil_isolated_checker;rastaFilter=none;backEnd=low_sil_doer_checker,True,,True,235,,,,True
e2_thr,tok2,p_rasta,none,PFcheap,THROUGHPUT,,,OPTIMAL,235,235,6.009,OPTIMAL,235,18.664,235,5191,8,frontEnd=high_sil_isolated_checker;rasta=none;powspec=none;audspec=none;compJah=high_sil_isolated_checker;rastaFilter=none;backEnd=low_sil_doer_checker,True,,True,235,,,,True
e2_thr,tok2,p_rasta,none,NP,THROUGHPUT,,,OPTIMAL,235,235,9.047,OPTIMAL,235,8.209,235,4015,9,frontEnd=two_of_two_high_sil;rasta=low_sil_diverse_doer_checker;powspec=low_sil_diverse_doer_checker;audspec=none;compJah=high_sil_isolated_checker;rastaFilter=none;backEnd=low_sil_doer_checker,True,,,235,,,,True
e2_thr,base,f_random_hw,none,joint,THROUGHPUT,,,OPTIMAL,235,235,14.875,OPTIMAL,235,14.291,235,5789,12,frontEnd=high_sil_isolated_checker;rasta=one_of_two_failover;powspec=one_of_two_failover;audspec=one_of_two_failover;compJah=high_sil_isolated_checker;rastaFilter=one_of_two_failover;backEnd=low_sil_doer_checker,True,,,235,,,,True
e2_thr,base,f_random_hw,none,PFmin,THROUGHPUT,,,OPTIMAL,340,340,4.899,OPTIMAL,340,5.127,340,5322,8,frontEnd=two_of_two_high_sil;rasta=none;powspec=none;audspec=none;compJah=two_of_two_high_sil;rastaFilter=none;backEnd=low_sil_doer_checker,True,,True,340,,,,True
e2_thr,base,f_random_hw,none,PFmax,THROUGHPUT,,,OPTIMAL,340,340,4.89,OPTIMAL,340,23.069,340,5897,8,frontEnd=two_of_two_high_sil;rasta=none;powspec=none;audspec=none;compJah=two_of_two_high_sil;rastaFilter=none;backEnd=low_sil_diverse_doer_checker,True,,True,340,,,,True
e2_thr,base,f_random_hw,none,PFlight,THROUGHPUT,,,OPTIMAL,235,235,4.854,OPTIMAL,235,16.442,235,4618,9,frontEnd=high_sil_isolated_checker;rasta=none;powspec=none;audspec=none;compJah=high_sil_isolated_checker;rastaFilter=none;backEnd=low_sil_doer_checker,True,,True,235,,,,True
e2_thr,base,f_random_hw,none,PFcheap,THROUGHPUT,,,OPTIMAL,235,235,6.279,OPTIMAL,235,8.099,235,4925,9,frontEnd=high_sil_isolated_checker;rasta=none;powspec=none;audspec=none;compJah=high_sil_isolated_checker;rastaFilter=none;backEnd=low_sil_doer_checker,True,,True,235,,,,True
e2_thr,base,f_random_hw,none,NP,THROUGHPUT,,,OPTIMAL,235,235,7.044,OPTIMAL,235,20.226,235,3938,12,frontEnd=high_sil_isolated_checker;rasta=low_sil_doer_checker;powspec=none;audspec=one_of_two_failover;compJah=high_sil_isolated_checker;rastaFilter=none;backEnd=low_sil_doer_checker,True,,,235,,,,True
e2_thr,base,d_random_hw,none,joint,THROUGHPUT,,,OPTIMAL,235,235,6.647,OPTIMAL,235,7.456,235,3206,10,frontEnd=low_sil_doer_checker;rasta=low_sil_diverse_doer_checker;powspec=none;audspec=one_of_two_failover;compJah=low_sil_doer_checker;rastaFilter=none;backEnd=low_sil_doer_checker,True,,,235,,,,True
e2_thr,base,d_random_hw,none,PFmin,THROUGHPUT,,,OPTIMAL,235,235,3.333,OPTIMAL,235,3.781,235,3586,10,frontEnd=low_sil_doer_checker;rasta=none;powspec=none;audspec=none;compJah=low_sil_doer_checker;rastaFilter=none;backEnd=low_sil_doer_checker,True,,True,235,,,,True
e2_thr,base,d_random_hw,none,PFmax,THROUGHPUT,,,OPTIMAL,235,235,3.238,OPTIMAL,235,3.457,235,2877,9,frontEnd=low_sil_diverse_doer_checker;rasta=none;powspec=none;audspec=none;compJah=low_sil_diverse_doer_checker;rastaFilter=none;backEnd=low_sil_diverse_doer_checker,True,,True,235,,,,True
e2_thr,base,d_random_hw,none,PFlight,THROUGHPUT,,,OPTIMAL,235,235,3.537,OPTIMAL,235,3.608,235,3178,10,frontEnd=low_sil_doer_checker;rasta=none;powspec=none;audspec=none;compJah=low_sil_doer_checker;rastaFilter=none;backEnd=low_sil_doer_checker,True,,True,235,,,,True
e2_thr,base,d_random_hw,none,PFcheap,THROUGHPUT,,,OPTIMAL,235,235,5.639,OPTIMAL,235,3.541,235,2986,9,frontEnd=low_sil_doer_checker;rasta=none;powspec=none;audspec=none;compJah=low_sil_doer_checker;rastaFilter=none;backEnd=low_sil_doer_checker,True,,True,235,,,,True
e2_thr,base,d_random_hw,none,NP,THROUGHPUT,,,OPTIMAL,235,235,8.727,OPTIMAL,235,6.304,235,2769,12,frontEnd=low_sil_doer_checker;rasta=none;powspec=none;audspec=low_sil_doer_checker;compJah=low_sil_doer_checker;rastaFilter=one_of_two_failover;backEnd=low_sil_doer_checker,True,,,235,,,,True
e2_thr,base,d_systematic_sw,none,joint,THROUGHPUT,,,OPTIMAL,235,235,5.51,OPTIMAL,235,3.391,235,3942,8,frontEnd=same_cpu_doer_checker;rasta=same_cpu_doer_checker;powspec=none;audspec=low_sil_diverse_doer_checker;compJah=same_cpu_doer_checker;rastaFilter=none;backEnd=same_cpu_doer_checker,True,,,235,,,,True
e2_thr,base,d_systematic_sw,none,PFmin,THROUGHPUT,,,OPTIMAL,235,235,3.068,OPTIMAL,235,2.236,235,3409,7,frontEnd=same_cpu_doer_checker;rasta=none;powspec=none;audspec=none;compJah=same_cpu_doer_checker;rastaFilter=none;backEnd=same_cpu_doer_checker,True,,True,235,,,,True
e2_thr,base,d_systematic_sw,none,PFmax,THROUGHPUT,,,OPTIMAL,235,235,3.995,OPTIMAL,235,2.668,235,4747,9,frontEnd=low_sil_diverse_doer_checker;rasta=none;powspec=none;audspec=none;compJah=low_sil_diverse_doer_checker;rastaFilter=none;backEnd=low_sil_diverse_doer_checker,True,,True,235,,,,True
e2_thr,base,d_systematic_sw,none,PFlight,THROUGHPUT,,,OPTIMAL,235,235,2.531,OPTIMAL,235,2.133,235,2740,7,frontEnd=same_cpu_doer_checker;rasta=none;powspec=none;audspec=none;compJah=same_cpu_doer_checker;rastaFilter=none;backEnd=same_cpu_doer_checker,True,,True,235,,,,True
e2_thr,base,d_systematic_sw,none,PFcheap,THROUGHPUT,,,OPTIMAL,235,235,1.862,OPTIMAL,235,2.127,235,2740,7,frontEnd=same_cpu_doer_checker;rasta=none;powspec=none;audspec=none;compJah=same_cpu_doer_checker;rastaFilter=none;backEnd=same_cpu_doer_checker,True,,True,235,,,,True
e2_thr,base,d_systematic_sw,none,NP,THROUGHPUT,,,OPTIMAL,235,235,2.502,OPTIMAL,235,2.529,235,2573,7,frontEnd=same_cpu_doer_checker;rasta=low_sil_diverse_doer_checker;powspec=none;audspec=none;compJah=same_cpu_doer_checker;rastaFilter=none;backEnd=same_cpu_doer_checker,True,,,235,,,,True
e2_thr,base,f_sw3,none,joint,THROUGHPUT,,,OPTIMAL,235,235,6.302,OPTIMAL,235,5.949,235,10235,10,frontEnd=mixed_sil_doer_checker;rasta=low_sil_diverse_doer_checker;powspec=none;audspec=none;compJah=mixed_sil_doer_checker;rastaFilter=none;backEnd=low_sil_diverse_doer_checker,True,,,235,,,,True
e2_thr,base,f_sw3,none,PFmin,THROUGHPUT,,,OPTIMAL,365,365,3.288,OPTIMAL,365,3.454,365,5824,8,frontEnd=two_of_two_high_sil;rasta=none;powspec=none;audspec=none;compJah=two_of_two_high_sil;rastaFilter=none;backEnd=same_cpu_doer_checker,True,,True,365,,,,True
e2_thr,base,f_sw3,none,PFmax,THROUGHPUT,,,OPTIMAL,365,365,3.524,OPTIMAL,365,3.304,365,5727,10,frontEnd=two_of_two_high_sil;rasta=none;powspec=none;audspec=none;compJah=two_of_two_high_sil;rastaFilter=none;backEnd=low_sil_diverse_doer_checker,True,,True,365,,,,True
e2_thr,base,f_sw3,none,PFlight,THROUGHPUT,,,OPTIMAL,235,235,3.839,OPTIMAL,235,3.44,235,6474,10,frontEnd=mixed_sil_doer_checker;rasta=none;powspec=none;audspec=none;compJah=mixed_sil_doer_checker;rastaFilter=none;backEnd=same_cpu_doer_checker,True,,True,235,,,,True
e2_thr,base,f_sw3,none,PFcheap,THROUGHPUT,,,OPTIMAL,365,365,3.186,OPTIMAL,365,3.358,365,5372,8,frontEnd=two_of_two_high_sil;rasta=none;powspec=none;audspec=none;compJah=two_of_two_high_sil;rastaFilter=none;backEnd=same_cpu_doer_checker,True,,True,365,,,,True
e2_thr,base,f_sw3,none,NP,THROUGHPUT,,,OPTIMAL,235,235,3.938,OPTIMAL,235,3.854,235,5412,11,frontEnd=mixed_sil_doer_checker;rasta=low_sil_diverse_doer_checker;powspec=none;audspec=none;compJah=mixed_sil_doer_checker;rastaFilter=none;backEnd=low_sil_diverse_doer_checker,True,,,235,,,,True
e2_thr,base,f_both3,none,joint,THROUGHPUT,,,OPTIMAL,235,235,7.295,OPTIMAL,235,6.51,235,7778,10,frontEnd=mixed_sil_doer_checker;rasta=none;powspec=none;audspec=low_sil_diverse_doer_checker;compJah=mixed_sil_doer_checker;rastaFilter=none;backEnd=low_sil_diverse_doer_checker,True,,,235,,,,True
e2_thr,base,f_both3,none,PFmin,THROUGHPUT,,,OPTIMAL,365,365,3.729,OPTIMAL,365,4.114,365,5669,8,frontEnd=two_of_two_high_sil;rasta=none;powspec=none;audspec=none;compJah=two_of_two_high_sil;rastaFilter=none;backEnd=low_sil_diverse_doer_checker,True,,True,365,,,,True
e2_thr,base,f_both3,none,PFmax,THROUGHPUT,,,OPTIMAL,365,365,3.732,OPTIMAL,365,4.101,365,6424,9,frontEnd=two_of_two_high_sil;rasta=none;powspec=none;audspec=none;compJah=two_of_two_high_sil;rastaFilter=none;backEnd=low_sil_diverse_doer_checker,True,,True,365,,,,True
e2_thr,base,f_both3,none,PFlight,THROUGHPUT,,,OPTIMAL,235,235,4.694,OPTIMAL,235,3.449,235,6797,11,frontEnd=mixed_sil_doer_checker;rasta=none;powspec=none;audspec=none;compJah=mixed_sil_doer_checker;rastaFilter=none;backEnd=low_sil_diverse_doer_checker,True,,True,235,,,,True
e2_thr,base,f_both3,none,PFcheap,THROUGHPUT,,,OPTIMAL,365,365,3.839,OPTIMAL,365,3.388,365,5868,10,frontEnd=two_of_two_high_sil;rasta=none;powspec=none;audspec=none;compJah=two_of_two_high_sil;rastaFilter=none;backEnd=low_sil_diverse_doer_checker,True,,True,365,,,,True
e2_thr,base,f_both3,none,NP,THROUGHPUT,,,OPTIMAL,235,235,4.125,OPTIMAL,235,3.824,235,5373,11,frontEnd=mixed_sil_doer_checker;rasta=low_sil_diverse_doer_checker;powspec=none;audspec=none;compJah=mixed_sil_doer_checker;rastaFilter=none;backEnd=low_sil_diverse_doer_checker,True,,,235,,,,True
e2_thr,base,c_pat,none,joint,THROUGHPUT,,,OPTIMAL,235,235,20.998,OPTIMAL,235,31.551,235,6677,11,frontEnd=high_sil_isolated_checker;rasta=none;powspec=none;audspec=one_of_two_failover;compJah=high_sil_isolated_checker;rastaFilter=one_of_two_failover;backEnd=low_sil_doer_checker,True,,,235,,,,True
e2_thr,base,c_pat,none,PFmin,THROUGHPUT,,,OPTIMAL,340,340,10.238,OPTIMAL,340,17.263,340,5380,8,frontEnd=two_of_two_high_sil;rasta=none;powspec=none;audspec=none;compJah=two_of_two_high_sil;rastaFilter=none;backEnd=low_sil_doer_checker,True,,True,340,,,,True
e2_thr,base,c_pat,none,PFmax,THROUGHPUT,,,OPTIMAL,340,340,9.831,OPTIMAL,340,13.021,340,4112,9,frontEnd=two_of_two_high_sil;rasta=none;powspec=none;audspec=none;compJah=two_of_two_high_sil;rastaFilter=none;backEnd=low_sil_diverse_doer_checker,True,,True,340,,,,True
e2_thr,base,c_pat,none,PFlight,THROUGHPUT,,,OPTIMAL,235,235,10.806,OPTIMAL,235,14.183,235,6204,9,frontEnd=high_sil_isolated_checker;rasta=none;powspec=none;audspec=none;compJah=high_sil_isolated_checker;rastaFilter=none;backEnd=low_sil_doer_checker,True,,True,235,,,,True
e2_thr,base,c_pat,none,PFcheap,THROUGHPUT,,,OPTIMAL,235,235,15.824,OPTIMAL,235,19.351,235,5034,10,frontEnd=high_sil_isolated_checker;rasta=none;powspec=none;audspec=none;compJah=high_sil_isolated_checker;rastaFilter=none;backEnd=low_sil_doer_checker,True,,True,235,,,,True
e2_thr,base,c_pat,none,NP,THROUGHPUT,,,OPTIMAL,235,235,17.279,OPTIMAL,235,19.186,235,3836,10,frontEnd=high_sil_isolated_checker;rasta=low_sil_diverse_doer_checker;powspec=none;audspec=none;compJah=high_sil_isolated_checker;rastaFilter=none;backEnd=low_sil_doer_checker,True,,,235,,,,True
e2_thr,base,pc_sobel,none,joint,THROUGHPUT,100000,,OPTIMAL,333,333,3.121,OPTIMAL,333,2.874,333,5491,4,get_pixel=mixed_sil_doer_checker;gx=one_of_two_failover;gy=one_of_two_failover;abs=one_of_two_failover,True,,,333,,,,True
e2_thr,base,pc_sobel,none,PFmin,THROUGHPUT,100000,,OPTIMAL,512,512,2.373,OPTIMAL,512,2.004,512,2628,3,get_pixel=two_of_two_high_sil;gx=none;gy=none;abs=none,True,,True,512,,,,True
e2_thr,base,pc_sobel,none,PFmax,THROUGHPUT,100000,,OPTIMAL,512,512,2.22,OPTIMAL,512,2.026,512,2628,3,get_pixel=two_of_two_high_sil;gx=none;gy=none;abs=none,True,,True,512,,,,True
e2_thr,base,pc_sobel,none,PFlight,THROUGHPUT,100000,,OPTIMAL,333,333,2.536,OPTIMAL,333,2.091,333,2626,3,get_pixel=high_sil_isolated_checker;gx=none;gy=none;abs=none,True,,True,333,,,,True
e2_thr,base,pc_sobel,none,PFcheap,THROUGHPUT,100000,,OPTIMAL,333,333,2.302,OPTIMAL,333,2.09,333,2626,3,get_pixel=high_sil_isolated_checker;gx=none;gy=none;abs=none,True,,True,333,,,,True
e2_thr,base,pc_sobel,none,NP,THROUGHPUT,100000,,OPTIMAL,333,333,2.482,OPTIMAL,333,2.131,333,1942,4,get_pixel=mixed_sil_doer_checker;gx=none;gy=none;abs=none,True,,,333,,,,True
e2_thr,base,v_nvp,none,joint,THROUGHPUT,,,OPTIMAL,235,235,10.442,OPTIMAL,235,5.359,235,11871,14,frontEnd=nvp_three_version;rasta=low_sil_diverse_doer_checker;powspec=none;audspec=low_sil_diverse_doer_checker;compJah=nvp_three_version;rastaFilter=none;backEnd=low_sil_diverse_doer_checker,True,,,235,,,,True
e2_thr,base,v_nvp,none,PFmin,THROUGHPUT,,,OPTIMAL,235,235,4.284,OPTIMAL,235,3.792,235,8029,12,frontEnd=nvp_three_version;rasta=none;powspec=none;audspec=none;compJah=nvp_three_version;rastaFilter=none;backEnd=low_sil_diverse_doer_checker,True,,True,235,,,,True
e2_thr,base,v_nvp,none,PFmax,THROUGHPUT,,,OPTIMAL,235,235,4.919,OPTIMAL,235,3.811,235,8029,12,frontEnd=nvp_three_version;rasta=none;powspec=none;audspec=none;compJah=nvp_three_version;rastaFilter=none;backEnd=low_sil_diverse_doer_checker,True,,True,235,,,,True
e2_thr,base,v_nvp,none,PFlight,THROUGHPUT,,,OPTIMAL,235,235,4.66,OPTIMAL,235,3.91,235,8029,12,frontEnd=nvp_three_version;rasta=none;powspec=none;audspec=none;compJah=nvp_three_version;rastaFilter=none;backEnd=low_sil_diverse_doer_checker,True,,True,235,,,,True
e2_thr,base,v_nvp,none,PFcheap,THROUGHPUT,,,OPTIMAL,235,235,5.462,OPTIMAL,235,3.926,235,8029,12,frontEnd=nvp_three_version;rasta=none;powspec=none;audspec=none;compJah=nvp_three_version;rastaFilter=none;backEnd=low_sil_diverse_doer_checker,True,,True,235,,,,True
e2_thr,base,v_nvp,none,NP,THROUGHPUT,,,OPTIMAL,235,235,4.451,OPTIMAL,235,5.299,235,7196,14,frontEnd=nvp_three_version;rasta=low_sil_diverse_doer_checker;powspec=none;audspec=low_sil_diverse_doer_checker;compJah=nvp_three_version;rastaFilter=none;backEnd=low_sil_diverse_doer_checker,True,,,235,,,,True
e2_thr,tok2,f_random_hw,none,joint,THROUGHPUT,,,OPTIMAL,235,235,14.029,OPTIMAL,235,15.036,235,8601,12,frontEnd=two_of_two_high_sil;rasta=one_of_two_failover;powspec=low_sil_doer_checker;audspec=low_sil_doer_checker;compJah=mixed_sil_doer_checker;rastaFilter=none;backEnd=low_sil_doer_checker,True,,,235,,,,True
e2_thr,tok2,f_random_hw,none,PFmin,THROUGHPUT,,,OPTIMAL,235,235,12.397,OPTIMAL,235,8.165,235,5913,10,frontEnd=two_of_two_high_sil;rasta=none;powspec=none;audspec=none;compJah=two_of_two_high_sil;rastaFilter=none;backEnd=low_sil_doer_checker,True,,True,235,,,,True
e2_thr,tok2,f_random_hw,none,PFmax,THROUGHPUT,,,OPTIMAL,235,235,7.608,OPTIMAL,235,19.212,235,4721,10,frontEnd=two_of_two_high_sil;rasta=none;powspec=none;audspec=none;compJah=two_of_two_high_sil;rastaFilter=none;backEnd=low_sil_diverse_doer_checker,True,,True,235,,,,True
e2_thr,tok2,f_random_hw,none,PFlight,THROUGHPUT,,,OPTIMAL,235,235,39.388,OPTIMAL,235,8.66,235,5682,7,frontEnd=high_sil_isolated_checker;rasta=none;powspec=none;audspec=none;compJah=high_sil_isolated_checker;rastaFilter=none;backEnd=low_sil_doer_checker,True,,True,235,,,,True
e2_thr,tok2,f_random_hw,none,PFcheap,THROUGHPUT,,,OPTIMAL,235,235,13.649,OPTIMAL,235,7.549,235,5966,8,frontEnd=high_sil_isolated_checker;rasta=none;powspec=none;audspec=none;compJah=high_sil_isolated_checker;rastaFilter=none;backEnd=low_sil_doer_checker,True,,True,235,,,,True
e2_thr,tok2,f_random_hw,none,NP,THROUGHPUT,,,OPTIMAL,235,235,8.506,OPTIMAL,235,8.287,235,4203,12,frontEnd=two_of_two_high_sil;rasta=one_of_two_failover;powspec=low_sil_diverse_doer_checker;audspec=one_of_two_failover;compJah=two_of_two_high_sil;rastaFilter=one_of_two_failover;backEnd=low_sil_doer_checker,True,,,235,,,,True
e2_thr,tok2,d_random_hw,none,joint,THROUGHPUT,,,OPTIMAL,235,235,6.451,OPTIMAL,235,8.904,235,3457,10,frontEnd=low_sil_doer_checker;rasta=one_of_two_failover;powspec=one_of_two_failover;audspec=none;compJah=low_sil_doer_checker;rastaFilter=one_of_two_failover;backEnd=low_sil_doer_checker,True,,,235,,,,True
e2_thr,tok2,d_random_hw,none,PFmin,THROUGHPUT,,,OPTIMAL,235,235,4.272,OPTIMAL,235,2.948,235,2856,10,frontEnd=low_sil_doer_checker;rasta=none;powspec=none;audspec=none;compJah=low_sil_doer_checker;rastaFilter=none;backEnd=low_sil_doer_checker,True,,True,235,,,,True
e2_thr,tok2,d_random_hw,none,PFmax,THROUGHPUT,,,OPTIMAL,235,235,4.299,OPTIMAL,235,3.845,235,2595,9,frontEnd=low_sil_diverse_doer_checker;rasta=none;powspec=none;audspec=none;compJah=low_sil_diverse_doer_checker;rastaFilter=none;backEnd=low_sil_diverse_doer_checker,True,,True,235,,,,True
e2_thr,tok2,d_random_hw,none,PFlight,THROUGHPUT,,,OPTIMAL,235,235,3.935,OPTIMAL,235,4.179,235,3029,9,frontEnd=low_sil_doer_checker;rasta=none;powspec=none;audspec=none;compJah=low_sil_doer_checker;rastaFilter=none;backEnd=low_sil_doer_checker,True,,True,235,,,,True
e2_thr,tok2,d_random_hw,none,PFcheap,THROUGHPUT,,,OPTIMAL,235,235,4.081,OPTIMAL,235,3.042,235,2856,10,frontEnd=low_sil_doer_checker;rasta=none;powspec=none;audspec=none;compJah=low_sil_doer_checker;rastaFilter=none;backEnd=low_sil_doer_checker,True,,True,235,,,,True
e2_thr,tok2,d_random_hw,none,NP,THROUGHPUT,,,OPTIMAL,235,235,4.708,OPTIMAL,235,4.212,235,2784,11,frontEnd=low_sil_doer_checker;rasta=none;powspec=low_sil_diverse_doer_checker;audspec=one_of_two_failover;compJah=low_sil_doer_checker;rastaFilter=none;backEnd=low_sil_doer_checker,True,,,235,,,,True
e2_thr,tok2,d_systematic_sw,none,joint,THROUGHPUT,,,OPTIMAL,235,235,4.026,OPTIMAL,235,3.607,235,3085,10,frontEnd=low_sil_diverse_doer_checker;rasta=low_sil_diverse_doer_checker;powspec=low_sil_diverse_doer_checker;audspec=none;compJah=low_sil_diverse_doer_checker;rastaFilter=none;backEnd=same_cpu_doer_checker,True,,,235,,,,True
e2_thr,tok2,d_systematic_sw,none,PFmin,THROUGHPUT,,,OPTIMAL,235,235,1.593,OPTIMAL,235,2.316,235,3326,7,frontEnd=same_cpu_doer_checker;rasta=none;powspec=none;audspec=none;compJah=same_cpu_doer_checker;rastaFilter=none;backEnd=same_cpu_doer_checker,True,,True,235,,,,True
e2_thr,tok2,d_systematic_sw,none,PFmax,THROUGHPUT,,,OPTIMAL,235,235,3.004,OPTIMAL,235,2.609,235,3546,9,frontEnd=low_sil_diverse_doer_checker;rasta=none;powspec=none;audspec=none;compJah=low_sil_diverse_doer_checker;rastaFilter=none;backEnd=low_sil_diverse_doer_checker,True,,True,235,,,,True
e2_thr,tok2,d_systematic_sw,none,PFlight,THROUGHPUT,,,OPTIMAL,235,235,1.719,OPTIMAL,235,2.308,235,3800,7,frontEnd=same_cpu_doer_checker;rasta=none;powspec=none;audspec=none;compJah=same_cpu_doer_checker;rastaFilter=none;backEnd=same_cpu_doer_checker,True,,True,235,,,,True
e2_thr,tok2,d_systematic_sw,none,PFcheap,THROUGHPUT,,,OPTIMAL,235,235,1.663,OPTIMAL,235,2.206,235,3323,7,frontEnd=same_cpu_doer_checker;rasta=none;powspec=none;audspec=none;compJah=same_cpu_doer_checker;rastaFilter=none;backEnd=same_cpu_doer_checker,True,,True,235,,,,True
e2_thr,tok2,d_systematic_sw,none,NP,THROUGHPUT,,,OPTIMAL,235,235,2.813,OPTIMAL,235,3.277,235,3022,11,frontEnd=low_sil_diverse_doer_checker;rasta=low_sil_diverse_doer_checker;powspec=low_sil_diverse_doer_checker;audspec=low_sil_diverse_doer_checker;compJah=low_sil_diverse_doer_checker;rastaFilter=low_sil_diverse_doer_checker;backEnd=same_cpu_doer_checker,True,,,235,,,,True
e2_thr,tok2,f_sw3,none,joint,THROUGHPUT,,,OPTIMAL,235,235,6.334,OPTIMAL,235,6.472,235,9580,11,frontEnd=mixed_sil_doer_checker;rasta=low_sil_diverse_doer_checker;powspec=none;audspec=low_sil_diverse_doer_checker;compJah=mixed_sil_doer_checker;rastaFilter=none;backEnd=low_sil_diverse_doer_checker,True,,,235,,,,True
e2_thr,tok2,f_sw3,none,PFmin,THROUGHPUT,,,OPTIMAL,235,235,3.814,OPTIMAL,235,3.476,235,6440,9,frontEnd=two_of_two_high_sil;rasta=none;powspec=none;audspec=none;compJah=two_of_two_high_sil;rastaFilter=none;backEnd=same_cpu_doer_checker,True,,True,235,,,,True
e2_thr,tok2,f_sw3,none,PFmax,THROUGHPUT,,,OPTIMAL,235,235,4.093,OPTIMAL,235,3.613,235,6346,10,frontEnd=two_of_two_high_sil;rasta=none;powspec=none;audspec=none;compJah=two_of_two_high_sil;rastaFilter=none;backEnd=low_sil_diverse_doer_checker,True,,True,235,,,,True
e2_thr,tok2,f_sw3,none,PFlight,THROUGHPUT,,,OPTIMAL,235,235,4.17,OPTIMAL,235,3.256,235,6863,9,frontEnd=mixed_sil_doer_checker;rasta=none;powspec=none;audspec=none;compJah=mixed_sil_doer_checker;rastaFilter=none;backEnd=same_cpu_doer_checker,True,,True,235,,,,True
e2_thr,tok2,f_sw3,none,PFcheap,THROUGHPUT,,,OPTIMAL,235,235,4.008,OPTIMAL,235,3.219,235,5566,9,frontEnd=two_of_two_high_sil;rasta=none;powspec=none;audspec=none;compJah=two_of_two_high_sil;rastaFilter=none;backEnd=same_cpu_doer_checker,True,,True,235,,,,True
e2_thr,tok2,f_sw3,none,NP,THROUGHPUT,,,OPTIMAL,235,235,5.113,OPTIMAL,235,3.883,235,5137,13,frontEnd=mixed_sil_doer_checker;rasta=low_sil_diverse_doer_checker;powspec=low_sil_diverse_doer_checker;audspec=low_sil_diverse_doer_checker;compJah=two_of_two_high_sil;rastaFilter=none;backEnd=low_sil_diverse_doer_checker,True,,,235,,,,True
e2_thr,tok2,f_both3,none,joint,THROUGHPUT,,,OPTIMAL,235,235,7.254,OPTIMAL,235,4.242,235,9022,13,frontEnd=mixed_sil_doer_checker;rasta=low_sil_diverse_doer_checker;powspec=low_sil_diverse_doer_checker;audspec=low_sil_diverse_doer_checker;compJah=mixed_sil_doer_checker;rastaFilter=low_sil_diverse_doer_checker;backEnd=low_sil_diverse_doer_checker,True,,,235,,,,True
e2_thr,tok2,f_both3,none,PFmin,THROUGHPUT,,,OPTIMAL,235,235,5.062,OPTIMAL,235,3.487,235,6193,10,frontEnd=two_of_two_high_sil;rasta=none;powspec=none;audspec=none;compJah=two_of_two_high_sil;rastaFilter=none;backEnd=low_sil_diverse_doer_checker,True,,True,235,,,,True
e2_thr,tok2,f_both3,none,PFmax,THROUGHPUT,,,OPTIMAL,235,235,4.107,OPTIMAL,235,3.269,235,5761,10,frontEnd=two_of_two_high_sil;rasta=none;powspec=none;audspec=none;compJah=two_of_two_high_sil;rastaFilter=none;backEnd=low_sil_diverse_doer_checker,True,,True,235,,,,True
e2_thr,tok2,f_both3,none,PFlight,THROUGHPUT,,,OPTIMAL,235,235,4.833,OPTIMAL,235,4.443,235,7191,9,frontEnd=mixed_sil_doer_checker;rasta=none;powspec=none;audspec=none;compJah=mixed_sil_doer_checker;rastaFilter=none;backEnd=low_sil_diverse_doer_checker,True,,True,235,,,,True
e2_thr,tok2,f_both3,none,PFcheap,THROUGHPUT,,,OPTIMAL,235,235,4.158,OPTIMAL,235,3.507,235,6974,10,frontEnd=two_of_two_high_sil;rasta=none;powspec=none;audspec=none;compJah=two_of_two_high_sil;rastaFilter=none;backEnd=low_sil_diverse_doer_checker,True,,True,235,,,,True
e2_thr,tok2,f_both3,none,NP,THROUGHPUT,,,OPTIMAL,235,235,4.652,OPTIMAL,235,3.879,235,4586,12,frontEnd=two_of_two_high_sil;rasta=low_sil_diverse_doer_checker;powspec=low_sil_diverse_doer_checker;audspec=low_sil_diverse_doer_checker;compJah=two_of_two_high_sil;rastaFilter=none;backEnd=low_sil_diverse_doer_checker,True,,,235,,,,True
e2_thr,tok2,c_pat,none,joint,THROUGHPUT,,,OPTIMAL,235,235,19.531,OPTIMAL,235,22.932,235,6262,11,frontEnd=high_sil_isolated_checker;rasta=low_sil_doer_checker;powspec=one_of_two_failover;audspec=one_of_two_failover;compJah=mixed_sil_doer_checker;rastaFilter=low_sil_diverse_doer_checker;backEnd=low_sil_doer_checker,True,,,235,,,,True
e2_thr,tok2,c_pat,none,PFmin,THROUGHPUT,,,OPTIMAL,235,235,16.874,OPTIMAL,235,14.015,235,5402,10,frontEnd=two_of_two_high_sil;rasta=none;powspec=none;audspec=none;compJah=two_of_two_high_sil;rastaFilter=none;backEnd=low_sil_doer_checker,True,,True,235,,,,True
e2_thr,tok2,c_pat,none,PFmax,THROUGHPUT,,,OPTIMAL,235,235,15.957,OPTIMAL,235,24.586,235,5040,9,frontEnd=two_of_two_high_sil;rasta=none;powspec=none;audspec=none;compJah=two_of_two_high_sil;rastaFilter=none;backEnd=low_sil_diverse_doer_checker,True,,True,235,,,,True
e2_thr,tok2,c_pat,none,PFlight,THROUGHPUT,,,OPTIMAL,235,235,13.984,OPTIMAL,235,14.077,235,5977,9,frontEnd=high_sil_isolated_checker;rasta=none;powspec=none;audspec=none;compJah=high_sil_isolated_checker;rastaFilter=none;backEnd=low_sil_doer_checker,True,,True,235,,,,True
e2_thr,tok2,c_pat,none,PFcheap,THROUGHPUT,,,OPTIMAL,235,235,14.067,OPTIMAL,235,24.434,235,5802,8,frontEnd=high_sil_isolated_checker;rasta=none;powspec=none;audspec=none;compJah=high_sil_isolated_checker;rastaFilter=none;backEnd=low_sil_doer_checker,True,,True,235,,,,True
e2_thr,tok2,c_pat,none,NP,THROUGHPUT,,,OPTIMAL,235,235,18.21,OPTIMAL,235,19.998,235,3965,11,frontEnd=two_of_two_high_sil;rasta=low_sil_diverse_doer_checker;powspec=none;audspec=none;compJah=high_sil_isolated_checker;rastaFilter=low_sil_doer_checker;backEnd=low_sil_doer_checker,True,,,235,,,,True
e2_thr,tok2,pc_sobel,none,joint,THROUGHPUT,100000,,OPTIMAL,256,256,3.524,OPTIMAL,256,3.186,256,4588,4,get_pixel=two_of_two_high_sil;gx=one_of_two_failover;gy=one_of_two_failover;abs=one_of_two_failover,True,,,256,,,,True
e2_thr,tok2,pc_sobel,none,PFmin,THROUGHPUT,100000,,OPTIMAL,256,256,2.531,OPTIMAL,256,2.709,256,2628,3,get_pixel=two_of_two_high_sil;gx=none;gy=none;abs=none,True,,True,256,,,,True
e2_thr,tok2,pc_sobel,none,PFmax,THROUGHPUT,100000,,OPTIMAL,256,256,2.525,OPTIMAL,256,2.459,256,2628,3,get_pixel=two_of_two_high_sil;gx=none;gy=none;abs=none,True,,True,256,,,,True
e2_thr,tok2,pc_sobel,none,PFlight,THROUGHPUT,100000,,OPTIMAL,256,256,2.478,OPTIMAL,256,2.66,256,2620,3,get_pixel=high_sil_isolated_checker;gx=none;gy=none;abs=none,True,,True,256,,,,True
e2_thr,tok2,pc_sobel,none,PFcheap,THROUGHPUT,100000,,OPTIMAL,256,256,2.516,OPTIMAL,256,2.582,256,2628,4,get_pixel=high_sil_isolated_checker;gx=none;gy=none;abs=none,True,,True,256,,,,True
e2_thr,tok2,pc_sobel,none,NP,THROUGHPUT,100000,,OPTIMAL,256,256,2.603,OPTIMAL,256,2.916,256,1419,4,get_pixel=two_of_two_high_sil;gx=none;gy=none;abs=none,True,,,256,,,,True
e2_thr,tok2,v_nvp,none,joint,THROUGHPUT,,,OPTIMAL,235,235,5.683,OPTIMAL,235,6.891,235,13193,15,frontEnd=nvp_three_version;rasta=low_sil_diverse_doer_checker;powspec=low_sil_diverse_doer_checker;audspec=none;compJah=nvp_three_version;rastaFilter=low_sil_diverse_doer_checker;backEnd=low_sil_diverse_doer_checker,True,,,235,,,,True
e2_thr,tok2,v_nvp,none,PFmin,THROUGHPUT,,,OPTIMAL,235,235,4.552,OPTIMAL,235,4.04,235,8290,13,frontEnd=nvp_three_version;rasta=none;powspec=none;audspec=none;compJah=nvp_three_version;rastaFilter=none;backEnd=low_sil_diverse_doer_checker,True,,True,235,,,,True
e2_thr,tok2,v_nvp,none,PFmax,THROUGHPUT,,,OPTIMAL,235,235,5.715,OPTIMAL,235,4.286,235,8139,14,frontEnd=nvp_three_version;rasta=none;powspec=none;audspec=none;compJah=nvp_three_version;rastaFilter=none;backEnd=low_sil_diverse_doer_checker,True,,True,235,,,,True
e2_thr,tok2,v_nvp,none,PFlight,THROUGHPUT,,,OPTIMAL,235,235,3.916,OPTIMAL,235,4.807,235,8208,12,frontEnd=nvp_three_version;rasta=none;powspec=none;audspec=none;compJah=nvp_three_version;rastaFilter=none;backEnd=low_sil_diverse_doer_checker,True,,True,235,,,,True
e2_thr,tok2,v_nvp,none,PFcheap,THROUGHPUT,,,OPTIMAL,235,235,5.771,OPTIMAL,235,5.112,235,8322,14,frontEnd=nvp_three_version;rasta=none;powspec=none;audspec=none;compJah=nvp_three_version;rastaFilter=none;backEnd=low_sil_diverse_doer_checker,True,,True,235,,,,True
e2_thr,tok2,v_nvp,none,NP,THROUGHPUT,,,OPTIMAL,235,235,5.181,OPTIMAL,235,5.562,235,6884,13,frontEnd=nvp_three_version;rasta=none;powspec=none;audspec=none;compJah=nvp_three_version;rastaFilter=none;backEnd=low_sil_diverse_doer_checker,True,,,235,,,,True
e2_thr,chk10,p_rasta,none,joint,THROUGHPUT,,,OPTIMAL,235,235,11.654,OPTIMAL,235,12.917,235,8214,8,frontEnd=mixed_sil_doer_checker;rasta=low_sil_doer_checker;powspec=none;audspec=low_sil_doer_checker;compJah=mixed_sil_doer_checker;rastaFilter=none;backEnd=low_sil_doer_checker,True,,,235,,,,True
e2_thr,chk10,p_rasta,none,PFmin,THROUGHPUT,,,OPTIMAL,340,340,5.004,OPTIMAL,340,5.308,340,4983,9,frontEnd=two_of_two_high_sil;rasta=none;powspec=none;audspec=none;compJah=two_of_two_high_sil;rastaFilter=none;backEnd=low_sil_doer_checker,True,,True,340,,,,True
e2_thr,chk10,p_rasta,none,PFmax,THROUGHPUT,,,OPTIMAL,340,340,5.635,OPTIMAL,340,5.181,340,6562,7,frontEnd=two_of_two_high_sil;rasta=none;powspec=none;audspec=none;compJah=two_of_two_high_sil;rastaFilter=none;backEnd=low_sil_diverse_doer_checker,True,,True,340,,,,True
e2_thr,chk10,p_rasta,none,PFlight,THROUGHPUT,,,OPTIMAL,235,235,5.552,OPTIMAL,235,16.996,235,5443,9,frontEnd=high_sil_isolated_checker;rasta=none;powspec=none;audspec=none;compJah=high_sil_isolated_checker;rastaFilter=none;backEnd=low_sil_doer_checker,True,,True,235,,,,True
e2_thr,chk10,p_rasta,none,PFcheap,THROUGHPUT,,,OPTIMAL,235,235,5.483,OPTIMAL,235,11.196,235,5707,8,frontEnd=high_sil_isolated_checker;rasta=none;powspec=none;audspec=none;compJah=high_sil_isolated_checker;rastaFilter=none;backEnd=low_sil_doer_checker,True,,True,235,,,,True
e2_thr,chk10,p_rasta,none,NP,THROUGHPUT,,,OPTIMAL,235,235,10.61,OPTIMAL,235,85.857,235,3912,9,frontEnd=high_sil_isolated_checker;rasta=none;powspec=none;audspec=one_of_two_failover;compJah=high_sil_isolated_checker;rastaFilter=none;backEnd=low_sil_doer_checker,True,,,235,,,,True
e2_thr,chk10,f_random_hw,none,joint,THROUGHPUT,,,OPTIMAL,235,235,13.821,OPTIMAL,235,12.447,235,7324,11,frontEnd=mixed_sil_doer_checker;rasta=low_sil_doer_checker;powspec=none;audspec=one_of_two_failover;compJah=mixed_sil_doer_checker;rastaFilter=one_of_two_failover;backEnd=low_sil_doer_checker,True,,,235,,,,True
e2_thr,chk10,f_random_hw,none,PFmin,THROUGHPUT,,,OPTIMAL,340,340,6.38,OPTIMAL,340,6.214,340,5300,6,frontEnd=two_of_two_high_sil;rasta=none;powspec=none;audspec=none;compJah=two_of_two_high_sil;rastaFilter=none;backEnd=low_sil_doer_checker,True,,True,340,,,,True
e2_thr,chk10,f_random_hw,none,PFmax,THROUGHPUT,,,OPTIMAL,340,340,5.953,OPTIMAL,340,23.179,340,6768,7,frontEnd=two_of_two_high_sil;rasta=none;powspec=none;audspec=none;compJah=two_of_two_high_sil;rastaFilter=none;backEnd=low_sil_diverse_doer_checker,True,,True,340,,,,True
e2_thr,chk10,f_random_hw,none,PFlight,THROUGHPUT,,,OPTIMAL,235,235,5.363,OPTIMAL,235,11.181,235,5419,9,frontEnd=high_sil_isolated_checker;rasta=none;powspec=none;audspec=none;compJah=high_sil_isolated_checker;rastaFilter=none;backEnd=low_sil_doer_checker,True,,True,235,,,,True
e2_thr,chk10,f_random_hw,none,PFcheap,THROUGHPUT,,,OPTIMAL,235,235,6.197,OPTIMAL,235,7.4,235,5704,8,frontEnd=high_sil_isolated_checker;rasta=none;powspec=none;audspec=none;compJah=high_sil_isolated_checker;rastaFilter=none;backEnd=low_sil_doer_checker,True,,True,235,,,,True
e2_thr,chk10,f_random_hw,none,NP,THROUGHPUT,,,OPTIMAL,235,235,6.977,OPTIMAL,235,9.027,235,3965,11,frontEnd=high_sil_isolated_checker;rasta=low_sil_doer_checker;powspec=none;audspec=one_of_two_failover;compJah=high_sil_isolated_checker;rastaFilter=none;backEnd=low_sil_doer_checker,True,,,235,,,,True
e2_thr,chk10,d_random_hw,none,joint,THROUGHPUT,,,OPTIMAL,235,235,6.03,OPTIMAL,235,7.062,235,3750,10,frontEnd=low_sil_doer_checker;rasta=one_of_two_failover;powspec=none;audspec=one_of_two_failover;compJah=low_sil_doer_checker;rastaFilter=low_sil_doer_checker;backEnd=low_sil_doer_checker,True,,,235,,,,True
e2_thr,chk10,d_random_hw,none,PFmin,THROUGHPUT,,,OPTIMAL,235,235,3.772,OPTIMAL,235,3.286,235,3848,9,frontEnd=low_sil_doer_checker;rasta=none;powspec=none;audspec=none;compJah=low_sil_doer_checker;rastaFilter=none;backEnd=low_sil_doer_checker,True,,True,235,,,,True
e2_thr,chk10,d_random_hw,none,PFmax,THROUGHPUT,,,OPTIMAL,235,235,3.377,OPTIMAL,235,3.487,235,3483,8,frontEnd=low_sil_diverse_doer_checker;rasta=none;powspec=none;audspec=none;compJah=low_sil_diverse_doer_checker;rastaFilter=none;backEnd=low_sil_diverse_doer_checker,True,,True,235,,,,True
e2_thr,chk10,d_random_hw,none,PFlight,THROUGHPUT,,,OPTIMAL,235,235,3.308,OPTIMAL,235,3.377,235,3960,9,frontEnd=low_sil_doer_checker;rasta=none;powspec=none;audspec=none;compJah=low_sil_doer_checker;rastaFilter=none;backEnd=low_sil_doer_checker,True,,True,235,,,,True
e2_thr,chk10,d_random_hw,none,PFcheap,THROUGHPUT,,,OPTIMAL,235,235,3.155,OPTIMAL,235,3.554,235,2871,9,frontEnd=low_sil_doer_checker;rasta=none;powspec=none;audspec=none;compJah=low_sil_doer_checker;rastaFilter=none;backEnd=low_sil_doer_checker,True,,True,235,,,,True
e2_thr,chk10,d_random_hw,none,NP,THROUGHPUT,,,OPTIMAL,235,235,4.922,OPTIMAL,235,4.525,235,2895,13,frontEnd=low_sil_doer_checker;rasta=one_of_two_failover;powspec=none;audspec=low_sil_doer_checker;compJah=low_sil_doer_checker;rastaFilter=one_of_two_failover;backEnd=low_sil_doer_checker,True,,,235,,,,True
e2_thr,chk10,d_systematic_sw,none,joint,THROUGHPUT,,,OPTIMAL,235,235,3.446,OPTIMAL,235,3.46,235,4517,9,frontEnd=low_sil_diverse_doer_checker;rasta=same_cpu_doer_checker;powspec=none;audspec=same_cpu_doer_checker;compJah=low_sil_diverse_doer_checker;rastaFilter=same_cpu_doer_checker;backEnd=low_sil_diverse_doer_checker,True,,,235,,,,True
e2_thr,chk10,d_systematic_sw,none,PFmin,THROUGHPUT,,,OPTIMAL,235,235,2.2,OPTIMAL,235,1.561,235,2512,7,frontEnd=same_cpu_doer_checker;rasta=none;powspec=none;audspec=none;compJah=same_cpu_doer_checker;rastaFilter=none;backEnd=same_cpu_doer_checker,True,,True,235,,,,True
e2_thr,chk10,d_systematic_sw,none,PFmax,THROUGHPUT,,,OPTIMAL,235,235,2.557,OPTIMAL,235,2.461,235,4132,9,frontEnd=low_sil_diverse_doer_checker;rasta=none;powspec=none;audspec=none;compJah=low_sil_diverse_doer_checker;rastaFilter=none;backEnd=low_sil_diverse_doer_checker,True,,True,235,,,,True
e2_thr,chk10,d_systematic_sw,none,PFlight,THROUGHPUT,,,OPTIMAL,235,235,2.232,OPTIMAL,235,1.642,235,2512,7,frontEnd=same_cpu_doer_checker;rasta=none;powspec=none;audspec=none;compJah=same_cpu_doer_checker;rastaFilter=none;backEnd=same_cpu_doer_checker,True,,True,235,,,,True
e2_thr,chk10,d_systematic_sw,none,PFcheap,THROUGHPUT,,,OPTIMAL,235,235,2.226,OPTIMAL,235,1.561,235,2512,7,frontEnd=same_cpu_doer_checker;rasta=none;powspec=none;audspec=none;compJah=same_cpu_doer_checker;rastaFilter=none;backEnd=same_cpu_doer_checker,True,,True,235,,,,True
e2_thr,chk10,d_systematic_sw,none,NP,THROUGHPUT,,,OPTIMAL,235,235,2.653,OPTIMAL,235,3.096,235,2607,8,frontEnd=same_cpu_doer_checker;rasta=none;powspec=none;audspec=low_sil_diverse_doer_checker;compJah=same_cpu_doer_checker;rastaFilter=none;backEnd=same_cpu_doer_checker,True,,,235,,,,True
e2_thr,chk10,f_sw3,none,joint,THROUGHPUT,,,OPTIMAL,235,235,6.356,OPTIMAL,235,6.413,235,7058,9,frontEnd=mixed_sil_doer_checker;rasta=same_cpu_doer_checker;powspec=none;audspec=none;compJah=mixed_sil_doer_checker;rastaFilter=low_sil_diverse_doer_checker;backEnd=same_cpu_doer_checker,True,,,235,,,,True
e2_thr,chk10,f_sw3,none,PFmin,THROUGHPUT,,,OPTIMAL,365,365,3.487,OPTIMAL,365,3.305,365,6405,8,frontEnd=two_of_two_high_sil;rasta=none;powspec=none;audspec=none;compJah=two_of_two_high_sil;rastaFilter=none;backEnd=same_cpu_doer_checker,True,,True,365,,,,True
e2_thr,chk10,f_sw3,none,PFmax,THROUGHPUT,,,OPTIMAL,365,365,3.464,OPTIMAL,365,3.216,365,5429,10,frontEnd=two_of_two_high_sil;rasta=none;powspec=none;audspec=none;compJah=two_of_two_high_sil;rastaFilter=none;backEnd=low_sil_diverse_doer_checker,True,,True,365,,,,True
e2_thr,chk10,f_sw3,none,PFlight,THROUGHPUT,,,OPTIMAL,235,235,3.216,OPTIMAL,235,3.596,235,6936,11,frontEnd=mixed_sil_doer_checker;rasta=none;powspec=none;audspec=none;compJah=mixed_sil_doer_checker;rastaFilter=none;backEnd=same_cpu_doer_checker,True,,True,235,,,,True
e2_thr,chk10,f_sw3,none,PFcheap,THROUGHPUT,,,OPTIMAL,365,365,3.36,OPTIMAL,365,3.459,365,7136,7,frontEnd=two_of_two_high_sil;rasta=none;powspec=none;audspec=none;compJah=two_of_two_high_sil;rastaFilter=none;backEnd=same_cpu_doer_checker,True,,True,365,,,,True
e2_thr,chk10,f_sw3,none,NP,THROUGHPUT,,,OPTIMAL,235,235,4.432,OPTIMAL,235,4.132,235,5533,12,frontEnd=mixed_sil_doer_checker;rasta=low_sil_diverse_doer_checker;powspec=none;audspec=low_sil_diverse_doer_checker;compJah=mixed_sil_doer_checker;rastaFilter=none;backEnd=low_sil_diverse_doer_checker,True,,,235,,,,True
e2_thr,chk10,f_both3,none,joint,THROUGHPUT,,,OPTIMAL,235,235,6.104,OPTIMAL,235,5.992,235,7922,12,frontEnd=mixed_sil_doer_checker;rasta=low_sil_diverse_doer_checker;powspec=none;audspec=low_sil_diverse_doer_checker;compJah=mixed_sil_doer_checker;rastaFilter=none;backEnd=low_sil_diverse_doer_checker,True,,,235,,,,True
e2_thr,chk10,f_both3,none,PFmin,THROUGHPUT,,,OPTIMAL,365,365,4.122,OPTIMAL,365,3.393,365,5527,8,frontEnd=two_of_two_high_sil;rasta=none;powspec=none;audspec=none;compJah=two_of_two_high_sil;rastaFilter=none;backEnd=low_sil_diverse_doer_checker,True,,True,365,,,,True
e2_thr,chk10,f_both3,none,PFmax,THROUGHPUT,,,OPTIMAL,365,365,3.62,OPTIMAL,365,3.618,365,5928,9,frontEnd=two_of_two_high_sil;rasta=none;powspec=none;audspec=none;compJah=two_of_two_high_sil;rastaFilter=none;backEnd=low_sil_diverse_doer_checker,True,,True,365,,,,True
e2_thr,chk10,f_both3,none,PFlight,THROUGHPUT,,,OPTIMAL,235,235,3.853,OPTIMAL,235,4.216,235,6124,11,frontEnd=mixed_sil_doer_checker;rasta=none;powspec=none;audspec=none;compJah=mixed_sil_doer_checker;rastaFilter=none;backEnd=low_sil_diverse_doer_checker,True,,True,235,,,,True
e2_thr,chk10,f_both3,none,PFcheap,THROUGHPUT,,,OPTIMAL,365,365,3.315,OPTIMAL,365,3.43,365,5965,9,frontEnd=two_of_two_high_sil;rasta=none;powspec=none;audspec=none;compJah=two_of_two_high_sil;rastaFilter=none;backEnd=low_sil_diverse_doer_checker,True,,True,365,,,,True
e2_thr,chk10,f_both3,none,NP,THROUGHPUT,,,OPTIMAL,235,235,3.757,OPTIMAL,235,5.818,235,5660,14,frontEnd=mixed_sil_doer_checker;rasta=low_sil_diverse_doer_checker;powspec=none;audspec=low_sil_diverse_doer_checker;compJah=mixed_sil_doer_checker;rastaFilter=none;backEnd=low_sil_diverse_doer_checker,True,,,235,,,,True
e2_thr,chk10,c_pat,none,joint,THROUGHPUT,,,OPTIMAL,235,235,21.673,OPTIMAL,235,20.13,235,6036,11,frontEnd=high_sil_isolated_checker;rasta=low_sil_diverse_doer_checker;powspec=one_of_two_failover;audspec=one_of_two_failover;compJah=high_sil_isolated_checker;rastaFilter=one_of_two_failover;backEnd=low_sil_doer_checker,True,,,235,,,,True
e2_thr,chk10,c_pat,none,PFmin,THROUGHPUT,,,OPTIMAL,340,340,9.408,OPTIMAL,340,13.589,340,5319,8,frontEnd=two_of_two_high_sil;rasta=none;powspec=none;audspec=none;compJah=two_of_two_high_sil;rastaFilter=none;backEnd=low_sil_doer_checker,True,,True,340,,,,True
e2_thr,chk10,c_pat,none,PFmax,THROUGHPUT,,,OPTIMAL,340,340,9.667,OPTIMAL,340,33.272,340,5770,8,frontEnd=two_of_two_high_sil;rasta=none;powspec=none;audspec=none;compJah=two_of_two_high_sil;rastaFilter=none;backEnd=low_sil_diverse_doer_checker,True,,True,340,,,,True
e2_thr,chk10,c_pat,none,PFlight,THROUGHPUT,,,OPTIMAL,235,235,13.502,OPTIMAL,235,28.634,235,5977,9,frontEnd=high_sil_isolated_checker;rasta=none;powspec=none;audspec=none;compJah=high_sil_isolated_checker;rastaFilter=none;backEnd=low_sil_doer_checker,True,,True,235,,,,True
e2_thr,chk10,c_pat,none,PFcheap,THROUGHPUT,,,OPTIMAL,235,235,10.725,OPTIMAL,235,32.292,235,5690,8,frontEnd=high_sil_isolated_checker;rasta=none;powspec=none;audspec=none;compJah=high_sil_isolated_checker;rastaFilter=none;backEnd=low_sil_doer_checker,True,,True,235,,,,True
e2_thr,chk10,c_pat,none,NP,THROUGHPUT,,,OPTIMAL,235,235,17.197,OPTIMAL,235,18.932,235,3970,12,frontEnd=high_sil_isolated_checker;rasta=low_sil_diverse_doer_checker;powspec=none;audspec=low_sil_doer_checker;compJah=high_sil_isolated_checker;rastaFilter=none;backEnd=low_sil_doer_checker,True,,,235,,,,True
e2_thr,chk10,pc_sobel,none,joint,THROUGHPUT,100000,,OPTIMAL,282,282,2.822,OPTIMAL,282,2.903,282,4064,4,get_pixel=high_sil_isolated_checker;gx=one_of_two_failover;gy=none;abs=one_of_two_failover,True,,,282,,,,True
e2_thr,chk10,pc_sobel,none,PFmin,THROUGHPUT,100000,,OPTIMAL,512,512,1.93,OPTIMAL,512,2.021,512,2616,2,get_pixel=two_of_two_high_sil;gx=none;gy=none;abs=none,True,,True,512,,,,True
e2_thr,chk10,pc_sobel,none,PFmax,THROUGHPUT,100000,,OPTIMAL,512,512,1.918,OPTIMAL,512,1.946,512,2628,3,get_pixel=two_of_two_high_sil;gx=none;gy=none;abs=none,True,,True,512,,,,True
e2_thr,chk10,pc_sobel,none,PFlight,THROUGHPUT,100000,,OPTIMAL,282,282,2.086,OPTIMAL,282,2.123,282,2624,3,get_pixel=high_sil_isolated_checker;gx=none;gy=none;abs=none,True,,True,282,,,,True
e2_thr,chk10,pc_sobel,none,PFcheap,THROUGHPUT,100000,,OPTIMAL,282,282,2.045,OPTIMAL,282,2.178,282,2624,3,get_pixel=high_sil_isolated_checker;gx=none;gy=none;abs=none,True,,True,282,,,,True
e2_thr,chk10,pc_sobel,none,NP,THROUGHPUT,100000,,OPTIMAL,282,282,2.081,OPTIMAL,282,2.266,282,2073,6,get_pixel=mixed_sil_doer_checker;gx=one_of_two_failover;gy=none;abs=none,True,,,282,,,,True
e2_thr,chk10,v_nvp,none,joint,THROUGHPUT,,,OPTIMAL,235,235,5.152,OPTIMAL,235,8.182,235,9683,15,frontEnd=nvp_three_version;rasta=none;powspec=none;audspec=low_sil_diverse_doer_checker;compJah=nvp_three_version;rastaFilter=low_sil_diverse_doer_checker;backEnd=low_sil_diverse_doer_checker,True,,,235,,,,True
e2_thr,chk10,v_nvp,none,PFmin,THROUGHPUT,,,OPTIMAL,235,235,3.89,OPTIMAL,235,4.485,235,7726,13,frontEnd=nvp_three_version;rasta=none;powspec=none;audspec=none;compJah=nvp_three_version;rastaFilter=none;backEnd=low_sil_diverse_doer_checker,True,,True,235,,,,True
e2_thr,chk10,v_nvp,none,PFmax,THROUGHPUT,,,OPTIMAL,235,235,4.164,OPTIMAL,235,4.659,235,8507,13,frontEnd=nvp_three_version;rasta=none;powspec=none;audspec=none;compJah=nvp_three_version;rastaFilter=none;backEnd=low_sil_diverse_doer_checker,True,,True,235,,,,True
e2_thr,chk10,v_nvp,none,PFlight,THROUGHPUT,,,OPTIMAL,235,235,3.838,OPTIMAL,235,3.985,235,8119,13,frontEnd=nvp_three_version;rasta=none;powspec=none;audspec=none;compJah=nvp_three_version;rastaFilter=none;backEnd=low_sil_diverse_doer_checker,True,,True,235,,,,True
e2_thr,chk10,v_nvp,none,PFcheap,THROUGHPUT,,,OPTIMAL,235,235,4.622,OPTIMAL,235,4.22,235,7731,13,frontEnd=nvp_three_version;rasta=none;powspec=none;audspec=none;compJah=nvp_three_version;rastaFilter=none;backEnd=low_sil_diverse_doer_checker,True,,True,235,,,,True
e2_thr,chk10,v_nvp,none,NP,THROUGHPUT,,,OPTIMAL,235,235,4.683,OPTIMAL,235,3.778,235,6972,14,frontEnd=nvp_three_version;rasta=none;powspec=none;audspec=none;compJah=nvp_three_version;rastaFilter=none;backEnd=low_sil_diverse_doer_checker,True,,,235,,,,True
e2_thr,chk50,p_rasta,none,joint,THROUGHPUT,,,OPTIMAL,255,255,13.028,OPTIMAL,255,21.371,255,6239,10,frontEnd=high_sil_isolated_checker;rasta=low_sil_diverse_doer_checker;powspec=none;audspec=low_sil_doer_checker;compJah=high_sil_isolated_checker;rastaFilter=none;backEnd=low_sil_doer_checker,True,,,255,,,,True
e2_thr,chk50,p_rasta,none,PFmin,THROUGHPUT,,,OPTIMAL,340,340,5.213,OPTIMAL,340,6.576,340,4969,8,frontEnd=two_of_two_high_sil;rasta=none;powspec=none;audspec=none;compJah=two_of_two_high_sil;rastaFilter=none;backEnd=low_sil_doer_checker,True,,True,340,,,,True
e2_thr,chk50,p_rasta,none,PFmax,THROUGHPUT,,,OPTIMAL,340,340,5.268,OPTIMAL,340,5.925,340,4928,8,frontEnd=two_of_two_high_sil;rasta=none;powspec=none;audspec=none;compJah=two_of_two_high_sil;rastaFilter=none;backEnd=low_sil_diverse_doer_checker,True,,True,340,,,,True
e2_thr,chk50,p_rasta,none,PFlight,THROUGHPUT,,,OPTIMAL,255,255,4.841,OPTIMAL,255,8.097,255,6001,9,frontEnd=high_sil_isolated_checker;rasta=none;powspec=none;audspec=none;compJah=high_sil_isolated_checker;rastaFilter=none;backEnd=low_sil_doer_checker,True,,True,255,,,,True
e2_thr,chk50,p_rasta,none,PFcheap,THROUGHPUT,,,OPTIMAL,255,255,5.23,OPTIMAL,255,8.17,255,5360,10,frontEnd=high_sil_isolated_checker;rasta=none;powspec=none;audspec=none;compJah=high_sil_isolated_checker;rastaFilter=none;backEnd=low_sil_doer_checker,True,,True,255,,,,True
e2_thr,chk50,p_rasta,none,NP,THROUGHPUT,,,OPTIMAL,255,255,9.609,OPTIMAL,255,10.363,255,4022,11,frontEnd=high_sil_isolated_checker;rasta=low_sil_doer_checker;powspec=none;audspec=low_sil_doer_checker;compJah=high_sil_isolated_checker;rastaFilter=none;backEnd=low_sil_doer_checker,True,,,255,,,,True
e2_thr,chk50,f_random_hw,none,joint,THROUGHPUT,,,OPTIMAL,255,255,11.71,OPTIMAL,255,13.002,255,6767,10,frontEnd=high_sil_isolated_checker;rasta=one_of_two_failover;powspec=none;audspec=low_sil_diverse_doer_checker;compJah=high_sil_isolated_checker;rastaFilter=one_of_two_failover;backEnd=low_sil_doer_checker,True,,,255,,,,True
e2_thr,chk50,f_random_hw,none,PFmin,THROUGHPUT,,,OPTIMAL,340,340,5.091,OPTIMAL,340,7.008,340,4517,9,frontEnd=two_of_two_high_sil;rasta=none;powspec=none;audspec=none;compJah=two_of_two_high_sil;rastaFilter=none;backEnd=low_sil_doer_checker,True,,True,340,,,,True
e2_thr,chk50,f_random_hw,none,PFmax,THROUGHPUT,,,OPTIMAL,340,340,5.276,OPTIMAL,340,6.158,340,5034,9,frontEnd=two_of_two_high_sil;rasta=none;powspec=none;audspec=none;compJah=two_of_two_high_sil;rastaFilter=none;backEnd=low_sil_diverse_doer_checker,True,,True,340,,,,True
e2_thr,chk50,f_random_hw,none,PFlight,THROUGHPUT,,,OPTIMAL,255,255,5.074,OPTIMAL,255,10.863,255,4419,10,frontEnd=high_sil_isolated_checker;rasta=none;powspec=none;audspec=none;compJah=high_sil_isolated_checker;rastaFilter=none;backEnd=low_sil_doer_checker,True,,True,255,,,,True
e2_thr,chk50,f_random_hw,none,PFcheap,THROUGHPUT,,,OPTIMAL,255,255,4.863,OPTIMAL,255,12.621,255,5684,9,frontEnd=high_sil_isolated_checker;rasta=none;powspec=none;audspec=none;compJah=high_sil_isolated_checker;rastaFilter=none;backEnd=low_sil_doer_checker,True,,True,255,,,,True
e2_thr,chk50,f_random_hw,none,NP,THROUGHPUT,,,OPTIMAL,255,255,6.682,OPTIMAL,255,7.709,255,3976,12,frontEnd=high_sil_isolated_checker;rasta=low_sil_doer_checker;powspec=none;audspec=low_sil_diverse_doer_checker;compJah=high_sil_isolated_checker;rastaFilter=none;backEnd=low_sil_doer_checker,True,,,255,,,,True
e2_thr,chk50,d_random_hw,none,joint,THROUGHPUT,,,OPTIMAL,255,255,6.305,OPTIMAL,255,7.168,255,4209,11,frontEnd=low_sil_doer_checker;rasta=low_sil_doer_checker;powspec=none;audspec=one_of_two_failover;compJah=low_sil_doer_checker;rastaFilter=none;backEnd=low_sil_doer_checker,True,,,255,,,,True
e2_thr,chk50,d_random_hw,none,PFmin,THROUGHPUT,,,OPTIMAL,255,255,3.404,OPTIMAL,255,3.53,255,3069,10,frontEnd=low_sil_doer_checker;rasta=none;powspec=none;audspec=none;compJah=low_sil_doer_checker;rastaFilter=none;backEnd=low_sil_doer_checker,True,,True,255,,,,True
e2_thr,chk50,d_random_hw,none,PFmax,THROUGHPUT,,,OPTIMAL,255,255,3.429,OPTIMAL,255,3.921,255,4253,9,frontEnd=low_sil_diverse_doer_checker;rasta=none;powspec=none;audspec=none;compJah=low_sil_diverse_doer_checker;rastaFilter=none;backEnd=low_sil_diverse_doer_checker,True,,True,255,,,,True
e2_thr,chk50,d_random_hw,none,PFlight,THROUGHPUT,,,OPTIMAL,255,255,3.856,OPTIMAL,255,3.801,255,2877,9,frontEnd=low_sil_doer_checker;rasta=none;powspec=none;audspec=none;compJah=low_sil_doer_checker;rastaFilter=none;backEnd=low_sil_doer_checker,True,,True,255,,,,True
e2_thr,chk50,d_random_hw,none,PFcheap,THROUGHPUT,,,OPTIMAL,255,255,3.215,OPTIMAL,255,4.321,255,3359,10,frontEnd=low_sil_doer_checker;rasta=none;powspec=none;audspec=none;compJah=low_sil_doer_checker;rastaFilter=none;backEnd=low_sil_doer_checker,True,,True,255,,,,True
e2_thr,chk50,d_random_hw,none,NP,THROUGHPUT,,,OPTIMAL,255,255,5.117,OPTIMAL,255,6.107,255,2675,11,frontEnd=low_sil_doer_checker;rasta=none;powspec=none;audspec=low_sil_doer_checker;compJah=low_sil_doer_checker;rastaFilter=none;backEnd=low_sil_doer_checker,True,,,255,,,,True
e2_thr,chk50,d_systematic_sw,none,joint,THROUGHPUT,,,OPTIMAL,255,255,3.488,OPTIMAL,255,3.418,255,2959,9,frontEnd=low_sil_diverse_doer_checker;rasta=none;powspec=none;audspec=low_sil_diverse_doer_checker;compJah=same_cpu_doer_checker;rastaFilter=none;backEnd=low_sil_diverse_doer_checker,True,,,255,,,,True
e2_thr,chk50,d_systematic_sw,none,PFmin,THROUGHPUT,,,OPTIMAL,255,255,2.221,OPTIMAL,255,2.252,255,3438,7,frontEnd=same_cpu_doer_checker;rasta=none;powspec=none;audspec=none;compJah=same_cpu_doer_checker;rastaFilter=none;backEnd=same_cpu_doer_checker,True,,True,255,,,,True
e2_thr,chk50,d_systematic_sw,none,PFmax,THROUGHPUT,,,OPTIMAL,272,272,2.469,OPTIMAL,272,2.723,272,3069,10,frontEnd=low_sil_diverse_doer_checker;rasta=none;powspec=none;audspec=none;compJah=low_sil_diverse_doer_checker;rastaFilter=none;backEnd=low_sil_diverse_doer_checker,True,,True,272,,,,True
e2_thr,chk50,d_systematic_sw,none,PFlight,THROUGHPUT,,,OPTIMAL,255,255,2.159,OPTIMAL,255,2.397,255,3326,7,frontEnd=same_cpu_doer_checker;rasta=none;powspec=none;audspec=none;compJah=same_cpu_doer_checker;rastaFilter=none;backEnd=same_cpu_doer_checker,True,,True,255,,,,True
e2_thr,chk50,d_systematic_sw,none,PFcheap,THROUGHPUT,,,OPTIMAL,255,255,2.189,OPTIMAL,255,2.205,255,3297,7,frontEnd=same_cpu_doer_checker;rasta=none;powspec=none;audspec=none;compJah=same_cpu_doer_checker;rastaFilter=none;backEnd=same_cpu_doer_checker,True,,True,255,,,,True
e2_thr,chk50,d_systematic_sw,none,NP,THROUGHPUT,,,OPTIMAL,255,255,2.532,OPTIMAL,255,2.154,255,2639,8,frontEnd=low_sil_diverse_doer_checker;rasta=none;powspec=none;audspec=same_cpu_doer_checker;compJah=same_cpu_doer_checker;rastaFilter=none;backEnd=same_cpu_doer_checker,True,,,255,,,,True
e2_thr,chk50,f_sw3,none,joint,THROUGHPUT,,,OPTIMAL,255,255,6.833,OPTIMAL,255,8.126,255,10238,12,frontEnd=mixed_sil_doer_checker;rasta=low_sil_diverse_doer_checker;powspec=none;audspec=low_sil_diverse_doer_checker;compJah=mixed_sil_doer_checker;rastaFilter=none;backEnd=low_sil_diverse_doer_checker,True,,,255,,,,True
e2_thr,chk50,f_sw3,none,PFmin,THROUGHPUT,,,OPTIMAL,365,365,3.225,OPTIMAL,365,3.464,365,5385,8,frontEnd=two_of_two_high_sil;rasta=none;powspec=none;audspec=none;compJah=two_of_two_high_sil;rastaFilter=none;backEnd=same_cpu_doer_checker,True,,True,365,,,,True
e2_thr,chk50,f_sw3,none,PFmax,THROUGHPUT,,,OPTIMAL,365,365,3.173,OPTIMAL,365,3.992,365,8459,7,frontEnd=two_of_two_high_sil;rasta=none;powspec=none;audspec=none;compJah=two_of_two_high_sil;rastaFilter=none;backEnd=low_sil_diverse_doer_checker,True,,True,365,,,,True
e2_thr,chk50,f_sw3,none,PFlight,THROUGHPUT,,,OPTIMAL,365,365,3.298,OPTIMAL,365,3.324,365,7465,8,frontEnd=mixed_sil_doer_checker;rasta=none;powspec=none;audspec=none;compJah=two_of_two_high_sil;rastaFilter=none;backEnd=same_cpu_doer_checker,True,,True,365,,,,True
e2_thr,chk50,f_sw3,none,PFcheap,THROUGHPUT,,,OPTIMAL,365,365,3.267,OPTIMAL,365,3.216,365,6365,7,frontEnd=two_of_two_high_sil;rasta=none;powspec=none;audspec=none;compJah=two_of_two_high_sil;rastaFilter=none;backEnd=same_cpu_doer_checker,True,,True,365,,,,True
e2_thr,chk50,f_sw3,none,NP,THROUGHPUT,,,OPTIMAL,255,255,3.605,OPTIMAL,255,3.7,255,5558,11,frontEnd=mixed_sil_doer_checker;rasta=low_sil_diverse_doer_checker;powspec=none;audspec=same_cpu_doer_checker;compJah=mixed_sil_doer_checker;rastaFilter=none;backEnd=low_sil_diverse_doer_checker,True,,,255,,,,True
e2_thr,chk50,f_both3,none,joint,THROUGHPUT,,,OPTIMAL,255,255,6.632,OPTIMAL,255,7.229,255,6796,13,frontEnd=mixed_sil_doer_checker;rasta=low_sil_diverse_doer_checker;powspec=none;audspec=low_sil_diverse_doer_checker;compJah=mixed_sil_doer_checker;rastaFilter=none;backEnd=low_sil_diverse_doer_checker,True,,,255,,,,True
e2_thr,chk50,f_both3,none,PFmin,THROUGHPUT,,,OPTIMAL,365,365,3.526,OPTIMAL,365,3.637,365,4873,8,frontEnd=two_of_two_high_sil;rasta=none;powspec=none;audspec=none;compJah=two_of_two_high_sil;rastaFilter=none;backEnd=low_sil_diverse_doer_checker,True,,True,365,,,,True
e2_thr,chk50,f_both3,none,PFmax,THROUGHPUT,,,OPTIMAL,365,365,3.557,OPTIMAL,365,3.83,365,4998,8,frontEnd=two_of_two_high_sil;rasta=none;powspec=none;audspec=none;compJah=two_of_two_high_sil;rastaFilter=none;backEnd=low_sil_diverse_doer_checker,True,,True,365,,,,True
e2_thr,chk50,f_both3,none,PFlight,THROUGHPUT,,,OPTIMAL,365,365,3.474,OPTIMAL,365,3.575,365,8290,9,frontEnd=mixed_sil_doer_checker;rasta=none;powspec=none;audspec=none;compJah=two_of_two_high_sil;rastaFilter=none;backEnd=low_sil_diverse_doer_checker,True,,True,365,,,,True
e2_thr,chk50,f_both3,none,PFcheap,THROUGHPUT,,,OPTIMAL,365,365,3.467,OPTIMAL,365,3.394,365,6221,9,frontEnd=two_of_two_high_sil;rasta=none;powspec=none;audspec=none;compJah=two_of_two_high_sil;rastaFilter=none;backEnd=low_sil_diverse_doer_checker,True,,True,365,,,,True
e2_thr,chk50,f_both3,none,NP,THROUGHPUT,,,OPTIMAL,255,255,3.847,OPTIMAL,255,4.015,255,5455,12,frontEnd=mixed_sil_doer_checker;rasta=low_sil_diverse_doer_checker;powspec=none;audspec=none;compJah=mixed_sil_doer_checker;rastaFilter=none;backEnd=low_sil_diverse_doer_checker,True,,,255,,,,True
e2_thr,chk50,c_pat,none,joint,THROUGHPUT,,,OPTIMAL,255,255,19.102,OPTIMAL,255,19.735,255,5677,11,frontEnd=high_sil_isolated_checker;rasta=low_sil_diverse_doer_checker;powspec=none;audspec=low_sil_doer_checker;compJah=high_sil_isolated_checker;rastaFilter=none;backEnd=low_sil_doer_checker,True,,,255,,,,True
e2_thr,chk50,c_pat,none,PFmin,THROUGHPUT,,,OPTIMAL,340,340,10.121,OPTIMAL,340,10.539,340,4621,8,frontEnd=two_of_two_high_sil;rasta=none;powspec=none;audspec=none;compJah=two_of_two_high_sil;rastaFilter=none;backEnd=low_sil_doer_checker,True,,True,340,,,,True
e2_thr,chk50,c_pat,none,PFmax,THROUGHPUT,,,OPTIMAL,340,340,9.403,OPTIMAL,340,24.901,340,5601,8,frontEnd=two_of_two_high_sil;rasta=none;powspec=none;audspec=none;compJah=two_of_two_high_sil;rastaFilter=none;backEnd=low_sil_diverse_doer_checker,True,,True,340,,,,True
e2_thr,chk50,c_pat,none,PFlight,THROUGHPUT,,,OPTIMAL,255,255,11.175,OPTIMAL,255,17.487,255,5031,10,frontEnd=high_sil_isolated_checker;rasta=none;powspec=none;audspec=none;compJah=high_sil_isolated_checker;rastaFilter=none;backEnd=low_sil_doer_checker,True,,True,255,,,,True
e2_thr,chk50,c_pat,none,PFcheap,THROUGHPUT,,,OPTIMAL,255,255,10.024,OPTIMAL,255,24.881,255,6092,9,frontEnd=high_sil_isolated_checker;rasta=none;powspec=none;audspec=none;compJah=high_sil_isolated_checker;rastaFilter=none;backEnd=low_sil_doer_checker,True,,True,255,,,,True
e2_thr,chk50,c_pat,none,NP,THROUGHPUT,,,OPTIMAL,255,255,13.345,OPTIMAL,255,15.443,255,4085,12,frontEnd=high_sil_isolated_checker;rasta=low_sil_diverse_doer_checker;powspec=none;audspec=one_of_two_failover;compJah=high_sil_isolated_checker;rastaFilter=one_of_two_failover;backEnd=low_sil_doer_checker,True,,,255,,,,True
e2_thr,chk50,pc_sobel,none,joint,THROUGHPUT,100000,,OPTIMAL,384,384,2.725,OPTIMAL,384,2.959,384,4976,4,get_pixel=high_sil_isolated_checker;gx=one_of_two_failover;gy=one_of_two_failover;abs=one_of_two_failover,True,,,384,,,,True
e2_thr,chk50,pc_sobel,none,PFmin,THROUGHPUT,100000,,OPTIMAL,512,512,1.957,OPTIMAL,512,2.07,512,2616,2,get_pixel=two_of_two_high_sil;gx=none;gy=none;abs=none,True,,True,512,,,,True
e2_thr,chk50,pc_sobel,none,PFmax,THROUGHPUT,100000,,OPTIMAL,512,512,1.938,OPTIMAL,512,2.031,512,2628,3,get_pixel=two_of_two_high_sil;gx=none;gy=none;abs=none,True,,True,512,,,,True
e2_thr,chk50,pc_sobel,none,PFlight,THROUGHPUT,100000,,OPTIMAL,384,384,2.049,OPTIMAL,384,2.039,384,2624,3,get_pixel=high_sil_isolated_checker;gx=none;gy=none;abs=none,True,,True,384,,,,True
e2_thr,chk50,pc_sobel,none,PFcheap,THROUGHPUT,100000,,OPTIMAL,384,384,2.014,OPTIMAL,384,2.026,384,2624,3,get_pixel=high_sil_isolated_checker;gx=none;gy=none;abs=none,True,,True,384,,,,True
e2_thr,chk50,pc_sobel,none,NP,THROUGHPUT,100000,,OPTIMAL,384,384,1.987,OPTIMAL,384,2.226,384,1647,4,get_pixel=high_sil_isolated_checker;gx=none;gy=low_sil_diverse_doer_checker;abs=one_of_two_failover,True,,,384,,,,True
e2_thr,chk50,v_nvp,none,joint,THROUGHPUT,,,OPTIMAL,235,235,5.978,OPTIMAL,235,5.576,235,9523,16,frontEnd=nvp_three_version;rasta=low_sil_diverse_doer_checker;powspec=none;audspec=low_sil_diverse_doer_checker;compJah=nvp_three_version;rastaFilter=none;backEnd=low_sil_diverse_doer_checker,True,,,235,,,,True
e2_thr,chk50,v_nvp,none,PFmin,THROUGHPUT,,,OPTIMAL,235,235,4.764,OPTIMAL,235,3.921,235,7704,14,frontEnd=nvp_three_version;rasta=none;powspec=none;audspec=none;compJah=nvp_three_version;rastaFilter=none;backEnd=low_sil_diverse_doer_checker,True,,True,235,,,,True
e2_thr,chk50,v_nvp,none,PFmax,THROUGHPUT,,,OPTIMAL,235,235,3.865,OPTIMAL,235,3.754,235,7670,14,frontEnd=nvp_three_version;rasta=none;powspec=none;audspec=none;compJah=nvp_three_version;rastaFilter=none;backEnd=low_sil_diverse_doer_checker,True,,True,235,,,,True
e2_thr,chk50,v_nvp,none,PFlight,THROUGHPUT,,,OPTIMAL,235,235,3.975,OPTIMAL,235,3.567,235,7670,14,frontEnd=nvp_three_version;rasta=none;powspec=none;audspec=none;compJah=nvp_three_version;rastaFilter=none;backEnd=low_sil_diverse_doer_checker,True,,True,235,,,,True
e2_thr,chk50,v_nvp,none,PFcheap,THROUGHPUT,,,OPTIMAL,235,235,5.163,OPTIMAL,235,4.061,235,7704,14,frontEnd=nvp_three_version;rasta=none;powspec=none;audspec=none;compJah=nvp_three_version;rastaFilter=none;backEnd=low_sil_diverse_doer_checker,True,,True,235,,,,True
e2_thr,chk50,v_nvp,none,NP,THROUGHPUT,,,OPTIMAL,235,235,3.93,OPTIMAL,235,6.339,235,7113,14,frontEnd=nvp_three_version;rasta=low_sil_diverse_doer_checker;powspec=none;audspec=none;compJah=nvp_three_version;rastaFilter=none;backEnd=low_sil_diverse_doer_checker,True,,,235,,,,True
e2_var,tok2,p_rasta,-,min_period,THROUGHPUT,,,OPTIMAL,235,235,14.488,OPTIMAL,235,15.125,235,7158,11,frontEnd=two_of_two_high_sil;rasta=low_sil_doer_checker;powspec=low_sil_doer_checker;audspec=low_sil_doer_checker;compJah=two_of_two_high_sil;rastaFilter=low_sil_doer_checker;backEnd=low_sil_doer_checker,True,,,235,,,,True
e2_var,tok2,p_rasta,none,joint,TOTALCOST,,,OPTIMAL,3330,1012,6.303,OPTIMAL,3330,5.835,1012,3330,2,frontEnd=high_sil_isolated_checker;rasta=none;powspec=none;audspec=none;compJah=high_sil_isolated_checker;rastaFilter=none;backEnd=low_sil_doer_checker,True,True,,4655,,,,True
e2_var,tok2,p_rasta,none,PFmin,TOTALCOST,,,OPTIMAL,3330,1012,4.737,OPTIMAL,3330,4.169,1012,3330,2,frontEnd=two_of_two_high_sil;rasta=none;powspec=none;audspec=none;compJah=two_of_two_high_sil;rastaFilter=none;backEnd=low_sil_doer_checker,True,True,True,4655,,,,True
e2_var,tok2,p_rasta,none,PFmax,TOTALCOST,,,OPTIMAL,3330,1012,3.88,OPTIMAL,3330,3.592,1012,3330,2,frontEnd=two_of_two_high_sil;rasta=none;powspec=none;audspec=none;compJah=two_of_two_high_sil;rastaFilter=none;backEnd=low_sil_diverse_doer_checker,True,True,True,4655,,,,True
e2_var,tok2,p_rasta,none,PFlight,TOTALCOST,,,OPTIMAL,3330,1012,4.767,OPTIMAL,3330,4.15,1012,3330,2,frontEnd=high_sil_isolated_checker;rasta=none;powspec=none;audspec=none;compJah=high_sil_isolated_checker;rastaFilter=none;backEnd=low_sil_doer_checker,True,True,True,4655,,,,True
e2_var,tok2,p_rasta,none,PFcheap,TOTALCOST,,,OPTIMAL,3330,1012,4.648,OPTIMAL,3330,4.098,1012,3330,2,frontEnd=high_sil_isolated_checker;rasta=none;powspec=none;audspec=none;compJah=high_sil_isolated_checker;rastaFilter=none;backEnd=low_sil_doer_checker,True,True,True,4655,,,,True
e2_var,tok2,p_rasta,1.00,joint,TOTALCOST,235,period_ub=235,OPTIMAL,3615,235,15.152,OPTIMAL,3615,106.455,235,3615,9,frontEnd=two_of_two_high_sil;rasta=none;powspec=none;audspec=none;compJah=high_sil_isolated_checker;rastaFilter=none;backEnd=low_sil_doer_checker,True,True,,235,,,,True
e2_var,tok2,p_rasta,1.00,PFmin,TOTALCOST,235,period_ub=235,OPTIMAL,3615,235,3.872,OPTIMAL,3615,12.945,235,3615,9,frontEnd=two_of_two_high_sil;rasta=none;powspec=none;audspec=none;compJah=two_of_two_high_sil;rastaFilter=none;backEnd=low_sil_doer_checker,True,True,True,235,,,,True
e2_var,tok2,p_rasta,1.00,PFmax,TOTALCOST,235,period_ub=235,OPTIMAL,3633,235,4.193,OPTIMAL,3633,18.099,235,3633,10,frontEnd=two_of_two_high_sil;rasta=none;powspec=none;audspec=none;compJah=two_of_two_high_sil;rastaFilter=none;backEnd=low_sil_diverse_doer_checker,True,True,True,235,,,,True
e2_var,tok2,p_rasta,1.00,PFlight,TOTALCOST,235,period_ub=235,OPTIMAL,3615,235,5.544,OPTIMAL,3615,24.495,235,3615,9,frontEnd=high_sil_isolated_checker;rasta=none;powspec=none;audspec=none;compJah=high_sil_isolated_checker;rastaFilter=none;backEnd=low_sil_doer_checker,True,True,True,235,,,,True
e2_var,tok2,p_rasta,1.00,PFcheap,TOTALCOST,235,period_ub=235,OPTIMAL,3615,235,5.147,OPTIMAL,3615,24.729,235,3615,9,frontEnd=high_sil_isolated_checker;rasta=none;powspec=none;audspec=none;compJah=high_sil_isolated_checker;rastaFilter=none;backEnd=low_sil_doer_checker,True,True,True,235,,,,True
e2_var,tok2,p_rasta,1.10,joint,TOTALCOST,259,period_ub=259,OPTIMAL,3455,256,11.803,OPTIMAL,3455,56.873,256,3455,8,frontEnd=high_sil_isolated_checker;rasta=none;powspec=none;audspec=none;compJah=high_sil_isolated_checker;rastaFilter=none;backEnd=low_sil_doer_checker,True,True,,259,,,,True
e2_var,tok2,p_rasta,1.10,PFmin,TOTALCOST,259,period_ub=259,OPTIMAL,3615,235,4.147,OPTIMAL,3615,16.601,235,3615,9,frontEnd=two_of_two_high_sil;rasta=none;powspec=none;audspec=none;compJah=two_of_two_high_sil;rastaFilter=none;backEnd=low_sil_doer_checker,True,True,True,259,,,,True
e2_var,tok2,p_rasta,1.10,PFmax,TOTALCOST,259,period_ub=259,OPTIMAL,3618,258,4.268,OPTIMAL,3618,18.507,258,3618,9,frontEnd=two_of_two_high_sil;rasta=none;powspec=none;audspec=none;compJah=two_of_two_high_sil;rastaFilter=none;backEnd=low_sil_diverse_doer_checker,True,True,True,259,,,,True
e2_var,tok2,p_rasta,1.10,PFlight,TOTALCOST,259,period_ub=259,OPTIMAL,3455,256,4.156,OPTIMAL,3455,18.167,256,3455,8,frontEnd=high_sil_isolated_checker;rasta=none;powspec=none;audspec=none;compJah=high_sil_isolated_checker;rastaFilter=none;backEnd=low_sil_doer_checker,True,True,True,259,,,,True
e2_var,tok2,p_rasta,1.10,PFcheap,TOTALCOST,259,period_ub=259,OPTIMAL,3455,256,4.463,OPTIMAL,3455,18.365,256,3455,8,frontEnd=high_sil_isolated_checker;rasta=none;powspec=none;audspec=none;compJah=high_sil_isolated_checker;rastaFilter=none;backEnd=low_sil_doer_checker,True,True,True,259,,,,True
e2_var,tok2,p_rasta,1.25,joint,TOTALCOST,294,period_ub=294,OPTIMAL,3430,282,38.943,SAT,3430,300.389,282,3430,7,frontEnd=high_sil_isolated_checker;rasta=none;powspec=none;audspec=none;compJah=high_sil_isolated_checker;rastaFilter=none;backEnd=low_sil_doer_checker,True,True,,294,,,,
e2_var,tok2,p_rasta,1.25,PFmin,TOTALCOST,294,period_ub=294,OPTIMAL,3473,282,7.148,OPTIMAL,3473,120.189,282,3473,8,frontEnd=two_of_two_high_sil;rasta=none;powspec=none;audspec=none;compJah=two_of_two_high_sil;rastaFilter=none;backEnd=low_sil_doer_checker,True,True,True,294,,,,True
e2_var,tok2,p_rasta,1.25,PFmax,TOTALCOST,294,period_ub=294,OPTIMAL,3473,282,7.242,OPTIMAL,3473,147.367,282,3473,8,frontEnd=two_of_two_high_sil;rasta=none;powspec=none;audspec=none;compJah=two_of_two_high_sil;rastaFilter=none;backEnd=low_sil_diverse_doer_checker,True,True,True,294,,,,True
e2_var,tok2,p_rasta,1.25,PFlight,TOTALCOST,294,period_ub=294,OPTIMAL,3430,282,8.655,SAT,3430,300.349,282,3430,7,frontEnd=high_sil_isolated_checker;rasta=none;powspec=none;audspec=none;compJah=high_sil_isolated_checker;rastaFilter=none;backEnd=low_sil_doer_checker,True,True,True,294,,,,
e2_var,tok2,p_rasta,1.25,PFcheap,TOTALCOST,294,period_ub=294,OPTIMAL,3430,282,8.479,SAT,3430,300.355,282,3430,7,frontEnd=high_sil_isolated_checker;rasta=none;powspec=none;audspec=none;compJah=high_sil_isolated_checker;rastaFilter=none;backEnd=low_sil_doer_checker,True,True,True,294,,,,
e2_var,tok2,p_rasta,1.50,joint,TOTALCOST,353,period_ub=353,SAT,3415,319,300.405,SAT,3415,300.39,319,3415,7,frontEnd=high_sil_isolated_checker;rasta=none;powspec=none;audspec=none;compJah=high_sil_isolated_checker;rastaFilter=none;backEnd=low_sil_doer_checker,True,True,,353,,,,
e2_var,tok2,p_rasta,1.50,PFmin,TOTALCOST,353,period_ub=353,OPTIMAL,3415,319,14.91,SAT,3415,300.349,319,3415,7,frontEnd=two_of_two_high_sil;rasta=none;powspec=none;audspec=none;compJah=two_of_two_high_sil;rastaFilter=none;backEnd=low_sil_doer_checker,True,True,True,353,,,,
e2_var,tok2,p_rasta,1.50,PFmax,TOTALCOST,353,period_ub=353,OPTIMAL,3415,319,7.445,SAT,3415,300.274,319,3415,7,frontEnd=two_of_two_high_sil;rasta=none;powspec=none;audspec=none;compJah=two_of_two_high_sil;rastaFilter=none;backEnd=low_sil_diverse_doer_checker,True,True,True,353,,,,
e2_var,tok2,p_rasta,1.50,PFlight,TOTALCOST,353,period_ub=353,OPTIMAL,3415,319,43.442,SAT,3415,300.345,319,3415,7,frontEnd=high_sil_isolated_checker;rasta=none;powspec=none;audspec=none;compJah=high_sil_isolated_checker;rastaFilter=none;backEnd=low_sil_doer_checker,True,True,True,353,,,,
e2_var,tok2,p_rasta,1.50,PFcheap,TOTALCOST,353,period_ub=353,OPTIMAL,3415,320,49.636,SAT,3415,300.365,326,3415,7,frontEnd=high_sil_isolated_checker;rasta=none;powspec=none;audspec=none;compJah=high_sil_isolated_checker;rastaFilter=none;backEnd=low_sil_doer_checker,True,True,True,353,,,,
e2_var,tok2,p_rasta,2.00,joint,TOTALCOST,470,period_ub=470,SAT,3399,449,300.451,SAT,3399,300.397,449,3399,5,frontEnd=two_of_two_high_sil;rasta=none;powspec=none;audspec=none;compJah=high_sil_isolated_checker;rastaFilter=none;backEnd=low_sil_doer_checker,True,True,,470,,,,
e2_var,tok2,p_rasta,2.00,PFmin,TOTALCOST,470,period_ub=470,SAT,3399,451,300.354,SAT,3399,300.365,449,3399,5,frontEnd=two_of_two_high_sil;rasta=none;powspec=none;audspec=none;compJah=two_of_two_high_sil;rastaFilter=none;backEnd=low_sil_doer_checker,True,True,True,470,,,,
e2_var,tok2,p_rasta,2.00,PFmax,TOTALCOST,470,period_ub=470,SAT,3399,449,300.355,SAT,3399,300.339,449,3399,5,frontEnd=two_of_two_high_sil;rasta=none;powspec=none;audspec=none;compJah=two_of_two_high_sil;rastaFilter=none;backEnd=low_sil_diverse_doer_checker,True,True,True,470,,,,
e2_var,tok2,p_rasta,2.00,PFlight,TOTALCOST,470,period_ub=470,SAT,3399,449,300.358,SAT,3399,300.386,449,3399,5,frontEnd=high_sil_isolated_checker;rasta=none;powspec=none;audspec=none;compJah=high_sil_isolated_checker;rastaFilter=none;backEnd=low_sil_doer_checker,True,True,True,470,,,,
e2_var,tok2,p_rasta,2.00,PFcheap,TOTALCOST,470,period_ub=470,SAT,3399,449,300.372,SAT,3399,300.387,449,3399,5,frontEnd=high_sil_isolated_checker;rasta=none;powspec=none;audspec=none;compJah=high_sil_isolated_checker;rastaFilter=none;backEnd=low_sil_doer_checker,True,True,True,470,,,,
e2_var,tok2,f_random_hw,-,min_period,THROUGHPUT,,,OPTIMAL,235,235,34.804,OPTIMAL,235,13.679,235,6456,10,frontEnd=two_of_two_high_sil;rasta=low_sil_doer_checker;powspec=low_sil_doer_checker;audspec=low_sil_doer_checker;compJah=two_of_two_high_sil;rastaFilter=none;backEnd=low_sil_doer_checker,True,,,235,,,,True
e2_var,tok2,f_random_hw,none,joint,TOTALCOST,,,OPTIMAL,3349,1079,9.684,OPTIMAL,3349,9.466,1079,3349,5,frontEnd=two_of_two_high_sil;rasta=none;powspec=none;audspec=none;compJah=two_of_two_high_sil;rastaFilter=none;backEnd=low_sil_doer_checker,True,True,,4655,,,,True
e2_var,tok2,f_random_hw,none,PFmin,TOTALCOST,,,OPTIMAL,3349,1080,5.665,OPTIMAL,3349,5.346,1079,3349,5,frontEnd=two_of_two_high_sil;rasta=none;powspec=none;audspec=none;compJah=two_of_two_high_sil;rastaFilter=none;backEnd=low_sil_doer_checker,True,True,True,4655,,,,True
e2_var,tok2,f_random_hw,none,PFmax,TOTALCOST,,,OPTIMAL,3374,1079,5.101,OPTIMAL,3374,5.21,1079,3374,5,frontEnd=two_of_two_high_sil;rasta=none;powspec=none;audspec=none;compJah=two_of_two_high_sil;rastaFilter=none;backEnd=low_sil_diverse_doer_checker,True,True,True,4655,,,,True
e2_var,tok2,f_random_hw,none,PFlight,TOTALCOST,,,OPTIMAL,3349,1079,5.241,OPTIMAL,3349,5.329,1079,3349,5,frontEnd=high_sil_isolated_checker;rasta=none;powspec=none;audspec=none;compJah=high_sil_isolated_checker;rastaFilter=none;backEnd=low_sil_doer_checker,True,True,True,4655,,,,True
e2_var,tok2,f_random_hw,none,PFcheap,TOTALCOST,,,OPTIMAL,3349,1079,5.554,OPTIMAL,3349,5.256,1079,3349,5,frontEnd=high_sil_isolated_checker;rasta=none;powspec=none;audspec=none;compJah=high_sil_isolated_checker;rastaFilter=none;backEnd=low_sil_doer_checker,True,True,True,4655,,,,True
e2_var,tok2,f_random_hw,1.00,joint,TOTALCOST,235,period_ub=235,OPTIMAL,3633,235,11.029,OPTIMAL,3633,27.579,235,3633,10,frontEnd=high_sil_isolated_checker;rasta=none;powspec=none;audspec=none;compJah=high_sil_isolated_checker;rastaFilter=none;backEnd=low_sil_doer_checker,True,True,,235,,,,True
e2_var,tok2,f_random_hw,1.00,PFmin,TOTALCOST,235,period_ub=235,OPTIMAL,3633,235,3.973,OPTIMAL,3633,4.508,235,3633,10,frontEnd=two_of_two_high_sil;rasta=none;powspec=none;audspec=none;compJah=two_of_two_high_sil;rastaFilter=none;backEnd=low_sil_doer_checker,True,True,True,235,,,,True
e2_var,tok2,f_random_hw,1.00,PFmax,TOTALCOST,235,period_ub=235,OPTIMAL,3633,235,3.063,OPTIMAL,3633,3.882,235,3633,10,frontEnd=two_of_two_high_sil;rasta=none;powspec=none;audspec=none;compJah=two_of_two_high_sil;rastaFilter=none;backEnd=low_sil_diverse_doer_checker,True,True,True,235,,,,True
e2_var,tok2,f_random_hw,1.00,PFlight,TOTALCOST,235,period_ub=235,OPTIMAL,3633,235,3.55,OPTIMAL,3633,6.329,235,3633,10,frontEnd=high_sil_isolated_checker;rasta=none;powspec=none;audspec=none;compJah=high_sil_isolated_checker;rastaFilter=none;backEnd=low_sil_doer_checker,True,True,True,235,,,,True
e2_var,tok2,f_random_hw,1.00,PFcheap,TOTALCOST,235,period_ub=235,OPTIMAL,3633,235,3.642,OPTIMAL,3633,7.281,235,3633,10,frontEnd=high_sil_isolated_checker;rasta=none;powspec=none;audspec=none;compJah=high_sil_isolated_checker;rastaFilter=none;backEnd=low_sil_doer_checker,True,True,True,235,,,,True
e2_var,tok2,f_random_hw,1.10,joint,TOTALCOST,259,period_ub=259,OPTIMAL,3476,256,10.662,OPTIMAL,3476,20.7,256,3476,9,frontEnd=high_sil_isolated_checker;rasta=none;powspec=none;audspec=none;compJah=high_sil_isolated_checker;rastaFilter=none;backEnd=low_sil_doer_checker,True,True,,259,,,,True
e2_var,tok2,f_random_hw,1.10,PFmin,TOTALCOST,259,period_ub=259,OPTIMAL,3633,235,3.938,OPTIMAL,3633,4.749,235,3633,10,frontEnd=two_of_two_high_sil;rasta=none;powspec=none;audspec=none;compJah=two_of_two_high_sil;rastaFilter=none;backEnd=low_sil_doer_checker,True,True,True,259,,,,True
e2_var,tok2,f_random_hw,1.10,PFmax,TOTALCOST,259,period_ub=259,OPTIMAL,3633,235,3.577,OPTIMAL,3633,4.186,235,3633,10,frontEnd=two_of_two_high_sil;rasta=none;powspec=none;audspec=none;compJah=two_of_two_high_sil;rastaFilter=none;backEnd=low_sil_diverse_doer_checker,True,True,True,259,,,,True
e2_var,tok2,f_random_hw,1.10,PFlight,TOTALCOST,259,period_ub=259,OPTIMAL,3476,256,3.92,OPTIMAL,3476,5.278,256,3476,9,frontEnd=high_sil_isolated_checker;rasta=none;powspec=none;audspec=none;compJah=high_sil_isolated_checker;rastaFilter=none;backEnd=low_sil_doer_checker,True,True,True,259,,,,True
e2_var,tok2,f_random_hw,1.10,PFcheap,TOTALCOST,259,period_ub=259,OPTIMAL,3476,256,3.883,OPTIMAL,3476,4.475,256,3476,9,frontEnd=high_sil_isolated_checker;rasta=none;powspec=none;audspec=none;compJah=high_sil_isolated_checker;rastaFilter=none;backEnd=low_sil_doer_checker,True,True,True,259,,,,True
e2_var,tok2,f_random_hw,1.25,joint,TOTALCOST,294,period_ub=294,OPTIMAL,3440,266,13.606,OPTIMAL,3440,25.773,266,3440,8,frontEnd=high_sil_isolated_checker;rasta=none;powspec=none;audspec=none;compJah=high_sil_isolated_checker;rastaFilter=none;backEnd=low_sil_doer_checker,True,True,,294,,,,True
e2_var,tok2,f_random_hw,1.25,PFmin,TOTALCOST,294,period_ub=294,OPTIMAL,3484,282,4.993,OPTIMAL,3484,4.595,282,3484,10,frontEnd=two_of_two_high_sil;rasta=none;powspec=none;audspec=none;compJah=two_of_two_high_sil;rastaFilter=none;backEnd=low_sil_doer_checker,True,True,True,294,,,,True
e2_var,tok2,f_random_hw,1.25,PFmax,TOTALCOST,294,period_ub=294,OPTIMAL,3484,282,3.919,OPTIMAL,3484,5.376,282,3484,10,frontEnd=two_of_two_high_sil;rasta=none;powspec=none;audspec=none;compJah=two_of_two_high_sil;rastaFilter=none;backEnd=low_sil_diverse_doer_checker,True,True,True,294,,,,True
e2_var,tok2,f_random_hw,1.25,PFlight,TOTALCOST,294,period_ub=294,OPTIMAL,3440,281,4.505,OPTIMAL,3440,7.91,266,3440,8,frontEnd=high_sil_isolated_checker;rasta=none;powspec=none;audspec=none;compJah=high_sil_isolated_checker;rastaFilter=none;backEnd=low_sil_doer_checker,True,True,True,294,,,,True
e2_var,tok2,f_random_hw,1.25,PFcheap,TOTALCOST,294,period_ub=294,OPTIMAL,3440,266,4.637,OPTIMAL,3440,8.829,266,3440,8,frontEnd=high_sil_isolated_checker;rasta=none;powspec=none;audspec=none;compJah=high_sil_isolated_checker;rastaFilter=none;backEnd=low_sil_doer_checker,True,True,True,294,,,,True
e2_var,tok2,f_random_hw,1.50,joint,TOTALCOST,353,period_ub=353,OPTIMAL,3433,319,25.707,SAT,3433,300.399,319,3433,8,frontEnd=high_sil_isolated_checker;rasta=none;powspec=none;audspec=none;compJah=high_sil_isolated_checker;rastaFilter=none;backEnd=low_sil_doer_checker,True,True,,353,,,,
e2_var,tok2,f_random_hw,1.50,PFmin,TOTALCOST,353,period_ub=353,OPTIMAL,3433,319,6.078,OPTIMAL,3433,56.435,319,3433,8,frontEnd=two_of_two_high_sil;rasta=none;powspec=none;audspec=none;compJah=two_of_two_high_sil;rastaFilter=none;backEnd=low_sil_doer_checker,True,True,True,353,,,,True
e2_var,tok2,f_random_hw,1.50,PFmax,TOTALCOST,353,period_ub=353,OPTIMAL,3433,319,5.363,OPTIMAL,3433,77.444,319,3433,8,frontEnd=two_of_two_high_sil;rasta=none;powspec=none;audspec=none;compJah=two_of_two_high_sil;rastaFilter=none;backEnd=low_sil_diverse_doer_checker,True,True,True,353,,,,True
e2_var,tok2,f_random_hw,1.50,PFlight,TOTALCOST,353,period_ub=353,OPTIMAL,3433,319,5.545,OPTIMAL,3433,77.934,319,3433,8,frontEnd=high_sil_isolated_checker;rasta=none;powspec=none;audspec=none;compJah=high_sil_isolated_checker;rastaFilter=none;backEnd=low_sil_doer_checker,True,True,True,353,,,,True
e2_var,tok2,f_random_hw,1.50,PFcheap,TOTALCOST,353,period_ub=353,OPTIMAL,3433,319,5.482,OPTIMAL,3433,95.797,319,3433,8,frontEnd=high_sil_isolated_checker;rasta=none;powspec=none;audspec=none;compJah=high_sil_isolated_checker;rastaFilter=none;backEnd=low_sil_doer_checker,True,True,True,353,,,,True
e2_var,tok2,f_random_hw,2.00,joint,TOTALCOST,470,period_ub=470,OPTIMAL,3400,449,28.354,SAT,3400,300.392,449,3400,7,frontEnd=high_sil_isolated_checker;rasta=none;powspec=none;audspec=none;compJah=two_of_two_high_sil;rastaFilter=none;backEnd=low_sil_doer_checker,True,True,,470,,,,
e2_var,tok2,f_random_hw,2.00,PFmin,TOTALCOST,470,period_ub=470,OPTIMAL,3400,451,7.504,OPTIMAL,3400,46.133,449,3400,7,frontEnd=two_of_two_high_sil;rasta=none;powspec=none;audspec=none;compJah=two_of_two_high_sil;rastaFilter=none;backEnd=low_sil_doer_checker,True,True,True,470,,,,True
e2_var,tok2,f_random_hw,2.00,PFmax,TOTALCOST,470,period_ub=470,OPTIMAL,3425,449,7.131,OPTIMAL,3425,40.363,449,3425,7,frontEnd=two_of_two_high_sil;rasta=none;powspec=none;audspec=none;compJah=two_of_two_high_sil;rastaFilter=none;backEnd=low_sil_diverse_doer_checker,True,True,True,470,,,,True
e2_var,tok2,f_random_hw,2.00,PFlight,TOTALCOST,470,period_ub=470,OPTIMAL,3400,449,8.055,OPTIMAL,3400,76.96,449,3400,7,frontEnd=high_sil_isolated_checker;rasta=none;powspec=none;audspec=none;compJah=high_sil_isolated_checker;rastaFilter=none;backEnd=low_sil_doer_checker,True,True,True,470,,,,True
e2_var,tok2,f_random_hw,2.00,PFcheap,TOTALCOST,470,period_ub=470,OPTIMAL,3400,449,5.086,OPTIMAL,3400,98.786,449,3400,7,frontEnd=high_sil_isolated_checker;rasta=none;powspec=none;audspec=none;compJah=high_sil_isolated_checker;rastaFilter=none;backEnd=low_sil_doer_checker,True,True,True,470,,,,True
e2_var,tok2,d_random_hw,-,min_period,THROUGHPUT,,,OPTIMAL,235,235,5.891,OPTIMAL,235,7.521,235,3456,11,frontEnd=low_sil_doer_checker;rasta=one_of_two_failover;powspec=none;audspec=low_sil_doer_checker;compJah=low_sil_doer_checker;rastaFilter=none;backEnd=low_sil_doer_checker,True,,,235,,,,True
e2_var,tok2,d_random_hw,none,joint,TOTALCOST,,,OPTIMAL,1857,1620,6.936,OPTIMAL,1857,6.314,1684,1857,3,frontEnd=low_sil_doer_checker;rasta=none;powspec=none;audspec=none;compJah=low_sil_doer_checker;rastaFilter=none;backEnd=low_sil_doer_checker,True,True,,3012,,,,True
e2_var,tok2,d_random_hw,none,PFmin,TOTALCOST,,,OPTIMAL,1857,1620,3.489,OPTIMAL,1857,3.585,1684,1857,3,frontEnd=low_sil_doer_checker;rasta=none;powspec=none;audspec=none;compJah=low_sil_doer_checker;rastaFilter=none;backEnd=low_sil_doer_checker,True,True,True,3012,,,,True
e2_var,tok2,d_random_hw,none,PFmax,TOTALCOST,,,OPTIMAL,1882,1620,3.4,OPTIMAL,1882,3.643,1766,1882,3,frontEnd=low_sil_diverse_doer_checker;rasta=none;powspec=none;audspec=none;compJah=low_sil_diverse_doer_checker;rastaFilter=none;backEnd=low_sil_diverse_doer_checker,True,True,True,3012,,,,True
e2_var,tok2,d_random_hw,none,PFlight,TOTALCOST,,,OPTIMAL,1857,1620,3.313,OPTIMAL,1857,3.395,1684,1857,3,frontEnd=low_sil_doer_checker;rasta=none;powspec=none;audspec=none;compJah=low_sil_doer_checker;rastaFilter=none;backEnd=low_sil_doer_checker,True,True,True,3012,,,,True
e2_var,tok2,d_random_hw,none,PFcheap,TOTALCOST,,,OPTIMAL,1857,1620,3.256,OPTIMAL,1857,3.517,1684,1857,3,frontEnd=low_sil_doer_checker;rasta=none;powspec=none;audspec=none;compJah=low_sil_doer_checker;rastaFilter=none;backEnd=low_sil_doer_checker,True,True,True,3012,,,,True
e2_var,tok2,d_random_hw,1.00,joint,TOTALCOST,235,period_ub=235,OPTIMAL,2091,235,8.794,OPTIMAL,2091,11.725,235,2091,9,frontEnd=low_sil_doer_checker;rasta=none;powspec=none;audspec=none;compJah=low_sil_doer_checker;rastaFilter=none;backEnd=low_sil_doer_checker,True,True,,235,,,,True
e2_var,tok2,d_random_hw,1.00,PFmin,TOTALCOST,235,period_ub=235,OPTIMAL,2091,235,3.345,OPTIMAL,2091,4.1,235,2091,9,frontEnd=low_sil_doer_checker;rasta=none;powspec=none;audspec=none;compJah=low_sil_doer_checker;rastaFilter=none;backEnd=low_sil_doer_checker,True,True,True,235,,,,True
e2_var,tok2,d_random_hw,1.00,PFmax,TOTALCOST,235,period_ub=235,OPTIMAL,2091,235,2.899,OPTIMAL,2091,4.052,235,2091,9,frontEnd=low_sil_diverse_doer_checker;rasta=none;powspec=none;audspec=none;compJah=low_sil_diverse_doer_checker;rastaFilter=none;backEnd=low_sil_diverse_doer_checker,True,True,True,235,,,,True
e2_var,tok2,d_random_hw,1.00,PFlight,TOTALCOST,235,period_ub=235,OPTIMAL,2091,235,3.201,OPTIMAL,2091,3.823,235,2091,9,frontEnd=low_sil_doer_checker;rasta=none;powspec=none;audspec=none;compJah=low_sil_doer_checker;rastaFilter=none;backEnd=low_sil_doer_checker,True,True,True,235,,,,True
e2_var,tok2,d_random_hw,1.00,PFcheap,TOTALCOST,235,period_ub=235,OPTIMAL,2091,235,3.218,OPTIMAL,2091,4.243,235,2091,9,frontEnd=low_sil_doer_checker;rasta=none;powspec=none;audspec=none;compJah=low_sil_doer_checker;rastaFilter=none;backEnd=low_sil_doer_checker,True,True,True,235,,,,True
e2_var,tok2,d_random_hw,1.10,joint,TOTALCOST,259,period_ub=259,OPTIMAL,2091,235,10.085,OPTIMAL,2091,13.317,253,2091,9,frontEnd=low_sil_doer_checker;rasta=none;powspec=none;audspec=none;compJah=low_sil_doer_checker;rastaFilter=none;backEnd=low_sil_doer_checker,True,True,,259,,,,True
e2_var,tok2,d_random_hw,1.10,PFmin,TOTALCOST,259,period_ub=259,OPTIMAL,2091,253,3.668,OPTIMAL,2091,5.179,248,2091,9,frontEnd=low_sil_doer_checker;rasta=none;powspec=none;audspec=none;compJah=low_sil_doer_checker;rastaFilter=none;backEnd=low_sil_doer_checker,True,True,True,259,,,,True
e2_var,tok2,d_random_hw,1.10,PFmax,TOTALCOST,259,period_ub=259,OPTIMAL,2091,248,3.453,OPTIMAL,2091,4.302,248,2091,9,frontEnd=low_sil_diverse_doer_checker;rasta=none;powspec=none;audspec=none;compJah=low_sil_diverse_doer_checker;rastaFilter=none;backEnd=low_sil_diverse_doer_checker,True,True,True,259,,,,True
e2_var,tok2,d_random_hw,1.10,PFlight,TOTALCOST,259,period_ub=259,OPTIMAL,2091,248,3.622,OPTIMAL,2091,4.72,248,2091,9,frontEnd=low_sil_doer_checker;rasta=none;powspec=none;audspec=none;compJah=low_sil_doer_checker;rastaFilter=none;backEnd=low_sil_doer_checker,True,True,True,259,,,,True
e2_var,tok2,d_random_hw,1.10,PFcheap,TOTALCOST,259,period_ub=259,OPTIMAL,2091,253,3.856,OPTIMAL,2091,4.726,248,2091,9,frontEnd=low_sil_doer_checker;rasta=none;powspec=none;audspec=none;compJah=low_sil_doer_checker;rastaFilter=none;backEnd=low_sil_doer_checker,True,True,True,259,,,,True
e2_var,tok2,d_random_hw,1.25,joint,TOTALCOST,294,period_ub=294,OPTIMAL,1940,291,11.556,OPTIMAL,1940,13.277,291,1940,8,frontEnd=low_sil_doer_checker;rasta=none;powspec=none;audspec=none;compJah=low_sil_doer_checker;rastaFilter=none;backEnd=low_sil_doer_checker,True,True,,294,,,,True
e2_var,tok2,d_random_hw,1.25,PFmin,TOTALCOST,294,period_ub=294,OPTIMAL,1940,291,4.065,OPTIMAL,1940,5.547,291,1940,8,frontEnd=low_sil_doer_checker;rasta=none;powspec=none;audspec=none;compJah=low_sil_doer_checker;rastaFilter=none;backEnd=low_sil_doer_checker,True,True,True,294,,,,True
e2_var,tok2,d_random_hw,1.25,PFmax,TOTALCOST,294,period_ub=294,OPTIMAL,1940,291,3.823,OPTIMAL,1940,7.24,291,1940,8,frontEnd=low_sil_diverse_doer_checker;rasta=none;powspec=none;audspec=none;compJah=low_sil_diverse_doer_checker;rastaFilter=none;backEnd=low_sil_diverse_doer_checker,True,True,True,294,,,,True
e2_var,tok2,d_random_hw,1.25,PFlight,TOTALCOST,294,period_ub=294,OPTIMAL,1940,291,3.145,OPTIMAL,1940,5.303,291,1940,8,frontEnd=low_sil_doer_checker;rasta=none;powspec=none;audspec=none;compJah=low_sil_doer_checker;rastaFilter=none;backEnd=low_sil_doer_checker,True,True,True,294,,,,True
e2_var,tok2,d_random_hw,1.25,PFcheap,TOTALCOST,294,period_ub=294,OPTIMAL,1940,291,4.121,OPTIMAL,1940,5.886,291,1940,8,frontEnd=low_sil_doer_checker;rasta=none;powspec=none;audspec=none;compJah=low_sil_doer_checker;rastaFilter=none;backEnd=low_sil_doer_checker,True,True,True,294,,,,True
e2_var,tok2,d_random_hw,1.50,joint,TOTALCOST,353,period_ub=353,OPTIMAL,1917,353,7.786,OPTIMAL,1917,11.442,353,1917,7,frontEnd=low_sil_doer_checker;rasta=none;powspec=none;audspec=none;compJah=low_sil_doer_checker;rastaFilter=none;backEnd=low_sil_doer_checker,True,True,,353,,,,True
e2_var,tok2,d_random_hw,1.50,PFmin,TOTALCOST,353,period_ub=353,OPTIMAL,1917,353,3.781,OPTIMAL,1917,4.169,353,1917,7,frontEnd=low_sil_doer_checker;rasta=none;powspec=none;audspec=none;compJah=low_sil_doer_checker;rastaFilter=none;backEnd=low_sil_doer_checker,True,True,True,353,,,,True
e2_var,tok2,d_random_hw,1.50,PFmax,TOTALCOST,353,period_ub=353,OPTIMAL,1917,353,4.656,OPTIMAL,1917,4.154,353,1917,7,frontEnd=low_sil_diverse_doer_checker;rasta=none;powspec=none;audspec=none;compJah=low_sil_diverse_doer_checker;rastaFilter=none;backEnd=low_sil_diverse_doer_checker,True,True,True,353,,,,True
e2_var,tok2,d_random_hw,1.50,PFlight,TOTALCOST,353,period_ub=353,OPTIMAL,1917,353,3.776,OPTIMAL,1917,3.78,353,1917,7,frontEnd=low_sil_doer_checker;rasta=none;powspec=none;audspec=none;compJah=low_sil_doer_checker;rastaFilter=none;backEnd=low_sil_doer_checker,True,True,True,353,,,,True
e2_var,tok2,d_random_hw,1.50,PFcheap,TOTALCOST,353,period_ub=353,OPTIMAL,1917,353,4.742,OPTIMAL,1917,3.721,353,1917,7,frontEnd=low_sil_doer_checker;rasta=none;powspec=none;audspec=none;compJah=low_sil_doer_checker;rastaFilter=none;backEnd=low_sil_doer_checker,True,True,True,353,,,,True
e2_var,tok2,d_random_hw,2.00,joint,TOTALCOST,470,period_ub=470,OPTIMAL,1909,449,10.597,OPTIMAL,1909,11.279,449,1909,6,frontEnd=low_sil_doer_checker;rasta=none;powspec=none;audspec=none;compJah=low_sil_doer_checker;rastaFilter=none;backEnd=low_sil_doer_checker,True,True,,470,,,,True
e2_var,tok2,d_random_hw,2.00,PFmin,TOTALCOST,470,period_ub=470,OPTIMAL,1909,449,4.333,OPTIMAL,1909,5.358,449,1909,6,frontEnd=low_sil_doer_checker;rasta=none;powspec=none;audspec=none;compJah=low_sil_doer_checker;rastaFilter=none;backEnd=low_sil_doer_checker,True,True,True,470,,,,True
e2_var,tok2,d_random_hw,2.00,PFmax,TOTALCOST,470,period_ub=470,OPTIMAL,1909,449,3.084,OPTIMAL,1909,4.12,449,1909,6,frontEnd=low_sil_diverse_doer_checker;rasta=none;powspec=none;audspec=none;compJah=low_sil_diverse_doer_checker;rastaFilter=none;backEnd=low_sil_diverse_doer_checker,True,True,True,470,,,,True
e2_var,tok2,d_random_hw,2.00,PFlight,TOTALCOST,470,period_ub=470,OPTIMAL,1909,449,4.046,OPTIMAL,1909,4.885,449,1909,6,frontEnd=low_sil_doer_checker;rasta=none;powspec=none;audspec=none;compJah=low_sil_doer_checker;rastaFilter=none;backEnd=low_sil_doer_checker,True,True,True,470,,,,True
e2_var,tok2,d_random_hw,2.00,PFcheap,TOTALCOST,470,period_ub=470,OPTIMAL,1909,449,4.199,OPTIMAL,1909,4.374,449,1909,6,frontEnd=low_sil_doer_checker;rasta=none;powspec=none;audspec=none;compJah=low_sil_doer_checker;rastaFilter=none;backEnd=low_sil_doer_checker,True,True,True,470,,,,True
e2_var,tok2,d_systematic_sw,-,min_period,THROUGHPUT,,,OPTIMAL,235,235,3.716,OPTIMAL,235,3.451,235,4461,8,frontEnd=low_sil_diverse_doer_checker;rasta=same_cpu_doer_checker;powspec=none;audspec=low_sil_diverse_doer_checker;compJah=low_sil_diverse_doer_checker;rastaFilter=none;backEnd=same_cpu_doer_checker,True,,,235,,,,True
e2_var,tok2,d_systematic_sw,none,joint,TOTALCOST,,,OPTIMAL,1846,1751,3.416,OPTIMAL,1846,4.296,1766,1846,2,frontEnd=same_cpu_doer_checker;rasta=none;powspec=none;audspec=none;compJah=same_cpu_doer_checker;rastaFilter=none;backEnd=same_cpu_doer_checker,True,True,,2103,,,,True
e2_var,tok2,d_systematic_sw,none,PFmin,TOTALCOST,,,OPTIMAL,1846,1766,2.14,OPTIMAL,1846,2.307,1833,1846,2,frontEnd=same_cpu_doer_checker;rasta=none;powspec=none;audspec=none;compJah=same_cpu_doer_checker;rastaFilter=none;backEnd=same_cpu_doer_checker,True,True,True,2103,,,,True
e2_var,tok2,d_systematic_sw,none,PFmax,TOTALCOST,,,OPTIMAL,2009,1620,2.466,OPTIMAL,2009,2.457,1578,2009,3,frontEnd=low_sil_diverse_doer_checker;rasta=none;powspec=none;audspec=none;compJah=low_sil_diverse_doer_checker;rastaFilter=none;backEnd=low_sil_diverse_doer_checker,True,True,True,2103,,,,True
e2_var,tok2,d_systematic_sw,none,PFlight,TOTALCOST,,,OPTIMAL,1846,1684,2.157,OPTIMAL,1846,2.22,1751,1846,2,frontEnd=same_cpu_doer_checker;rasta=none;powspec=none;audspec=none;compJah=same_cpu_doer_checker;rastaFilter=none;backEnd=same_cpu_doer_checker,True,True,True,2103,,,,True
e2_var,tok2,d_systematic_sw,none,PFcheap,TOTALCOST,,,OPTIMAL,1846,1684,2.194,OPTIMAL,1846,2.323,1751,1846,2,frontEnd=same_cpu_doer_checker;rasta=none;powspec=none;audspec=none;compJah=same_cpu_doer_checker;rastaFilter=none;backEnd=same_cpu_doer_checker,True,True,True,2103,,,,True
e2_var,tok2,d_systematic_sw,1.00,joint,TOTALCOST,235,period_ub=235,OPTIMAL,2104,235,3.842,OPTIMAL,2104,2.154,235,2104,7,frontEnd=same_cpu_doer_checker;rasta=none;powspec=none;audspec=none;compJah=same_cpu_doer_checker;rastaFilter=none;backEnd=same_cpu_doer_checker,True,True,,235,,,,True
e2_var,tok2,d_systematic_sw,1.00,PFmin,TOTALCOST,235,period_ub=235,OPTIMAL,2104,235,2.766,OPTIMAL,2104,1.447,235,2104,7,frontEnd=same_cpu_doer_checker;rasta=none;powspec=none;audspec=none;compJah=same_cpu_doer_checker;rastaFilter=none;backEnd=same_cpu_doer_checker,True,True,True,235,,,,True
e2_var,tok2,d_systematic_sw,1.00,PFmax,TOTALCOST,235,period_ub=235,OPTIMAL,2272,235,2.159,OPTIMAL,2272,2.508,235,2272,9,frontEnd=low_sil_diverse_doer_checker;rasta=none;powspec=none;audspec=none;compJah=low_sil_diverse_doer_checker;rastaFilter=none;backEnd=low_sil_diverse_doer_checker,True,True,True,235,,,,True
e2_var,tok2,d_systematic_sw,1.00,PFlight,TOTALCOST,235,period_ub=235,OPTIMAL,2104,235,2.785,OPTIMAL,2104,1.467,235,2104,7,frontEnd=same_cpu_doer_checker;rasta=none;powspec=none;audspec=none;compJah=same_cpu_doer_checker;rastaFilter=none;backEnd=same_cpu_doer_checker,True,True,True,235,,,,True
e2_var,tok2,d_systematic_sw,1.00,PFcheap,TOTALCOST,235,period_ub=235,OPTIMAL,2104,235,2.738,OPTIMAL,2104,1.47,235,2104,7,frontEnd=same_cpu_doer_checker;rasta=none;powspec=none;audspec=none;compJah=same_cpu_doer_checker;rastaFilter=none;backEnd=same_cpu_doer_checker,True,True,True,235,,,,True
e2_var,tok2,d_systematic_sw,1.10,joint,TOTALCOST,259,period_ub=259,OPTIMAL,2104,235,3.75,OPTIMAL,2104,3.477,235,2104,7,frontEnd=same_cpu_doer_checker;rasta=none;powspec=none;audspec=none;compJah=same_cpu_doer_checker;rastaFilter=none;backEnd=same_cpu_doer_checker,True,True,,259,,,,True
e2_var,tok2,d_systematic_sw,1.10,PFmin,TOTALCOST,259,period_ub=259,OPTIMAL,2104,235,1.414,OPTIMAL,2104,1.541,235,2104,7,frontEnd=same_cpu_doer_checker;rasta=none;powspec=none;audspec=none;compJah=same_cpu_doer_checker;rastaFilter=none;backEnd=same_cpu_doer_checker,True,True,True,259,,,,True
e2_var,tok2,d_systematic_sw,1.10,PFmax,TOTALCOST,259,period_ub=259,OPTIMAL,2271,258,2.361,OPTIMAL,2271,3.064,258,2271,8,frontEnd=low_sil_diverse_doer_checker;rasta=none;powspec=none;audspec=none;compJah=low_sil_diverse_doer_checker;rastaFilter=none;backEnd=low_sil_diverse_doer_checker,True,True,True,259,,,,True
e2_var,tok2,d_systematic_sw,1.10,PFlight,TOTALCOST,259,period_ub=259,OPTIMAL,2104,235,1.418,OPTIMAL,2104,1.598,235,2104,7,frontEnd=same_cpu_doer_checker;rasta=none;powspec=none;audspec=none;compJah=same_cpu_doer_checker;rastaFilter=none;backEnd=same_cpu_doer_checker,True,True,True,259,,,,True
e2_var,tok2,d_systematic_sw,1.10,PFcheap,TOTALCOST,259,period_ub=259,OPTIMAL,2104,235,1.399,OPTIMAL,2104,1.619,235,2104,7,frontEnd=same_cpu_doer_checker;rasta=none;powspec=none;audspec=none;compJah=same_cpu_doer_checker;rastaFilter=none;backEnd=same_cpu_doer_checker,True,True,True,259,,,,True
e2_var,tok2,d_systematic_sw,1.25,joint,TOTALCOST,294,period_ub=294,OPTIMAL,1920,293,3.755,OPTIMAL,1920,2.475,293,1920,7,frontEnd=same_cpu_doer_checker;rasta=none;powspec=none;audspec=none;compJah=same_cpu_doer_checker;rastaFilter=none;backEnd=same_cpu_doer_checker,True,True,,294,,,,True
e2_var,tok2,d_systematic_sw,1.25,PFmin,TOTALCOST,294,period_ub=294,OPTIMAL,1920,293,1.901,OPTIMAL,1920,2.24,293,1920,7,frontEnd=same_cpu_doer_checker;rasta=none;powspec=none;audspec=none;compJah=same_cpu_doer_checker;rastaFilter=none;backEnd=same_cpu_doer_checker,True,True,True,294,,,,True
e2_var,tok2,d_systematic_sw,1.25,PFmax,TOTALCOST,294,period_ub=294,OPTIMAL,2118,282,2.727,OPTIMAL,2118,3.814,291,2118,8,frontEnd=low_sil_diverse_doer_checker;rasta=none;powspec=none;audspec=none;compJah=low_sil_diverse_doer_checker;rastaFilter=none;backEnd=low_sil_diverse_doer_checker,True,True,True,294,,,,True
e2_var,tok2,d_systematic_sw,1.25,PFlight,TOTALCOST,294,period_ub=294,OPTIMAL,1920,293,1.898,OPTIMAL,1920,2.148,293,1920,7,frontEnd=same_cpu_doer_checker;rasta=none;powspec=none;audspec=none;compJah=same_cpu_doer_checker;rastaFilter=none;backEnd=same_cpu_doer_checker,True,True,True,294,,,,True
e2_var,tok2,d_systematic_sw,1.25,PFcheap,TOTALCOST,294,period_ub=294,OPTIMAL,1920,293,1.901,OPTIMAL,1920,2.193,293,1920,7,frontEnd=same_cpu_doer_checker;rasta=none;powspec=none;audspec=none;compJah=same_cpu_doer_checker;rastaFilter=none;backEnd=same_cpu_doer_checker,True,True,True,294,,,,True
e2_var,tok2,d_systematic_sw,1.50,joint,TOTALCOST,353,period_ub=353,OPTIMAL,1909,319,2.318,OPTIMAL,1909,4.267,319,1909,6,frontEnd=same_cpu_doer_checker;rasta=none;powspec=none;audspec=none;compJah=same_cpu_doer_checker;rastaFilter=none;backEnd=same_cpu_doer_checker,True,True,,353,,,,True
e2_var,tok2,d_systematic_sw,1.50,PFmin,TOTALCOST,353,period_ub=353,OPTIMAL,1909,319,2.084,OPTIMAL,1909,2.364,319,1909,6,frontEnd=same_cpu_doer_checker;rasta=none;powspec=none;audspec=none;compJah=same_cpu_doer_checker;rastaFilter=none;backEnd=same_cpu_doer_checker,True,True,True,353,,,,True
e2_var,tok2,d_systematic_sw,1.50,PFmax,TOTALCOST,353,period_ub=353,OPTIMAL,2101,339,2.876,OPTIMAL,2101,2.98,319,2101,7,frontEnd=low_sil_diverse_doer_checker;rasta=none;powspec=none;audspec=none;compJah=low_sil_diverse_doer_checker;rastaFilter=none;backEnd=low_sil_diverse_doer_checker,True,True,True,353,,,,True
e2_var,tok2,d_systematic_sw,1.50,PFlight,TOTALCOST,353,period_ub=353,OPTIMAL,1909,319,2.069,OPTIMAL,1909,2.231,319,1909,6,frontEnd=same_cpu_doer_checker;rasta=none;powspec=none;audspec=none;compJah=same_cpu_doer_checker;rastaFilter=none;backEnd=same_cpu_doer_checker,True,True,True,353,,,,True
e2_var,tok2,d_systematic_sw,1.50,PFcheap,TOTALCOST,353,period_ub=353,OPTIMAL,1909,319,2.058,OPTIMAL,1909,2.151,319,1909,6,frontEnd=same_cpu_doer_checker;rasta=none;powspec=none;audspec=none;compJah=same_cpu_doer_checker;rastaFilter=none;backEnd=same_cpu_doer_checker,True,True,True,353,,,,True
e2_var,tok2,d_systematic_sw,2.00,joint,TOTALCOST,470,period_ub=470,OPTIMAL,1898,449,3.811,OPTIMAL,1898,4.331,449,1898,5,frontEnd=same_cpu_doer_checker;rasta=none;powspec=none;audspec=none;compJah=same_cpu_doer_checker;rastaFilter=none;backEnd=same_cpu_doer_checker,True,True,,470,,,,True
e2_var,tok2,d_systematic_sw,2.00,PFmin,TOTALCOST,470,period_ub=470,OPTIMAL,1898,449,2.227,OPTIMAL,1898,2.341,449,1898,5,frontEnd=same_cpu_doer_checker;rasta=none;powspec=none;audspec=none;compJah=same_cpu_doer_checker;rastaFilter=none;backEnd=same_cpu_doer_checker,True,True,True,470,,,,True
e2_var,tok2,d_systematic_sw,2.00,PFmax,TOTALCOST,470,period_ub=470,OPTIMAL,2064,469,3.043,OPTIMAL,2064,3.053,470,2064,6,frontEnd=low_sil_diverse_doer_checker;rasta=none;powspec=none;audspec=none;compJah=low_sil_diverse_doer_checker;rastaFilter=none;backEnd=low_sil_diverse_doer_checker,True,True,True,470,,,,True
e2_var,tok2,d_systematic_sw,2.00,PFlight,TOTALCOST,470,period_ub=470,OPTIMAL,1898,449,2.208,OPTIMAL,1898,2.309,449,1898,5,frontEnd=same_cpu_doer_checker;rasta=none;powspec=none;audspec=none;compJah=same_cpu_doer_checker;rastaFilter=none;backEnd=same_cpu_doer_checker,True,True,True,470,,,,True
e2_var,tok2,d_systematic_sw,2.00,PFcheap,TOTALCOST,470,period_ub=470,OPTIMAL,1898,449,2.261,OPTIMAL,1898,2.256,449,1898,5,frontEnd=same_cpu_doer_checker;rasta=none;powspec=none;audspec=none;compJah=same_cpu_doer_checker;rastaFilter=none;backEnd=same_cpu_doer_checker,True,True,True,470,,,,True
e2_var,tok2,f_sw3,-,min_period,THROUGHPUT,,,OPTIMAL,235,235,5.076,OPTIMAL,235,6.394,235,6721,11,frontEnd=mixed_sil_doer_checker;rasta=low_sil_diverse_doer_checker;powspec=low_sil_diverse_doer_checker;audspec=none;compJah=two_of_two_high_sil;rastaFilter=none;backEnd=low_sil_diverse_doer_checker,True,,,235,,,,True
e2_var,tok2,f_sw3,none,joint,TOTALCOST,,,OPTIMAL,3365,1079,5.235,OPTIMAL,3365,6.209,1105,3365,4,frontEnd=two_of_two_high_sil;rasta=none;powspec=none;audspec=none;compJah=two_of_two_high_sil;rastaFilter=none;backEnd=same_cpu_doer_checker,True,True,,2750,,,,True
e2_var,tok2,f_sw3,none,PFmin,TOTALCOST,,,OPTIMAL,3365,1104,3.159,OPTIMAL,3365,3.405,1104,3365,4,frontEnd=two_of_two_high_sil;rasta=none;powspec=none;audspec=none;compJah=two_of_two_high_sil;rastaFilter=none;backEnd=same_cpu_doer_checker,True,True,True,2750,,,,True
e2_var,tok2,f_sw3,none,PFmax,TOTALCOST,,,OPTIMAL,3406,1198,2.216,OPTIMAL,3406,3.189,1104,3406,5,frontEnd=two_of_two_high_sil;rasta=none;powspec=none;audspec=none;compJah=two_of_two_high_sil;rastaFilter=none;backEnd=low_sil_diverse_doer_checker,True,True,True,2750,,,,True
e2_var,tok2,f_sw3,none,PFlight,TOTALCOST,,,OPTIMAL,4403,1079,3.295,OPTIMAL,4403,3.546,1079,4403,4,frontEnd=mixed_sil_doer_checker;rasta=none;powspec=none;audspec=none;compJah=mixed_sil_doer_checker;rastaFilter=none;backEnd=same_cpu_doer_checker,True,True,True,2750,,,,True
e2_var,tok2,f_sw3,none,PFcheap,TOTALCOST,,,OPTIMAL,3365,1104,3.185,OPTIMAL,3365,3.374,1104,3365,4,frontEnd=two_of_two_high_sil;rasta=none;powspec=none;audspec=none;compJah=two_of_two_high_sil;rastaFilter=none;backEnd=same_cpu_doer_checker,True,True,True,2750,,,,True
e2_var,tok2,f_sw3,1.00,joint,TOTALCOST,235,period_ub=235,OPTIMAL,3632,235,6.581,OPTIMAL,3632,8.155,235,3632,9,frontEnd=two_of_two_high_sil;rasta=none;powspec=none;audspec=none;compJah=two_of_two_high_sil;rastaFilter=none;backEnd=same_cpu_doer_checker,True,True,,235,,,,True
e2_var,tok2,f_sw3,1.00,PFmin,TOTALCOST,235,period_ub=235,OPTIMAL,3632,235,2.119,OPTIMAL,3632,2.372,235,3632,9,frontEnd=two_of_two_high_sil;rasta=none;powspec=none;audspec=none;compJah=two_of_two_high_sil;rastaFilter=none;backEnd=same_cpu_doer_checker,True,True,True,235,,,,True
e2_var,tok2,f_sw3,1.00,PFmax,TOTALCOST,235,period_ub=235,OPTIMAL,3670,235,2.343,OPTIMAL,3670,2.619,235,3670,10,frontEnd=two_of_two_high_sil;rasta=none;powspec=none;audspec=none;compJah=two_of_two_high_sil;rastaFilter=none;backEnd=low_sil_diverse_doer_checker,True,True,True,235,,,,True
e2_var,tok2,f_sw3,1.00,PFlight,TOTALCOST,235,period_ub=235,OPTIMAL,4665,235,2.704,OPTIMAL,4665,3.387,235,4665,9,frontEnd=mixed_sil_doer_checker;rasta=none;powspec=none;audspec=none;compJah=mixed_sil_doer_checker;rastaFilter=none;backEnd=same_cpu_doer_checker,True,True,True,235,,,,True
e2_var,tok2,f_sw3,1.00,PFcheap,TOTALCOST,235,period_ub=235,OPTIMAL,3632,235,2.09,OPTIMAL,3632,2.405,235,3632,9,frontEnd=two_of_two_high_sil;rasta=none;powspec=none;audspec=none;compJah=two_of_two_high_sil;rastaFilter=none;backEnd=same_cpu_doer_checker,True,True,True,235,,,,True
e2_var,tok2,f_sw3,1.10,joint,TOTALCOST,259,period_ub=259,OPTIMAL,3632,235,7.612,OPTIMAL,3632,6.287,235,3632,9,frontEnd=two_of_two_high_sil;rasta=none;powspec=none;audspec=none;compJah=two_of_two_high_sil;rastaFilter=none;backEnd=same_cpu_doer_checker,True,True,,259,,,,True
e2_var,tok2,f_sw3,1.10,PFmin,TOTALCOST,259,period_ub=259,OPTIMAL,3632,235,2.432,OPTIMAL,3632,2.585,235,3632,9,frontEnd=two_of_two_high_sil;rasta=none;powspec=none;audspec=none;compJah=two_of_two_high_sil;rastaFilter=none;backEnd=same_cpu_doer_checker,True,True,True,259,,,,True
e2_var,tok2,f_sw3,1.10,PFmax,TOTALCOST,259,period_ub=259,OPTIMAL,3670,235,2.532,OPTIMAL,3670,2.699,235,3670,10,frontEnd=two_of_two_high_sil;rasta=none;powspec=none;audspec=none;compJah=two_of_two_high_sil;rastaFilter=none;backEnd=low_sil_diverse_doer_checker,True,True,True,259,,,,True
e2_var,tok2,f_sw3,1.10,PFlight,TOTALCOST,259,period_ub=259,OPTIMAL,4665,235,2.928,OPTIMAL,4665,3.826,235,4665,9,frontEnd=mixed_sil_doer_checker;rasta=none;powspec=none;audspec=none;compJah=mixed_sil_doer_checker;rastaFilter=none;backEnd=same_cpu_doer_checker,True,True,True,259,,,,True
e2_var,tok2,f_sw3,1.10,PFcheap,TOTALCOST,259,period_ub=259,OPTIMAL,3632,235,2.191,OPTIMAL,3632,2.557,235,3632,9,frontEnd=two_of_two_high_sil;rasta=none;powspec=none;audspec=none;compJah=two_of_two_high_sil;rastaFilter=none;backEnd=same_cpu_doer_checker,True,True,True,259,,,,True
e2_var,tok2,f_sw3,1.25,joint,TOTALCOST,294,period_ub=294,OPTIMAL,3505,282,6.566,OPTIMAL,3505,8.921,282,3505,9,frontEnd=two_of_two_high_sil;rasta=none;powspec=none;audspec=none;compJah=two_of_two_high_sil;rastaFilter=none;backEnd=same_cpu_doer_checker,True,True,,294,,,,True
e2_var,tok2,f_sw3,1.25,PFmin,TOTALCOST,294,period_ub=294,OPTIMAL,3505,282,2.766,OPTIMAL,3505,3.037,282,3505,9,frontEnd=two_of_two_high_sil;rasta=none;powspec=none;audspec=none;compJah=two_of_two_high_sil;rastaFilter=none;backEnd=same_cpu_doer_checker,True,True,True,294,,,,True
e2_var,tok2,f_sw3,1.25,PFmax,TOTALCOST,294,period_ub=294,OPTIMAL,3662,266,3.47,OPTIMAL,3662,3.855,266,3662,9,frontEnd=two_of_two_high_sil;rasta=none;powspec=none;audspec=none;compJah=two_of_two_high_sil;rastaFilter=none;backEnd=low_sil_diverse_doer_checker,True,True,True,294,,,,True
e2_var,tok2,f_sw3,1.25,PFlight,TOTALCOST,294,period_ub=294,OPTIMAL,4499,288,3.413,OPTIMAL,4499,4.316,293,4499,7,frontEnd=mixed_sil_doer_checker;rasta=none;powspec=none;audspec=none;compJah=mixed_sil_doer_checker;rastaFilter=none;backEnd=same_cpu_doer_checker,True,True,True,294,,,,True
e2_var,tok2,f_sw3,1.25,PFcheap,TOTALCOST,294,period_ub=294,OPTIMAL,3505,282,2.766,OPTIMAL,3505,3.037,282,3505,9,frontEnd=two_of_two_high_sil;rasta=none;powspec=none;audspec=none;compJah=two_of_two_high_sil;rastaFilter=none;backEnd=same_cpu_doer_checker,True,True,True,294,,,,True
e2_var,tok2,f_sw3,1.50,joint,TOTALCOST,353,period_ub=353,OPTIMAL,3429,322,6.149,OPTIMAL,3429,8.185,322,3429,7,frontEnd=two_of_two_high_sil;rasta=none;powspec=none;audspec=none;compJah=two_of_two_high_sil;rastaFilter=none;backEnd=same_cpu_doer_checker,True,True,,353,,,,True
e2_var,tok2,f_sw3,1.50,PFmin,TOTALCOST,353,period_ub=353,OPTIMAL,3429,322,3.006,OPTIMAL,3429,3.376,322,3429,7,frontEnd=two_of_two_high_sil;rasta=none;powspec=none;audspec=none;compJah=two_of_two_high_sil;rastaFilter=none;backEnd=same_cpu_doer_checker,True,True,True,353,,,,True
e2_var,tok2,f_sw3,1.50,PFmax,TOTALCOST,353,period_ub=353,OPTIMAL,3470,322,3.298,OPTIMAL,3470,3.432,322,3470,8,frontEnd=two_of_two_high_sil;rasta=none;powspec=none;audspec=none;compJah=two_of_two_high_sil;rastaFilter=none;backEnd=low_sil_diverse_doer_checker,True,True,True,353,,,,True
e2_var,tok2,f_sw3,1.50,PFlight,TOTALCOST,353,period_ub=353,OPTIMAL,4462,340,3.291,OPTIMAL,4462,3.903,326,4462,7,frontEnd=mixed_sil_doer_checker;rasta=none;powspec=none;audspec=none;compJah=mixed_sil_doer_checker;rastaFilter=none;backEnd=same_cpu_doer_checker,True,True,True,353,,,,True
e2_var,tok2,f_sw3,1.50,PFcheap,TOTALCOST,353,period_ub=353,OPTIMAL,3429,322,2.957,OPTIMAL,3429,3.337,322,3429,7,frontEnd=two_of_two_high_sil;rasta=none;powspec=none;audspec=none;compJah=two_of_two_high_sil;rastaFilter=none;backEnd=same_cpu_doer_checker,True,True,True,353,,,,True
e2_var,tok2,f_sw3,2.00,joint,TOTALCOST,470,period_ub=470,OPTIMAL,3416,449,6.644,OPTIMAL,3416,9.16,449,3416,6,frontEnd=two_of_two_high_sil;rasta=none;powspec=none;audspec=none;compJah=two_of_two_high_sil;rastaFilter=none;backEnd=same_cpu_doer_checker,True,True,,470,,,,True
e2_var,tok2,f_sw3,2.00,PFmin,TOTALCOST,470,period_ub=470,OPTIMAL,3416,449,3.331,OPTIMAL,3416,4.003,449,3416,6,frontEnd=two_of_two_high_sil;rasta=none;powspec=none;audspec=none;compJah=two_of_two_high_sil;rastaFilter=none;backEnd=same_cpu_doer_checker,True,True,True,470,,,,True
e2_var,tok2,f_sw3,2.00,PFmax,TOTALCOST,470,period_ub=470,OPTIMAL,3462,449,3.089,OPTIMAL,3462,4.393,449,3462,7,frontEnd=two_of_two_high_sil;rasta=none;powspec=none;audspec=none;compJah=two_of_two_high_sil;rastaFilter=none;backEnd=low_sil_diverse_doer_checker,True,True,True,470,,,,True
e2_var,tok2,f_sw3,2.00,PFlight,TOTALCOST,470,period_ub=470,OPTIMAL,4454,459,3.675,OPTIMAL,4454,4.338,449,4454,6,frontEnd=mixed_sil_doer_checker;rasta=none;powspec=none;audspec=none;compJah=mixed_sil_doer_checker;rastaFilter=none;backEnd=same_cpu_doer_checker,True,True,True,470,,,,True
e2_var,tok2,f_sw3,2.00,PFcheap,TOTALCOST,470,period_ub=470,OPTIMAL,3416,449,3.462,OPTIMAL,3416,3.509,449,3416,6,frontEnd=two_of_two_high_sil;rasta=none;powspec=none;audspec=none;compJah=two_of_two_high_sil;rastaFilter=none;backEnd=same_cpu_doer_checker,True,True,True,470,,,,True
e2_var,tok2,f_both3,-,min_period,THROUGHPUT,,,OPTIMAL,235,235,5.478,OPTIMAL,235,4.549,235,9352,14,frontEnd=mixed_sil_doer_checker;rasta=low_sil_diverse_doer_checker;powspec=low_sil_diverse_doer_checker;audspec=low_sil_diverse_doer_checker;compJah=mixed_sil_doer_checker;rastaFilter=low_sil_diverse_doer_checker;backEnd=low_sil_diverse_doer_checker,True,,,235,,,,True
e2_var,tok2,f_both3,none,joint,TOTALCOST,,,OPTIMAL,3406,1198,5.091,OPTIMAL,3406,5.6,1126,3406,5,frontEnd=two_of_two_high_sil;rasta=none;powspec=none;audspec=none;compJah=two_of_two_high_sil;rastaFilter=none;backEnd=low_sil_diverse_doer_checker,True,True,,2750,,,,True
e2_var,tok2,f_both3,none,PFmin,TOTALCOST,,,OPTIMAL,3406,1079,3.271,OPTIMAL,3406,3.546,1104,3406,5,frontEnd=two_of_two_high_sil;rasta=none;powspec=none;audspec=none;compJah=two_of_two_high_sil;rastaFilter=none;backEnd=low_sil_diverse_doer_checker,True,True,True,2750,,,,True
e2_var,tok2,f_both3,none,PFmax,TOTALCOST,,,OPTIMAL,3406,1126,3.183,OPTIMAL,3406,3.374,1079,3406,5,frontEnd=two_of_two_high_sil;rasta=none;powspec=none;audspec=none;compJah=two_of_two_high_sil;rastaFilter=none;backEnd=low_sil_diverse_doer_checker,True,True,True,2750,,,,True
e2_var,tok2,f_both3,none,PFlight,TOTALCOST,,,OPTIMAL,4444,1104,3.331,OPTIMAL,4444,3.45,1104,4444,5,frontEnd=mixed_sil_doer_checker;rasta=none;powspec=none;audspec=none;compJah=mixed_sil_doer_checker;rastaFilter=none;backEnd=low_sil_diverse_doer_checker,True,True,True,2750,,,,True
e2_var,tok2,f_both3,none,PFcheap,TOTALCOST,,,OPTIMAL,3406,1079,3.202,OPTIMAL,3406,3.101,1105,3406,5,frontEnd=two_of_two_high_sil;rasta=none;powspec=none;audspec=none;compJah=two_of_two_high_sil;rastaFilter=none;backEnd=low_sil_diverse_doer_checker,True,True,True,2750,,,,True
e2_var,tok2,f_both3,1.00,joint,TOTALCOST,235,period_ub=235,OPTIMAL,3670,235,6.25,OPTIMAL,3670,6.819,235,3670,10,frontEnd=two_of_two_high_sil;rasta=none;powspec=none;audspec=none;compJah=two_of_two_high_sil;rastaFilter=none;backEnd=low_sil_diverse_doer_checker,True,True,,235,,,,True
e2_var,tok2,f_both3,1.00,PFmin,TOTALCOST,235,period_ub=235,OPTIMAL,3670,235,2.322,OPTIMAL,3670,2.769,235,3670,10,frontEnd=two_of_two_high_sil;rasta=none;powspec=none;audspec=none;compJah=two_of_two_high_sil;rastaFilter=none;backEnd=low_sil_diverse_doer_checker,True,True,True,235,,,,True
e2_var,tok2,f_both3,1.00,PFmax,TOTALCOST,235,period_ub=235,OPTIMAL,3670,235,2.313,OPTIMAL,3670,2.907,235,3670,10,frontEnd=two_of_two_high_sil;rasta=none;powspec=none;audspec=none;compJah=two_of_two_high_sil;rastaFilter=none;backEnd=low_sil_diverse_doer_checker,True,True,True,235,,,,True
e2_var,tok2,f_both3,1.00,PFlight,TOTALCOST,235,period_ub=235,OPTIMAL,4708,235,2.897,OPTIMAL,4708,3.442,235,4708,10,frontEnd=mixed_sil_doer_checker;rasta=none;powspec=none;audspec=none;compJah=mixed_sil_doer_checker;rastaFilter=none;backEnd=low_sil_diverse_doer_checker,True,True,True,235,,,,True
e2_var,tok2,f_both3,1.00,PFcheap,TOTALCOST,235,period_ub=235,OPTIMAL,3670,235,2.336,OPTIMAL,3670,3.045,235,3670,10,frontEnd=two_of_two_high_sil;rasta=none;powspec=none;audspec=none;compJah=two_of_two_high_sil;rastaFilter=none;backEnd=low_sil_diverse_doer_checker,True,True,True,235,,,,True
e2_var,tok2,f_both3,1.10,joint,TOTALCOST,259,period_ub=259,OPTIMAL,3670,235,6.725,OPTIMAL,3670,6.212,235,3670,10,frontEnd=two_of_two_high_sil;rasta=none;powspec=none;audspec=none;compJah=two_of_two_high_sil;rastaFilter=none;backEnd=low_sil_diverse_doer_checker,True,True,,259,,,,True
e2_var,tok2,f_both3,1.10,PFmin,TOTALCOST,259,period_ub=259,OPTIMAL,3670,235,2.462,OPTIMAL,3670,2.878,235,3670,10,frontEnd=two_of_two_high_sil;rasta=none;powspec=none;audspec=none;compJah=two_of_two_high_sil;rastaFilter=none;backEnd=low_sil_diverse_doer_checker,True,True,True,259,,,,True
e2_var,tok2,f_both3,1.10,PFmax,TOTALCOST,259,period_ub=259,OPTIMAL,3670,235,2.477,OPTIMAL,3670,3.016,235,3670,10,frontEnd=two_of_two_high_sil;rasta=none;powspec=none;audspec=none;compJah=two_of_two_high_sil;rastaFilter=none;backEnd=low_sil_diverse_doer_checker,True,True,True,259,,,,True
e2_var,tok2,f_both3,1.10,PFlight,TOTALCOST,259,period_ub=259,OPTIMAL,4708,254,2.934,OPTIMAL,4708,3.579,254,4708,10,frontEnd=mixed_sil_doer_checker;rasta=none;powspec=none;audspec=none;compJah=mixed_sil_doer_checker;rastaFilter=none;backEnd=low_sil_diverse_doer_checker,True,True,True,259,,,,True
e2_var,tok2,f_both3,1.10,PFcheap,TOTALCOST,259,period_ub=259,OPTIMAL,3670,235,2.46,OPTIMAL,3670,2.845,235,3670,10,frontEnd=two_of_two_high_sil;rasta=none;powspec=none;audspec=none;compJah=two_of_two_high_sil;rastaFilter=none;backEnd=low_sil_diverse_doer_checker,True,True,True,259,,,,True
e2_var,tok2,f_both3,1.25,joint,TOTALCOST,294,period_ub=294,OPTIMAL,3662,266,8.597,OPTIMAL,3662,8.923,266,3662,9,frontEnd=two_of_two_high_sil;rasta=none;powspec=none;audspec=none;compJah=two_of_two_high_sil;rastaFilter=none;backEnd=low_sil_diverse_doer_checker,True,True,,294,,,,True
e2_var,tok2,f_both3,1.25,PFmin,TOTALCOST,294,period_ub=294,OPTIMAL,3662,266,3.201,OPTIMAL,3662,3.63,266,3662,9,frontEnd=two_of_two_high_sil;rasta=none;powspec=none;audspec=none;compJah=two_of_two_high_sil;rastaFilter=none;backEnd=low_sil_diverse_doer_checker,True,True,True,294,,,,True
e2_var,tok2,f_both3,1.25,PFmax,TOTALCOST,294,period_ub=294,OPTIMAL,3662,266,3.293,OPTIMAL,3662,4.626,266,3662,9,frontEnd=two_of_two_high_sil;rasta=none;powspec=none;audspec=none;compJah=two_of_two_high_sil;rastaFilter=none;backEnd=low_sil_diverse_doer_checker,True,True,True,294,,,,True
e2_var,tok2,f_both3,1.25,PFlight,TOTALCOST,294,period_ub=294,OPTIMAL,4547,294,3.806,OPTIMAL,4547,3.961,294,4547,9,frontEnd=mixed_sil_doer_checker;rasta=none;powspec=none;audspec=none;compJah=mixed_sil_doer_checker;rastaFilter=none;backEnd=low_sil_diverse_doer_checker,True,True,True,294,,,,True
e2_var,tok2,f_both3,1.25,PFcheap,TOTALCOST,294,period_ub=294,OPTIMAL,3662,266,3.194,OPTIMAL,3662,3.656,266,3662,9,frontEnd=two_of_two_high_sil;rasta=none;powspec=none;audspec=none;compJah=two_of_two_high_sil;rastaFilter=none;backEnd=low_sil_diverse_doer_checker,True,True,True,294,,,,True
e2_var,tok2,f_both3,1.50,joint,TOTALCOST,353,period_ub=353,OPTIMAL,3470,322,7.545,OPTIMAL,3470,8.602,322,3470,8,frontEnd=two_of_two_high_sil;rasta=none;powspec=none;audspec=none;compJah=two_of_two_high_sil;rastaFilter=none;backEnd=low_sil_diverse_doer_checker,True,True,,353,,,,True
e2_var,tok2,f_both3,1.50,PFmin,TOTALCOST,353,period_ub=353,OPTIMAL,3470,322,3.33,OPTIMAL,3470,3.595,322,3470,8,frontEnd=two_of_two_high_sil;rasta=none;powspec=none;audspec=none;compJah=two_of_two_high_sil;rastaFilter=none;backEnd=low_sil_diverse_doer_checker,True,True,True,353,,,,True
e2_var,tok2,f_both3,1.50,PFmax,TOTALCOST,353,period_ub=353,OPTIMAL,3470,322,3.247,OPTIMAL,3470,3.635,322,3470,8,frontEnd=two_of_two_high_sil;rasta=none;powspec=none;audspec=none;compJah=two_of_two_high_sil;rastaFilter=none;backEnd=low_sil_diverse_doer_checker,True,True,True,353,,,,True
e2_var,tok2,f_both3,1.50,PFlight,TOTALCOST,353,period_ub=353,OPTIMAL,4508,319,3.552,OPTIMAL,4508,4.459,348,4508,8,frontEnd=mixed_sil_doer_checker;rasta=none;powspec=none;audspec=none;compJah=mixed_sil_doer_checker;rastaFilter=none;backEnd=low_sil_diverse_doer_checker,True,True,True,353,,,,True
e2_var,tok2,f_both3,1.50,PFcheap,TOTALCOST,353,period_ub=353,OPTIMAL,3470,322,3.25,OPTIMAL,3470,3.668,322,3470,8,frontEnd=two_of_two_high_sil;rasta=none;powspec=none;audspec=none;compJah=two_of_two_high_sil;rastaFilter=none;backEnd=low_sil_diverse_doer_checker,True,True,True,353,,,,True
e2_var,tok2,f_both3,2.00,joint,TOTALCOST,470,period_ub=470,OPTIMAL,3462,449,8.123,OPTIMAL,3462,12.364,449,3462,7,frontEnd=two_of_two_high_sil;rasta=none;powspec=none;audspec=none;compJah=two_of_two_high_sil;rastaFilter=none;backEnd=low_sil_diverse_doer_checker,True,True,,470,,,,True
e2_var,tok2,f_both3,2.00,PFmin,TOTALCOST,470,period_ub=470,OPTIMAL,3462,449,3.605,OPTIMAL,3462,4.428,449,3462,7,frontEnd=two_of_two_high_sil;rasta=none;powspec=none;audspec=none;compJah=two_of_two_high_sil;rastaFilter=none;backEnd=low_sil_diverse_doer_checker,True,True,True,470,,,,True
e2_var,tok2,f_both3,2.00,PFmax,TOTALCOST,470,period_ub=470,OPTIMAL,3462,449,3.643,OPTIMAL,3462,4.871,449,3462,7,frontEnd=two_of_two_high_sil;rasta=none;powspec=none;audspec=none;compJah=two_of_two_high_sil;rastaFilter=none;backEnd=low_sil_diverse_doer_checker,True,True,True,470,,,,True
e2_var,tok2,f_both3,2.00,PFlight,TOTALCOST,470,period_ub=470,OPTIMAL,4500,449,3.742,OPTIMAL,4500,4.098,449,4500,7,frontEnd=mixed_sil_doer_checker;rasta=none;powspec=none;audspec=none;compJah=mixed_sil_doer_checker;rastaFilter=none;backEnd=low_sil_diverse_doer_checker,True,True,True,470,,,,True
e2_var,tok2,f_both3,2.00,PFcheap,TOTALCOST,470,period_ub=470,OPTIMAL,3462,449,3.617,OPTIMAL,3462,4.578,449,3462,7,frontEnd=two_of_two_high_sil;rasta=none;powspec=none;audspec=none;compJah=two_of_two_high_sil;rastaFilter=none;backEnd=low_sil_diverse_doer_checker,True,True,True,470,,,,True
e2_var,tok2,c_pat,-,min_period,THROUGHPUT,,,OPTIMAL,235,235,22.567,OPTIMAL,235,30.089,235,7074,9,frontEnd=high_sil_isolated_checker;rasta=one_of_two_failover;powspec=low_sil_diverse_doer_checker;audspec=none;compJah=high_sil_isolated_checker;rastaFilter=low_sil_diverse_doer_checker;backEnd=low_sil_doer_checker,True,,,235,,,,True
e2_var,tok2,c_pat,none,joint,TOTALCOST,,,OPTIMAL,3349,1137,16.573,OPTIMAL,3349,17.631,1137,3349,5,frontEnd=two_of_two_high_sil;rasta=none;powspec=none;audspec=none;compJah=high_sil_isolated_checker;rastaFilter=none;backEnd=low_sil_doer_checker,True,True,,1528,,,,True
e2_var,tok2,c_pat,none,PFmin,TOTALCOST,,,OPTIMAL,3349,1282,11.58,OPTIMAL,3349,11.73,1189,3349,5,frontEnd=two_of_two_high_sil;rasta=none;powspec=none;audspec=none;compJah=two_of_two_high_sil;rastaFilter=none;backEnd=low_sil_doer_checker,True,True,True,1189,,,,True
e2_var,tok2,c_pat,none,PFmax,TOTALCOST,,,OPTIMAL,3374,1240,11.788,OPTIMAL,3374,12.075,1137,3374,5,frontEnd=two_of_two_high_sil;rasta=none;powspec=none;audspec=none;compJah=two_of_two_high_sil;rastaFilter=none;backEnd=low_sil_diverse_doer_checker,True,True,True,1137,,,,True
e2_var,tok2,c_pat,none,PFlight,TOTALCOST,,,OPTIMAL,3349,1188,12.008,OPTIMAL,3349,11.934,1239,3349,5,frontEnd=high_sil_isolated_checker;rasta=none;powspec=none;audspec=none;compJah=high_sil_isolated_checker;rastaFilter=none;backEnd=low_sil_doer_checker,True,True,True,2158,,,,True
e2_var,tok2,c_pat,none,PFcheap,TOTALCOST,,,OPTIMAL,3349,1239,11.758,OPTIMAL,3349,11.634,1137,3349,5,frontEnd=high_sil_isolated_checker;rasta=none;powspec=none;audspec=none;compJah=high_sil_isolated_checker;rastaFilter=none;backEnd=low_sil_doer_checker,True,True,True,1368,,,,True
e2_var,tok2,c_pat,1.00,joint,TOTALCOST,235,period_ub=235,OPTIMAL,3633,235,15.643,OPTIMAL,3633,41.434,235,3633,10,frontEnd=two_of_two_high_sil;rasta=none;powspec=none;audspec=none;compJah=two_of_two_high_sil;rastaFilter=none;backEnd=low_sil_doer_checker,True,True,,235,,,,True
e2_var,tok2,c_pat,1.00,PFmin,TOTALCOST,235,period_ub=235,OPTIMAL,3633,235,6.258,OPTIMAL,3633,7.782,235,3633,10,frontEnd=two_of_two_high_sil;rasta=none;powspec=none;audspec=none;compJah=two_of_two_high_sil;rastaFilter=none;backEnd=low_sil_doer_checker,True,True,True,235,,,,True
e2_var,tok2,c_pat,1.00,PFmax,TOTALCOST,235,period_ub=235,OPTIMAL,3633,235,6.102,OPTIMAL,3633,7.328,235,3633,10,frontEnd=two_of_two_high_sil;rasta=none;powspec=none;audspec=none;compJah=two_of_two_high_sil;rastaFilter=none;backEnd=low_sil_diverse_doer_checker,True,True,True,235,,,,True
e2_var,tok2,c_pat,1.00,PFlight,TOTALCOST,235,period_ub=235,OPTIMAL,3633,235,6.212,OPTIMAL,3633,11.941,235,3633,10,frontEnd=high_sil_isolated_checker;rasta=none;powspec=none;audspec=none;compJah=high_sil_isolated_checker;rastaFilter=none;backEnd=low_sil_doer_checker,True,True,True,235,,,,True
e2_var,tok2,c_pat,1.00,PFcheap,TOTALCOST,235,period_ub=235,OPTIMAL,3633,235,6.246,OPTIMAL,3633,10.216,235,3633,10,frontEnd=high_sil_isolated_checker;rasta=none;powspec=none;audspec=none;compJah=high_sil_isolated_checker;rastaFilter=none;backEnd=low_sil_doer_checker,True,True,True,235,,,,True
e2_var,tok2,c_pat,1.10,joint,TOTALCOST,259,period_ub=259,OPTIMAL,3633,251,21.491,OPTIMAL,3633,68.719,250,3633,10,frontEnd=two_of_two_high_sil;rasta=none;powspec=none;audspec=none;compJah=high_sil_isolated_checker;rastaFilter=none;backEnd=low_sil_doer_checker,True,True,,259,,,,True
e2_var,tok2,c_pat,1.10,PFmin,TOTALCOST,259,period_ub=259,OPTIMAL,3633,235,10.068,OPTIMAL,3633,12.821,251,3633,10,frontEnd=two_of_two_high_sil;rasta=none;powspec=none;audspec=none;compJah=two_of_two_high_sil;rastaFilter=none;backEnd=low_sil_doer_checker,True,True,True,259,,,,True
e2_var,tok2,c_pat,1.10,PFmax,TOTALCOST,259,period_ub=259,OPTIMAL,3633,235,10.143,OPTIMAL,3633,12.519,251,3633,10,frontEnd=two_of_two_high_sil;rasta=none;powspec=none;audspec=none;compJah=two_of_two_high_sil;rastaFilter=none;backEnd=low_sil_diverse_doer_checker,True,True,True,259,,,,True
e2_var,tok2,c_pat,1.10,PFlight,TOTALCOST,259,period_ub=259,OPTIMAL,3633,251,11.199,OPTIMAL,3633,14.624,250,3633,10,frontEnd=high_sil_isolated_checker;rasta=none;powspec=none;audspec=none;compJah=high_sil_isolated_checker;rastaFilter=none;backEnd=low_sil_doer_checker,True,True,True,259,,,,True
e2_var,tok2,c_pat,1.10,PFcheap,TOTALCOST,259,period_ub=259,OPTIMAL,3633,235,10.952,OPTIMAL,3633,17.824,248,3633,10,frontEnd=high_sil_isolated_checker;rasta=none;powspec=none;audspec=none;compJah=high_sil_isolated_checker;rastaFilter=none;backEnd=low_sil_doer_checker,True,True,True,259,,,,True
e2_var,tok2,c_pat,1.25,joint,TOTALCOST,294,period_ub=294,OPTIMAL,3440,293,21.241,OPTIMAL,3440,45.209,293,3440,8,frontEnd=high_sil_isolated_checker;rasta=none;powspec=none;audspec=none;compJah=high_sil_isolated_checker;rastaFilter=none;backEnd=low_sil_doer_checker,True,True,,294,,,,True
e2_var,tok2,c_pat,1.25,PFmin,TOTALCOST,294,period_ub=294,OPTIMAL,3484,282,11.388,OPTIMAL,3484,11.753,282,3484,10,frontEnd=two_of_two_high_sil;rasta=none;powspec=none;audspec=none;compJah=two_of_two_high_sil;rastaFilter=none;backEnd=low_sil_doer_checker,True,True,True,282,,,,True
e2_var,tok2,c_pat,1.25,PFmax,TOTALCOST,294,period_ub=294,OPTIMAL,3484,282,12.532,OPTIMAL,3484,13.515,282,3484,10,frontEnd=two_of_two_high_sil;rasta=none;powspec=none;audspec=none;compJah=two_of_two_high_sil;rastaFilter=none;backEnd=low_sil_diverse_doer_checker,True,True,True,282,,,,True
e2_var,tok2,c_pat,1.25,PFlight,TOTALCOST,294,period_ub=294,OPTIMAL,3440,293,11.311,OPTIMAL,3440,23.35,293,3440,8,frontEnd=high_sil_isolated_checker;rasta=none;powspec=none;audspec=none;compJah=high_sil_isolated_checker;rastaFilter=none;backEnd=low_sil_doer_checker,True,True,True,293,,,,True
e2_var,tok2,c_pat,1.25,PFcheap,TOTALCOST,294,period_ub=294,OPTIMAL,3440,293,11.399,OPTIMAL,3440,19.712,293,3440,8,frontEnd=high_sil_isolated_checker;rasta=none;powspec=none;audspec=none;compJah=high_sil_isolated_checker;rastaFilter=none;backEnd=low_sil_doer_checker,True,True,True,293,,,,True
e2_var,tok2,c_pat,1.50,joint,TOTALCOST,353,period_ub=353,OPTIMAL,3433,351,37.703,SAT,3433,300.497,319,3433,8,frontEnd=high_sil_isolated_checker;rasta=none;powspec=none;audspec=none;compJah=high_sil_isolated_checker;rastaFilter=none;backEnd=low_sil_doer_checker,True,True,,352,,,,
e2_var,tok2,c_pat,1.50,PFmin,TOTALCOST,353,period_ub=353,OPTIMAL,3433,350,12.339,OPTIMAL,3433,32.654,350,3433,8,frontEnd=two_of_two_high_sil;rasta=none;powspec=none;audspec=none;compJah=two_of_two_high_sil;rastaFilter=none;backEnd=low_sil_doer_checker,True,True,True,350,,,,True
e2_var,tok2,c_pat,1.50,PFmax,TOTALCOST,353,period_ub=353,OPTIMAL,3433,350,13.289,OPTIMAL,3433,28.538,350,3433,8,frontEnd=two_of_two_high_sil;rasta=none;powspec=none;audspec=none;compJah=two_of_two_high_sil;rastaFilter=none;backEnd=low_sil_diverse_doer_checker,True,True,True,350,,,,True
e2_var,tok2,c_pat,1.50,PFlight,TOTALCOST,353,period_ub=353,OPTIMAL,3433,340,13.304,SAT,3433,300.464,334,3433,8,frontEnd=high_sil_isolated_checker;rasta=none;powspec=none;audspec=none;compJah=high_sil_isolated_checker;rastaFilter=none;backEnd=low_sil_doer_checker,True,True,True,352,,,,
e2_var,tok2,c_pat,1.50,PFcheap,TOTALCOST,353,period_ub=353,OPTIMAL,3433,334,13.427,SAT,3433,300.479,334,3433,8,frontEnd=high_sil_isolated_checker;rasta=none;powspec=none;audspec=none;compJah=high_sil_isolated_checker;rastaFilter=none;backEnd=low_sil_doer_checker,True,True,True,353,,,,
e2_var,tok2,c_pat,2.00,joint,TOTALCOST,470,period_ub=470,OPTIMAL,3400,449,33.738,SAT,3400,300.507,449,3400,7,frontEnd=two_of_two_high_sil;rasta=none;powspec=none;audspec=none;compJah=two_of_two_high_sil;rastaFilter=none;backEnd=low_sil_doer_checker,True,True,,470,,,,
e2_var,tok2,c_pat,2.00,PFmin,TOTALCOST,470,period_ub=470,OPTIMAL,3400,449,12.871,OPTIMAL,3400,179.575,449,3400,7,frontEnd=two_of_two_high_sil;rasta=none;powspec=none;audspec=none;compJah=two_of_two_high_sil;rastaFilter=none;backEnd=low_sil_doer_checker,True,True,True,470,,,,True
e2_var,tok2,c_pat,2.00,PFmax,TOTALCOST,470,period_ub=470,OPTIMAL,3425,449,19.952,OPTIMAL,3425,129.7,449,3425,7,frontEnd=two_of_two_high_sil;rasta=none;powspec=none;audspec=none;compJah=two_of_two_high_sil;rastaFilter=none;backEnd=low_sil_diverse_doer_checker,True,True,True,470,,,,True
e2_var,tok2,c_pat,2.00,PFlight,TOTALCOST,470,period_ub=470,OPTIMAL,3400,449,12.442,OPTIMAL,3400,217.646,456,3400,7,frontEnd=high_sil_isolated_checker;rasta=none;powspec=none;audspec=none;compJah=high_sil_isolated_checker;rastaFilter=none;backEnd=low_sil_doer_checker,True,True,True,470,,,,True
e2_var,tok2,c_pat,2.00,PFcheap,TOTALCOST,470,period_ub=470,OPTIMAL,3400,449,12.953,OPTIMAL,3400,283.931,449,3400,7,frontEnd=high_sil_isolated_checker;rasta=none;powspec=none;audspec=none;compJah=high_sil_isolated_checker;rastaFilter=none;backEnd=low_sil_doer_checker,True,True,True,470,,,,True
e2_var,tok2,pc_sobel,-,min_period,THROUGHPUT,100000,,OPTIMAL,256,256,3.134,OPTIMAL,256,3.387,256,4848,5,get_pixel=two_of_two_high_sil;gx=none;gy=one_of_two_failover;abs=one_of_two_failover,True,,,256,,,,True
e2_var,tok2,pc_sobel,none,joint,TOTALCOST,100000,,OPTIMAL,1401,393,3.3,OPTIMAL,1401,3.484,393,1401,3,get_pixel=high_sil_isolated_checker;gx=none;gy=none;abs=none,True,True,,959,,,,True
e2_var,tok2,pc_sobel,none,PFmin,TOTALCOST,100000,,OPTIMAL,1401,393,2.214,OPTIMAL,1401,2.332,384,1401,3,get_pixel=two_of_two_high_sil;gx=none;gy=none;abs=none,True,True,True,384,,,,True
e2_var,tok2,pc_sobel,none,PFmax,TOTALCOST,100000,,OPTIMAL,1401,393,2.189,OPTIMAL,1401,2.616,393,1401,3,get_pixel=two_of_two_high_sil;gx=none;gy=none;abs=none,True,True,True,393,,,,True
e2_var,tok2,pc_sobel,none,PFlight,TOTALCOST,100000,,OPTIMAL,1401,393,2.249,OPTIMAL,1401,2.69,393,1401,3,get_pixel=high_sil_isolated_checker;gx=none;gy=none;abs=none,True,True,True,735,,,,True
e2_var,tok2,pc_sobel,none,PFcheap,TOTALCOST,100000,,OPTIMAL,1401,393,2.291,OPTIMAL,1401,2.385,384,1401,3,get_pixel=high_sil_isolated_checker;gx=none;gy=none;abs=none,True,True,True,384,,,,True
e2_var,tok2,pc_sobel,1.00,joint,TOTALCOST,256,period_ub=256,OPTIMAL,1409,256,2.308,OPTIMAL,1409,2.701,256,1409,3,get_pixel=high_sil_isolated_checker;gx=none;gy=none;abs=none,True,True,,256,,,,True
e2_var,tok2,pc_sobel,1.00,PFmin,TOTALCOST,256,period_ub=256,OPTIMAL,1413,256,1.457,OPTIMAL,1413,1.685,256,1413,3,get_pixel=two_of_two_high_sil;gx=none;gy=none;abs=none,True,True,True,256,,,,True
e2_var,tok2,pc_sobel,1.00,PFmax,TOTALCOST,256,period_ub=256,OPTIMAL,1413,256,1.496,OPTIMAL,1413,1.679,256,1413,3,get_pixel=two_of_two_high_sil;gx=none;gy=none;abs=none,True,True,True,256,,,,True
e2_var,tok2,pc_sobel,1.00,PFlight,TOTALCOST,256,period_ub=256,OPTIMAL,1409,256,1.54,OPTIMAL,1409,1.659,256,1409,3,get_pixel=high_sil_isolated_checker;gx=none;gy=none;abs=none,True,True,True,256,,,,True
e2_var,tok2,pc_sobel,1.00,PFcheap,TOTALCOST,256,period_ub=256,OPTIMAL,1409,256,1.543,OPTIMAL,1409,1.711,256,1409,3,get_pixel=high_sil_isolated_checker;gx=none;gy=none;abs=none,True,True,True,256,,,,True
e2_var,tok2,pc_sobel,1.10,joint,TOTALCOST,282,period_ub=282,OPTIMAL,1407,277,3.189,OPTIMAL,1407,3.332,277,1407,3,get_pixel=high_sil_isolated_checker;gx=none;gy=none;abs=none,True,True,,277,,,,True
e2_var,tok2,pc_sobel,1.10,PFmin,TOTALCOST,282,period_ub=282,OPTIMAL,1411,277,2.049,OPTIMAL,1411,2.098,277,1411,3,get_pixel=two_of_two_high_sil;gx=none;gy=none;abs=none,True,True,True,277,,,,True
e2_var,tok2,pc_sobel,1.10,PFmax,TOTALCOST,282,period_ub=282,OPTIMAL,1411,277,2.048,OPTIMAL,1411,2.038,277,1411,3,get_pixel=two_of_two_high_sil;gx=none;gy=none;abs=none,True,True,True,277,,,,True
e2_var,tok2,pc_sobel,1.10,PFlight,TOTALCOST,282,period_ub=282,OPTIMAL,1407,277,2.12,OPTIMAL,1407,2.128,277,1407,3,get_pixel=high_sil_isolated_checker;gx=none;gy=none;abs=none,True,True,True,277,,,,True
e2_var,tok2,pc_sobel,1.10,PFcheap,TOTALCOST,282,period_ub=282,OPTIMAL,1407,277,2.156,OPTIMAL,1407,2.183,277,1407,3,get_pixel=high_sil_isolated_checker;gx=none;gy=none;abs=none,True,True,True,277,,,,True
e2_var,tok2,pc_sobel,1.25,joint,TOTALCOST,320,period_ub=320,OPTIMAL,1405,320,3.873,OPTIMAL,1405,3.981,320,1405,3,get_pixel=high_sil_isolated_checker;gx=none;gy=none;abs=none,True,True,,320,,,,True
e2_var,tok2,pc_sobel,1.25,PFmin,TOTALCOST,320,period_ub=320,OPTIMAL,1407,320,2.737,OPTIMAL,1407,2.563,320,1407,3,get_pixel=two_of_two_high_sil;gx=none;gy=none;abs=none,True,True,True,320,,,,True
e2_var,tok2,pc_sobel,1.25,PFmax,TOTALCOST,320,period_ub=320,OPTIMAL,1407,320,2.754,OPTIMAL,1407,2.63,320,1407,3,get_pixel=two_of_two_high_sil;gx=none;gy=none;abs=none,True,True,True,320,,,,True
e2_var,tok2,pc_sobel,1.25,PFlight,TOTALCOST,320,period_ub=320,OPTIMAL,1405,320,2.782,OPTIMAL,1405,2.895,320,1405,3,get_pixel=high_sil_isolated_checker;gx=none;gy=none;abs=none,True,True,True,320,,,,True
e2_var,tok2,pc_sobel,1.25,PFcheap,TOTALCOST,320,period_ub=320,OPTIMAL,1405,320,2.77,OPTIMAL,1405,2.904,320,1405,3,get_pixel=high_sil_isolated_checker;gx=none;gy=none;abs=none,True,True,True,320,,,,True
e2_var,tok2,pc_sobel,1.50,joint,TOTALCOST,384,period_ub=384,OPTIMAL,1401,384,3.836,OPTIMAL,1401,4.082,384,1401,3,get_pixel=high_sil_isolated_checker;gx=none;gy=none;abs=none,True,True,,384,,,,True
e2_var,tok2,pc_sobel,1.50,PFmin,TOTALCOST,384,period_ub=384,OPTIMAL,1401,384,2.868,OPTIMAL,1401,2.913,384,1401,3,get_pixel=two_of_two_high_sil;gx=none;gy=none;abs=none,True,True,True,384,,,,True
e2_var,tok2,pc_sobel,1.50,PFmax,TOTALCOST,384,period_ub=384,OPTIMAL,1401,384,2.879,OPTIMAL,1401,2.943,384,1401,3,get_pixel=two_of_two_high_sil;gx=none;gy=none;abs=none,True,True,True,384,,,,True
e2_var,tok2,pc_sobel,1.50,PFlight,TOTALCOST,384,period_ub=384,OPTIMAL,1401,384,2.847,OPTIMAL,1401,2.995,384,1401,3,get_pixel=high_sil_isolated_checker;gx=none;gy=none;abs=none,True,True,True,384,,,,True
e2_var,tok2,pc_sobel,1.50,PFcheap,TOTALCOST,384,period_ub=384,OPTIMAL,1401,384,2.852,OPTIMAL,1401,2.993,384,1401,3,get_pixel=high_sil_isolated_checker;gx=none;gy=none;abs=none,True,True,True,384,,,,True
e2_var,tok2,pc_sobel,2.00,joint,TOTALCOST,512,period_ub=512,OPTIMAL,1401,393,3.909,OPTIMAL,1401,3.6,393,1401,3,get_pixel=two_of_two_high_sil;gx=none;gy=none;abs=none,True,True,,393,,,,True
e2_var,tok2,pc_sobel,2.00,PFmin,TOTALCOST,512,period_ub=512,OPTIMAL,1401,384,2.652,OPTIMAL,1401,2.809,393,1401,3,get_pixel=two_of_two_high_sil;gx=none;gy=none;abs=none,True,True,True,393,,,,True
e2_var,tok2,pc_sobel,2.00,PFmax,TOTALCOST,512,period_ub=512,OPTIMAL,1401,384,2.6,OPTIMAL,1401,2.901,393,1401,3,get_pixel=two_of_two_high_sil;gx=none;gy=none;abs=none,True,True,True,393,,,,True
e2_var,tok2,pc_sobel,2.00,PFlight,TOTALCOST,512,period_ub=512,OPTIMAL,1401,393,2.748,OPTIMAL,1401,2.54,384,1401,3,get_pixel=high_sil_isolated_checker;gx=none;gy=none;abs=none,True,True,True,384,,,,True
e2_var,tok2,pc_sobel,2.00,PFcheap,TOTALCOST,512,period_ub=512,OPTIMAL,1401,393,2.826,OPTIMAL,1401,2.766,393,1401,3,get_pixel=high_sil_isolated_checker;gx=none;gy=none;abs=none,True,True,True,449,,,,True
e2_var,tok2,v_nvp,-,min_period,THROUGHPUT,,,OPTIMAL,235,235,5.645,OPTIMAL,235,6.158,235,8742,15,frontEnd=nvp_three_version;rasta=low_sil_diverse_doer_checker;powspec=low_sil_diverse_doer_checker;audspec=low_sil_diverse_doer_checker;compJah=nvp_three_version;rastaFilter=none;backEnd=low_sil_diverse_doer_checker,True,,,235,,,,True
e2_var,tok2,v_nvp,none,joint,TOTALCOST,,,OPTIMAL,5680,1180,4.872,OPTIMAL,5680,4.987,1180,5680,6,frontEnd=nvp_three_version;rasta=none;powspec=none;audspec=none;compJah=nvp_three_version;rastaFilter=none;backEnd=low_sil_diverse_doer_checker,True,True,,3099,,,,True
e2_var,tok2,v_nvp,none,PFmin,TOTALCOST,,,OPTIMAL,5680,1172,3.647,OPTIMAL,5680,3.869,1180,5680,6,frontEnd=nvp_three_version;rasta=none;powspec=none;audspec=none;compJah=nvp_three_version;rastaFilter=none;backEnd=low_sil_diverse_doer_checker,True,True,True,3099,,,,True
e2_var,tok2,v_nvp,none,PFmax,TOTALCOST,,,OPTIMAL,5680,1172,3.68,OPTIMAL,5680,4.169,1180,5680,6,frontEnd=nvp_three_version;rasta=none;powspec=none;audspec=none;compJah=nvp_three_version;rastaFilter=none;backEnd=low_sil_diverse_doer_checker,True,True,True,3099,,,,True
e2_var,tok2,v_nvp,none,PFlight,TOTALCOST,,,OPTIMAL,5680,1185,3.62,OPTIMAL,5680,3.958,1180,5680,6,frontEnd=nvp_three_version;rasta=none;powspec=none;audspec=none;compJah=nvp_three_version;rastaFilter=none;backEnd=low_sil_diverse_doer_checker,True,True,True,3099,,,,True
e2_var,tok2,v_nvp,none,PFcheap,TOTALCOST,,,OPTIMAL,5680,1185,3.61,OPTIMAL,5680,3.787,1185,5680,6,frontEnd=nvp_three_version;rasta=none;powspec=none;audspec=none;compJah=nvp_three_version;rastaFilter=none;backEnd=low_sil_diverse_doer_checker,True,True,True,3099,,,,True
e2_var,tok2,v_nvp,1.00,joint,TOTALCOST,235,period_ub=235,OPTIMAL,5992,235,6.084,OPTIMAL,5992,6.271,235,5992,12,frontEnd=nvp_three_version;rasta=none;powspec=none;audspec=none;compJah=nvp_three_version;rastaFilter=none;backEnd=low_sil_diverse_doer_checker,True,True,,235,,,,True
e2_var,tok2,v_nvp,1.00,PFmin,TOTALCOST,235,period_ub=235,OPTIMAL,5992,235,3.917,OPTIMAL,5992,4.357,235,5992,12,frontEnd=nvp_three_version;rasta=none;powspec=none;audspec=none;compJah=nvp_three_version;rastaFilter=none;backEnd=low_sil_diverse_doer_checker,True,True,True,235,,,,True
e2_var,tok2,v_nvp,1.00,PFmax,TOTALCOST,235,period_ub=235,OPTIMAL,5992,235,3.765,OPTIMAL,5992,3.63,235,5992,12,frontEnd=nvp_three_version;rasta=none;powspec=none;audspec=none;compJah=nvp_three_version;rastaFilter=none;backEnd=low_sil_diverse_doer_checker,True,True,True,235,,,,True
e2_var,tok2,v_nvp,1.00,PFlight,TOTALCOST,235,period_ub=235,OPTIMAL,5992,235,3.821,OPTIMAL,5992,4.063,235,5992,12,frontEnd=nvp_three_version;rasta=none;powspec=none;audspec=none;compJah=nvp_three_version;rastaFilter=none;backEnd=low_sil_diverse_doer_checker,True,True,True,235,,,,True
e2_var,tok2,v_nvp,1.00,PFcheap,TOTALCOST,235,period_ub=235,OPTIMAL,5992,235,3.754,OPTIMAL,5992,3.597,235,5992,12,frontEnd=nvp_three_version;rasta=none;powspec=none;audspec=none;compJah=nvp_three_version;rastaFilter=none;backEnd=low_sil_diverse_doer_checker,True,True,True,235,,,,True
e2_var,tok2,v_nvp,1.10,joint,TOTALCOST,259,period_ub=259,OPTIMAL,5992,235,5.905,OPTIMAL,5992,5.52,254,5992,12,frontEnd=nvp_three_version;rasta=none;powspec=none;audspec=none;compJah=nvp_three_version;rastaFilter=none;backEnd=low_sil_diverse_doer_checker,True,True,,259,,,,True
e2_var,tok2,v_nvp,1.10,PFmin,TOTALCOST,259,period_ub=259,OPTIMAL,5992,235,3.775,OPTIMAL,5992,3.899,254,5992,12,frontEnd=nvp_three_version;rasta=none;powspec=none;audspec=none;compJah=nvp_three_version;rastaFilter=none;backEnd=low_sil_diverse_doer_checker,True,True,True,259,,,,True
e2_var,tok2,v_nvp,1.10,PFmax,TOTALCOST,259,period_ub=259,OPTIMAL,5992,235,3.798,OPTIMAL,5992,3.559,254,5992,12,frontEnd=nvp_three_version;rasta=none;powspec=none;audspec=none;compJah=nvp_three_version;rastaFilter=none;backEnd=low_sil_diverse_doer_checker,True,True,True,259,,,,True
e2_var,tok2,v_nvp,1.10,PFlight,TOTALCOST,259,period_ub=259,OPTIMAL,5992,235,3.817,OPTIMAL,5992,3.915,235,5992,12,frontEnd=nvp_three_version;rasta=none;powspec=none;audspec=none;compJah=nvp_three_version;rastaFilter=none;backEnd=low_sil_diverse_doer_checker,True,True,True,259,,,,True
e2_var,tok2,v_nvp,1.10,PFcheap,TOTALCOST,259,period_ub=259,OPTIMAL,5992,235,3.798,OPTIMAL,5992,3.624,254,5992,12,frontEnd=nvp_three_version;rasta=none;powspec=none;audspec=none;compJah=nvp_three_version;rastaFilter=none;backEnd=low_sil_diverse_doer_checker,True,True,True,259,,,,True
e2_var,tok2,v_nvp,1.25,joint,TOTALCOST,294,period_ub=294,OPTIMAL,5984,266,9.62,OPTIMAL,5984,16.681,266,5984,11,frontEnd=nvp_three_version;rasta=none;powspec=none;audspec=none;compJah=nvp_three_version;rastaFilter=none;backEnd=low_sil_diverse_doer_checker,True,True,,294,,,,True
e2_var,tok2,v_nvp,1.25,PFmin,TOTALCOST,294,period_ub=294,OPTIMAL,5984,266,5.613,OPTIMAL,5984,9.24,276,5984,11,frontEnd=nvp_three_version;rasta=none;powspec=none;audspec=none;compJah=nvp_three_version;rastaFilter=none;backEnd=low_sil_diverse_doer_checker,True,True,True,294,,,,True
e2_var,tok2,v_nvp,1.25,PFmax,TOTALCOST,294,period_ub=294,OPTIMAL,5984,266,5.768,OPTIMAL,5984,9.978,266,5984,11,frontEnd=nvp_three_version;rasta=none;powspec=none;audspec=none;compJah=nvp_three_version;rastaFilter=none;backEnd=low_sil_diverse_doer_checker,True,True,True,294,,,,True
e2_var,tok2,v_nvp,1.25,PFlight,TOTALCOST,294,period_ub=294,OPTIMAL,5984,266,5.518,OPTIMAL,5984,9.477,276,5984,11,frontEnd=nvp_three_version;rasta=none;powspec=none;audspec=none;compJah=nvp_three_version;rastaFilter=none;backEnd=low_sil_diverse_doer_checker,True,True,True,294,,,,True
e2_var,tok2,v_nvp,1.25,PFcheap,TOTALCOST,294,period_ub=294,OPTIMAL,5984,266,5.576,OPTIMAL,5984,9.619,287,5984,11,frontEnd=nvp_three_version;rasta=none;powspec=none;audspec=none;compJah=nvp_three_version;rastaFilter=none;backEnd=low_sil_diverse_doer_checker,True,True,True,294,,,,True
e2_var,tok2,v_nvp,1.50,joint,TOTALCOST,353,period_ub=353,OPTIMAL,5952,319,10.463,OPTIMAL,5952,14.164,319,5952,11,frontEnd=nvp_three_version;rasta=none;powspec=none;audspec=none;compJah=nvp_three_version;rastaFilter=none;backEnd=low_sil_diverse_doer_checker,True,True,,353,,,,True
e2_var,tok2,v_nvp,1.50,PFmin,TOTALCOST,353,period_ub=353,OPTIMAL,5952,319,7.256,OPTIMAL,5952,9.957,319,5952,11,frontEnd=nvp_three_version;rasta=none;powspec=none;audspec=none;compJah=nvp_three_version;rastaFilter=none;backEnd=low_sil_diverse_doer_checker,True,True,True,353,,,,True
e2_var,tok2,v_nvp,1.50,PFmax,TOTALCOST,353,period_ub=353,OPTIMAL,5952,319,5.778,OPTIMAL,5952,6.514,319,5952,11,frontEnd=nvp_three_version;rasta=none;powspec=none;audspec=none;compJah=nvp_three_version;rastaFilter=none;backEnd=low_sil_diverse_doer_checker,True,True,True,353,,,,True
e2_var,tok2,v_nvp,1.50,PFlight,TOTALCOST,353,period_ub=353,OPTIMAL,5952,319,5.449,OPTIMAL,5952,8.149,319,5952,11,frontEnd=nvp_three_version;rasta=none;powspec=none;audspec=none;compJah=nvp_three_version;rastaFilter=none;backEnd=low_sil_diverse_doer_checker,True,True,True,353,,,,True
e2_var,tok2,v_nvp,1.50,PFcheap,TOTALCOST,353,period_ub=353,OPTIMAL,5952,319,6.095,OPTIMAL,5952,8.916,319,5952,11,frontEnd=nvp_three_version;rasta=none;powspec=none;audspec=none;compJah=nvp_three_version;rastaFilter=none;backEnd=low_sil_diverse_doer_checker,True,True,True,353,,,,True
e2_var,tok2,v_nvp,2.00,joint,TOTALCOST,470,period_ub=470,OPTIMAL,5944,449,15.525,OPTIMAL,5944,14.178,449,5944,10,frontEnd=nvp_three_version;rasta=none;powspec=none;audspec=none;compJah=nvp_three_version;rastaFilter=none;backEnd=low_sil_diverse_doer_checker,True,True,,470,,,,True
e2_var,tok2,v_nvp,2.00,PFmin,TOTALCOST,470,period_ub=470,OPTIMAL,5944,449,9.433,OPTIMAL,5944,12.047,449,5944,10,frontEnd=nvp_three_version;rasta=none;powspec=none;audspec=none;compJah=nvp_three_version;rastaFilter=none;backEnd=low_sil_diverse_doer_checker,True,True,True,470,,,,True
e2_var,tok2,v_nvp,2.00,PFmax,TOTALCOST,470,period_ub=470,OPTIMAL,5944,449,9.265,OPTIMAL,5944,11.304,449,5944,10,frontEnd=nvp_three_version;rasta=none;powspec=none;audspec=none;compJah=nvp_three_version;rastaFilter=none;backEnd=low_sil_diverse_doer_checker,True,True,True,470,,,,True
e2_var,tok2,v_nvp,2.00,PFlight,TOTALCOST,470,period_ub=470,OPTIMAL,5944,449,9.334,OPTIMAL,5944,11.667,449,5944,10,frontEnd=nvp_three_version;rasta=none;powspec=none;audspec=none;compJah=nvp_three_version;rastaFilter=none;backEnd=low_sil_diverse_doer_checker,True,True,True,470,,,,True
e2_var,tok2,v_nvp,2.00,PFcheap,TOTALCOST,470,period_ub=470,OPTIMAL,5944,449,9.486,OPTIMAL,5944,11.459,449,5944,10,frontEnd=nvp_three_version;rasta=none;powspec=none;audspec=none;compJah=nvp_three_version;rastaFilter=none;backEnd=low_sil_diverse_doer_checker,True,True,True,470,,,,True
e2_var,chk10,p_rasta,-,min_period,THROUGHPUT,,,OPTIMAL,235,235,13.583,OPTIMAL,235,15.612,235,7520,10,frontEnd=high_sil_isolated_checker;rasta=one_of_two_failover;powspec=none;audspec=low_sil_diverse_doer_checker;compJah=high_sil_isolated_checker;rastaFilter=one_of_two_failover;backEnd=low_sil_doer_checker,True,,,235,,,,True
e2_var,chk10,p_rasta,none,joint,TOTALCOST,,,OPTIMAL,3330,1012,5.793,OPTIMAL,3330,5.827,1012,3330,2,frontEnd=high_sil_isolated_checker;rasta=none;powspec=none;audspec=none;compJah=high_sil_isolated_checker;rastaFilter=none;backEnd=low_sil_doer_checker,True,True,,4233,,,,True
e2_var,chk10,p_rasta,none,PFmin,TOTALCOST,,,OPTIMAL,3330,1012,3.95,OPTIMAL,3330,4.097,1012,3330,2,frontEnd=two_of_two_high_sil;rasta=none;powspec=none;audspec=none;compJah=two_of_two_high_sil;rastaFilter=none;backEnd=low_sil_doer_checker,True,True,True,4233,,,,True
e2_var,chk10,p_rasta,none,PFmax,TOTALCOST,,,OPTIMAL,3330,1012,3.211,OPTIMAL,3330,3.547,1012,3330,2,frontEnd=two_of_two_high_sil;rasta=none;powspec=none;audspec=none;compJah=two_of_two_high_sil;rastaFilter=none;backEnd=low_sil_diverse_doer_checker,True,True,True,4233,,,,True
e2_var,chk10,p_rasta,none,PFlight,TOTALCOST,,,OPTIMAL,3330,1012,3.918,OPTIMAL,3330,4.48,1012,3330,2,frontEnd=high_sil_isolated_checker;rasta=none;powspec=none;audspec=none;compJah=high_sil_isolated_checker;rastaFilter=none;backEnd=low_sil_doer_checker,True,True,True,4233,,,,True
e2_var,chk10,p_rasta,none,PFcheap,TOTALCOST,,,OPTIMAL,3330,1012,3.939,OPTIMAL,3330,4.386,1012,3330,2,frontEnd=high_sil_isolated_checker;rasta=none;powspec=none;audspec=none;compJah=high_sil_isolated_checker;rastaFilter=none;backEnd=low_sil_doer_checker,True,True,True,4233,,,,True
e2_var,chk10,p_rasta,1.00,joint,TOTALCOST,235,period_ub=235,OPTIMAL,3612,235,9.395,SAT,3612,300.398,235,3612,9,frontEnd=high_sil_isolated_checker;rasta=none;powspec=none;audspec=none;compJah=high_sil_isolated_checker;rastaFilter=none;backEnd=low_sil_doer_checker,True,True,,235,,,,
e2_var,chk10,p_rasta,1.00,PFmin,TOTALCOST,235,period_ub=235,UNSAT,,,1.16,UNSAT,,1.198,,,,frontEnd=two_of_two_high_sil;rasta=none;powspec=none;audspec=none;compJah=two_of_two_high_sil;rastaFilter=none;backEnd=low_sil_doer_checker,,,,,,,,True
e2_var,chk10,p_rasta,1.00,PFmax,TOTALCOST,235,period_ub=235,UNSAT,,,1.158,UNSAT,,1.199,,,,frontEnd=two_of_two_high_sil;rasta=none;powspec=none;audspec=none;compJah=two_of_two_high_sil;rastaFilter=none;backEnd=low_sil_diverse_doer_checker,,,,,,,,True
e2_var,chk10,p_rasta,1.00,PFlight,TOTALCOST,235,period_ub=235,OPTIMAL,3612,235,3.3,OPTIMAL,3612,127.566,235,3612,9,frontEnd=high_sil_isolated_checker;rasta=none;powspec=none;audspec=none;compJah=high_sil_isolated_checker;rastaFilter=none;backEnd=low_sil_doer_checker,True,True,True,235,,,,True
e2_var,chk10,p_rasta,1.00,PFcheap,TOTALCOST,235,period_ub=235,OPTIMAL,3612,235,3.484,OPTIMAL,3612,126.568,235,3612,9,frontEnd=high_sil_isolated_checker;rasta=none;powspec=none;audspec=none;compJah=high_sil_isolated_checker;rastaFilter=none;backEnd=low_sil_doer_checker,True,True,True,235,,,,True
e2_var,chk10,p_rasta,1.10,joint,TOTALCOST,259,period_ub=259,OPTIMAL,3467,249,9.665,OPTIMAL,3467,273.887,249,3467,8,frontEnd=high_sil_isolated_checker;rasta=none;powspec=none;audspec=none;compJah=high_sil_isolated_checker;rastaFilter=none;backEnd=low_sil_doer_checker,True,True,,259,,,,True
e2_var,chk10,p_rasta,1.10,PFmin,TOTALCOST,259,period_ub=259,UNSAT,,,1.164,UNSAT,,1.133,,,,frontEnd=two_of_two_high_sil;rasta=none;powspec=none;audspec=none;compJah=two_of_two_high_sil;rastaFilter=none;backEnd=low_sil_doer_checker,,,,,,,,True
e2_var,chk10,p_rasta,1.10,PFmax,TOTALCOST,259,period_ub=259,UNSAT,,,1.141,UNSAT,,1.134,,,,frontEnd=two_of_two_high_sil;rasta=none;powspec=none;audspec=none;compJah=two_of_two_high_sil;rastaFilter=none;backEnd=low_sil_diverse_doer_checker,,,,,,,,True
e2_var,chk10,p_rasta,1.10,PFlight,TOTALCOST,259,period_ub=259,OPTIMAL,3467,249,3.363,OPTIMAL,3467,105.561,249,3467,8,frontEnd=high_sil_isolated_checker;rasta=none;powspec=none;audspec=none;compJah=high_sil_isolated_checker;rastaFilter=none;backEnd=low_sil_doer_checker,True,True,True,259,,,,True
e2_var,chk10,p_rasta,1.10,PFcheap,TOTALCOST,259,period_ub=259,OPTIMAL,3467,249,3.307,OPTIMAL,3467,88.116,249,3467,8,frontEnd=high_sil_isolated_checker;rasta=none;powspec=none;audspec=none;compJah=high_sil_isolated_checker;rastaFilter=none;backEnd=low_sil_doer_checker,True,True,True,259,,,,True
e2_var,chk10,p_rasta,1.25,joint,TOTALCOST,294,period_ub=294,OPTIMAL,3455,280,12.406,SAT,3455,300.389,280,3455,8,frontEnd=high_sil_isolated_checker;rasta=none;powspec=none;audspec=none;compJah=high_sil_isolated_checker;rastaFilter=none;backEnd=low_sil_doer_checker,True,True,,294,,,,
e2_var,chk10,p_rasta,1.25,PFmin,TOTALCOST,294,period_ub=294,UNSAT,,,1.343,UNSAT,,1.282,,,,frontEnd=two_of_two_high_sil;rasta=none;powspec=none;audspec=none;compJah=two_of_two_high_sil;rastaFilter=none;backEnd=low_sil_doer_checker,,,,,,,,True
e2_var,chk10,p_rasta,1.25,PFmax,TOTALCOST,294,period_ub=294,UNSAT,,,1.358,UNSAT,,1.331,,,,frontEnd=two_of_two_high_sil;rasta=none;powspec=none;audspec=none;compJah=two_of_two_high_sil;rastaFilter=none;backEnd=low_sil_diverse_doer_checker,,,,,,,,True
e2_var,chk10,p_rasta,1.25,PFlight,TOTALCOST,294,period_ub=294,OPTIMAL,3455,280,4.51,SAT,3455,300.355,280,3455,8,frontEnd=high_sil_isolated_checker;rasta=none;powspec=none;audspec=none;compJah=high_sil_isolated_checker;rastaFilter=none;backEnd=low_sil_doer_checker,True,True,True,294,,,,
e2_var,chk10,p_rasta,1.25,PFcheap,TOTALCOST,294,period_ub=294,OPTIMAL,3455,280,4.6,SAT,3455,300.36,280,3455,8,frontEnd=high_sil_isolated_checker;rasta=none;powspec=none;audspec=none;compJah=high_sil_isolated_checker;rastaFilter=none;backEnd=low_sil_doer_checker,True,True,True,294,,,,
e2_var,chk10,p_rasta,1.50,joint,TOTALCOST,353,period_ub=353,OPTIMAL,3439,353,19.507,SAT,3439,300.408,353,3439,6,frontEnd=high_sil_isolated_checker;rasta=none;powspec=none;audspec=none;compJah=high_sil_isolated_checker;rastaFilter=none;backEnd=low_sil_doer_checker,True,True,,353,,,,
e2_var,chk10,p_rasta,1.50,PFmin,TOTALCOST,353,period_ub=353,OPTIMAL,3455,340,4.463,SAT,3455,300.368,340,3455,8,frontEnd=two_of_two_high_sil;rasta=none;powspec=none;audspec=none;compJah=two_of_two_high_sil;rastaFilter=none;backEnd=low_sil_doer_checker,True,True,True,353,,,,
e2_var,chk10,p_rasta,1.50,PFmax,TOTALCOST,353,period_ub=353,OPTIMAL,3458,353,4.776,SAT,3458,300.35,353,3458,8,frontEnd=two_of_two_high_sil;rasta=none;powspec=none;audspec=none;compJah=two_of_two_high_sil;rastaFilter=none;backEnd=low_sil_diverse_doer_checker,True,True,True,353,,,,
e2_var,chk10,p_rasta,1.50,PFlight,TOTALCOST,353,period_ub=353,OPTIMAL,3439,353,5.392,SAT,3439,300.361,353,3439,6,frontEnd=high_sil_isolated_checker;rasta=none;powspec=none;audspec=none;compJah=high_sil_isolated_checker;rastaFilter=none;backEnd=low_sil_doer_checker,True,True,True,353,,,,
e2_var,chk10,p_rasta,1.50,PFcheap,TOTALCOST,353,period_ub=353,OPTIMAL,3439,353,5.298,SAT,3439,300.359,353,3439,6,frontEnd=high_sil_isolated_checker;rasta=none;powspec=none;audspec=none;compJah=high_sil_isolated_checker;rastaFilter=none;backEnd=low_sil_doer_checker,True,True,True,353,,,,
e2_var,chk10,p_rasta,2.00,joint,TOTALCOST,470,period_ub=470,OPTIMAL,3399,451,32.238,SAT,3399,300.409,449,3399,5,frontEnd=high_sil_isolated_checker;rasta=none;powspec=none;audspec=none;compJah=high_sil_isolated_checker;rastaFilter=none;backEnd=low_sil_doer_checker,True,True,,470,,,,
e2_var,chk10,p_rasta,2.00,PFmin,TOTALCOST,470,period_ub=470,OPTIMAL,3400,451,5.436,SAT,3400,300.358,451,3400,7,frontEnd=two_of_two_high_sil;rasta=none;powspec=none;audspec=none;compJah=two_of_two_high_sil;rastaFilter=none;backEnd=low_sil_doer_checker,True,True,True,470,,,,
e2_var,chk10,p_rasta,2.00,PFmax,TOTALCOST,470,period_ub=470,OPTIMAL,3407,451,6.151,SAT,3407,300.353,451,3407,6,frontEnd=two_of_two_high_sil;rasta=none;powspec=none;audspec=none;compJah=two_of_two_high_sil;rastaFilter=none;backEnd=low_sil_diverse_doer_checker,True,True,True,470,,,,
e2_var,chk10,p_rasta,2.00,PFlight,TOTALCOST,470,period_ub=470,OPTIMAL,3399,449,14.913,SAT,3399,300.37,449,3399,5,frontEnd=high_sil_isolated_checker;rasta=none;powspec=none;audspec=none;compJah=high_sil_isolated_checker;rastaFilter=none;backEnd=low_sil_doer_checker,True,True,True,470,,,,
e2_var,chk10,p_rasta,2.00,PFcheap,TOTALCOST,470,period_ub=470,OPTIMAL,3399,449,13.474,SAT,3399,300.357,449,3399,5,frontEnd=high_sil_isolated_checker;rasta=none;powspec=none;audspec=none;compJah=high_sil_isolated_checker;rastaFilter=none;backEnd=low_sil_doer_checker,True,True,True,470,,,,
e2_var,chk10,f_random_hw,-,min_period,THROUGHPUT,,,OPTIMAL,235,235,13.409,OPTIMAL,235,26.679,235,6795,11,frontEnd=high_sil_isolated_checker;rasta=one_of_two_failover;powspec=none;audspec=low_sil_doer_checker;compJah=high_sil_isolated_checker;rastaFilter=one_of_two_failover;backEnd=low_sil_doer_checker,True,,,235,,,,True
e2_var,chk10,f_random_hw,none,joint,TOTALCOST,,,OPTIMAL,3349,1079,8.639,OPTIMAL,3349,9.094,1094,3349,5,frontEnd=high_sil_isolated_checker;rasta=none;powspec=none;audspec=none;compJah=two_of_two_high_sil;rastaFilter=none;backEnd=low_sil_doer_checker,True,True,,4233,,,,True
e2_var,chk10,f_random_hw,none,PFmin,TOTALCOST,,,OPTIMAL,3349,1079,4.718,OPTIMAL,3349,4.948,1080,3349,5,frontEnd=two_of_two_high_sil;rasta=none;powspec=none;audspec=none;compJah=two_of_two_high_sil;rastaFilter=none;backEnd=low_sil_doer_checker,True,True,True,4233,,,,True
e2_var,chk10,f_random_hw,none,PFmax,TOTALCOST,,,OPTIMAL,3374,1079,4.859,OPTIMAL,3374,5.671,1314,3374,5,frontEnd=two_of_two_high_sil;rasta=none;powspec=none;audspec=none;compJah=two_of_two_high_sil;rastaFilter=none;backEnd=low_sil_diverse_doer_checker,True,True,True,4233,,,,True
e2_var,chk10,f_random_hw,none,PFlight,TOTALCOST,,,OPTIMAL,3349,1079,4.722,OPTIMAL,3349,5.147,1079,3349,5,frontEnd=high_sil_isolated_checker;rasta=none;powspec=none;audspec=none;compJah=high_sil_isolated_checker;rastaFilter=none;backEnd=low_sil_doer_checker,True,True,True,4233,,,,True
e2_var,chk10,f_random_hw,none,PFcheap,TOTALCOST,,,OPTIMAL,3349,1079,4.741,OPTIMAL,3349,5.209,1079,3349,5,frontEnd=high_sil_isolated_checker;rasta=none;powspec=none;audspec=none;compJah=high_sil_isolated_checker;rastaFilter=none;backEnd=low_sil_doer_checker,True,True,True,4233,,,,True
e2_var,chk10,f_random_hw,1.00,joint,TOTALCOST,235,period_ub=235,OPTIMAL,3633,235,8.248,OPTIMAL,3633,20.236,235,3633,10,frontEnd=high_sil_isolated_checker;rasta=none;powspec=none;audspec=none;compJah=high_sil_isolated_checker;rastaFilter=none;backEnd=low_sil_doer_checker,True,True,,235,,,,True
e2_var,chk10,f_random_hw,1.00,PFmin,TOTALCOST,235,period_ub=235,UNSAT,,,1.174,UNSAT,,1.149,,,,frontEnd=two_of_two_high_sil;rasta=none;powspec=none;audspec=none;compJah=two_of_two_high_sil;rastaFilter=none;backEnd=low_sil_doer_checker,,,,,,,,True
e2_var,chk10,f_random_hw,1.00,PFmax,TOTALCOST,235,period_ub=235,UNSAT,,,1.175,UNSAT,,1.187,,,,frontEnd=two_of_two_high_sil;rasta=none;powspec=none;audspec=none;compJah=two_of_two_high_sil;rastaFilter=none;backEnd=low_sil_diverse_doer_checker,,,,,,,,True
e2_var,chk10,f_random_hw,1.00,PFlight,TOTALCOST,235,period_ub=235,OPTIMAL,3633,235,3.361,OPTIMAL,3633,15.598,235,3633,10,frontEnd=high_sil_isolated_checker;rasta=none;powspec=none;audspec=none;compJah=high_sil_isolated_checker;rastaFilter=none;backEnd=low_sil_doer_checker,True,True,True,235,,,,True
e2_var,chk10,f_random_hw,1.00,PFcheap,TOTALCOST,235,period_ub=235,OPTIMAL,3633,235,3.303,OPTIMAL,3633,15.756,235,3633,10,frontEnd=high_sil_isolated_checker;rasta=none;powspec=none;audspec=none;compJah=high_sil_isolated_checker;rastaFilter=none;backEnd=low_sil_doer_checker,True,True,True,235,,,,True
e2_var,chk10,f_random_hw,1.10,joint,TOTALCOST,259,period_ub=259,OPTIMAL,3633,235,7.999,OPTIMAL,3633,55.0,235,3633,10,frontEnd=high_sil_isolated_checker;rasta=none;powspec=none;audspec=none;compJah=high_sil_isolated_checker;rastaFilter=none;backEnd=low_sil_doer_checker,True,True,,259,,,,True
e2_var,chk10,f_random_hw,1.10,PFmin,TOTALCOST,259,period_ub=259,UNSAT,,,1.152,UNSAT,,1.255,,,,frontEnd=two_of_two_high_sil;rasta=none;powspec=none;audspec=none;compJah=two_of_two_high_sil;rastaFilter=none;backEnd=low_sil_doer_checker,,,,,,,,True
e2_var,chk10,f_random_hw,1.10,PFmax,TOTALCOST,259,period_ub=259,UNSAT,,,1.191,UNSAT,,1.162,,,,frontEnd=two_of_two_high_sil;rasta=none;powspec=none;audspec=none;compJah=two_of_two_high_sil;rastaFilter=none;backEnd=low_sil_diverse_doer_checker,,,,,,,,True
e2_var,chk10,f_random_hw,1.10,PFlight,TOTALCOST,259,period_ub=259,OPTIMAL,3633,235,3.498,OPTIMAL,3633,13.312,235,3633,10,frontEnd=high_sil_isolated_checker;rasta=none;powspec=none;audspec=none;compJah=high_sil_isolated_checker;rastaFilter=none;backEnd=low_sil_doer_checker,True,True,True,259,,,,True
e2_var,chk10,f_random_hw,1.10,PFcheap,TOTALCOST,259,period_ub=259,OPTIMAL,3633,235,3.503,OPTIMAL,3633,6.47,235,3633,10,frontEnd=high_sil_isolated_checker;rasta=none;powspec=none;audspec=none;compJah=high_sil_isolated_checker;rastaFilter=none;backEnd=low_sil_doer_checker,True,True,True,259,,,,True
e2_var,chk10,f_random_hw,1.25,joint,TOTALCOST,294,period_ub=294,OPTIMAL,3484,282,12.02,OPTIMAL,3484,54.44,282,3484,10,frontEnd=two_of_two_high_sil;rasta=none;powspec=none;audspec=none;compJah=high_sil_isolated_checker;rastaFilter=none;backEnd=low_sil_doer_checker,True,True,,294,,,,True
e2_var,chk10,f_random_hw,1.25,PFmin,TOTALCOST,294,period_ub=294,UNSAT,,,1.358,UNSAT,,1.301,,,,frontEnd=two_of_two_high_sil;rasta=none;powspec=none;audspec=none;compJah=two_of_two_high_sil;rastaFilter=none;backEnd=low_sil_doer_checker,,,,,,,,True
e2_var,chk10,f_random_hw,1.25,PFmax,TOTALCOST,294,period_ub=294,UNSAT,,,1.331,UNSAT,,1.354,,,,frontEnd=two_of_two_high_sil;rasta=none;powspec=none;audspec=none;compJah=two_of_two_high_sil;rastaFilter=none;backEnd=low_sil_diverse_doer_checker,,,,,,,,True
e2_var,chk10,f_random_hw,1.25,PFlight,TOTALCOST,294,period_ub=294,OPTIMAL,3484,282,3.802,OPTIMAL,3484,5.622,282,3484,10,frontEnd=high_sil_isolated_checker;rasta=none;powspec=none;audspec=none;compJah=high_sil_isolated_checker;rastaFilter=none;backEnd=low_sil_doer_checker,True,True,True,294,,,,True
e2_var,chk10,f_random_hw,1.25,PFcheap,TOTALCOST,294,period_ub=294,OPTIMAL,3484,282,3.617,OPTIMAL,3484,7.401,282,3484,10,frontEnd=high_sil_isolated_checker;rasta=none;powspec=none;audspec=none;compJah=high_sil_isolated_checker;rastaFilter=none;backEnd=low_sil_doer_checker,True,True,True,294,,,,True
e2_var,chk10,f_random_hw,1.50,joint,TOTALCOST,353,period_ub=353,OPTIMAL,3440,353,14.136,SAT,3440,300.385,353,3440,8,frontEnd=high_sil_isolated_checker;rasta=none;powspec=none;audspec=none;compJah=high_sil_isolated_checker;rastaFilter=none;backEnd=low_sil_doer_checker,True,True,,353,,,,
e2_var,chk10,f_random_hw,1.50,PFmin,TOTALCOST,353,period_ub=353,OPTIMAL,3473,340,3.986,OPTIMAL,3473,51.538,340,3473,9,frontEnd=two_of_two_high_sil;rasta=none;powspec=none;audspec=none;compJah=two_of_two_high_sil;rastaFilter=none;backEnd=low_sil_doer_checker,True,True,True,353,,,,True
e2_var,chk10,f_random_hw,1.50,PFmax,TOTALCOST,353,period_ub=353,OPTIMAL,3473,340,4.257,OPTIMAL,3473,96.926,340,3473,9,frontEnd=two_of_two_high_sil;rasta=none;powspec=none;audspec=none;compJah=two_of_two_high_sil;rastaFilter=none;backEnd=low_sil_diverse_doer_checker,True,True,True,353,,,,True
e2_var,chk10,f_random_hw,1.50,PFlight,TOTALCOST,353,period_ub=353,OPTIMAL,3440,353,4.233,OPTIMAL,3440,84.115,353,3440,8,frontEnd=high_sil_isolated_checker;rasta=none;powspec=none;audspec=none;compJah=high_sil_isolated_checker;rastaFilter=none;backEnd=low_sil_doer_checker,True,True,True,353,,,,True
e2_var,chk10,f_random_hw,1.50,PFcheap,TOTALCOST,353,period_ub=353,OPTIMAL,3440,353,4.164,OPTIMAL,3440,84.012,353,3440,8,frontEnd=high_sil_isolated_checker;rasta=none;powspec=none;audspec=none;compJah=high_sil_isolated_checker;rastaFilter=none;backEnd=low_sil_doer_checker,True,True,True,353,,,,True
e2_var,chk10,f_random_hw,2.00,joint,TOTALCOST,470,period_ub=470,OPTIMAL,3400,449,13.994,SAT,3400,300.389,451,3400,7,frontEnd=two_of_two_high_sil;rasta=none;powspec=none;audspec=none;compJah=two_of_two_high_sil;rastaFilter=none;backEnd=low_sil_doer_checker,True,True,,470,,,,
e2_var,chk10,f_random_hw,2.00,PFmin,TOTALCOST,470,period_ub=470,OPTIMAL,3400,451,3.951,OPTIMAL,3400,17.97,451,3400,7,frontEnd=two_of_two_high_sil;rasta=none;powspec=none;audspec=none;compJah=two_of_two_high_sil;rastaFilter=none;backEnd=low_sil_doer_checker,True,True,True,470,,,,True
e2_var,chk10,f_random_hw,2.00,PFmax,TOTALCOST,470,period_ub=470,OPTIMAL,3425,451,3.968,OPTIMAL,3425,17.796,451,3425,7,frontEnd=two_of_two_high_sil;rasta=none;powspec=none;audspec=none;compJah=two_of_two_high_sil;rastaFilter=none;backEnd=low_sil_diverse_doer_checker,True,True,True,470,,,,True
e2_var,chk10,f_random_hw,2.00,PFlight,TOTALCOST,470,period_ub=470,OPTIMAL,3400,449,4.856,OPTIMAL,3400,59.846,449,3400,7,frontEnd=high_sil_isolated_checker;rasta=none;powspec=none;audspec=none;compJah=high_sil_isolated_checker;rastaFilter=none;backEnd=low_sil_doer_checker,True,True,True,470,,,,True
e2_var,chk10,f_random_hw,2.00,PFcheap,TOTALCOST,470,period_ub=470,OPTIMAL,3400,449,4.879,OPTIMAL,3400,99.11,449,3400,7,frontEnd=high_sil_isolated_checker;rasta=none;powspec=none;audspec=none;compJah=high_sil_isolated_checker;rastaFilter=none;backEnd=low_sil_doer_checker,True,True,True,470,,,,True
e2_var,chk10,d_random_hw,-,min_period,THROUGHPUT,,,OPTIMAL,235,235,5.947,OPTIMAL,235,8.102,235,3867,11,frontEnd=low_sil_doer_checker;rasta=low_sil_doer_checker;powspec=one_of_two_failover;audspec=none;compJah=low_sil_doer_checker;rastaFilter=one_of_two_failover;backEnd=low_sil_doer_checker,True,,,235,,,,True
e2_var,chk10,d_random_hw,none,joint,TOTALCOST,,,OPTIMAL,1857,1620,6.078,OPTIMAL,1857,6.075,1668,1857,3,frontEnd=low_sil_doer_checker;rasta=none;powspec=none;audspec=none;compJah=low_sil_doer_checker;rastaFilter=none;backEnd=low_sil_doer_checker,True,True,,2690,,,,True
e2_var,chk10,d_random_hw,none,PFmin,TOTALCOST,,,OPTIMAL,1857,1641,3.113,OPTIMAL,1857,3.416,1690,1857,3,frontEnd=low_sil_doer_checker;rasta=none;powspec=none;audspec=none;compJah=low_sil_doer_checker;rastaFilter=none;backEnd=low_sil_doer_checker,True,True,True,2690,,,,True
e2_var,chk10,d_random_hw,none,PFmax,TOTALCOST,,,OPTIMAL,1882,1690,3.169,OPTIMAL,1882,3.51,1663,1882,3,frontEnd=low_sil_diverse_doer_checker;rasta=none;powspec=none;audspec=none;compJah=low_sil_diverse_doer_checker;rastaFilter=none;backEnd=low_sil_diverse_doer_checker,True,True,True,2690,,,,True
e2_var,chk10,d_random_hw,none,PFlight,TOTALCOST,,,OPTIMAL,1857,1690,3.22,OPTIMAL,1857,3.774,1641,1857,3,frontEnd=low_sil_doer_checker;rasta=none;powspec=none;audspec=none;compJah=low_sil_doer_checker;rastaFilter=none;backEnd=low_sil_doer_checker,True,True,True,2690,,,,True
e2_var,chk10,d_random_hw,none,PFcheap,TOTALCOST,,,OPTIMAL,1857,1647,3.216,OPTIMAL,1857,3.458,1690,1857,3,frontEnd=low_sil_doer_checker;rasta=none;powspec=none;audspec=none;compJah=low_sil_doer_checker;rastaFilter=none;backEnd=low_sil_doer_checker,True,True,True,2690,,,,True
e2_var,chk10,d_random_hw,1.00,joint,TOTALCOST,235,period_ub=235,OPTIMAL,2124,235,13.448,OPTIMAL,2124,16.818,235,2124,10,frontEnd=low_sil_doer_checker;rasta=none;powspec=none;audspec=none;compJah=low_sil_doer_checker;rastaFilter=none;backEnd=low_sil_doer_checker,True,True,,235,,,,True
e2_var,chk10,d_random_hw,1.00,PFmin,TOTALCOST,235,period_ub=235,OPTIMAL,2124,235,5.417,OPTIMAL,2124,5.847,235,2124,10,frontEnd=low_sil_doer_checker;rasta=none;powspec=none;audspec=none;compJah=low_sil_doer_checker;rastaFilter=none;backEnd=low_sil_doer_checker,True,True,True,235,,,,True
e2_var,chk10,d_random_hw,1.00,PFmax,TOTALCOST,235,period_ub=235,OPTIMAL,2124,235,3.271,OPTIMAL,2124,6.898,235,2124,10,frontEnd=low_sil_diverse_doer_checker;rasta=none;powspec=none;audspec=none;compJah=low_sil_diverse_doer_checker;rastaFilter=none;backEnd=low_sil_diverse_doer_checker,True,True,True,235,,,,True
e2_var,chk10,d_random_hw,1.00,PFlight,TOTALCOST,235,period_ub=235,OPTIMAL,2124,235,5.257,OPTIMAL,2124,8.438,235,2124,10,frontEnd=low_sil_doer_checker;rasta=none;powspec=none;audspec=none;compJah=low_sil_doer_checker;rastaFilter=none;backEnd=low_sil_doer_checker,True,True,True,235,,,,True
e2_var,chk10,d_random_hw,1.00,PFcheap,TOTALCOST,235,period_ub=235,OPTIMAL,2124,235,6.036,OPTIMAL,2124,7.864,235,2124,10,frontEnd=low_sil_doer_checker;rasta=none;powspec=none;audspec=none;compJah=low_sil_doer_checker;rastaFilter=none;backEnd=low_sil_doer_checker,True,True,True,235,,,,True
e2_var,chk10,d_random_hw,1.10,joint,TOTALCOST,259,period_ub=259,OPTIMAL,2121,248,13.451,OPTIMAL,2121,17.281,248,2121,10,frontEnd=low_sil_doer_checker;rasta=none;powspec=none;audspec=none;compJah=low_sil_doer_checker;rastaFilter=none;backEnd=low_sil_doer_checker,True,True,,259,,,,True
e2_var,chk10,d_random_hw,1.10,PFmin,TOTALCOST,259,period_ub=259,OPTIMAL,2121,248,5.202,OPTIMAL,2121,8.647,248,2121,10,frontEnd=low_sil_doer_checker;rasta=none;powspec=none;audspec=none;compJah=low_sil_doer_checker;rastaFilter=none;backEnd=low_sil_doer_checker,True,True,True,259,,,,True
e2_var,chk10,d_random_hw,1.10,PFmax,TOTALCOST,259,period_ub=259,OPTIMAL,2121,248,3.25,OPTIMAL,2121,8.729,248,2121,10,frontEnd=low_sil_diverse_doer_checker;rasta=none;powspec=none;audspec=none;compJah=low_sil_diverse_doer_checker;rastaFilter=none;backEnd=low_sil_diverse_doer_checker,True,True,True,259,,,,True
e2_var,chk10,d_random_hw,1.10,PFlight,TOTALCOST,259,period_ub=259,OPTIMAL,2121,248,5.49,OPTIMAL,2121,10.39,248,2121,10,frontEnd=low_sil_doer_checker;rasta=none;powspec=none;audspec=none;compJah=low_sil_doer_checker;rastaFilter=none;backEnd=low_sil_doer_checker,True,True,True,259,,,,True
e2_var,chk10,d_random_hw,1.10,PFcheap,TOTALCOST,259,period_ub=259,OPTIMAL,2121,248,5.24,OPTIMAL,2121,10.697,248,2121,10,frontEnd=low_sil_doer_checker;rasta=none;powspec=none;audspec=none;compJah=low_sil_doer_checker;rastaFilter=none;backEnd=low_sil_doer_checker,True,True,True,259,,,,True
e2_var,chk10,d_random_hw,1.25,joint,TOTALCOST,294,period_ub=294,OPTIMAL,1972,292,17.911,OPTIMAL,1972,27.006,282,1972,10,frontEnd=low_sil_doer_checker;rasta=none;powspec=none;audspec=none;compJah=low_sil_doer_checker;rastaFilter=none;backEnd=low_sil_doer_checker,True,True,,294,,,,True
e2_var,chk10,d_random_hw,1.25,PFmin,TOTALCOST,294,period_ub=294,OPTIMAL,1972,292,5.187,OPTIMAL,1972,12.504,282,1972,10,frontEnd=low_sil_doer_checker;rasta=none;powspec=none;audspec=none;compJah=low_sil_doer_checker;rastaFilter=none;backEnd=low_sil_doer_checker,True,True,True,294,,,,True
e2_var,chk10,d_random_hw,1.25,PFmax,TOTALCOST,294,period_ub=294,OPTIMAL,1972,292,6.852,OPTIMAL,1972,10.269,292,1972,10,frontEnd=low_sil_diverse_doer_checker;rasta=none;powspec=none;audspec=none;compJah=low_sil_diverse_doer_checker;rastaFilter=none;backEnd=low_sil_diverse_doer_checker,True,True,True,294,,,,True
e2_var,chk10,d_random_hw,1.25,PFlight,TOTALCOST,294,period_ub=294,OPTIMAL,1972,292,5.1,OPTIMAL,1972,13.553,282,1972,10,frontEnd=low_sil_doer_checker;rasta=none;powspec=none;audspec=none;compJah=low_sil_doer_checker;rastaFilter=none;backEnd=low_sil_doer_checker,True,True,True,294,,,,True
e2_var,chk10,d_random_hw,1.25,PFcheap,TOTALCOST,294,period_ub=294,OPTIMAL,1972,282,7.706,OPTIMAL,1972,10.706,292,1972,10,frontEnd=low_sil_doer_checker;rasta=none;powspec=none;audspec=none;compJah=low_sil_doer_checker;rastaFilter=none;backEnd=low_sil_doer_checker,True,True,True,294,,,,True
e2_var,chk10,d_random_hw,1.50,joint,TOTALCOST,353,period_ub=353,OPTIMAL,1931,343,9.198,OPTIMAL,1931,13.7,343,1931,8,frontEnd=low_sil_doer_checker;rasta=none;powspec=none;audspec=none;compJah=low_sil_doer_checker;rastaFilter=none;backEnd=low_sil_doer_checker,True,True,,353,,,,True
e2_var,chk10,d_random_hw,1.50,PFmin,TOTALCOST,353,period_ub=353,OPTIMAL,1931,343,3.789,OPTIMAL,1931,5.751,347,1931,8,frontEnd=low_sil_doer_checker;rasta=none;powspec=none;audspec=none;compJah=low_sil_doer_checker;rastaFilter=none;backEnd=low_sil_doer_checker,True,True,True,353,,,,True
e2_var,chk10,d_random_hw,1.50,PFmax,TOTALCOST,353,period_ub=353,OPTIMAL,1931,339,3.553,OPTIMAL,1931,5.077,349,1931,8,frontEnd=low_sil_diverse_doer_checker;rasta=none;powspec=none;audspec=none;compJah=low_sil_diverse_doer_checker;rastaFilter=none;backEnd=low_sil_diverse_doer_checker,True,True,True,353,,,,True
e2_var,chk10,d_random_hw,1.50,PFlight,TOTALCOST,353,period_ub=353,OPTIMAL,1931,343,3.799,OPTIMAL,1931,4.969,349,1931,8,frontEnd=low_sil_doer_checker;rasta=none;powspec=none;audspec=none;compJah=low_sil_doer_checker;rastaFilter=none;backEnd=low_sil_doer_checker,True,True,True,353,,,,True
e2_var,chk10,d_random_hw,1.50,PFcheap,TOTALCOST,353,period_ub=353,OPTIMAL,1931,343,3.855,OPTIMAL,1931,5.669,339,1931,8,frontEnd=low_sil_doer_checker;rasta=none;powspec=none;audspec=none;compJah=low_sil_doer_checker;rastaFilter=none;backEnd=low_sil_doer_checker,True,True,True,353,,,,True
e2_var,chk10,d_random_hw,2.00,joint,TOTALCOST,470,period_ub=470,OPTIMAL,1912,456,8.498,OPTIMAL,1912,13.923,456,1912,6,frontEnd=low_sil_doer_checker;rasta=none;powspec=none;audspec=none;compJah=low_sil_doer_checker;rastaFilter=none;backEnd=low_sil_doer_checker,True,True,,470,,,,True
e2_var,chk10,d_random_hw,2.00,PFmin,TOTALCOST,470,period_ub=470,OPTIMAL,1912,449,3.671,OPTIMAL,1912,4.607,449,1912,6,frontEnd=low_sil_doer_checker;rasta=none;powspec=none;audspec=none;compJah=low_sil_doer_checker;rastaFilter=none;backEnd=low_sil_doer_checker,True,True,True,470,,,,True
e2_var,chk10,d_random_hw,2.00,PFmax,TOTALCOST,470,period_ub=470,OPTIMAL,1912,456,3.567,OPTIMAL,1912,4.331,449,1912,6,frontEnd=low_sil_diverse_doer_checker;rasta=none;powspec=none;audspec=none;compJah=low_sil_diverse_doer_checker;rastaFilter=none;backEnd=low_sil_diverse_doer_checker,True,True,True,470,,,,True
e2_var,chk10,d_random_hw,2.00,PFlight,TOTALCOST,470,period_ub=470,OPTIMAL,1912,456,3.745,OPTIMAL,1912,5.185,456,1912,6,frontEnd=low_sil_doer_checker;rasta=none;powspec=none;audspec=none;compJah=low_sil_doer_checker;rastaFilter=none;backEnd=low_sil_doer_checker,True,True,True,470,,,,True
e2_var,chk10,d_random_hw,2.00,PFcheap,TOTALCOST,470,period_ub=470,OPTIMAL,1912,456,3.647,OPTIMAL,1912,5.693,456,1912,6,frontEnd=low_sil_doer_checker;rasta=none;powspec=none;audspec=none;compJah=low_sil_doer_checker;rastaFilter=none;backEnd=low_sil_doer_checker,True,True,True,470,,,,True
e2_var,chk10,d_systematic_sw,-,min_period,THROUGHPUT,,,OPTIMAL,235,235,3.56,OPTIMAL,235,4.236,235,4428,8,frontEnd=same_cpu_doer_checker;rasta=same_cpu_doer_checker;powspec=none;audspec=low_sil_diverse_doer_checker;compJah=low_sil_diverse_doer_checker;rastaFilter=none;backEnd=same_cpu_doer_checker,True,,,235,,,,True
e2_var,chk10,d_systematic_sw,none,joint,TOTALCOST,,,OPTIMAL,1846,1690,3.367,OPTIMAL,1846,4.154,1641,1846,2,frontEnd=same_cpu_doer_checker;rasta=none;powspec=none;audspec=none;compJah=same_cpu_doer_checker;rastaFilter=none;backEnd=same_cpu_doer_checker,True,True,,1781,,,,True
e2_var,chk10,d_systematic_sw,none,PFmin,TOTALCOST,,,OPTIMAL,1846,1690,2.15,OPTIMAL,1846,2.362,1663,1846,2,frontEnd=same_cpu_doer_checker;rasta=none;powspec=none;audspec=none;compJah=same_cpu_doer_checker;rastaFilter=none;backEnd=same_cpu_doer_checker,True,True,True,1781,,,,True
e2_var,chk10,d_systematic_sw,none,PFmax,TOTALCOST,,,OPTIMAL,2009,1545,2.495,OPTIMAL,2009,2.53,1548,2009,3,frontEnd=low_sil_diverse_doer_checker;rasta=none;powspec=none;audspec=none;compJah=low_sil_diverse_doer_checker;rastaFilter=none;backEnd=low_sil_diverse_doer_checker,True,True,True,1781,,,,True
e2_var,chk10,d_systematic_sw,none,PFlight,TOTALCOST,,,OPTIMAL,1846,1641,2.112,OPTIMAL,1846,2.344,1641,1846,2,frontEnd=same_cpu_doer_checker;rasta=none;powspec=none;audspec=none;compJah=same_cpu_doer_checker;rastaFilter=none;backEnd=same_cpu_doer_checker,True,True,True,1781,,,,True
e2_var,chk10,d_systematic_sw,none,PFcheap,TOTALCOST,,,OPTIMAL,1846,1668,2.141,OPTIMAL,1846,2.367,1663,1846,2,frontEnd=same_cpu_doer_checker;rasta=none;powspec=none;audspec=none;compJah=same_cpu_doer_checker;rastaFilter=none;backEnd=same_cpu_doer_checker,True,True,True,1781,,,,True
e2_var,chk10,d_systematic_sw,1.00,joint,TOTALCOST,235,period_ub=235,OPTIMAL,2072,235,1.817,OPTIMAL,2072,3.368,235,2072,7,frontEnd=same_cpu_doer_checker;rasta=none;powspec=none;audspec=none;compJah=same_cpu_doer_checker;rastaFilter=none;backEnd=same_cpu_doer_checker,True,True,,235,,,,True
e2_var,chk10,d_systematic_sw,1.00,PFmin,TOTALCOST,235,period_ub=235,OPTIMAL,2072,235,8.564,OPTIMAL,2072,1.798,235,2072,7,frontEnd=same_cpu_doer_checker;rasta=none;powspec=none;audspec=none;compJah=same_cpu_doer_checker;rastaFilter=none;backEnd=same_cpu_doer_checker,True,True,True,235,,,,True
e2_var,chk10,d_systematic_sw,1.00,PFmax,TOTALCOST,235,period_ub=235,OPTIMAL,2309,235,2.163,OPTIMAL,2309,3.478,235,2309,10,frontEnd=low_sil_diverse_doer_checker;rasta=none;powspec=none;audspec=none;compJah=low_sil_diverse_doer_checker;rastaFilter=none;backEnd=low_sil_diverse_doer_checker,True,True,True,235,,,,True
e2_var,chk10,d_systematic_sw,1.00,PFlight,TOTALCOST,235,period_ub=235,OPTIMAL,2072,235,8.556,OPTIMAL,2072,1.845,235,2072,7,frontEnd=same_cpu_doer_checker;rasta=none;powspec=none;audspec=none;compJah=same_cpu_doer_checker;rastaFilter=none;backEnd=same_cpu_doer_checker,True,True,True,235,,,,True
e2_var,chk10,d_systematic_sw,1.00,PFcheap,TOTALCOST,235,period_ub=235,OPTIMAL,2072,235,8.705,OPTIMAL,2072,1.784,235,2072,7,frontEnd=same_cpu_doer_checker;rasta=none;powspec=none;audspec=none;compJah=same_cpu_doer_checker;rastaFilter=none;backEnd=same_cpu_doer_checker,True,True,True,235,,,,True
e2_var,chk10,d_systematic_sw,1.10,joint,TOTALCOST,259,period_ub=259,OPTIMAL,2069,248,3.103,OPTIMAL,2069,2.13,248,2069,7,frontEnd=same_cpu_doer_checker;rasta=none;powspec=none;audspec=none;compJah=same_cpu_doer_checker;rastaFilter=none;backEnd=same_cpu_doer_checker,True,True,,259,,,,True
e2_var,chk10,d_systematic_sw,1.10,PFmin,TOTALCOST,259,period_ub=259,OPTIMAL,2069,248,2.516,OPTIMAL,2069,1.957,248,2069,7,frontEnd=same_cpu_doer_checker;rasta=none;powspec=none;audspec=none;compJah=same_cpu_doer_checker;rastaFilter=none;backEnd=same_cpu_doer_checker,True,True,True,259,,,,True
e2_var,chk10,d_systematic_sw,1.10,PFmax,TOTALCOST,259,period_ub=259,OPTIMAL,2309,248,2.316,OPTIMAL,2309,3.613,240,2309,10,frontEnd=low_sil_diverse_doer_checker;rasta=none;powspec=none;audspec=none;compJah=low_sil_diverse_doer_checker;rastaFilter=none;backEnd=low_sil_diverse_doer_checker,True,True,True,259,,,,True
e2_var,chk10,d_systematic_sw,1.10,PFlight,TOTALCOST,259,period_ub=259,OPTIMAL,2069,248,2.544,OPTIMAL,2069,1.994,248,2069,7,frontEnd=same_cpu_doer_checker;rasta=none;powspec=none;audspec=none;compJah=same_cpu_doer_checker;rastaFilter=none;backEnd=same_cpu_doer_checker,True,True,True,259,,,,True
e2_var,chk10,d_systematic_sw,1.10,PFcheap,TOTALCOST,259,period_ub=259,OPTIMAL,2069,248,2.512,OPTIMAL,2069,1.957,248,2069,7,frontEnd=same_cpu_doer_checker;rasta=none;powspec=none;audspec=none;compJah=same_cpu_doer_checker;rastaFilter=none;backEnd=same_cpu_doer_checker,True,True,True,259,,,,True
e2_var,chk10,d_systematic_sw,1.25,joint,TOTALCOST,294,period_ub=294,OPTIMAL,1920,282,3.685,OPTIMAL,1920,4.463,282,1920,7,frontEnd=same_cpu_doer_checker;rasta=none;powspec=none;audspec=none;compJah=same_cpu_doer_checker;rastaFilter=none;backEnd=same_cpu_doer_checker,True,True,,294,,,,True
e2_var,chk10,d_systematic_sw,1.25,PFmin,TOTALCOST,294,period_ub=294,OPTIMAL,1920,282,1.577,OPTIMAL,1920,2.105,282,1920,7,frontEnd=same_cpu_doer_checker;rasta=none;powspec=none;audspec=none;compJah=same_cpu_doer_checker;rastaFilter=none;backEnd=same_cpu_doer_checker,True,True,True,294,,,,True
e2_var,chk10,d_systematic_sw,1.25,PFmax,TOTALCOST,294,period_ub=294,OPTIMAL,2123,294,2.583,OPTIMAL,2123,3.765,294,2123,9,frontEnd=low_sil_diverse_doer_checker;rasta=none;powspec=none;audspec=none;compJah=low_sil_diverse_doer_checker;rastaFilter=none;backEnd=low_sil_diverse_doer_checker,True,True,True,294,,,,True
e2_var,chk10,d_systematic_sw,1.25,PFlight,TOTALCOST,294,period_ub=294,OPTIMAL,1920,282,1.616,OPTIMAL,1920,2.285,282,1920,7,frontEnd=same_cpu_doer_checker;rasta=none;powspec=none;audspec=none;compJah=same_cpu_doer_checker;rastaFilter=none;backEnd=same_cpu_doer_checker,True,True,True,294,,,,True
e2_var,chk10,d_systematic_sw,1.25,PFcheap,TOTALCOST,294,period_ub=294,OPTIMAL,1920,282,1.702,OPTIMAL,1920,2.359,282,1920,7,frontEnd=same_cpu_doer_checker;rasta=none;powspec=none;audspec=none;compJah=same_cpu_doer_checker;rastaFilter=none;backEnd=same_cpu_doer_checker,True,True,True,294,,,,True
e2_var,chk10,d_systematic_sw,1.50,joint,TOTALCOST,353,period_ub=353,OPTIMAL,1906,319,3.698,OPTIMAL,1906,3.107,319,1906,6,frontEnd=same_cpu_doer_checker;rasta=none;powspec=none;audspec=none;compJah=same_cpu_doer_checker;rastaFilter=none;backEnd=same_cpu_doer_checker,True,True,,353,,,,True
e2_var,chk10,d_systematic_sw,1.50,PFmin,TOTALCOST,353,period_ub=353,OPTIMAL,1906,319,2.14,OPTIMAL,1906,2.123,319,1906,6,frontEnd=same_cpu_doer_checker;rasta=none;powspec=none;audspec=none;compJah=same_cpu_doer_checker;rastaFilter=none;backEnd=same_cpu_doer_checker,True,True,True,353,,,,True
e2_var,chk10,d_systematic_sw,1.50,PFmax,TOTALCOST,353,period_ub=353,OPTIMAL,2112,332,2.61,OPTIMAL,2112,3.494,328,2112,8,frontEnd=low_sil_diverse_doer_checker;rasta=none;powspec=none;audspec=none;compJah=low_sil_diverse_doer_checker;rastaFilter=none;backEnd=low_sil_diverse_doer_checker,True,True,True,353,,,,True
e2_var,chk10,d_systematic_sw,1.50,PFlight,TOTALCOST,353,period_ub=353,OPTIMAL,1906,319,2.067,OPTIMAL,1906,2.558,319,1906,6,frontEnd=same_cpu_doer_checker;rasta=none;powspec=none;audspec=none;compJah=same_cpu_doer_checker;rastaFilter=none;backEnd=same_cpu_doer_checker,True,True,True,353,,,,True
e2_var,chk10,d_systematic_sw,1.50,PFcheap,TOTALCOST,353,period_ub=353,OPTIMAL,1906,319,2.005,OPTIMAL,1906,2.312,319,1906,6,frontEnd=same_cpu_doer_checker;rasta=none;powspec=none;audspec=none;compJah=same_cpu_doer_checker;rastaFilter=none;backEnd=same_cpu_doer_checker,True,True,True,353,,,,True
e2_var,chk10,d_systematic_sw,2.00,joint,TOTALCOST,470,period_ub=470,OPTIMAL,1898,449,3.726,OPTIMAL,1898,4.582,449,1898,5,frontEnd=same_cpu_doer_checker;rasta=none;powspec=none;audspec=none;compJah=same_cpu_doer_checker;rastaFilter=none;backEnd=same_cpu_doer_checker,True,True,,470,,,,True
e2_var,chk10,d_systematic_sw,2.00,PFmin,TOTALCOST,470,period_ub=470,OPTIMAL,1898,449,2.943,OPTIMAL,1898,2.483,449,1898,5,frontEnd=same_cpu_doer_checker;rasta=none;powspec=none;audspec=none;compJah=same_cpu_doer_checker;rastaFilter=none;backEnd=same_cpu_doer_checker,True,True,True,470,,,,True
e2_var,chk10,d_systematic_sw,2.00,PFmax,TOTALCOST,470,period_ub=470,OPTIMAL,2068,449,3.104,OPTIMAL,2068,2.715,457,2068,6,frontEnd=low_sil_diverse_doer_checker;rasta=none;powspec=none;audspec=none;compJah=low_sil_diverse_doer_checker;rastaFilter=none;backEnd=low_sil_diverse_doer_checker,True,True,True,470,,,,True
e2_var,chk10,d_systematic_sw,2.00,PFlight,TOTALCOST,470,period_ub=470,OPTIMAL,1898,449,2.437,OPTIMAL,1898,2.808,449,1898,5,frontEnd=same_cpu_doer_checker;rasta=none;powspec=none;audspec=none;compJah=same_cpu_doer_checker;rastaFilter=none;backEnd=same_cpu_doer_checker,True,True,True,470,,,,True
e2_var,chk10,d_systematic_sw,2.00,PFcheap,TOTALCOST,470,period_ub=470,OPTIMAL,1898,449,2.548,OPTIMAL,1898,2.656,449,1898,5,frontEnd=same_cpu_doer_checker;rasta=none;powspec=none;audspec=none;compJah=same_cpu_doer_checker;rastaFilter=none;backEnd=same_cpu_doer_checker,True,True,True,470,,,,True
e2_var,chk10,f_sw3,-,min_period,THROUGHPUT,,,OPTIMAL,235,235,6.441,OPTIMAL,235,7.422,235,8257,10,frontEnd=mixed_sil_doer_checker;rasta=none;powspec=none;audspec=low_sil_diverse_doer_checker;compJah=mixed_sil_doer_checker;rastaFilter=none;backEnd=same_cpu_doer_checker,True,,,235,,,,True
e2_var,chk10,f_sw3,none,joint,TOTALCOST,,,OPTIMAL,3365,1079,5.734,OPTIMAL,3365,5.398,1105,3365,4,frontEnd=two_of_two_high_sil;rasta=none;powspec=none;audspec=none;compJah=two_of_two_high_sil;rastaFilter=none;backEnd=same_cpu_doer_checker,True,True,,2328,,,,True
e2_var,chk10,f_sw3,none,PFmin,TOTALCOST,,,OPTIMAL,3365,1079,3.553,OPTIMAL,3365,3.383,1105,3365,4,frontEnd=two_of_two_high_sil;rasta=none;powspec=none;audspec=none;compJah=two_of_two_high_sil;rastaFilter=none;backEnd=same_cpu_doer_checker,True,True,True,2328,,,,True
e2_var,chk10,f_sw3,none,PFmax,TOTALCOST,,,OPTIMAL,3406,1079,3.425,OPTIMAL,3406,3.551,1079,3406,5,frontEnd=two_of_two_high_sil;rasta=none;powspec=none;audspec=none;compJah=two_of_two_high_sil;rastaFilter=none;backEnd=low_sil_diverse_doer_checker,True,True,True,2328,,,,True
e2_var,chk10,f_sw3,none,PFlight,TOTALCOST,,,OPTIMAL,4403,1130,3.467,OPTIMAL,4403,3.459,1104,4403,4,frontEnd=mixed_sil_doer_checker;rasta=none;powspec=none;audspec=none;compJah=mixed_sil_doer_checker;rastaFilter=none;backEnd=same_cpu_doer_checker,True,True,True,2328,,,,True
e2_var,chk10,f_sw3,none,PFcheap,TOTALCOST,,,OPTIMAL,3365,1177,3.342,OPTIMAL,3365,3.402,1267,3365,4,frontEnd=two_of_two_high_sil;rasta=none;powspec=none;audspec=none;compJah=two_of_two_high_sil;rastaFilter=none;backEnd=same_cpu_doer_checker,True,True,True,2328,,,,True
e2_var,chk10,f_sw3,1.00,joint,TOTALCOST,235,period_ub=235,OPTIMAL,4667,235,5.002,OPTIMAL,4667,8.748,235,4667,9,frontEnd=mixed_sil_doer_checker;rasta=none;powspec=none;audspec=none;compJah=mixed_sil_doer_checker;rastaFilter=none;backEnd=same_cpu_doer_checker,True,True,,235,,,,True
e2_var,chk10,f_sw3,1.00,PFmin,TOTALCOST,235,period_ub=235,UNSAT,,,0.892,UNSAT,,0.825,,,,frontEnd=two_of_two_high_sil;rasta=none;powspec=none;audspec=none;compJah=two_of_two_high_sil;rastaFilter=none;backEnd=same_cpu_doer_checker,,,,,,,,True
e2_var,chk10,f_sw3,1.00,PFmax,TOTALCOST,235,period_ub=235,UNSAT,,,0.876,UNSAT,,0.856,,,,frontEnd=two_of_two_high_sil;rasta=none;powspec=none;audspec=none;compJah=two_of_two_high_sil;rastaFilter=none;backEnd=low_sil_diverse_doer_checker,,,,,,,,True
e2_var,chk10,f_sw3,1.00,PFlight,TOTALCOST,235,period_ub=235,OPTIMAL,4667,235,2.689,OPTIMAL,4667,3.886,235,4667,9,frontEnd=mixed_sil_doer_checker;rasta=none;powspec=none;audspec=none;compJah=mixed_sil_doer_checker;rastaFilter=none;backEnd=same_cpu_doer_checker,True,True,True,235,,,,True
e2_var,chk10,f_sw3,1.00,PFcheap,TOTALCOST,235,period_ub=235,UNSAT,,,0.921,UNSAT,,0.834,,,,frontEnd=two_of_two_high_sil;rasta=none;powspec=none;audspec=none;compJah=two_of_two_high_sil;rastaFilter=none;backEnd=same_cpu_doer_checker,,,,,,,,True
e2_var,chk10,f_sw3,1.10,joint,TOTALCOST,259,period_ub=259,OPTIMAL,4625,259,5.271,OPTIMAL,4625,9.938,259,4625,8,frontEnd=mixed_sil_doer_checker;rasta=none;powspec=none;audspec=none;compJah=mixed_sil_doer_checker;rastaFilter=none;backEnd=same_cpu_doer_checker,True,True,,259,,,,True
e2_var,chk10,f_sw3,1.10,PFmin,TOTALCOST,259,period_ub=259,UNSAT,,,0.872,UNSAT,,0.877,,,,frontEnd=two_of_two_high_sil;rasta=none;powspec=none;audspec=none;compJah=two_of_two_high_sil;rastaFilter=none;backEnd=same_cpu_doer_checker,,,,,,,,True
e2_var,chk10,f_sw3,1.10,PFmax,TOTALCOST,259,period_ub=259,UNSAT,,,0.889,UNSAT,,0.825,,,,frontEnd=two_of_two_high_sil;rasta=none;powspec=none;audspec=none;compJah=two_of_two_high_sil;rastaFilter=none;backEnd=low_sil_diverse_doer_checker,,,,,,,,True
e2_var,chk10,f_sw3,1.10,PFlight,TOTALCOST,259,period_ub=259,OPTIMAL,4625,259,2.728,OPTIMAL,4625,4.176,259,4625,8,frontEnd=mixed_sil_doer_checker;rasta=none;powspec=none;audspec=none;compJah=mixed_sil_doer_checker;rastaFilter=none;backEnd=same_cpu_doer_checker,True,True,True,259,,,,True
e2_var,chk10,f_sw3,1.10,PFcheap,TOTALCOST,259,period_ub=259,UNSAT,,,0.89,UNSAT,,0.83,,,,frontEnd=two_of_two_high_sil;rasta=none;powspec=none;audspec=none;compJah=two_of_two_high_sil;rastaFilter=none;backEnd=same_cpu_doer_checker,,,,,,,,True
e2_var,chk10,f_sw3,1.25,joint,TOTALCOST,294,period_ub=294,OPTIMAL,4498,289,6.508,OPTIMAL,4498,8.84,289,4498,8,frontEnd=mixed_sil_doer_checker;rasta=none;powspec=none;audspec=none;compJah=mixed_sil_doer_checker;rastaFilter=none;backEnd=same_cpu_doer_checker,True,True,,294,,,,True
e2_var,chk10,f_sw3,1.25,PFmin,TOTALCOST,294,period_ub=294,UNSAT,,,0.957,UNSAT,,0.885,,,,frontEnd=two_of_two_high_sil;rasta=none;powspec=none;audspec=none;compJah=two_of_two_high_sil;rastaFilter=none;backEnd=same_cpu_doer_checker,,,,,,,,True
e2_var,chk10,f_sw3,1.25,PFmax,TOTALCOST,294,period_ub=294,UNSAT,,,0.947,UNSAT,,0.854,,,,frontEnd=two_of_two_high_sil;rasta=none;powspec=none;audspec=none;compJah=two_of_two_high_sil;rastaFilter=none;backEnd=low_sil_diverse_doer_checker,,,,,,,,True
e2_var,chk10,f_sw3,1.25,PFlight,TOTALCOST,294,period_ub=294,OPTIMAL,4498,289,3.434,OPTIMAL,4498,4.057,289,4498,8,frontEnd=mixed_sil_doer_checker;rasta=none;powspec=none;audspec=none;compJah=mixed_sil_doer_checker;rastaFilter=none;backEnd=same_cpu_doer_checker,True,True,True,294,,,,True
e2_var,chk10,f_sw3,1.25,PFcheap,TOTALCOST,294,period_ub=294,UNSAT,,,0.909,UNSAT,,0.887,,,,frontEnd=two_of_two_high_sil;rasta=none;powspec=none;audspec=none;compJah=two_of_two_high_sil;rastaFilter=none;backEnd=same_cpu_doer_checker,,,,,,,,True
e2_var,chk10,f_sw3,1.50,joint,TOTALCOST,353,period_ub=353,OPTIMAL,3988,345,6.889,OPTIMAL,3988,10.231,319,3988,8,frontEnd=two_of_two_high_sil;rasta=none;powspec=none;audspec=none;compJah=mixed_sil_doer_checker;rastaFilter=none;backEnd=same_cpu_doer_checker,True,True,,353,,,,True
e2_var,chk10,f_sw3,1.50,PFmin,TOTALCOST,353,period_ub=353,UNSAT,,,1.241,UNSAT,,1.156,,,,frontEnd=two_of_two_high_sil;rasta=none;powspec=none;audspec=none;compJah=two_of_two_high_sil;rastaFilter=none;backEnd=same_cpu_doer_checker,,,,,,,,True
e2_var,chk10,f_sw3,1.50,PFmax,TOTALCOST,353,period_ub=353,UNSAT,,,1.213,UNSAT,,1.147,,,,frontEnd=two_of_two_high_sil;rasta=none;powspec=none;audspec=none;compJah=two_of_two_high_sil;rastaFilter=none;backEnd=low_sil_diverse_doer_checker,,,,,,,,True
e2_var,chk10,f_sw3,1.50,PFlight,TOTALCOST,353,period_ub=353,OPTIMAL,4462,319,3.294,OPTIMAL,4462,3.834,319,4462,7,frontEnd=mixed_sil_doer_checker;rasta=none;powspec=none;audspec=none;compJah=mixed_sil_doer_checker;rastaFilter=none;backEnd=same_cpu_doer_checker,True,True,True,353,,,,True
e2_var,chk10,f_sw3,1.50,PFcheap,TOTALCOST,353,period_ub=353,UNSAT,,,1.237,UNSAT,,1.182,,,,frontEnd=two_of_two_high_sil;rasta=none;powspec=none;audspec=none;compJah=two_of_two_high_sil;rastaFilter=none;backEnd=same_cpu_doer_checker,,,,,,,,True
e2_var,chk10,f_sw3,2.00,joint,TOTALCOST,470,period_ub=470,OPTIMAL,3421,461,7.157,OPTIMAL,3421,6.01,461,3421,6,frontEnd=two_of_two_high_sil;rasta=none;powspec=none;audspec=none;compJah=two_of_two_high_sil;rastaFilter=none;backEnd=same_cpu_doer_checker,True,True,,470,,,,True
e2_var,chk10,f_sw3,2.00,PFmin,TOTALCOST,470,period_ub=470,OPTIMAL,3421,461,3.667,OPTIMAL,3421,3.837,461,3421,6,frontEnd=two_of_two_high_sil;rasta=none;powspec=none;audspec=none;compJah=two_of_two_high_sil;rastaFilter=none;backEnd=same_cpu_doer_checker,True,True,True,470,,,,True
e2_var,chk10,f_sw3,2.00,PFmax,TOTALCOST,470,period_ub=470,OPTIMAL,3462,461,3.494,OPTIMAL,3462,5.355,461,3462,7,frontEnd=two_of_two_high_sil;rasta=none;powspec=none;audspec=none;compJah=two_of_two_high_sil;rastaFilter=none;backEnd=low_sil_diverse_doer_checker,True,True,True,470,,,,True
e2_var,chk10,f_sw3,2.00,PFlight,TOTALCOST,470,period_ub=470,OPTIMAL,4454,449,3.539,OPTIMAL,4454,4.248,454,4454,6,frontEnd=mixed_sil_doer_checker;rasta=none;powspec=none;audspec=none;compJah=mixed_sil_doer_checker;rastaFilter=none;backEnd=same_cpu_doer_checker,True,True,True,470,,,,True
e2_var,chk10,f_sw3,2.00,PFcheap,TOTALCOST,470,period_ub=470,OPTIMAL,3421,461,3.375,OPTIMAL,3421,3.532,461,3421,6,frontEnd=two_of_two_high_sil;rasta=none;powspec=none;audspec=none;compJah=two_of_two_high_sil;rastaFilter=none;backEnd=same_cpu_doer_checker,True,True,True,470,,,,True
e2_var,chk10,f_both3,-,min_period,THROUGHPUT,,,OPTIMAL,235,235,5.928,OPTIMAL,235,6.166,235,7629,12,frontEnd=mixed_sil_doer_checker;rasta=low_sil_diverse_doer_checker;powspec=none;audspec=low_sil_diverse_doer_checker;compJah=mixed_sil_doer_checker;rastaFilter=none;backEnd=low_sil_diverse_doer_checker,True,,,235,,,,True
e2_var,chk10,f_both3,none,joint,TOTALCOST,,,OPTIMAL,3406,1104,3.262,OPTIMAL,3406,5.975,1105,3406,5,frontEnd=two_of_two_high_sil;rasta=none;powspec=none;audspec=none;compJah=two_of_two_high_sil;rastaFilter=none;backEnd=low_sil_diverse_doer_checker,True,True,,2328,,,,True
e2_var,chk10,f_both3,none,PFmin,TOTALCOST,,,OPTIMAL,3406,1267,3.385,OPTIMAL,3406,3.655,1105,3406,5,frontEnd=two_of_two_high_sil;rasta=none;powspec=none;audspec=none;compJah=two_of_two_high_sil;rastaFilter=none;backEnd=low_sil_diverse_doer_checker,True,True,True,2328,,,,True
e2_var,chk10,f_both3,none,PFmax,TOTALCOST,,,OPTIMAL,3406,1267,3.403,OPTIMAL,3406,3.425,1267,3406,5,frontEnd=two_of_two_high_sil;rasta=none;powspec=none;audspec=none;compJah=two_of_two_high_sil;rastaFilter=none;backEnd=low_sil_diverse_doer_checker,True,True,True,2328,,,,True
e2_var,chk10,f_both3,none,PFlight,TOTALCOST,,,OPTIMAL,4444,1079,4.062,OPTIMAL,4444,3.45,1079,4444,5,frontEnd=mixed_sil_doer_checker;rasta=none;powspec=none;audspec=none;compJah=mixed_sil_doer_checker;rastaFilter=none;backEnd=low_sil_diverse_doer_checker,True,True,True,2328,,,,True
e2_var,chk10,f_both3,none,PFcheap,TOTALCOST,,,OPTIMAL,3406,1267,3.628,OPTIMAL,3406,3.542,1267,3406,5,frontEnd=two_of_two_high_sil;rasta=none;powspec=none;audspec=none;compJah=two_of_two_high_sil;rastaFilter=none;backEnd=low_sil_diverse_doer_checker,True,True,True,2328,,,,True
e2_var,chk10,f_both3,1.00,joint,TOTALCOST,235,period_ub=235,OPTIMAL,4708,235,6.107,OPTIMAL,4708,7.689,235,4708,10,frontEnd=mixed_sil_doer_checker;rasta=none;powspec=none;audspec=none;compJah=mixed_sil_doer_checker;rastaFilter=none;backEnd=low_sil_diverse_doer_checker,True,True,,235,,,,True
e2_var,chk10,f_both3,1.00,PFmin,TOTALCOST,235,period_ub=235,UNSAT,,,0.919,UNSAT,,0.822,,,,frontEnd=two_of_two_high_sil;rasta=none;powspec=none;audspec=none;compJah=two_of_two_high_sil;rastaFilter=none;backEnd=low_sil_diverse_doer_checker,,,,,,,,True
e2_var,chk10,f_both3,1.00,PFmax,TOTALCOST,235,period_ub=235,UNSAT,,,0.863,UNSAT,,0.81,,,,frontEnd=two_of_two_high_sil;rasta=none;powspec=none;audspec=none;compJah=two_of_two_high_sil;rastaFilter=none;backEnd=low_sil_diverse_doer_checker,,,,,,,,True
e2_var,chk10,f_both3,1.00,PFlight,TOTALCOST,235,period_ub=235,OPTIMAL,4708,235,3.061,OPTIMAL,4708,4.095,235,4708,10,frontEnd=mixed_sil_doer_checker;rasta=none;powspec=none;audspec=none;compJah=mixed_sil_doer_checker;rastaFilter=none;backEnd=low_sil_diverse_doer_checker,True,True,True,235,,,,True
e2_var,chk10,f_both3,1.00,PFcheap,TOTALCOST,235,period_ub=235,UNSAT,,,0.951,UNSAT,,0.843,,,,frontEnd=two_of_two_high_sil;rasta=none;powspec=none;audspec=none;compJah=two_of_two_high_sil;rastaFilter=none;backEnd=low_sil_diverse_doer_checker,,,,,,,,True
e2_var,chk10,f_both3,1.10,joint,TOTALCOST,259,period_ub=259,OPTIMAL,4708,235,5.79,OPTIMAL,4708,8.109,235,4708,10,frontEnd=mixed_sil_doer_checker;rasta=none;powspec=none;audspec=none;compJah=mixed_sil_doer_checker;rastaFilter=none;backEnd=low_sil_diverse_doer_checker,True,True,,259,,,,True
e2_var,chk10,f_both3,1.10,PFmin,TOTALCOST,259,period_ub=259,UNSAT,,,0.907,UNSAT,,0.853,,,,frontEnd=two_of_two_high_sil;rasta=none;powspec=none;audspec=none;compJah=two_of_two_high_sil;rastaFilter=none;backEnd=low_sil_diverse_doer_checker,,,,,,,,True
e2_var,chk10,f_both3,1.10,PFmax,TOTALCOST,259,period_ub=259,UNSAT,,,0.938,UNSAT,,0.853,,,,frontEnd=two_of_two_high_sil;rasta=none;powspec=none;audspec=none;compJah=two_of_two_high_sil;rastaFilter=none;backEnd=low_sil_diverse_doer_checker,,,,,,,,True
e2_var,chk10,f_both3,1.10,PFlight,TOTALCOST,259,period_ub=259,OPTIMAL,4708,235,3.638,OPTIMAL,4708,5.323,235,4708,10,frontEnd=mixed_sil_doer_checker;rasta=none;powspec=none;audspec=none;compJah=mixed_sil_doer_checker;rastaFilter=none;backEnd=low_sil_diverse_doer_checker,True,True,True,259,,,,True
e2_var,chk10,f_both3,1.10,PFcheap,TOTALCOST,259,period_ub=259,UNSAT,,,0.899,UNSAT,,0.844,,,,frontEnd=two_of_two_high_sil;rasta=none;powspec=none;audspec=none;compJah=two_of_two_high_sil;rastaFilter=none;backEnd=low_sil_diverse_doer_checker,,,,,,,,True
e2_var,chk10,f_both3,1.25,joint,TOTALCOST,294,period_ub=294,OPTIMAL,4699,289,10.042,OPTIMAL,4699,17.372,289,4699,10,frontEnd=mixed_sil_doer_checker;rasta=none;powspec=none;audspec=none;compJah=mixed_sil_doer_checker;rastaFilter=none;backEnd=low_sil_diverse_doer_checker,True,True,,294,,,,True
e2_var,chk10,f_both3,1.25,PFmin,TOTALCOST,294,period_ub=294,UNSAT,,,0.972,UNSAT,,0.86,,,,frontEnd=two_of_two_high_sil;rasta=none;powspec=none;audspec=none;compJah=two_of_two_high_sil;rastaFilter=none;backEnd=low_sil_diverse_doer_checker,,,,,,,,True
e2_var,chk10,f_both3,1.25,PFmax,TOTALCOST,294,period_ub=294,UNSAT,,,0.905,UNSAT,,0.915,,,,frontEnd=two_of_two_high_sil;rasta=none;powspec=none;audspec=none;compJah=two_of_two_high_sil;rastaFilter=none;backEnd=low_sil_diverse_doer_checker,,,,,,,,True
e2_var,chk10,f_both3,1.25,PFlight,TOTALCOST,294,period_ub=294,OPTIMAL,4699,289,5.792,OPTIMAL,4699,8.031,289,4699,10,frontEnd=mixed_sil_doer_checker;rasta=none;powspec=none;audspec=none;compJah=mixed_sil_doer_checker;rastaFilter=none;backEnd=low_sil_diverse_doer_checker,True,True,True,294,,,,True
e2_var,chk10,f_both3,1.25,PFcheap,TOTALCOST,294,period_ub=294,UNSAT,,,0.968,UNSAT,,0.876,,,,frontEnd=two_of_two_high_sil;rasta=none;powspec=none;audspec=none;compJah=two_of_two_high_sil;rastaFilter=none;backEnd=low_sil_diverse_doer_checker,,,,,,,,True
e2_var,chk10,f_both3,1.50,joint,TOTALCOST,353,period_ub=353,OPTIMAL,4149,319,10.011,OPTIMAL,4149,14.596,319,4149,9,frontEnd=two_of_two_high_sil;rasta=none;powspec=none;audspec=none;compJah=mixed_sil_doer_checker;rastaFilter=none;backEnd=low_sil_diverse_doer_checker,True,True,,353,,,,True
e2_var,chk10,f_both3,1.50,PFmin,TOTALCOST,353,period_ub=353,UNSAT,,,1.315,UNSAT,,1.235,,,,frontEnd=two_of_two_high_sil;rasta=none;powspec=none;audspec=none;compJah=two_of_two_high_sil;rastaFilter=none;backEnd=low_sil_diverse_doer_checker,,,,,,,,True
e2_var,chk10,f_both3,1.50,PFmax,TOTALCOST,353,period_ub=353,UNSAT,,,1.247,UNSAT,,1.178,,,,frontEnd=two_of_two_high_sil;rasta=none;powspec=none;audspec=none;compJah=two_of_two_high_sil;rastaFilter=none;backEnd=low_sil_diverse_doer_checker,,,,,,,,True
e2_var,chk10,f_both3,1.50,PFlight,TOTALCOST,353,period_ub=353,OPTIMAL,4663,319,4.762,OPTIMAL,4663,6.645,319,4663,9,frontEnd=mixed_sil_doer_checker;rasta=none;powspec=none;audspec=none;compJah=mixed_sil_doer_checker;rastaFilter=none;backEnd=low_sil_diverse_doer_checker,True,True,True,353,,,,True
e2_var,chk10,f_both3,1.50,PFcheap,TOTALCOST,353,period_ub=353,UNSAT,,,1.293,UNSAT,,1.164,,,,frontEnd=two_of_two_high_sil;rasta=none;powspec=none;audspec=none;compJah=two_of_two_high_sil;rastaFilter=none;backEnd=low_sil_diverse_doer_checker,,,,,,,,True
e2_var,chk10,f_both3,2.00,joint,TOTALCOST,470,period_ub=470,OPTIMAL,3462,461,9.011,OPTIMAL,3462,10.772,461,3462,7,frontEnd=two_of_two_high_sil;rasta=none;powspec=none;audspec=none;compJah=two_of_two_high_sil;rastaFilter=none;backEnd=low_sil_diverse_doer_checker,True,True,,470,,,,True
e2_var,chk10,f_both3,2.00,PFmin,TOTALCOST,470,period_ub=470,OPTIMAL,3462,461,3.858,OPTIMAL,3462,4.061,461,3462,7,frontEnd=two_of_two_high_sil;rasta=none;powspec=none;audspec=none;compJah=two_of_two_high_sil;rastaFilter=none;backEnd=low_sil_diverse_doer_checker,True,True,True,470,,,,True
e2_var,chk10,f_both3,2.00,PFmax,TOTALCOST,470,period_ub=470,OPTIMAL,3462,461,3.902,OPTIMAL,3462,4.667,461,3462,7,frontEnd=two_of_two_high_sil;rasta=none;powspec=none;audspec=none;compJah=two_of_two_high_sil;rastaFilter=none;backEnd=low_sil_diverse_doer_checker,True,True,True,470,,,,True
e2_var,chk10,f_both3,2.00,PFlight,TOTALCOST,470,period_ub=470,OPTIMAL,4500,449,4.245,OPTIMAL,4500,4.439,449,4500,7,frontEnd=mixed_sil_doer_checker;rasta=none;powspec=none;audspec=none;compJah=mixed_sil_doer_checker;rastaFilter=none;backEnd=low_sil_diverse_doer_checker,True,True,True,470,,,,True
e2_var,chk10,f_both3,2.00,PFcheap,TOTALCOST,470,period_ub=470,OPTIMAL,3462,461,3.909,OPTIMAL,3462,4.172,461,3462,7,frontEnd=two_of_two_high_sil;rasta=none;powspec=none;audspec=none;compJah=two_of_two_high_sil;rastaFilter=none;backEnd=low_sil_diverse_doer_checker,True,True,True,470,,,,True
e2_var,chk10,c_pat,-,min_period,THROUGHPUT,,,OPTIMAL,235,235,25.749,OPTIMAL,235,20.874,235,5685,10,frontEnd=mixed_sil_doer_checker;rasta=low_sil_doer_checker;powspec=none;audspec=low_sil_doer_checker;compJah=high_sil_isolated_checker;rastaFilter=none;backEnd=low_sil_doer_checker,True,,,235,,,,True
e2_var,chk10,c_pat,none,joint,TOTALCOST,,,OPTIMAL,3349,1335,16.775,OPTIMAL,3349,14.275,1188,3349,5,frontEnd=high_sil_isolated_checker;rasta=none;powspec=none;audspec=none;compJah=high_sil_isolated_checker;rastaFilter=none;backEnd=low_sil_doer_checker,True,True,,1547,,,,True
e2_var,chk10,c_pat,none,PFmin,TOTALCOST,,,OPTIMAL,3349,1296,10.358,OPTIMAL,3349,9.58,1188,3349,5,frontEnd=two_of_two_high_sil;rasta=none;powspec=none;audspec=none;compJah=two_of_two_high_sil;rastaFilter=none;backEnd=low_sil_doer_checker,True,True,True,1982,,,,True
e2_var,chk10,c_pat,none,PFmax,TOTALCOST,,,OPTIMAL,3374,1381,10.685,OPTIMAL,3374,9.199,1330,3374,5,frontEnd=two_of_two_high_sil;rasta=none;powspec=none;audspec=none;compJah=two_of_two_high_sil;rastaFilter=none;backEnd=low_sil_diverse_doer_checker,True,True,True,1357,,,,True
e2_var,chk10,c_pat,none,PFlight,TOTALCOST,,,OPTIMAL,3349,1206,9.769,OPTIMAL,3349,9.874,1154,3349,5,frontEnd=high_sil_isolated_checker;rasta=none;powspec=none;audspec=none;compJah=high_sil_isolated_checker;rastaFilter=none;backEnd=low_sil_doer_checker,True,True,True,1441,,,,True
e2_var,chk10,c_pat,none,PFcheap,TOTALCOST,,,OPTIMAL,3349,1173,9.658,OPTIMAL,3349,9.65,1205,3349,5,frontEnd=high_sil_isolated_checker;rasta=none;powspec=none;audspec=none;compJah=high_sil_isolated_checker;rastaFilter=none;backEnd=low_sil_doer_checker,True,True,True,1673,,,,True
e2_var,chk10,c_pat,1.00,joint,TOTALCOST,235,period_ub=235,OPTIMAL,3633,235,11.445,OPTIMAL,3633,62.638,235,3633,10,frontEnd=high_sil_isolated_checker;rasta=none;powspec=none;audspec=none;compJah=high_sil_isolated_checker;rastaFilter=none;backEnd=low_sil_doer_checker,True,True,,235,,,,True
e2_var,chk10,c_pat,1.00,PFmin,TOTALCOST,235,period_ub=235,UNSAT,,,2.085,UNSAT,,1.982,,,,frontEnd=two_of_two_high_sil;rasta=none;powspec=none;audspec=none;compJah=two_of_two_high_sil;rastaFilter=none;backEnd=low_sil_doer_checker,,,,,,,,True
e2_var,chk10,c_pat,1.00,PFmax,TOTALCOST,235,period_ub=235,UNSAT,,,2.051,UNSAT,,1.974,,,,frontEnd=two_of_two_high_sil;rasta=none;powspec=none;audspec=none;compJah=two_of_two_high_sil;rastaFilter=none;backEnd=low_sil_diverse_doer_checker,,,,,,,,True
e2_var,chk10,c_pat,1.00,PFlight,TOTALCOST,235,period_ub=235,OPTIMAL,3633,235,5.976,OPTIMAL,3633,18.521,235,3633,10,frontEnd=high_sil_isolated_checker;rasta=none;powspec=none;audspec=none;compJah=high_sil_isolated_checker;rastaFilter=none;backEnd=low_sil_doer_checker,True,True,True,235,,,,True
e2_var,chk10,c_pat,1.00,PFcheap,TOTALCOST,235,period_ub=235,OPTIMAL,3633,235,6.019,OPTIMAL,3633,10.513,235,3633,10,frontEnd=high_sil_isolated_checker;rasta=none;powspec=none;audspec=none;compJah=high_sil_isolated_checker;rastaFilter=none;backEnd=low_sil_doer_checker,True,True,True,235,,,,True
e2_var,chk10,c_pat,1.10,joint,TOTALCOST,259,period_ub=259,OPTIMAL,3633,251,14.887,OPTIMAL,3633,85.168,251,3633,10,frontEnd=high_sil_isolated_checker;rasta=none;powspec=none;audspec=none;compJah=high_sil_isolated_checker;rastaFilter=none;backEnd=low_sil_doer_checker,True,True,,251,,,,True
e2_var,chk10,c_pat,1.10,PFmin,TOTALCOST,259,period_ub=259,UNSAT,,,2.165,UNSAT,,1.988,,,,frontEnd=two_of_two_high_sil;rasta=none;powspec=none;audspec=none;compJah=two_of_two_high_sil;rastaFilter=none;backEnd=low_sil_doer_checker,,,,,,,,True
e2_var,chk10,c_pat,1.10,PFmax,TOTALCOST,259,period_ub=259,UNSAT,,,1.924,UNSAT,,1.971,,,,frontEnd=two_of_two_high_sil;rasta=none;powspec=none;audspec=none;compJah=two_of_two_high_sil;rastaFilter=none;backEnd=low_sil_diverse_doer_checker,,,,,,,,True
e2_var,chk10,c_pat,1.10,PFlight,TOTALCOST,259,period_ub=259,OPTIMAL,3633,250,7.852,OPTIMAL,3633,13.627,250,3633,10,frontEnd=high_sil_isolated_checker;rasta=none;powspec=none;audspec=none;compJah=high_sil_isolated_checker;rastaFilter=none;backEnd=low_sil_doer_checker,True,True,True,259,,,,True
e2_var,chk10,c_pat,1.10,PFcheap,TOTALCOST,259,period_ub=259,OPTIMAL,3633,251,7.613,OPTIMAL,3633,15.162,249,3633,10,frontEnd=high_sil_isolated_checker;rasta=none;powspec=none;audspec=none;compJah=high_sil_isolated_checker;rastaFilter=none;backEnd=low_sil_doer_checker,True,True,True,249,,,,True
e2_var,chk10,c_pat,1.25,joint,TOTALCOST,294,period_ub=294,OPTIMAL,3484,282,19.412,OPTIMAL,3484,66.918,282,3484,10,frontEnd=high_sil_isolated_checker;rasta=none;powspec=none;audspec=none;compJah=high_sil_isolated_checker;rastaFilter=none;backEnd=low_sil_doer_checker,True,True,,294,,,,True
e2_var,chk10,c_pat,1.25,PFmin,TOTALCOST,294,period_ub=294,UNSAT,,,2.882,UNSAT,,2.639,,,,frontEnd=two_of_two_high_sil;rasta=none;powspec=none;audspec=none;compJah=two_of_two_high_sil;rastaFilter=none;backEnd=low_sil_doer_checker,,,,,,,,True
e2_var,chk10,c_pat,1.25,PFmax,TOTALCOST,294,period_ub=294,UNSAT,,,2.907,UNSAT,,2.53,,,,frontEnd=two_of_two_high_sil;rasta=none;powspec=none;audspec=none;compJah=two_of_two_high_sil;rastaFilter=none;backEnd=low_sil_diverse_doer_checker,,,,,,,,True
e2_var,chk10,c_pat,1.25,PFlight,TOTALCOST,294,period_ub=294,OPTIMAL,3484,282,7.943,OPTIMAL,3484,18.661,282,3484,10,frontEnd=high_sil_isolated_checker;rasta=none;powspec=none;audspec=none;compJah=high_sil_isolated_checker;rastaFilter=none;backEnd=low_sil_doer_checker,True,True,True,294,,,,True
e2_var,chk10,c_pat,1.25,PFcheap,TOTALCOST,294,period_ub=294,OPTIMAL,3484,282,7.411,OPTIMAL,3484,22.695,282,3484,10,frontEnd=high_sil_isolated_checker;rasta=none;powspec=none;audspec=none;compJah=high_sil_isolated_checker;rastaFilter=none;backEnd=low_sil_doer_checker,True,True,True,282,,,,True
e2_var,chk10,c_pat,1.50,joint,TOTALCOST,353,period_ub=353,OPTIMAL,3473,323,24.795,SAT,3473,300.509,340,3473,9,frontEnd=two_of_two_high_sil;rasta=none;powspec=none;audspec=none;compJah=two_of_two_high_sil;rastaFilter=none;backEnd=low_sil_doer_checker,True,True,,343,,,,
e2_var,chk10,c_pat,1.50,PFmin,TOTALCOST,353,period_ub=353,OPTIMAL,3473,340,9.071,OPTIMAL,3473,132.849,340,3473,9,frontEnd=two_of_two_high_sil;rasta=none;powspec=none;audspec=none;compJah=two_of_two_high_sil;rastaFilter=none;backEnd=low_sil_doer_checker,True,True,True,340,,,,True
e2_var,chk10,c_pat,1.50,PFmax,TOTALCOST,353,period_ub=353,OPTIMAL,3473,340,8.804,OPTIMAL,3473,209.086,340,3473,9,frontEnd=two_of_two_high_sil;rasta=none;powspec=none;audspec=none;compJah=two_of_two_high_sil;rastaFilter=none;backEnd=low_sil_diverse_doer_checker,True,True,True,340,,,,True
e2_var,chk10,c_pat,1.50,PFlight,TOTALCOST,353,period_ub=353,OPTIMAL,3473,323,9.167,OPTIMAL,3473,175.968,319,3473,9,frontEnd=high_sil_isolated_checker;rasta=none;powspec=none;audspec=none;compJah=high_sil_isolated_checker;rastaFilter=none;backEnd=low_sil_doer_checker,True,True,True,326,,,,True
e2_var,chk10,c_pat,1.50,PFcheap,TOTALCOST,353,period_ub=353,OPTIMAL,3473,323,9.398,OPTIMAL,3473,242.624,319,3473,9,frontEnd=high_sil_isolated_checker;rasta=none;powspec=none;audspec=none;compJah=high_sil_isolated_checker;rastaFilter=none;backEnd=low_sil_doer_checker,True,True,True,353,,,,True
e2_var,chk10,c_pat,2.00,joint,TOTALCOST,470,period_ub=470,OPTIMAL,3400,449,20.688,SAT,3400,300.499,449,3400,7,frontEnd=high_sil_isolated_checker;rasta=none;powspec=none;audspec=none;compJah=high_sil_isolated_checker;rastaFilter=none;backEnd=low_sil_doer_checker,True,True,,463,,,,
e2_var,chk10,c_pat,2.00,PFmin,TOTALCOST,470,period_ub=470,OPTIMAL,3429,442,9.708,OPTIMAL,3429,240.267,468,3429,7,frontEnd=two_of_two_high_sil;rasta=none;powspec=none;audspec=none;compJah=two_of_two_high_sil;rastaFilter=none;backEnd=low_sil_doer_checker,True,True,True,470,,,,True
e2_var,chk10,c_pat,2.00,PFmax,TOTALCOST,470,period_ub=470,OPTIMAL,3454,442,9.585,OPTIMAL,3454,233.727,442,3454,7,frontEnd=two_of_two_high_sil;rasta=none;powspec=none;audspec=none;compJah=two_of_two_high_sil;rastaFilter=none;backEnd=low_sil_diverse_doer_checker,True,True,True,470,,,,True
e2_var,chk10,c_pat,2.00,PFlight,TOTALCOST,470,period_ub=470,OPTIMAL,3400,449,10.841,OPTIMAL,3400,171.074,449,3400,7,frontEnd=high_sil_isolated_checker;rasta=none;powspec=none;audspec=none;compJah=high_sil_isolated_checker;rastaFilter=none;backEnd=low_sil_doer_checker,True,True,True,449,,,,True
e2_var,chk10,c_pat,2.00,PFcheap,TOTALCOST,470,period_ub=470,OPTIMAL,3400,449,10.387,SAT,3400,300.703,449,3400,7,frontEnd=high_sil_isolated_checker;rasta=none;powspec=none;audspec=none;compJah=high_sil_isolated_checker;rastaFilter=none;backEnd=low_sil_doer_checker,True,True,True,470,,,,
e2_var,chk10,pc_sobel,-,min_period,THROUGHPUT,100000,,OPTIMAL,282,282,2.659,OPTIMAL,282,4.361,282,4191,5,get_pixel=high_sil_isolated_checker;gx=low_sil_doer_checker;gy=one_of_two_failover;abs=one_of_two_failover,True,,,282,,,,True
e2_var,chk10,pc_sobel,none,joint,TOTALCOST,100000,,OPTIMAL,1401,416,2.774,OPTIMAL,1401,6.935,416,1401,3,get_pixel=high_sil_isolated_checker;gx=none;gy=none;abs=none,True,True,,427,,,,True
e2_var,chk10,pc_sobel,none,PFmin,TOTALCOST,100000,,OPTIMAL,1401,768,1.862,OPTIMAL,1401,3.26,768,1401,3,get_pixel=two_of_two_high_sil;gx=none;gy=none;abs=none,True,True,True,768,,,,True
e2_var,chk10,pc_sobel,none,PFmax,TOTALCOST,100000,,OPTIMAL,1401,768,1.822,OPTIMAL,1401,3.18,768,1401,3,get_pixel=two_of_two_high_sil;gx=none;gy=none;abs=none,True,True,True,768,,,,True
e2_var,chk10,pc_sobel,none,PFlight,TOTALCOST,100000,,OPTIMAL,1401,416,1.975,OPTIMAL,1401,3.397,422,1401,3,get_pixel=high_sil_isolated_checker;gx=none;gy=none;abs=none,True,True,True,422,,,,True
e2_var,chk10,pc_sobel,none,PFcheap,TOTALCOST,100000,,OPTIMAL,1401,416,1.943,OPTIMAL,1401,2.801,422,1401,3,get_pixel=high_sil_isolated_checker;gx=none;gy=none;abs=none,True,True,True,422,,,,True
e2_var,chk10,pc_sobel,1.00,joint,TOTALCOST,282,period_ub=282,OPTIMAL,1411,282,2.038,OPTIMAL,1411,3.216,282,1411,3,get_pixel=high_sil_isolated_checker;gx=none;gy=none;abs=none,True,True,,282,,,,True
e2_var,chk10,pc_sobel,1.00,PFmin,TOTALCOST,282,period_ub=282,UNSAT,,,1.043,UNSAT,,1.243,,,,get_pixel=two_of_two_high_sil;gx=none;gy=none;abs=none,,,,,,,,True
e2_var,chk10,pc_sobel,1.00,PFmax,TOTALCOST,282,period_ub=282,UNSAT,,,1.095,UNSAT,,1.229,,,,get_pixel=two_of_two_high_sil;gx=none;gy=none;abs=none,,,,,,,,True
e2_var,chk10,pc_sobel,1.00,PFlight,TOTALCOST,282,period_ub=282,OPTIMAL,1411,282,1.44,OPTIMAL,1411,1.803,282,1411,3,get_pixel=high_sil_isolated_checker;gx=none;gy=none;abs=none,True,True,True,282,,,,True
e2_var,chk10,pc_sobel,1.00,PFcheap,TOTALCOST,282,period_ub=282,OPTIMAL,1411,282,1.461,OPTIMAL,1411,1.855,282,1411,3,get_pixel=high_sil_isolated_checker;gx=none;gy=none;abs=none,True,True,True,282,,,,True
e2_var,chk10,pc_sobel,1.10,joint,TOTALCOST,311,period_ub=311,OPTIMAL,1407,294,2.409,OPTIMAL,1407,3.003,294,1407,3,get_pixel=high_sil_isolated_checker;gx=none;gy=none;abs=none,True,True,,309,,,,True
e2_var,chk10,pc_sobel,1.10,PFmin,TOTALCOST,311,period_ub=311,UNSAT,,,1.031,UNSAT,,1.223,,,,get_pixel=two_of_two_high_sil;gx=none;gy=none;abs=none,,,,,,,,True
e2_var,chk10,pc_sobel,1.10,PFmax,TOTALCOST,311,period_ub=311,UNSAT,,,1.012,UNSAT,,1.198,,,,get_pixel=two_of_two_high_sil;gx=none;gy=none;abs=none,,,,,,,,True
e2_var,chk10,pc_sobel,1.10,PFlight,TOTALCOST,311,period_ub=311,OPTIMAL,1407,288,1.667,OPTIMAL,1407,1.927,294,1407,3,get_pixel=high_sil_isolated_checker;gx=none;gy=none;abs=none,True,True,True,294,,,,True
e2_var,chk10,pc_sobel,1.10,PFcheap,TOTALCOST,311,period_ub=311,OPTIMAL,1407,288,1.639,OPTIMAL,1407,2.013,288,1407,3,get_pixel=high_sil_isolated_checker;gx=none;gy=none;abs=none,True,True,True,294,,,,True
e2_var,chk10,pc_sobel,1.25,joint,TOTALCOST,353,period_ub=353,OPTIMAL,1403,352,2.75,OPTIMAL,1403,3.34,352,1403,3,get_pixel=high_sil_isolated_checker;gx=none;gy=none;abs=none,True,True,,352,,,,True
e2_var,chk10,pc_sobel,1.25,PFmin,TOTALCOST,353,period_ub=353,UNSAT,,,1.07,UNSAT,,1.165,,,,get_pixel=two_of_two_high_sil;gx=none;gy=none;abs=none,,,,,,,,True
e2_var,chk10,pc_sobel,1.25,PFmax,TOTALCOST,353,period_ub=353,UNSAT,,,1.043,UNSAT,,1.219,,,,get_pixel=two_of_two_high_sil;gx=none;gy=none;abs=none,,,,,,,,True
e2_var,chk10,pc_sobel,1.25,PFlight,TOTALCOST,353,period_ub=353,OPTIMAL,1403,352,2.122,OPTIMAL,1403,2.418,352,1403,3,get_pixel=high_sil_isolated_checker;gx=none;gy=none;abs=none,True,True,True,352,,,,True
e2_var,chk10,pc_sobel,1.25,PFcheap,TOTALCOST,353,period_ub=353,OPTIMAL,1403,352,2.144,OPTIMAL,1403,2.409,352,1403,3,get_pixel=high_sil_isolated_checker;gx=none;gy=none;abs=none,True,True,True,352,,,,True
e2_var,chk10,pc_sobel,1.50,joint,TOTALCOST,423,period_ub=423,OPTIMAL,1401,416,2.927,OPTIMAL,1401,3.39,416,1401,3,get_pixel=high_sil_isolated_checker;gx=none;gy=none;abs=none,True,True,,422,,,,True
e2_var,chk10,pc_sobel,1.50,PFmin,TOTALCOST,423,period_ub=423,UNSAT,,,1.046,UNSAT,,1.213,,,,get_pixel=two_of_two_high_sil;gx=none;gy=none;abs=none,,,,,,,,True
e2_var,chk10,pc_sobel,1.50,PFmax,TOTALCOST,423,period_ub=423,UNSAT,,,1.039,UNSAT,,1.176,,,,get_pixel=two_of_two_high_sil;gx=none;gy=none;abs=none,,,,,,,,True
e2_var,chk10,pc_sobel,1.50,PFlight,TOTALCOST,423,period_ub=423,OPTIMAL,1401,416,2.152,OPTIMAL,1401,2.542,422,1401,3,get_pixel=high_sil_isolated_checker;gx=none;gy=none;abs=none,True,True,True,422,,,,True
e2_var,chk10,pc_sobel,1.50,PFcheap,TOTALCOST,423,period_ub=423,OPTIMAL,1401,416,2.044,OPTIMAL,1401,2.598,422,1401,3,get_pixel=high_sil_isolated_checker;gx=none;gy=none;abs=none,True,True,True,422,,,,True
e2_var,chk10,pc_sobel,2.00,joint,TOTALCOST,564,period_ub=564,OPTIMAL,1401,416,3.394,OPTIMAL,1401,3.753,422,1401,3,get_pixel=high_sil_isolated_checker;gx=none;gy=none;abs=none,True,True,,422,,,,True
e2_var,chk10,pc_sobel,2.00,PFmin,TOTALCOST,564,period_ub=564,OPTIMAL,1409,512,1.858,OPTIMAL,1409,2.043,512,1409,3,get_pixel=two_of_two_high_sil;gx=none;gy=none;abs=none,True,True,True,512,,,,True
e2_var,chk10,pc_sobel,2.00,PFmax,TOTALCOST,564,period_ub=564,OPTIMAL,1409,512,1.835,OPTIMAL,1409,1.965,512,1409,3,get_pixel=two_of_two_high_sil;gx=none;gy=none;abs=none,True,True,True,512,,,,True
e2_var,chk10,pc_sobel,2.00,PFlight,TOTALCOST,564,period_ub=564,OPTIMAL,1401,422,2.204,OPTIMAL,1401,2.545,422,1401,3,get_pixel=high_sil_isolated_checker;gx=none;gy=none;abs=none,True,True,True,550,,,,True
e2_var,chk10,pc_sobel,2.00,PFcheap,TOTALCOST,564,period_ub=564,OPTIMAL,1401,422,2.179,OPTIMAL,1401,2.405,422,1401,3,get_pixel=high_sil_isolated_checker;gx=none;gy=none;abs=none,True,True,True,422,,,,True
e2_var,chk10,v_nvp,-,min_period,THROUGHPUT,,,OPTIMAL,235,235,4.656,OPTIMAL,235,8.022,235,8303,17,frontEnd=nvp_three_version;rasta=low_sil_diverse_doer_checker;powspec=none;audspec=low_sil_diverse_doer_checker;compJah=nvp_three_version;rastaFilter=low_sil_diverse_doer_checker;backEnd=low_sil_diverse_doer_checker,True,,,235,,,,True
e2_var,chk10,v_nvp,none,joint,TOTALCOST,,,OPTIMAL,5680,1194,4.668,OPTIMAL,5680,5.519,1180,5680,6,frontEnd=nvp_three_version;rasta=none;powspec=none;audspec=none;compJah=nvp_three_version;rastaFilter=none;backEnd=low_sil_diverse_doer_checker,True,True,,2877,,,,True
e2_var,chk10,v_nvp,none,PFmin,TOTALCOST,,,OPTIMAL,5680,1185,3.474,OPTIMAL,5680,4.507,1180,5680,6,frontEnd=nvp_three_version;rasta=none;powspec=none;audspec=none;compJah=nvp_three_version;rastaFilter=none;backEnd=low_sil_diverse_doer_checker,True,True,True,2877,,,,True
e2_var,chk10,v_nvp,none,PFmax,TOTALCOST,,,OPTIMAL,5680,1180,3.57,OPTIMAL,5680,4.349,1185,5680,6,frontEnd=nvp_three_version;rasta=none;powspec=none;audspec=none;compJah=nvp_three_version;rastaFilter=none;backEnd=low_sil_diverse_doer_checker,True,True,True,2877,,,,True
e2_var,chk10,v_nvp,none,PFlight,TOTALCOST,,,OPTIMAL,5680,1196,3.462,OPTIMAL,5680,4.176,1185,5680,6,frontEnd=nvp_three_version;rasta=none;powspec=none;audspec=none;compJah=nvp_three_version;rastaFilter=none;backEnd=low_sil_diverse_doer_checker,True,True,True,2877,,,,True
e2_var,chk10,v_nvp,none,PFcheap,TOTALCOST,,,OPTIMAL,5680,1185,3.552,OPTIMAL,5680,4.374,1172,5680,6,frontEnd=nvp_three_version;rasta=none;powspec=none;audspec=none;compJah=nvp_three_version;rastaFilter=none;backEnd=low_sil_diverse_doer_checker,True,True,True,2877,,,,True
e2_var,chk10,v_nvp,1.00,joint,TOTALCOST,235,period_ub=235,OPTIMAL,5992,235,4.419,OPTIMAL,5992,5.974,235,5992,12,frontEnd=nvp_three_version;rasta=none;powspec=none;audspec=none;compJah=nvp_three_version;rastaFilter=none;backEnd=low_sil_diverse_doer_checker,True,True,,235,,,,True
e2_var,chk10,v_nvp,1.00,PFmin,TOTALCOST,235,period_ub=235,OPTIMAL,5992,235,16.533,OPTIMAL,5992,4.42,235,5992,12,frontEnd=nvp_three_version;rasta=none;powspec=none;audspec=none;compJah=nvp_three_version;rastaFilter=none;backEnd=low_sil_diverse_doer_checker,True,True,True,235,,,,True
e2_var,chk10,v_nvp,1.00,PFmax,TOTALCOST,235,period_ub=235,OPTIMAL,5992,235,16.251,OPTIMAL,5992,4.185,235,5992,12,frontEnd=nvp_three_version;rasta=none;powspec=none;audspec=none;compJah=nvp_three_version;rastaFilter=none;backEnd=low_sil_diverse_doer_checker,True,True,True,235,,,,True
e2_var,chk10,v_nvp,1.00,PFlight,TOTALCOST,235,period_ub=235,OPTIMAL,5992,235,16.538,OPTIMAL,5992,4.357,235,5992,12,frontEnd=nvp_three_version;rasta=none;powspec=none;audspec=none;compJah=nvp_three_version;rastaFilter=none;backEnd=low_sil_diverse_doer_checker,True,True,True,235,,,,True
e2_var,chk10,v_nvp,1.00,PFcheap,TOTALCOST,235,period_ub=235,OPTIMAL,5992,235,16.795,OPTIMAL,5992,4.393,235,5992,12,frontEnd=nvp_three_version;rasta=none;powspec=none;audspec=none;compJah=nvp_three_version;rastaFilter=none;backEnd=low_sil_diverse_doer_checker,True,True,True,235,,,,True
e2_var,chk10,v_nvp,1.10,joint,TOTALCOST,259,period_ub=259,OPTIMAL,5992,254,5.826,OPTIMAL,5992,10.066,235,5992,12,frontEnd=nvp_three_version;rasta=none;powspec=none;audspec=none;compJah=nvp_three_version;rastaFilter=none;backEnd=low_sil_diverse_doer_checker,True,True,,259,,,,True
e2_var,chk10,v_nvp,1.10,PFmin,TOTALCOST,259,period_ub=259,OPTIMAL,5992,254,3.421,OPTIMAL,5992,3.841,235,5992,12,frontEnd=nvp_three_version;rasta=none;powspec=none;audspec=none;compJah=nvp_three_version;rastaFilter=none;backEnd=low_sil_diverse_doer_checker,True,True,True,259,,,,True
e2_var,chk10,v_nvp,1.10,PFmax,TOTALCOST,259,period_ub=259,OPTIMAL,5992,254,3.635,OPTIMAL,5992,3.737,235,5992,12,frontEnd=nvp_three_version;rasta=none;powspec=none;audspec=none;compJah=nvp_three_version;rastaFilter=none;backEnd=low_sil_diverse_doer_checker,True,True,True,259,,,,True
e2_var,chk10,v_nvp,1.10,PFlight,TOTALCOST,259,period_ub=259,OPTIMAL,5992,254,3.463,OPTIMAL,5992,3.89,235,5992,12,frontEnd=nvp_three_version;rasta=none;powspec=none;audspec=none;compJah=nvp_three_version;rastaFilter=none;backEnd=low_sil_diverse_doer_checker,True,True,True,259,,,,True
e2_var,chk10,v_nvp,1.10,PFcheap,TOTALCOST,259,period_ub=259,OPTIMAL,5992,254,3.529,OPTIMAL,5992,3.847,235,5992,12,frontEnd=nvp_three_version;rasta=none;powspec=none;audspec=none;compJah=nvp_three_version;rastaFilter=none;backEnd=low_sil_diverse_doer_checker,True,True,True,259,,,,True
e2_var,chk10,v_nvp,1.25,joint,TOTALCOST,294,period_ub=294,OPTIMAL,5984,276,7.069,OPTIMAL,5984,11.647,266,5984,11,frontEnd=nvp_three_version;rasta=none;powspec=none;audspec=none;compJah=nvp_three_version;rastaFilter=none;backEnd=low_sil_diverse_doer_checker,True,True,,294,,,,True
e2_var,chk10,v_nvp,1.25,PFmin,TOTALCOST,294,period_ub=294,OPTIMAL,5984,266,5.361,OPTIMAL,5984,11.607,266,5984,11,frontEnd=nvp_three_version;rasta=none;powspec=none;audspec=none;compJah=nvp_three_version;rastaFilter=none;backEnd=low_sil_diverse_doer_checker,True,True,True,294,,,,True
e2_var,chk10,v_nvp,1.25,PFmax,TOTALCOST,294,period_ub=294,OPTIMAL,5984,266,6.255,OPTIMAL,5984,11.365,276,5984,11,frontEnd=nvp_three_version;rasta=none;powspec=none;audspec=none;compJah=nvp_three_version;rastaFilter=none;backEnd=low_sil_diverse_doer_checker,True,True,True,294,,,,True
e2_var,chk10,v_nvp,1.25,PFlight,TOTALCOST,294,period_ub=294,OPTIMAL,5984,266,5.491,OPTIMAL,5984,11.206,266,5984,11,frontEnd=nvp_three_version;rasta=none;powspec=none;audspec=none;compJah=nvp_three_version;rastaFilter=none;backEnd=low_sil_diverse_doer_checker,True,True,True,294,,,,True
e2_var,chk10,v_nvp,1.25,PFcheap,TOTALCOST,294,period_ub=294,OPTIMAL,5984,266,5.253,OPTIMAL,5984,11.871,266,5984,11,frontEnd=nvp_three_version;rasta=none;powspec=none;audspec=none;compJah=nvp_three_version;rastaFilter=none;backEnd=low_sil_diverse_doer_checker,True,True,True,294,,,,True
e2_var,chk10,v_nvp,1.50,joint,TOTALCOST,353,period_ub=353,OPTIMAL,5952,319,8.71,OPTIMAL,5952,13.325,319,5952,11,frontEnd=nvp_three_version;rasta=none;powspec=none;audspec=none;compJah=nvp_three_version;rastaFilter=none;backEnd=low_sil_diverse_doer_checker,True,True,,353,,,,True
e2_var,chk10,v_nvp,1.50,PFmin,TOTALCOST,353,period_ub=353,OPTIMAL,5952,319,5.505,OPTIMAL,5952,8.22,319,5952,11,frontEnd=nvp_three_version;rasta=none;powspec=none;audspec=none;compJah=nvp_three_version;rastaFilter=none;backEnd=low_sil_diverse_doer_checker,True,True,True,353,,,,True
e2_var,chk10,v_nvp,1.50,PFmax,TOTALCOST,353,period_ub=353,OPTIMAL,5952,319,5.565,OPTIMAL,5952,8.131,319,5952,11,frontEnd=nvp_three_version;rasta=none;powspec=none;audspec=none;compJah=nvp_three_version;rastaFilter=none;backEnd=low_sil_diverse_doer_checker,True,True,True,353,,,,True
e2_var,chk10,v_nvp,1.50,PFlight,TOTALCOST,353,period_ub=353,OPTIMAL,5952,319,6.13,OPTIMAL,5952,8.662,319,5952,11,frontEnd=nvp_three_version;rasta=none;powspec=none;audspec=none;compJah=nvp_three_version;rastaFilter=none;backEnd=low_sil_diverse_doer_checker,True,True,True,353,,,,True
e2_var,chk10,v_nvp,1.50,PFcheap,TOTALCOST,353,period_ub=353,OPTIMAL,5952,319,5.981,OPTIMAL,5952,8.868,319,5952,11,frontEnd=nvp_three_version;rasta=none;powspec=none;audspec=none;compJah=nvp_three_version;rastaFilter=none;backEnd=low_sil_diverse_doer_checker,True,True,True,353,,,,True
e2_var,chk10,v_nvp,2.00,joint,TOTALCOST,470,period_ub=470,OPTIMAL,5944,449,11.136,OPTIMAL,5944,22.308,449,5944,10,frontEnd=nvp_three_version;rasta=none;powspec=none;audspec=none;compJah=nvp_three_version;rastaFilter=none;backEnd=low_sil_diverse_doer_checker,True,True,,470,,,,True
e2_var,chk10,v_nvp,2.00,PFmin,TOTALCOST,470,period_ub=470,OPTIMAL,5944,449,10.078,OPTIMAL,5944,10.617,449,5944,10,frontEnd=nvp_three_version;rasta=none;powspec=none;audspec=none;compJah=nvp_three_version;rastaFilter=none;backEnd=low_sil_diverse_doer_checker,True,True,True,470,,,,True
e2_var,chk10,v_nvp,2.00,PFmax,TOTALCOST,470,period_ub=470,OPTIMAL,5944,449,9.944,OPTIMAL,5944,11.177,449,5944,10,frontEnd=nvp_three_version;rasta=none;powspec=none;audspec=none;compJah=nvp_three_version;rastaFilter=none;backEnd=low_sil_diverse_doer_checker,True,True,True,470,,,,True
e2_var,chk10,v_nvp,2.00,PFlight,TOTALCOST,470,period_ub=470,OPTIMAL,5944,449,10.221,OPTIMAL,5944,12.865,449,5944,10,frontEnd=nvp_three_version;rasta=none;powspec=none;audspec=none;compJah=nvp_three_version;rastaFilter=none;backEnd=low_sil_diverse_doer_checker,True,True,True,470,,,,True
e2_var,chk10,v_nvp,2.00,PFcheap,TOTALCOST,470,period_ub=470,OPTIMAL,5944,449,8.581,OPTIMAL,5944,13.69,449,5944,10,frontEnd=nvp_three_version;rasta=none;powspec=none;audspec=none;compJah=nvp_three_version;rastaFilter=none;backEnd=low_sil_diverse_doer_checker,True,True,True,470,,,,True
e2_var,chk50,p_rasta,-,min_period,THROUGHPUT,,,OPTIMAL,255,255,10.437,OPTIMAL,255,22.745,255,4851,10,frontEnd=high_sil_isolated_checker;rasta=none;powspec=none;audspec=low_sil_diverse_doer_checker;compJah=high_sil_isolated_checker;rastaFilter=none;backEnd=low_sil_doer_checker,True,,,255,,,,True
e2_var,chk50,p_rasta,none,joint,TOTALCOST,,,OPTIMAL,3330,1012,5.232,OPTIMAL,3330,7.008,1012,3330,2,frontEnd=high_sil_isolated_checker;rasta=none;powspec=none;audspec=none;compJah=high_sil_isolated_checker;rastaFilter=none;backEnd=low_sil_doer_checker,True,True,,5081,,,,True
e2_var,chk50,p_rasta,none,PFmin,TOTALCOST,,,OPTIMAL,3330,1012,3.776,OPTIMAL,3330,5.993,1012,3330,2,frontEnd=two_of_two_high_sil;rasta=none;powspec=none;audspec=none;compJah=two_of_two_high_sil;rastaFilter=none;backEnd=low_sil_doer_checker,True,True,True,5081,,,,True
e2_var,chk50,p_rasta,none,PFmax,TOTALCOST,,,OPTIMAL,3330,1012,3.088,OPTIMAL,3330,3.267,1012,3330,2,frontEnd=two_of_two_high_sil;rasta=none;powspec=none;audspec=none;compJah=two_of_two_high_sil;rastaFilter=none;backEnd=low_sil_diverse_doer_checker,True,True,True,5081,,,,True
e2_var,chk50,p_rasta,none,PFlight,TOTALCOST,,,OPTIMAL,3330,1012,3.639,OPTIMAL,3330,4.488,1012,3330,2,frontEnd=high_sil_isolated_checker;rasta=none;powspec=none;audspec=none;compJah=high_sil_isolated_checker;rastaFilter=none;backEnd=low_sil_doer_checker,True,True,True,5081,,,,True
e2_var,chk50,p_rasta,none,PFcheap,TOTALCOST,,,OPTIMAL,3330,1012,3.734,OPTIMAL,3330,3.789,1602,3330,2,frontEnd=high_sil_isolated_checker;rasta=none;powspec=none;audspec=none;compJah=high_sil_isolated_checker;rastaFilter=none;backEnd=low_sil_doer_checker,True,True,True,5081,,,,True
e2_var,chk50,p_rasta,1.00,joint,TOTALCOST,255,period_ub=255,OPTIMAL,3621,255,6.518,OPTIMAL,3621,36.362,255,3621,9,frontEnd=high_sil_isolated_checker;rasta=none;powspec=none;audspec=none;compJah=high_sil_isolated_checker;rastaFilter=none;backEnd=low_sil_doer_checker,True,True,,255,,,,True
e2_var,chk50,p_rasta,1.00,PFmin,TOTALCOST,255,period_ub=255,UNSAT,,,1.136,UNSAT,,1.283,,,,frontEnd=two_of_two_high_sil;rasta=none;powspec=none;audspec=none;compJah=two_of_two_high_sil;rastaFilter=none;backEnd=low_sil_doer_checker,,,,,,,,True
e2_var,chk50,p_rasta,1.00,PFmax,TOTALCOST,255,period_ub=255,UNSAT,,,1.103,UNSAT,,1.333,,,,frontEnd=two_of_two_high_sil;rasta=none;powspec=none;audspec=none;compJah=two_of_two_high_sil;rastaFilter=none;backEnd=low_sil_diverse_doer_checker,,,,,,,,True
e2_var,chk50,p_rasta,1.00,PFlight,TOTALCOST,255,period_ub=255,OPTIMAL,3621,255,2.98,OPTIMAL,3621,16.814,255,3621,9,frontEnd=high_sil_isolated_checker;rasta=none;powspec=none;audspec=none;compJah=high_sil_isolated_checker;rastaFilter=none;backEnd=low_sil_doer_checker,True,True,True,255,,,,True
e2_var,chk50,p_rasta,1.00,PFcheap,TOTALCOST,255,period_ub=255,OPTIMAL,3621,255,2.977,OPTIMAL,3621,15.161,255,3621,9,frontEnd=high_sil_isolated_checker;rasta=none;powspec=none;audspec=none;compJah=high_sil_isolated_checker;rastaFilter=none;backEnd=low_sil_doer_checker,True,True,True,255,,,,True
e2_var,chk50,p_rasta,1.10,joint,TOTALCOST,281,period_ub=281,OPTIMAL,3603,266,8.048,OPTIMAL,3603,210.733,266,3603,9,frontEnd=high_sil_isolated_checker;rasta=none;powspec=none;audspec=none;compJah=high_sil_isolated_checker;rastaFilter=none;backEnd=low_sil_doer_checker,True,True,,281,,,,True
e2_var,chk50,p_rasta,1.10,PFmin,TOTALCOST,281,period_ub=281,UNSAT,,,1.136,UNSAT,,1.135,,,,frontEnd=two_of_two_high_sil;rasta=none;powspec=none;audspec=none;compJah=two_of_two_high_sil;rastaFilter=none;backEnd=low_sil_doer_checker,,,,,,,,True
e2_var,chk50,p_rasta,1.10,PFmax,TOTALCOST,281,period_ub=281,UNSAT,,,1.104,UNSAT,,1.171,,,,frontEnd=two_of_two_high_sil;rasta=none;powspec=none;audspec=none;compJah=two_of_two_high_sil;rastaFilter=none;backEnd=low_sil_diverse_doer_checker,,,,,,,,True
e2_var,chk50,p_rasta,1.10,PFlight,TOTALCOST,281,period_ub=281,OPTIMAL,3603,266,3.6,OPTIMAL,3603,37.475,266,3603,9,frontEnd=high_sil_isolated_checker;rasta=none;powspec=none;audspec=none;compJah=high_sil_isolated_checker;rastaFilter=none;backEnd=low_sil_doer_checker,True,True,True,281,,,,True
e2_var,chk50,p_rasta,1.10,PFcheap,TOTALCOST,281,period_ub=281,OPTIMAL,3603,266,3.497,OPTIMAL,3603,60.574,266,3603,9,frontEnd=high_sil_isolated_checker;rasta=none;powspec=none;audspec=none;compJah=high_sil_isolated_checker;rastaFilter=none;backEnd=low_sil_doer_checker,True,True,True,281,,,,True
e2_var,chk50,p_rasta,1.25,joint,TOTALCOST,319,period_ub=319,OPTIMAL,3455,319,9.389,SAT,3455,300.401,319,3455,8,frontEnd=high_sil_isolated_checker;rasta=none;powspec=none;audspec=none;compJah=high_sil_isolated_checker;rastaFilter=none;backEnd=low_sil_doer_checker,True,True,,319,,,,
e2_var,chk50,p_rasta,1.25,PFmin,TOTALCOST,319,period_ub=319,UNSAT,,,1.436,UNSAT,,1.64,,,,frontEnd=two_of_two_high_sil;rasta=none;powspec=none;audspec=none;compJah=two_of_two_high_sil;rastaFilter=none;backEnd=low_sil_doer_checker,,,,,,,,True
e2_var,chk50,p_rasta,1.25,PFmax,TOTALCOST,319,period_ub=319,UNSAT,,,1.517,UNSAT,,1.661,,,,frontEnd=two_of_two_high_sil;rasta=none;powspec=none;audspec=none;compJah=two_of_two_high_sil;rastaFilter=none;backEnd=low_sil_diverse_doer_checker,,,,,,,,True
e2_var,chk50,p_rasta,1.25,PFlight,TOTALCOST,319,period_ub=319,OPTIMAL,3455,319,4.37,OPTIMAL,3455,172.916,319,3455,8,frontEnd=high_sil_isolated_checker;rasta=none;powspec=none;audspec=none;compJah=high_sil_isolated_checker;rastaFilter=none;backEnd=low_sil_doer_checker,True,True,True,319,,,,True
e2_var,chk50,p_rasta,1.25,PFcheap,TOTALCOST,319,period_ub=319,OPTIMAL,3455,319,4.086,OPTIMAL,3455,157.765,319,3455,8,frontEnd=high_sil_isolated_checker;rasta=none;powspec=none;audspec=none;compJah=high_sil_isolated_checker;rastaFilter=none;backEnd=low_sil_doer_checker,True,True,True,319,,,,True
e2_var,chk50,p_rasta,1.50,joint,TOTALCOST,383,period_ub=383,OPTIMAL,3429,378,19.739,SAT,3429,300.354,378,3429,7,frontEnd=high_sil_isolated_checker;rasta=none;powspec=none;audspec=none;compJah=two_of_two_high_sil;rastaFilter=none;backEnd=low_sil_doer_checker,True,True,,383,,,,
e2_var,chk50,p_rasta,1.50,PFmin,TOTALCOST,383,period_ub=383,OPTIMAL,3455,340,5.093,SAT,3455,300.376,340,3455,8,frontEnd=two_of_two_high_sil;rasta=none;powspec=none;audspec=none;compJah=two_of_two_high_sil;rastaFilter=none;backEnd=low_sil_doer_checker,True,True,True,383,,,,
e2_var,chk50,p_rasta,1.50,PFmax,TOTALCOST,383,period_ub=383,OPTIMAL,3458,353,5.499,SAT,3458,300.363,353,3458,8,frontEnd=two_of_two_high_sil;rasta=none;powspec=none;audspec=none;compJah=two_of_two_high_sil;rastaFilter=none;backEnd=low_sil_diverse_doer_checker,True,True,True,383,,,,
e2_var,chk50,p_rasta,1.50,PFlight,TOTALCOST,383,period_ub=383,OPTIMAL,3429,378,5.375,SAT,3429,300.349,378,3429,7,frontEnd=high_sil_isolated_checker;rasta=none;powspec=none;audspec=none;compJah=high_sil_isolated_checker;rastaFilter=none;backEnd=low_sil_doer_checker,True,True,True,383,,,,
e2_var,chk50,p_rasta,1.50,PFcheap,TOTALCOST,383,period_ub=383,OPTIMAL,3429,378,6.432,SAT,3429,300.349,378,3429,7,frontEnd=high_sil_isolated_checker;rasta=none;powspec=none;audspec=none;compJah=high_sil_isolated_checker;rastaFilter=none;backEnd=low_sil_doer_checker,True,True,True,383,,,,
e2_var,chk50,p_rasta,2.00,joint,TOTALCOST,510,period_ub=510,OPTIMAL,3399,473,48.173,SAT,3399,300.415,473,3399,5,frontEnd=two_of_two_high_sil;rasta=none;powspec=none;audspec=none;compJah=high_sil_isolated_checker;rastaFilter=none;backEnd=low_sil_doer_checker,True,True,,510,,,,
e2_var,chk50,p_rasta,2.00,PFmin,TOTALCOST,510,period_ub=510,OPTIMAL,3399,497,8.77,SAT,3399,300.346,497,3399,5,frontEnd=two_of_two_high_sil;rasta=none;powspec=none;audspec=none;compJah=two_of_two_high_sil;rastaFilter=none;backEnd=low_sil_doer_checker,True,True,True,510,,,,
e2_var,chk50,p_rasta,2.00,PFmax,TOTALCOST,510,period_ub=510,OPTIMAL,3399,497,6.171,SAT,3399,300.353,497,3399,5,frontEnd=two_of_two_high_sil;rasta=none;powspec=none;audspec=none;compJah=two_of_two_high_sil;rastaFilter=none;backEnd=low_sil_diverse_doer_checker,True,True,True,510,,,,
e2_var,chk50,p_rasta,2.00,PFlight,TOTALCOST,510,period_ub=510,OPTIMAL,3399,497,14.784,SAT,3399,300.346,473,3399,5,frontEnd=high_sil_isolated_checker;rasta=none;powspec=none;audspec=none;compJah=high_sil_isolated_checker;rastaFilter=none;backEnd=low_sil_doer_checker,True,True,True,510,,,,
e2_var,chk50,p_rasta,2.00,PFcheap,TOTALCOST,510,period_ub=510,OPTIMAL,3399,449,12.798,SAT,3399,300.347,449,3399,5,frontEnd=high_sil_isolated_checker;rasta=none;powspec=none;audspec=none;compJah=high_sil_isolated_checker;rastaFilter=none;backEnd=low_sil_doer_checker,True,True,True,510,,,,
e2_var,chk50,f_random_hw,-,min_period,THROUGHPUT,,,OPTIMAL,255,255,9.752,OPTIMAL,255,27.361,255,6281,10,frontEnd=high_sil_isolated_checker;rasta=one_of_two_failover;powspec=none;audspec=low_sil_doer_checker;compJah=high_sil_isolated_checker;rastaFilter=none;backEnd=low_sil_doer_checker,True,,,255,,,,True
e2_var,chk50,f_random_hw,none,joint,TOTALCOST,,,OPTIMAL,3349,1221,8.184,OPTIMAL,3349,8.746,1079,3349,5,frontEnd=two_of_two_high_sil;rasta=none;powspec=none;audspec=none;compJah=two_of_two_high_sil;rastaFilter=none;backEnd=low_sil_doer_checker,True,True,,5081,,,,True
e2_var,chk50,f_random_hw,none,PFmin,TOTALCOST,,,OPTIMAL,3349,1079,4.434,OPTIMAL,3349,4.941,1221,3349,5,frontEnd=two_of_two_high_sil;rasta=none;powspec=none;audspec=none;compJah=two_of_two_high_sil;rastaFilter=none;backEnd=low_sil_doer_checker,True,True,True,5081,,,,True
e2_var,chk50,f_random_hw,none,PFmax,TOTALCOST,,,OPTIMAL,3374,1079,4.552,OPTIMAL,3374,4.891,1224,3374,5,frontEnd=two_of_two_high_sil;rasta=none;powspec=none;audspec=none;compJah=two_of_two_high_sil;rastaFilter=none;backEnd=low_sil_diverse_doer_checker,True,True,True,5081,,,,True
e2_var,chk50,f_random_hw,none,PFlight,TOTALCOST,,,OPTIMAL,3349,1079,4.389,OPTIMAL,3349,4.929,1079,3349,5,frontEnd=high_sil_isolated_checker;rasta=none;powspec=none;audspec=none;compJah=high_sil_isolated_checker;rastaFilter=none;backEnd=low_sil_doer_checker,True,True,True,5081,,,,True
e2_var,chk50,f_random_hw,none,PFcheap,TOTALCOST,,,OPTIMAL,3349,1079,4.506,OPTIMAL,3349,4.859,1079,3349,5,frontEnd=high_sil_isolated_checker;rasta=none;powspec=none;audspec=none;compJah=high_sil_isolated_checker;rastaFilter=none;backEnd=low_sil_doer_checker,True,True,True,5081,,,,True
e2_var,chk50,f_random_hw,1.00,joint,TOTALCOST,255,period_ub=255,OPTIMAL,3639,255,6.43,OPTIMAL,3639,18.783,255,3639,10,frontEnd=high_sil_isolated_checker;rasta=none;powspec=none;audspec=none;compJah=high_sil_isolated_checker;rastaFilter=none;backEnd=low_sil_doer_checker,True,True,,255,,,,True
e2_var,chk50,f_random_hw,1.00,PFmin,TOTALCOST,255,period_ub=255,UNSAT,,,1.088,UNSAT,,1.138,,,,frontEnd=two_of_two_high_sil;rasta=none;powspec=none;audspec=none;compJah=two_of_two_high_sil;rastaFilter=none;backEnd=low_sil_doer_checker,,,,,,,,True
e2_var,chk50,f_random_hw,1.00,PFmax,TOTALCOST,255,period_ub=255,UNSAT,,,1.114,UNSAT,,1.141,,,,frontEnd=two_of_two_high_sil;rasta=none;powspec=none;audspec=none;compJah=two_of_two_high_sil;rastaFilter=none;backEnd=low_sil_diverse_doer_checker,,,,,,,,True
e2_var,chk50,f_random_hw,1.00,PFlight,TOTALCOST,255,period_ub=255,OPTIMAL,3639,255,3.039,OPTIMAL,3639,6.188,255,3639,10,frontEnd=high_sil_isolated_checker;rasta=none;powspec=none;audspec=none;compJah=high_sil_isolated_checker;rastaFilter=none;backEnd=low_sil_doer_checker,True,True,True,255,,,,True
e2_var,chk50,f_random_hw,1.00,PFcheap,TOTALCOST,255,period_ub=255,OPTIMAL,3639,255,3.019,OPTIMAL,3639,5.31,255,3639,10,frontEnd=high_sil_isolated_checker;rasta=none;powspec=none;audspec=none;compJah=high_sil_isolated_checker;rastaFilter=none;backEnd=low_sil_doer_checker,True,True,True,255,,,,True
e2_var,chk50,f_random_hw,1.10,joint,TOTALCOST,281,period_ub=281,OPTIMAL,3603,266,6.723,OPTIMAL,3603,27.753,266,3603,9,frontEnd=high_sil_isolated_checker;rasta=none;powspec=none;audspec=none;compJah=high_sil_isolated_checker;rastaFilter=none;backEnd=low_sil_doer_checker,True,True,,281,,,,True
e2_var,chk50,f_random_hw,1.10,PFmin,TOTALCOST,281,period_ub=281,UNSAT,,,1.103,UNSAT,,1.139,,,,frontEnd=two_of_two_high_sil;rasta=none;powspec=none;audspec=none;compJah=two_of_two_high_sil;rastaFilter=none;backEnd=low_sil_doer_checker,,,,,,,,True
e2_var,chk50,f_random_hw,1.10,PFmax,TOTALCOST,281,period_ub=281,UNSAT,,,1.097,UNSAT,,1.136,,,,frontEnd=two_of_two_high_sil;rasta=none;powspec=none;audspec=none;compJah=two_of_two_high_sil;rastaFilter=none;backEnd=low_sil_diverse_doer_checker,,,,,,,,True
e2_var,chk50,f_random_hw,1.10,PFlight,TOTALCOST,281,period_ub=281,OPTIMAL,3603,266,3.239,OPTIMAL,3603,5.569,266,3603,9,frontEnd=high_sil_isolated_checker;rasta=none;powspec=none;audspec=none;compJah=high_sil_isolated_checker;rastaFilter=none;backEnd=low_sil_doer_checker,True,True,True,281,,,,True
e2_var,chk50,f_random_hw,1.10,PFcheap,TOTALCOST,281,period_ub=281,OPTIMAL,3603,266,3.269,OPTIMAL,3603,6.193,266,3603,9,frontEnd=high_sil_isolated_checker;rasta=none;powspec=none;audspec=none;compJah=high_sil_isolated_checker;rastaFilter=none;backEnd=low_sil_doer_checker,True,True,True,281,,,,True
e2_var,chk50,f_random_hw,1.25,joint,TOTALCOST,319,period_ub=319,OPTIMAL,3473,319,11.394,SAT,3473,300.372,319,3473,9,frontEnd=high_sil_isolated_checker;rasta=none;powspec=none;audspec=none;compJah=high_sil_isolated_checker;rastaFilter=none;backEnd=low_sil_doer_checker,True,True,,319,,,,
e2_var,chk50,f_random_hw,1.25,PFmin,TOTALCOST,319,period_ub=319,UNSAT,,,1.434,UNSAT,,1.43,,,,frontEnd=two_of_two_high_sil;rasta=none;powspec=none;audspec=none;compJah=two_of_two_high_sil;rastaFilter=none;backEnd=low_sil_doer_checker,,,,,,,,True
e2_var,chk50,f_random_hw,1.25,PFmax,TOTALCOST,319,period_ub=319,UNSAT,,,1.442,UNSAT,,1.404,,,,frontEnd=two_of_two_high_sil;rasta=none;powspec=none;audspec=none;compJah=two_of_two_high_sil;rastaFilter=none;backEnd=low_sil_diverse_doer_checker,,,,,,,,True
e2_var,chk50,f_random_hw,1.25,PFlight,TOTALCOST,319,period_ub=319,OPTIMAL,3473,319,3.703,OPTIMAL,3473,78.004,319,3473,9,frontEnd=high_sil_isolated_checker;rasta=none;powspec=none;audspec=none;compJah=high_sil_isolated_checker;rastaFilter=none;backEnd=low_sil_doer_checker,True,True,True,319,,,,True
e2_var,chk50,f_random_hw,1.25,PFcheap,TOTALCOST,319,period_ub=319,OPTIMAL,3473,319,3.67,OPTIMAL,3473,83.161,319,3473,9,frontEnd=high_sil_isolated_checker;rasta=none;powspec=none;audspec=none;compJah=high_sil_isolated_checker;rastaFilter=none;backEnd=low_sil_doer_checker,True,True,True,319,,,,True
e2_var,chk50,f_random_hw,1.50,joint,TOTALCOST,383,period_ub=383,OPTIMAL,3429,378,12.518,OPTIMAL,3429,55.178,378,3429,7,frontEnd=high_sil_isolated_checker;rasta=none;powspec=none;audspec=none;compJah=high_sil_isolated_checker;rastaFilter=none;backEnd=low_sil_doer_checker,True,True,,383,,,,True
e2_var,chk50,f_random_hw,1.50,PFmin,TOTALCOST,383,period_ub=383,OPTIMAL,3473,340,3.956,OPTIMAL,3473,50.394,340,3473,9,frontEnd=two_of_two_high_sil;rasta=none;powspec=none;audspec=none;compJah=two_of_two_high_sil;rastaFilter=none;backEnd=low_sil_doer_checker,True,True,True,383,,,,True
e2_var,chk50,f_random_hw,1.50,PFmax,TOTALCOST,383,period_ub=383,OPTIMAL,3473,340,4.306,OPTIMAL,3473,97.484,340,3473,9,frontEnd=two_of_two_high_sil;rasta=none;powspec=none;audspec=none;compJah=two_of_two_high_sil;rastaFilter=none;backEnd=low_sil_diverse_doer_checker,True,True,True,383,,,,True
e2_var,chk50,f_random_hw,1.50,PFlight,TOTALCOST,383,period_ub=383,OPTIMAL,3429,378,4.502,OPTIMAL,3429,51.055,378,3429,7,frontEnd=high_sil_isolated_checker;rasta=none;powspec=none;audspec=none;compJah=high_sil_isolated_checker;rastaFilter=none;backEnd=low_sil_doer_checker,True,True,True,383,,,,True
e2_var,chk50,f_random_hw,1.50,PFcheap,TOTALCOST,383,period_ub=383,OPTIMAL,3429,378,4.585,OPTIMAL,3429,20.183,378,3429,7,frontEnd=high_sil_isolated_checker;rasta=none;powspec=none;audspec=none;compJah=high_sil_isolated_checker;rastaFilter=none;backEnd=low_sil_doer_checker,True,True,True,383,,,,True
e2_var,chk50,f_random_hw,2.00,joint,TOTALCOST,510,period_ub=510,OPTIMAL,3400,449,11.332,SAT,3400,300.382,449,3400,7,frontEnd=high_sil_isolated_checker;rasta=none;powspec=none;audspec=none;compJah=high_sil_isolated_checker;rastaFilter=none;backEnd=low_sil_doer_checker,True,True,,510,,,,
e2_var,chk50,f_random_hw,2.00,PFmin,TOTALCOST,510,period_ub=510,OPTIMAL,3400,451,4.344,OPTIMAL,3400,53.735,451,3400,7,frontEnd=two_of_two_high_sil;rasta=none;powspec=none;audspec=none;compJah=two_of_two_high_sil;rastaFilter=none;backEnd=low_sil_doer_checker,True,True,True,510,,,,True
e2_var,chk50,f_random_hw,2.00,PFmax,TOTALCOST,510,period_ub=510,OPTIMAL,3425,451,3.865,OPTIMAL,3425,65.677,451,3425,7,frontEnd=two_of_two_high_sil;rasta=none;powspec=none;audspec=none;compJah=two_of_two_high_sil;rastaFilter=none;backEnd=low_sil_diverse_doer_checker,True,True,True,510,,,,True
e2_var,chk50,f_random_hw,2.00,PFlight,TOTALCOST,510,period_ub=510,OPTIMAL,3400,458,4.595,OPTIMAL,3400,69.282,449,3400,7,frontEnd=high_sil_isolated_checker;rasta=none;powspec=none;audspec=none;compJah=high_sil_isolated_checker;rastaFilter=none;backEnd=low_sil_doer_checker,True,True,True,510,,,,True
e2_var,chk50,f_random_hw,2.00,PFcheap,TOTALCOST,510,period_ub=510,OPTIMAL,3400,458,4.722,OPTIMAL,3400,76.464,458,3400,7,frontEnd=high_sil_isolated_checker;rasta=none;powspec=none;audspec=none;compJah=high_sil_isolated_checker;rastaFilter=none;backEnd=low_sil_doer_checker,True,True,True,510,,,,True
e2_var,chk50,d_random_hw,-,min_period,THROUGHPUT,,,OPTIMAL,255,255,5.895,OPTIMAL,255,5.683,255,4401,12,frontEnd=low_sil_doer_checker;rasta=one_of_two_failover;powspec=one_of_two_failover;audspec=one_of_two_failover;compJah=low_sil_doer_checker;rastaFilter=one_of_two_failover;backEnd=low_sil_doer_checker,True,,,255,,,,True
e2_var,chk50,d_random_hw,none,joint,TOTALCOST,,,OPTIMAL,1857,1756,6.024,OPTIMAL,1857,5.783,1756,1857,3,frontEnd=low_sil_doer_checker;rasta=none;powspec=none;audspec=none;compJah=low_sil_doer_checker;rastaFilter=none;backEnd=low_sil_doer_checker,True,True,,3339,,,,True
e2_var,chk50,d_random_hw,none,PFmin,TOTALCOST,,,OPTIMAL,1857,1620,3.076,OPTIMAL,1857,3.196,1862,1857,3,frontEnd=low_sil_doer_checker;rasta=none;powspec=none;audspec=none;compJah=low_sil_doer_checker;rastaFilter=none;backEnd=low_sil_doer_checker,True,True,True,3339,,,,True
e2_var,chk50,d_random_hw,none,PFmax,TOTALCOST,,,OPTIMAL,1882,1974,3.125,OPTIMAL,1882,3.074,1620,1882,3,frontEnd=low_sil_diverse_doer_checker;rasta=none;powspec=none;audspec=none;compJah=low_sil_diverse_doer_checker;rastaFilter=none;backEnd=low_sil_diverse_doer_checker,True,True,True,3339,,,,True
e2_var,chk50,d_random_hw,none,PFlight,TOTALCOST,,,OPTIMAL,1857,1620,3.089,OPTIMAL,1857,3.126,1862,1857,3,frontEnd=low_sil_doer_checker;rasta=none;powspec=none;audspec=none;compJah=low_sil_doer_checker;rastaFilter=none;backEnd=low_sil_doer_checker,True,True,True,3339,,,,True
e2_var,chk50,d_random_hw,none,PFcheap,TOTALCOST,,,OPTIMAL,1857,1620,3.03,OPTIMAL,1857,3.124,1862,1857,3,frontEnd=low_sil_doer_checker;rasta=none;powspec=none;audspec=none;compJah=low_sil_doer_checker;rastaFilter=none;backEnd=low_sil_doer_checker,True,True,True,3339,,,,True
e2_var,chk50,d_random_hw,1.00,joint,TOTALCOST,255,period_ub=255,OPTIMAL,2289,255,6.053,OPTIMAL,2289,8.721,255,2289,10,frontEnd=low_sil_doer_checker;rasta=none;powspec=none;audspec=none;compJah=low_sil_doer_checker;rastaFilter=none;backEnd=low_sil_doer_checker,True,True,,255,,,,True
e2_var,chk50,d_random_hw,1.00,PFmin,TOTALCOST,255,period_ub=255,OPTIMAL,2289,255,2.365,OPTIMAL,2289,3.973,255,2289,10,frontEnd=low_sil_doer_checker;rasta=none;powspec=none;audspec=none;compJah=low_sil_doer_checker;rastaFilter=none;backEnd=low_sil_doer_checker,True,True,True,255,,,,True
e2_var,chk50,d_random_hw,1.00,PFmax,TOTALCOST,255,period_ub=255,OPTIMAL,2289,255,2.369,OPTIMAL,2289,3.479,255,2289,10,frontEnd=low_sil_diverse_doer_checker;rasta=none;powspec=none;audspec=none;compJah=low_sil_diverse_doer_checker;rastaFilter=none;backEnd=low_sil_diverse_doer_checker,True,True,True,255,,,,True
e2_var,chk50,d_random_hw,1.00,PFlight,TOTALCOST,255,period_ub=255,OPTIMAL,2289,255,2.46,OPTIMAL,2289,4.031,255,2289,10,frontEnd=low_sil_doer_checker;rasta=none;powspec=none;audspec=none;compJah=low_sil_doer_checker;rastaFilter=none;backEnd=low_sil_doer_checker,True,True,True,255,,,,True
e2_var,chk50,d_random_hw,1.00,PFcheap,TOTALCOST,255,period_ub=255,OPTIMAL,2289,255,2.416,OPTIMAL,2289,3.913,255,2289,10,frontEnd=low_sil_doer_checker;rasta=none;powspec=none;audspec=none;compJah=low_sil_doer_checker;rastaFilter=none;backEnd=low_sil_doer_checker,True,True,True,255,,,,True
e2_var,chk50,d_random_hw,1.10,joint,TOTALCOST,281,period_ub=281,OPTIMAL,2126,281,6.039,OPTIMAL,2126,7.391,281,2126,9,frontEnd=low_sil_doer_checker;rasta=none;powspec=none;audspec=none;compJah=low_sil_doer_checker;rastaFilter=none;backEnd=low_sil_doer_checker,True,True,,281,,,,True
e2_var,chk50,d_random_hw,1.10,PFmin,TOTALCOST,281,period_ub=281,OPTIMAL,2126,281,2.481,OPTIMAL,2126,3.657,281,2126,9,frontEnd=low_sil_doer_checker;rasta=none;powspec=none;audspec=none;compJah=low_sil_doer_checker;rastaFilter=none;backEnd=low_sil_doer_checker,True,True,True,281,,,,True
e2_var,chk50,d_random_hw,1.10,PFmax,TOTALCOST,281,period_ub=281,OPTIMAL,2126,281,2.487,OPTIMAL,2126,3.215,281,2126,9,frontEnd=low_sil_diverse_doer_checker;rasta=none;powspec=none;audspec=none;compJah=low_sil_diverse_doer_checker;rastaFilter=none;backEnd=low_sil_diverse_doer_checker,True,True,True,281,,,,True
e2_var,chk50,d_random_hw,1.10,PFlight,TOTALCOST,281,period_ub=281,OPTIMAL,2126,281,2.394,OPTIMAL,2126,3.162,281,2126,9,frontEnd=low_sil_doer_checker;rasta=none;powspec=none;audspec=none;compJah=low_sil_doer_checker;rastaFilter=none;backEnd=low_sil_doer_checker,True,True,True,281,,,,True
e2_var,chk50,d_random_hw,1.10,PFcheap,TOTALCOST,281,period_ub=281,OPTIMAL,2126,281,2.454,OPTIMAL,2126,4.238,281,2126,9,frontEnd=low_sil_doer_checker;rasta=none;powspec=none;audspec=none;compJah=low_sil_doer_checker;rastaFilter=none;backEnd=low_sil_doer_checker,True,True,True,281,,,,True
e2_var,chk50,d_random_hw,1.25,joint,TOTALCOST,319,period_ub=319,OPTIMAL,1967,319,11.876,OPTIMAL,1967,16.713,319,1967,9,frontEnd=low_sil_doer_checker;rasta=none;powspec=none;audspec=none;compJah=low_sil_doer_checker;rastaFilter=none;backEnd=low_sil_doer_checker,True,True,,319,,,,True
e2_var,chk50,d_random_hw,1.25,PFmin,TOTALCOST,319,period_ub=319,OPTIMAL,1967,319,5.466,OPTIMAL,1967,8.548,319,1967,9,frontEnd=low_sil_doer_checker;rasta=none;powspec=none;audspec=none;compJah=low_sil_doer_checker;rastaFilter=none;backEnd=low_sil_doer_checker,True,True,True,319,,,,True
e2_var,chk50,d_random_hw,1.25,PFmax,TOTALCOST,319,period_ub=319,OPTIMAL,1967,319,4.637,OPTIMAL,1967,6.994,319,1967,9,frontEnd=low_sil_diverse_doer_checker;rasta=none;powspec=none;audspec=none;compJah=low_sil_diverse_doer_checker;rastaFilter=none;backEnd=low_sil_diverse_doer_checker,True,True,True,319,,,,True
e2_var,chk50,d_random_hw,1.25,PFlight,TOTALCOST,319,period_ub=319,OPTIMAL,1967,319,7.516,OPTIMAL,1967,8.636,319,1967,9,frontEnd=low_sil_doer_checker;rasta=none;powspec=none;audspec=none;compJah=low_sil_doer_checker;rastaFilter=none;backEnd=low_sil_doer_checker,True,True,True,319,,,,True
e2_var,chk50,d_random_hw,1.25,PFcheap,TOTALCOST,319,period_ub=319,OPTIMAL,1967,319,5.306,OPTIMAL,1967,8.724,319,1967,9,frontEnd=low_sil_doer_checker;rasta=none;powspec=none;audspec=none;compJah=low_sil_doer_checker;rastaFilter=none;backEnd=low_sil_doer_checker,True,True,True,319,,,,True
e2_var,chk50,d_random_hw,1.50,joint,TOTALCOST,383,period_ub=383,OPTIMAL,1934,350,9.356,OPTIMAL,1934,13.074,350,1934,8,frontEnd=low_sil_doer_checker;rasta=none;powspec=none;audspec=none;compJah=low_sil_doer_checker;rastaFilter=none;backEnd=low_sil_doer_checker,True,True,,383,,,,True
e2_var,chk50,d_random_hw,1.50,PFmin,TOTALCOST,383,period_ub=383,OPTIMAL,1934,350,3.825,OPTIMAL,1934,7.611,350,1934,8,frontEnd=low_sil_doer_checker;rasta=none;powspec=none;audspec=none;compJah=low_sil_doer_checker;rastaFilter=none;backEnd=low_sil_doer_checker,True,True,True,383,,,,True
e2_var,chk50,d_random_hw,1.50,PFmax,TOTALCOST,383,period_ub=383,OPTIMAL,1934,350,3.721,OPTIMAL,1934,4.997,350,1934,8,frontEnd=low_sil_diverse_doer_checker;rasta=none;powspec=none;audspec=none;compJah=low_sil_diverse_doer_checker;rastaFilter=none;backEnd=low_sil_diverse_doer_checker,True,True,True,383,,,,True
e2_var,chk50,d_random_hw,1.50,PFlight,TOTALCOST,383,period_ub=383,OPTIMAL,1934,350,4.183,OPTIMAL,1934,6.971,350,1934,8,frontEnd=low_sil_doer_checker;rasta=none;powspec=none;audspec=none;compJah=low_sil_doer_checker;rastaFilter=none;backEnd=low_sil_doer_checker,True,True,True,383,,,,True
e2_var,chk50,d_random_hw,1.50,PFcheap,TOTALCOST,383,period_ub=383,OPTIMAL,1934,350,3.79,OPTIMAL,1934,5.952,350,1934,8,frontEnd=low_sil_doer_checker;rasta=none;powspec=none;audspec=none;compJah=low_sil_doer_checker;rastaFilter=none;backEnd=low_sil_doer_checker,True,True,True,383,,,,True
e2_var,chk50,d_random_hw,2.00,joint,TOTALCOST,510,period_ub=510,OPTIMAL,1912,501,8.29,OPTIMAL,1912,7.968,485,1912,6,frontEnd=low_sil_doer_checker;rasta=none;powspec=none;audspec=none;compJah=low_sil_doer_checker;rastaFilter=none;backEnd=low_sil_doer_checker,True,True,,510,,,,True
e2_var,chk50,d_random_hw,2.00,PFmin,TOTALCOST,510,period_ub=510,OPTIMAL,1912,485,3.633,OPTIMAL,1912,4.676,501,1912,6,frontEnd=low_sil_doer_checker;rasta=none;powspec=none;audspec=none;compJah=low_sil_doer_checker;rastaFilter=none;backEnd=low_sil_doer_checker,True,True,True,510,,,,True
e2_var,chk50,d_random_hw,2.00,PFmax,TOTALCOST,510,period_ub=510,OPTIMAL,1912,482,3.416,OPTIMAL,1912,3.857,482,1912,6,frontEnd=low_sil_diverse_doer_checker;rasta=none;powspec=none;audspec=none;compJah=low_sil_diverse_doer_checker;rastaFilter=none;backEnd=low_sil_diverse_doer_checker,True,True,True,510,,,,True
e2_var,chk50,d_random_hw,2.00,PFlight,TOTALCOST,510,period_ub=510,OPTIMAL,1912,485,3.473,OPTIMAL,1912,4.593,482,1912,6,frontEnd=low_sil_doer_checker;rasta=none;powspec=none;audspec=none;compJah=low_sil_doer_checker;rastaFilter=none;backEnd=low_sil_doer_checker,True,True,True,510,,,,True
e2_var,chk50,d_random_hw,2.00,PFcheap,TOTALCOST,510,period_ub=510,OPTIMAL,1912,485,3.514,OPTIMAL,1912,4.479,485,1912,6,frontEnd=low_sil_doer_checker;rasta=none;powspec=none;audspec=none;compJah=low_sil_doer_checker;rastaFilter=none;backEnd=low_sil_doer_checker,True,True,True,510,,,,True
e2_var,chk50,d_systematic_sw,-,min_period,THROUGHPUT,,,OPTIMAL,255,255,3.276,OPTIMAL,255,3.357,255,3157,8,frontEnd=low_sil_diverse_doer_checker;rasta=low_sil_diverse_doer_checker;powspec=none;audspec=none;compJah=same_cpu_doer_checker;rastaFilter=none;backEnd=same_cpu_doer_checker,True,,,255,,,,True
e2_var,chk50,d_systematic_sw,none,joint,TOTALCOST,,,OPTIMAL,1846,1726,3.198,OPTIMAL,1846,3.208,1862,1846,2,frontEnd=same_cpu_doer_checker;rasta=none;powspec=none;audspec=none;compJah=same_cpu_doer_checker;rastaFilter=none;backEnd=same_cpu_doer_checker,True,True,,2430,,,,True
e2_var,chk50,d_systematic_sw,none,PFmin,TOTALCOST,,,OPTIMAL,1846,1974,2.036,OPTIMAL,1846,2.078,1862,1846,2,frontEnd=same_cpu_doer_checker;rasta=none;powspec=none;audspec=none;compJah=same_cpu_doer_checker;rastaFilter=none;backEnd=same_cpu_doer_checker,True,True,True,2430,,,,True
e2_var,chk50,d_systematic_sw,none,PFmax,TOTALCOST,,,OPTIMAL,2009,1686,2.316,OPTIMAL,2009,2.362,1771,2009,3,frontEnd=low_sil_diverse_doer_checker;rasta=none;powspec=none;audspec=none;compJah=low_sil_diverse_doer_checker;rastaFilter=none;backEnd=low_sil_diverse_doer_checker,True,True,True,2430,,,,True
e2_var,chk50,d_systematic_sw,none,PFlight,TOTALCOST,,,OPTIMAL,1846,1726,2.185,OPTIMAL,1846,2.062,1838,1846,2,frontEnd=same_cpu_doer_checker;rasta=none;powspec=none;audspec=none;compJah=same_cpu_doer_checker;rastaFilter=none;backEnd=same_cpu_doer_checker,True,True,True,2430,,,,True
e2_var,chk50,d_systematic_sw,none,PFcheap,TOTALCOST,,,OPTIMAL,1846,1974,2.128,OPTIMAL,1846,2.069,1726,1846,2,frontEnd=same_cpu_doer_checker;rasta=none;powspec=none;audspec=none;compJah=same_cpu_doer_checker;rastaFilter=none;backEnd=same_cpu_doer_checker,True,True,True,2430,,,,True
e2_var,chk50,d_systematic_sw,1.00,joint,TOTALCOST,255,period_ub=255,OPTIMAL,2104,255,2.095,OPTIMAL,2104,2.321,255,2104,7,frontEnd=same_cpu_doer_checker;rasta=none;powspec=none;audspec=none;compJah=same_cpu_doer_checker;rastaFilter=none;backEnd=same_cpu_doer_checker,True,True,,255,,,,True
e2_var,chk50,d_systematic_sw,1.00,PFmin,TOTALCOST,255,period_ub=255,OPTIMAL,2104,255,3.542,OPTIMAL,2104,1.46,255,2104,7,frontEnd=same_cpu_doer_checker;rasta=none;powspec=none;audspec=none;compJah=same_cpu_doer_checker;rastaFilter=none;backEnd=same_cpu_doer_checker,True,True,True,255,,,,True
e2_var,chk50,d_systematic_sw,1.00,PFmax,TOTALCOST,255,period_ub=255,UNSAT,,,0.814,UNSAT,,0.832,,,,frontEnd=low_sil_diverse_doer_checker;rasta=none;powspec=none;audspec=none;compJah=low_sil_diverse_doer_checker;rastaFilter=none;backEnd=low_sil_diverse_doer_checker,,,,,,,,True
e2_var,chk50,d_systematic_sw,1.00,PFlight,TOTALCOST,255,period_ub=255,OPTIMAL,2104,255,3.513,OPTIMAL,2104,1.44,255,2104,7,frontEnd=same_cpu_doer_checker;rasta=none;powspec=none;audspec=none;compJah=same_cpu_doer_checker;rastaFilter=none;backEnd=same_cpu_doer_checker,True,True,True,255,,,,True
e2_var,chk50,d_systematic_sw,1.00,PFcheap,TOTALCOST,255,period_ub=255,OPTIMAL,2104,255,3.444,OPTIMAL,2104,1.397,255,2104,7,frontEnd=same_cpu_doer_checker;rasta=none;powspec=none;audspec=none;compJah=same_cpu_doer_checker;rastaFilter=none;backEnd=same_cpu_doer_checker,True,True,True,255,,,,True
e2_var,chk50,d_systematic_sw,1.10,joint,TOTALCOST,281,period_ub=281,OPTIMAL,2071,266,2.342,OPTIMAL,2071,2.548,266,2071,6,frontEnd=same_cpu_doer_checker;rasta=none;powspec=none;audspec=none;compJah=same_cpu_doer_checker;rastaFilter=none;backEnd=same_cpu_doer_checker,True,True,,281,,,,True
e2_var,chk50,d_systematic_sw,1.10,PFmin,TOTALCOST,281,period_ub=281,OPTIMAL,2071,266,1.46,OPTIMAL,2071,1.393,266,2071,6,frontEnd=same_cpu_doer_checker;rasta=none;powspec=none;audspec=none;compJah=same_cpu_doer_checker;rastaFilter=none;backEnd=same_cpu_doer_checker,True,True,True,281,,,,True
e2_var,chk50,d_systematic_sw,1.10,PFmax,TOTALCOST,281,period_ub=281,OPTIMAL,2304,272,1.765,OPTIMAL,2304,2.058,272,2304,9,frontEnd=low_sil_diverse_doer_checker;rasta=none;powspec=none;audspec=none;compJah=low_sil_diverse_doer_checker;rastaFilter=none;backEnd=low_sil_diverse_doer_checker,True,True,True,281,,,,True
e2_var,chk50,d_systematic_sw,1.10,PFlight,TOTALCOST,281,period_ub=281,OPTIMAL,2071,266,1.473,OPTIMAL,2071,1.389,266,2071,6,frontEnd=same_cpu_doer_checker;rasta=none;powspec=none;audspec=none;compJah=same_cpu_doer_checker;rastaFilter=none;backEnd=same_cpu_doer_checker,True,True,True,281,,,,True
e2_var,chk50,d_systematic_sw,1.10,PFcheap,TOTALCOST,281,period_ub=281,OPTIMAL,2071,266,1.439,OPTIMAL,2071,1.457,266,2071,6,frontEnd=same_cpu_doer_checker;rasta=none;powspec=none;audspec=none;compJah=same_cpu_doer_checker;rastaFilter=none;backEnd=same_cpu_doer_checker,True,True,True,281,,,,True
e2_var,chk50,d_systematic_sw,1.25,joint,TOTALCOST,319,period_ub=319,OPTIMAL,1912,319,3.361,OPTIMAL,1912,3.839,319,1912,6,frontEnd=same_cpu_doer_checker;rasta=none;powspec=none;audspec=none;compJah=same_cpu_doer_checker;rastaFilter=none;backEnd=same_cpu_doer_checker,True,True,,319,,,,True
e2_var,chk50,d_systematic_sw,1.25,PFmin,TOTALCOST,319,period_ub=319,OPTIMAL,1912,319,1.618,OPTIMAL,1912,1.959,319,1912,6,frontEnd=same_cpu_doer_checker;rasta=none;powspec=none;audspec=none;compJah=same_cpu_doer_checker;rastaFilter=none;backEnd=same_cpu_doer_checker,True,True,True,319,,,,True
e2_var,chk50,d_systematic_sw,1.25,PFmax,TOTALCOST,319,period_ub=319,OPTIMAL,2264,319,2.993,OPTIMAL,2264,4.645,319,2264,8,frontEnd=low_sil_diverse_doer_checker;rasta=none;powspec=none;audspec=none;compJah=low_sil_diverse_doer_checker;rastaFilter=none;backEnd=low_sil_diverse_doer_checker,True,True,True,319,,,,True
e2_var,chk50,d_systematic_sw,1.25,PFlight,TOTALCOST,319,period_ub=319,OPTIMAL,1912,319,1.607,OPTIMAL,1912,1.963,319,1912,6,frontEnd=same_cpu_doer_checker;rasta=none;powspec=none;audspec=none;compJah=same_cpu_doer_checker;rastaFilter=none;backEnd=same_cpu_doer_checker,True,True,True,319,,,,True
e2_var,chk50,d_systematic_sw,1.25,PFcheap,TOTALCOST,319,period_ub=319,OPTIMAL,1912,319,1.646,OPTIMAL,1912,1.975,319,1912,6,frontEnd=same_cpu_doer_checker;rasta=none;powspec=none;audspec=none;compJah=same_cpu_doer_checker;rastaFilter=none;backEnd=same_cpu_doer_checker,True,True,True,319,,,,True
e2_var,chk50,d_systematic_sw,1.50,joint,TOTALCOST,383,period_ub=383,OPTIMAL,1909,338,2.344,OPTIMAL,1909,4.327,338,1909,6,frontEnd=same_cpu_doer_checker;rasta=none;powspec=none;audspec=none;compJah=same_cpu_doer_checker;rastaFilter=none;backEnd=same_cpu_doer_checker,True,True,,383,,,,True
e2_var,chk50,d_systematic_sw,1.50,PFmin,TOTALCOST,383,period_ub=383,OPTIMAL,1909,338,1.743,OPTIMAL,1909,2.247,338,1909,6,frontEnd=same_cpu_doer_checker;rasta=none;powspec=none;audspec=none;compJah=same_cpu_doer_checker;rastaFilter=none;backEnd=same_cpu_doer_checker,True,True,True,383,,,,True
e2_var,chk50,d_systematic_sw,1.50,PFmax,TOTALCOST,383,period_ub=383,OPTIMAL,2112,366,2.814,OPTIMAL,2112,3.482,362,2112,8,frontEnd=low_sil_diverse_doer_checker;rasta=none;powspec=none;audspec=none;compJah=low_sil_diverse_doer_checker;rastaFilter=none;backEnd=low_sil_diverse_doer_checker,True,True,True,383,,,,True
e2_var,chk50,d_systematic_sw,1.50,PFlight,TOTALCOST,383,period_ub=383,OPTIMAL,1909,338,1.715,OPTIMAL,1909,2.311,338,1909,6,frontEnd=same_cpu_doer_checker;rasta=none;powspec=none;audspec=none;compJah=same_cpu_doer_checker;rastaFilter=none;backEnd=same_cpu_doer_checker,True,True,True,383,,,,True
e2_var,chk50,d_systematic_sw,1.50,PFcheap,TOTALCOST,383,period_ub=383,OPTIMAL,1909,338,1.81,OPTIMAL,1909,2.265,338,1909,6,frontEnd=same_cpu_doer_checker;rasta=none;powspec=none;audspec=none;compJah=same_cpu_doer_checker;rastaFilter=none;backEnd=same_cpu_doer_checker,True,True,True,383,,,,True
e2_var,chk50,d_systematic_sw,2.00,joint,TOTALCOST,510,period_ub=510,OPTIMAL,1898,449,3.622,OPTIMAL,1898,3.839,449,1898,5,frontEnd=same_cpu_doer_checker;rasta=none;powspec=none;audspec=none;compJah=same_cpu_doer_checker;rastaFilter=none;backEnd=same_cpu_doer_checker,True,True,,510,,,,True
e2_var,chk50,d_systematic_sw,2.00,PFmin,TOTALCOST,510,period_ub=510,OPTIMAL,1898,449,2.032,OPTIMAL,1898,2.16,449,1898,5,frontEnd=same_cpu_doer_checker;rasta=none;powspec=none;audspec=none;compJah=same_cpu_doer_checker;rastaFilter=none;backEnd=same_cpu_doer_checker,True,True,True,510,,,,True
e2_var,chk50,d_systematic_sw,2.00,PFmax,TOTALCOST,510,period_ub=510,OPTIMAL,2068,458,2.493,OPTIMAL,2068,2.712,458,2068,6,frontEnd=low_sil_diverse_doer_checker;rasta=none;powspec=none;audspec=none;compJah=low_sil_diverse_doer_checker;rastaFilter=none;backEnd=low_sil_diverse_doer_checker,True,True,True,510,,,,True
e2_var,chk50,d_systematic_sw,2.00,PFlight,TOTALCOST,510,period_ub=510,OPTIMAL,1898,449,2.148,OPTIMAL,1898,2.193,449,1898,5,frontEnd=same_cpu_doer_checker;rasta=none;powspec=none;audspec=none;compJah=same_cpu_doer_checker;rastaFilter=none;backEnd=same_cpu_doer_checker,True,True,True,510,,,,True
e2_var,chk50,d_systematic_sw,2.00,PFcheap,TOTALCOST,510,period_ub=510,OPTIMAL,1898,449,2.013,OPTIMAL,1898,2.139,449,1898,5,frontEnd=same_cpu_doer_checker;rasta=none;powspec=none;audspec=none;compJah=same_cpu_doer_checker;rastaFilter=none;backEnd=same_cpu_doer_checker,True,True,True,510,,,,True
e2_var,chk50,f_sw3,-,min_period,THROUGHPUT,,,OPTIMAL,255,255,5.668,OPTIMAL,255,6.778,255,8386,11,frontEnd=mixed_sil_doer_checker;rasta=low_sil_diverse_doer_checker;powspec=none;audspec=low_sil_diverse_doer_checker;compJah=mixed_sil_doer_checker;rastaFilter=none;backEnd=same_cpu_doer_checker,True,,,255,,,,True
e2_var,chk50,f_sw3,none,joint,TOTALCOST,,,OPTIMAL,3365,1079,5.046,OPTIMAL,3365,4.853,1360,3365,4,frontEnd=two_of_two_high_sil;rasta=none;powspec=none;audspec=none;compJah=two_of_two_high_sil;rastaFilter=none;backEnd=same_cpu_doer_checker,True,True,,3176,,,,True
e2_var,chk50,f_sw3,none,PFmin,TOTALCOST,,,OPTIMAL,3365,1105,2.955,OPTIMAL,3365,3.019,1105,3365,4,frontEnd=two_of_two_high_sil;rasta=none;powspec=none;audspec=none;compJah=two_of_two_high_sil;rastaFilter=none;backEnd=same_cpu_doer_checker,True,True,True,3176,,,,True
e2_var,chk50,f_sw3,none,PFmax,TOTALCOST,,,OPTIMAL,3406,1104,3.148,OPTIMAL,3406,3.101,1126,3406,5,frontEnd=two_of_two_high_sil;rasta=none;powspec=none;audspec=none;compJah=two_of_two_high_sil;rastaFilter=none;backEnd=low_sil_diverse_doer_checker,True,True,True,3176,,,,True
e2_var,chk50,f_sw3,none,PFlight,TOTALCOST,,,OPTIMAL,3884,1185,3.094,OPTIMAL,3884,3.087,1105,3884,4,frontEnd=mixed_sil_doer_checker;rasta=none;powspec=none;audspec=none;compJah=two_of_two_high_sil;rastaFilter=none;backEnd=same_cpu_doer_checker,True,True,True,3176,,,,True
e2_var,chk50,f_sw3,none,PFcheap,TOTALCOST,,,OPTIMAL,3365,1105,3.062,OPTIMAL,3365,3.011,1105,3365,4,frontEnd=two_of_two_high_sil;rasta=none;powspec=none;audspec=none;compJah=two_of_two_high_sil;rastaFilter=none;backEnd=same_cpu_doer_checker,True,True,True,3176,,,,True
e2_var,chk50,f_sw3,1.00,joint,TOTALCOST,255,period_ub=255,OPTIMAL,4670,255,3.759,OPTIMAL,4670,5.197,255,4670,9,frontEnd=mixed_sil_doer_checker;rasta=none;powspec=none;audspec=none;compJah=mixed_sil_doer_checker;rastaFilter=none;backEnd=same_cpu_doer_checker,True,True,,255,,,,True
e2_var,chk50,f_sw3,1.00,PFmin,TOTALCOST,255,period_ub=255,UNSAT,,,0.819,UNSAT,,0.82,,,,frontEnd=two_of_two_high_sil;rasta=none;powspec=none;audspec=none;compJah=two_of_two_high_sil;rastaFilter=none;backEnd=same_cpu_doer_checker,,,,,,,,True
e2_var,chk50,f_sw3,1.00,PFmax,TOTALCOST,255,period_ub=255,UNSAT,,,0.803,UNSAT,,0.818,,,,frontEnd=two_of_two_high_sil;rasta=none;powspec=none;audspec=none;compJah=two_of_two_high_sil;rastaFilter=none;backEnd=low_sil_diverse_doer_checker,,,,,,,,True
e2_var,chk50,f_sw3,1.00,PFlight,TOTALCOST,255,period_ub=255,UNSAT,,,0.867,UNSAT,,0.874,,,,frontEnd=mixed_sil_doer_checker;rasta=none;powspec=none;audspec=none;compJah=two_of_two_high_sil;rastaFilter=none;backEnd=same_cpu_doer_checker,,,,,,,,True
e2_var,chk50,f_sw3,1.00,PFcheap,TOTALCOST,255,period_ub=255,UNSAT,,,0.83,UNSAT,,0.808,,,,frontEnd=two_of_two_high_sil;rasta=none;powspec=none;audspec=none;compJah=two_of_two_high_sil;rastaFilter=none;backEnd=same_cpu_doer_checker,,,,,,,,True
e2_var,chk50,f_sw3,1.10,joint,TOTALCOST,281,period_ub=281,OPTIMAL,4662,266,4.582,OPTIMAL,4662,4.338,266,4662,8,frontEnd=mixed_sil_doer_checker;rasta=none;powspec=none;audspec=none;compJah=mixed_sil_doer_checker;rastaFilter=none;backEnd=same_cpu_doer_checker,True,True,,281,,,,True
e2_var,chk50,f_sw3,1.10,PFmin,TOTALCOST,281,period_ub=281,UNSAT,,,0.796,UNSAT,,0.816,,,,frontEnd=two_of_two_high_sil;rasta=none;powspec=none;audspec=none;compJah=two_of_two_high_sil;rastaFilter=none;backEnd=same_cpu_doer_checker,,,,,,,,True
e2_var,chk50,f_sw3,1.10,PFmax,TOTALCOST,281,period_ub=281,UNSAT,,,0.801,UNSAT,,0.815,,,,frontEnd=two_of_two_high_sil;rasta=none;powspec=none;audspec=none;compJah=two_of_two_high_sil;rastaFilter=none;backEnd=low_sil_diverse_doer_checker,,,,,,,,True
e2_var,chk50,f_sw3,1.10,PFlight,TOTALCOST,281,period_ub=281,UNSAT,,,0.866,UNSAT,,0.882,,,,frontEnd=mixed_sil_doer_checker;rasta=none;powspec=none;audspec=none;compJah=two_of_two_high_sil;rastaFilter=none;backEnd=same_cpu_doer_checker,,,,,,,,True
e2_var,chk50,f_sw3,1.10,PFcheap,TOTALCOST,281,period_ub=281,UNSAT,,,0.805,UNSAT,,0.819,,,,frontEnd=two_of_two_high_sil;rasta=none;powspec=none;audspec=none;compJah=two_of_two_high_sil;rastaFilter=none;backEnd=same_cpu_doer_checker,,,,,,,,True
e2_var,chk50,f_sw3,1.25,joint,TOTALCOST,319,period_ub=319,OPTIMAL,3988,319,3.343,OPTIMAL,3988,5.355,319,3988,8,frontEnd=two_of_two_high_sil;rasta=none;powspec=none;audspec=none;compJah=mixed_sil_doer_checker;rastaFilter=none;backEnd=same_cpu_doer_checker,True,True,,319,,,,True
e2_var,chk50,f_sw3,1.25,PFmin,TOTALCOST,319,period_ub=319,UNSAT,,,0.993,UNSAT,,0.93,,,,frontEnd=two_of_two_high_sil;rasta=none;powspec=none;audspec=none;compJah=two_of_two_high_sil;rastaFilter=none;backEnd=same_cpu_doer_checker,,,,,,,,True
e2_var,chk50,f_sw3,1.25,PFmax,TOTALCOST,319,period_ub=319,UNSAT,,,0.938,UNSAT,,0.947,,,,frontEnd=two_of_two_high_sil;rasta=none;powspec=none;audspec=none;compJah=two_of_two_high_sil;rastaFilter=none;backEnd=low_sil_diverse_doer_checker,,,,,,,,True
e2_var,chk50,f_sw3,1.25,PFlight,TOTALCOST,319,period_ub=319,UNSAT,,,0.991,UNSAT,,0.932,,,,frontEnd=mixed_sil_doer_checker;rasta=none;powspec=none;audspec=none;compJah=two_of_two_high_sil;rastaFilter=none;backEnd=same_cpu_doer_checker,,,,,,,,True
e2_var,chk50,f_sw3,1.25,PFcheap,TOTALCOST,319,period_ub=319,UNSAT,,,0.913,UNSAT,,0.928,,,,frontEnd=two_of_two_high_sil;rasta=none;powspec=none;audspec=none;compJah=two_of_two_high_sil;rastaFilter=none;backEnd=same_cpu_doer_checker,,,,,,,,True
e2_var,chk50,f_sw3,1.50,joint,TOTALCOST,383,period_ub=383,OPTIMAL,3469,365,8.692,OPTIMAL,3469,10.98,365,3469,8,frontEnd=two_of_two_high_sil;rasta=none;powspec=none;audspec=none;compJah=two_of_two_high_sil;rastaFilter=none;backEnd=same_cpu_doer_checker,True,True,,383,,,,True
e2_var,chk50,f_sw3,1.50,PFmin,TOTALCOST,383,period_ub=383,OPTIMAL,3469,365,3.092,OPTIMAL,3469,3.845,365,3469,8,frontEnd=two_of_two_high_sil;rasta=none;powspec=none;audspec=none;compJah=two_of_two_high_sil;rastaFilter=none;backEnd=same_cpu_doer_checker,True,True,True,383,,,,True
e2_var,chk50,f_sw3,1.50,PFmax,TOTALCOST,383,period_ub=383,OPTIMAL,3630,365,3.458,OPTIMAL,3630,4.691,365,3630,9,frontEnd=two_of_two_high_sil;rasta=none;powspec=none;audspec=none;compJah=two_of_two_high_sil;rastaFilter=none;backEnd=low_sil_diverse_doer_checker,True,True,True,383,,,,True
e2_var,chk50,f_sw3,1.50,PFlight,TOTALCOST,383,period_ub=383,OPTIMAL,3943,383,2.972,OPTIMAL,3943,3.322,383,3943,7,frontEnd=mixed_sil_doer_checker;rasta=none;powspec=none;audspec=none;compJah=two_of_two_high_sil;rastaFilter=none;backEnd=same_cpu_doer_checker,True,True,True,383,,,,True
e2_var,chk50,f_sw3,1.50,PFcheap,TOTALCOST,383,period_ub=383,OPTIMAL,3469,365,2.967,OPTIMAL,3469,3.756,365,3469,8,frontEnd=two_of_two_high_sil;rasta=none;powspec=none;audspec=none;compJah=two_of_two_high_sil;rastaFilter=none;backEnd=same_cpu_doer_checker,True,True,True,383,,,,True
e2_var,chk50,f_sw3,2.00,joint,TOTALCOST,510,period_ub=510,OPTIMAL,3416,474,5.06,OPTIMAL,3416,6.355,474,3416,6,frontEnd=two_of_two_high_sil;rasta=none;powspec=none;audspec=none;compJah=two_of_two_high_sil;rastaFilter=none;backEnd=same_cpu_doer_checker,True,True,,510,,,,True
e2_var,chk50,f_sw3,2.00,PFmin,TOTALCOST,510,period_ub=510,OPTIMAL,3416,474,3.025,OPTIMAL,3416,3.297,474,3416,6,frontEnd=two_of_two_high_sil;rasta=none;powspec=none;audspec=none;compJah=two_of_two_high_sil;rastaFilter=none;backEnd=same_cpu_doer_checker,True,True,True,510,,,,True
e2_var,chk50,f_sw3,2.00,PFmax,TOTALCOST,510,period_ub=510,OPTIMAL,3462,474,3.204,OPTIMAL,3462,3.313,474,3462,7,frontEnd=two_of_two_high_sil;rasta=none;powspec=none;audspec=none;compJah=two_of_two_high_sil;rastaFilter=none;backEnd=low_sil_diverse_doer_checker,True,True,True,510,,,,True
e2_var,chk50,f_sw3,2.00,PFlight,TOTALCOST,510,period_ub=510,OPTIMAL,3935,454,3.044,OPTIMAL,3935,3.594,499,3935,6,frontEnd=mixed_sil_doer_checker;rasta=none;powspec=none;audspec=none;compJah=two_of_two_high_sil;rastaFilter=none;backEnd=same_cpu_doer_checker,True,True,True,510,,,,True
e2_var,chk50,f_sw3,2.00,PFcheap,TOTALCOST,510,period_ub=510,OPTIMAL,3416,474,3.055,OPTIMAL,3416,3.341,474,3416,6,frontEnd=two_of_two_high_sil;rasta=none;powspec=none;audspec=none;compJah=two_of_two_high_sil;rastaFilter=none;backEnd=same_cpu_doer_checker,True,True,True,510,,,,True
e2_var,chk50,f_both3,-,min_period,THROUGHPUT,,,OPTIMAL,255,255,6.675,OPTIMAL,255,6.184,255,6976,13,frontEnd=mixed_sil_doer_checker;rasta=low_sil_diverse_doer_checker;powspec=none;audspec=low_sil_diverse_doer_checker;compJah=mixed_sil_doer_checker;rastaFilter=none;backEnd=low_sil_diverse_doer_checker,True,,,255,,,,True
e2_var,chk50,f_both3,none,joint,TOTALCOST,,,OPTIMAL,3406,1130,3.026,OPTIMAL,3406,5.028,1104,3406,5,frontEnd=two_of_two_high_sil;rasta=none;powspec=none;audspec=none;compJah=two_of_two_high_sil;rastaFilter=none;backEnd=low_sil_diverse_doer_checker,True,True,,3176,,,,True
e2_var,chk50,f_both3,none,PFmin,TOTALCOST,,,OPTIMAL,3406,1267,3.049,OPTIMAL,3406,3.057,1267,3406,5,frontEnd=two_of_two_high_sil;rasta=none;powspec=none;audspec=none;compJah=two_of_two_high_sil;rastaFilter=none;backEnd=low_sil_diverse_doer_checker,True,True,True,3176,,,,True
e2_var,chk50,f_both3,none,PFmax,TOTALCOST,,,OPTIMAL,3406,1267,3.032,OPTIMAL,3406,3.038,1267,3406,5,frontEnd=two_of_two_high_sil;rasta=none;powspec=none;audspec=none;compJah=two_of_two_high_sil;rastaFilter=none;backEnd=low_sil_diverse_doer_checker,True,True,True,3176,,,,True
e2_var,chk50,f_both3,none,PFlight,TOTALCOST,,,OPTIMAL,3925,1206,3.087,OPTIMAL,3925,3.182,1175,3925,5,frontEnd=mixed_sil_doer_checker;rasta=none;powspec=none;audspec=none;compJah=two_of_two_high_sil;rastaFilter=none;backEnd=low_sil_diverse_doer_checker,True,True,True,3176,,,,True
e2_var,chk50,f_both3,none,PFcheap,TOTALCOST,,,OPTIMAL,3406,1267,3.103,OPTIMAL,3406,3.013,1267,3406,5,frontEnd=two_of_two_high_sil;rasta=none;powspec=none;audspec=none;compJah=two_of_two_high_sil;rastaFilter=none;backEnd=low_sil_diverse_doer_checker,True,True,True,3176,,,,True
e2_var,chk50,f_both3,1.00,joint,TOTALCOST,255,period_ub=255,OPTIMAL,4868,255,3.319,OPTIMAL,4868,6.654,255,4868,11,frontEnd=mixed_sil_doer_checker;rasta=none;powspec=none;audspec=none;compJah=mixed_sil_doer_checker;rastaFilter=none;backEnd=low_sil_diverse_doer_checker,True,True,,255,,,,True
e2_var,chk50,f_both3,1.00,PFmin,TOTALCOST,255,period_ub=255,UNSAT,,,0.83,UNSAT,,0.816,,,,frontEnd=two_of_two_high_sil;rasta=none;powspec=none;audspec=none;compJah=two_of_two_high_sil;rastaFilter=none;backEnd=low_sil_diverse_doer_checker,,,,,,,,True
e2_var,chk50,f_both3,1.00,PFmax,TOTALCOST,255,period_ub=255,UNSAT,,,0.807,UNSAT,,0.831,,,,frontEnd=two_of_two_high_sil;rasta=none;powspec=none;audspec=none;compJah=two_of_two_high_sil;rastaFilter=none;backEnd=low_sil_diverse_doer_checker,,,,,,,,True
e2_var,chk50,f_both3,1.00,PFlight,TOTALCOST,255,period_ub=255,UNSAT,,,0.861,UNSAT,,0.873,,,,frontEnd=mixed_sil_doer_checker;rasta=none;powspec=none;audspec=none;compJah=two_of_two_high_sil;rastaFilter=none;backEnd=low_sil_diverse_doer_checker,,,,,,,,True
e2_var,chk50,f_both3,1.00,PFcheap,TOTALCOST,255,period_ub=255,UNSAT,,,0.793,UNSAT,,0.821,,,,frontEnd=two_of_two_high_sil;rasta=none;powspec=none;audspec=none;compJah=two_of_two_high_sil;rastaFilter=none;backEnd=low_sil_diverse_doer_checker,,,,,,,,True
e2_var,chk50,f_both3,1.10,joint,TOTALCOST,281,period_ub=281,OPTIMAL,4700,268,4.332,OPTIMAL,4700,4.54,279,4700,9,frontEnd=mixed_sil_doer_checker;rasta=none;powspec=none;audspec=none;compJah=mixed_sil_doer_checker;rastaFilter=none;backEnd=low_sil_diverse_doer_checker,True,True,,281,,,,True
e2_var,chk50,f_both3,1.10,PFmin,TOTALCOST,281,period_ub=281,UNSAT,,,0.822,UNSAT,,0.809,,,,frontEnd=two_of_two_high_sil;rasta=none;powspec=none;audspec=none;compJah=two_of_two_high_sil;rastaFilter=none;backEnd=low_sil_diverse_doer_checker,,,,,,,,True
e2_var,chk50,f_both3,1.10,PFmax,TOTALCOST,281,period_ub=281,UNSAT,,,0.809,UNSAT,,0.82,,,,frontEnd=two_of_two_high_sil;rasta=none;powspec=none;audspec=none;compJah=two_of_two_high_sil;rastaFilter=none;backEnd=low_sil_diverse_doer_checker,,,,,,,,True
e2_var,chk50,f_both3,1.10,PFlight,TOTALCOST,281,period_ub=281,UNSAT,,,0.88,UNSAT,,0.881,,,,frontEnd=mixed_sil_doer_checker;rasta=none;powspec=none;audspec=none;compJah=two_of_two_high_sil;rastaFilter=none;backEnd=low_sil_diverse_doer_checker,,,,,,,,True
e2_var,chk50,f_both3,1.10,PFcheap,TOTALCOST,281,period_ub=281,UNSAT,,,0.804,UNSAT,,0.806,,,,frontEnd=two_of_two_high_sil;rasta=none;powspec=none;audspec=none;compJah=two_of_two_high_sil;rastaFilter=none;backEnd=low_sil_diverse_doer_checker,,,,,,,,True
e2_var,chk50,f_both3,1.25,joint,TOTALCOST,319,period_ub=319,OPTIMAL,4149,319,5.783,OPTIMAL,4149,7.483,319,4149,9,frontEnd=two_of_two_high_sil;rasta=none;powspec=none;audspec=none;compJah=mixed_sil_doer_checker;rastaFilter=none;backEnd=low_sil_diverse_doer_checker,True,True,,319,,,,True
e2_var,chk50,f_both3,1.25,PFmin,TOTALCOST,319,period_ub=319,UNSAT,,,0.945,UNSAT,,0.928,,,,frontEnd=two_of_two_high_sil;rasta=none;powspec=none;audspec=none;compJah=two_of_two_high_sil;rastaFilter=none;backEnd=low_sil_diverse_doer_checker,,,,,,,,True
e2_var,chk50,f_both3,1.25,PFmax,TOTALCOST,319,period_ub=319,UNSAT,,,0.911,UNSAT,,0.94,,,,frontEnd=two_of_two_high_sil;rasta=none;powspec=none;audspec=none;compJah=two_of_two_high_sil;rastaFilter=none;backEnd=low_sil_diverse_doer_checker,,,,,,,,True
e2_var,chk50,f_both3,1.25,PFlight,TOTALCOST,319,period_ub=319,UNSAT,,,0.932,UNSAT,,0.927,,,,frontEnd=mixed_sil_doer_checker;rasta=none;powspec=none;audspec=none;compJah=two_of_two_high_sil;rastaFilter=none;backEnd=low_sil_diverse_doer_checker,,,,,,,,True
e2_var,chk50,f_both3,1.25,PFcheap,TOTALCOST,319,period_ub=319,UNSAT,,,1.029,UNSAT,,0.93,,,,frontEnd=two_of_two_high_sil;rasta=none;powspec=none;audspec=none;compJah=two_of_two_high_sil;rastaFilter=none;backEnd=low_sil_diverse_doer_checker,,,,,,,,True
e2_var,chk50,f_both3,1.50,joint,TOTALCOST,383,period_ub=383,OPTIMAL,3630,365,8.853,OPTIMAL,3630,12.543,365,3630,9,frontEnd=two_of_two_high_sil;rasta=none;powspec=none;audspec=none;compJah=two_of_two_high_sil;rastaFilter=none;backEnd=low_sil_diverse_doer_checker,True,True,,383,,,,True
e2_var,chk50,f_both3,1.50,PFmin,TOTALCOST,383,period_ub=383,OPTIMAL,3630,365,3.853,OPTIMAL,3630,5.084,365,3630,9,frontEnd=two_of_two_high_sil;rasta=none;powspec=none;audspec=none;compJah=two_of_two_high_sil;rastaFilter=none;backEnd=low_sil_diverse_doer_checker,True,True,True,383,,,,True
e2_var,chk50,f_both3,1.50,PFmax,TOTALCOST,383,period_ub=383,OPTIMAL,3630,365,3.93,OPTIMAL,3630,5.107,365,3630,9,frontEnd=two_of_two_high_sil;rasta=none;powspec=none;audspec=none;compJah=two_of_two_high_sil;rastaFilter=none;backEnd=low_sil_diverse_doer_checker,True,True,True,383,,,,True
e2_var,chk50,f_both3,1.50,PFlight,TOTALCOST,383,period_ub=383,OPTIMAL,4125,378,4.075,OPTIMAL,4125,5.565,378,4125,7,frontEnd=mixed_sil_doer_checker;rasta=none;powspec=none;audspec=none;compJah=two_of_two_high_sil;rastaFilter=none;backEnd=low_sil_diverse_doer_checker,True,True,True,383,,,,True
e2_var,chk50,f_both3,1.50,PFcheap,TOTALCOST,383,period_ub=383,OPTIMAL,3630,365,3.805,OPTIMAL,3630,4.985,365,3630,9,frontEnd=two_of_two_high_sil;rasta=none;powspec=none;audspec=none;compJah=two_of_two_high_sil;rastaFilter=none;backEnd=low_sil_diverse_doer_checker,True,True,True,383,,,,True
e2_var,chk50,f_both3,2.00,joint,TOTALCOST,510,period_ub=510,OPTIMAL,3462,461,6.41,OPTIMAL,3462,9.31,474,3462,7,frontEnd=two_of_two_high_sil;rasta=none;powspec=none;audspec=none;compJah=two_of_two_high_sil;rastaFilter=none;backEnd=low_sil_diverse_doer_checker,True,True,,510,,,,True
e2_var,chk50,f_both3,2.00,PFmin,TOTALCOST,510,period_ub=510,OPTIMAL,3462,461,3.32,OPTIMAL,3462,3.406,508,3462,7,frontEnd=two_of_two_high_sil;rasta=none;powspec=none;audspec=none;compJah=two_of_two_high_sil;rastaFilter=none;backEnd=low_sil_diverse_doer_checker,True,True,True,510,,,,True
e2_var,chk50,f_both3,2.00,PFmax,TOTALCOST,510,period_ub=510,OPTIMAL,3462,461,3.395,OPTIMAL,3462,3.434,474,3462,7,frontEnd=two_of_two_high_sil;rasta=none;powspec=none;audspec=none;compJah=two_of_two_high_sil;rastaFilter=none;backEnd=low_sil_diverse_doer_checker,True,True,True,510,,,,True
e2_var,chk50,f_both3,2.00,PFlight,TOTALCOST,510,period_ub=510,OPTIMAL,3981,449,3.227,OPTIMAL,3981,3.888,454,3981,7,frontEnd=mixed_sil_doer_checker;rasta=none;powspec=none;audspec=none;compJah=two_of_two_high_sil;rastaFilter=none;backEnd=low_sil_diverse_doer_checker,True,True,True,510,,,,True
e2_var,chk50,f_both3,2.00,PFcheap,TOTALCOST,510,period_ub=510,OPTIMAL,3462,508,3.295,OPTIMAL,3462,3.457,474,3462,7,frontEnd=two_of_two_high_sil;rasta=none;powspec=none;audspec=none;compJah=two_of_two_high_sil;rastaFilter=none;backEnd=low_sil_diverse_doer_checker,True,True,True,510,,,,True
e2_var,chk50,c_pat,-,min_period,THROUGHPUT,,,OPTIMAL,255,255,17.764,OPTIMAL,255,19.084,255,5519,11,frontEnd=high_sil_isolated_checker;rasta=one_of_two_failover;powspec=none;audspec=one_of_two_failover;compJah=high_sil_isolated_checker;rastaFilter=one_of_two_failover;backEnd=low_sil_doer_checker,True,,,255,,,,True
e2_var,chk50,c_pat,none,joint,TOTALCOST,,,OPTIMAL,3349,1208,13.898,OPTIMAL,3349,13.33,1137,3349,5,frontEnd=high_sil_isolated_checker;rasta=none;powspec=none;audspec=none;compJah=high_sil_isolated_checker;rastaFilter=none;backEnd=low_sil_doer_checker,True,True,,1696,,,,True
e2_var,chk50,c_pat,none,PFmin,TOTALCOST,,,OPTIMAL,3349,1279,7.832,OPTIMAL,3349,8.554,1189,3349,5,frontEnd=two_of_two_high_sil;rasta=none;powspec=none;audspec=none;compJah=two_of_two_high_sil;rastaFilter=none;backEnd=low_sil_doer_checker,True,True,True,1190,,,,True
e2_var,chk50,c_pat,none,PFmax,TOTALCOST,,,OPTIMAL,3374,1290,8.96,OPTIMAL,3374,8.967,1137,3374,5,frontEnd=two_of_two_high_sil;rasta=none;powspec=none;audspec=none;compJah=two_of_two_high_sil;rastaFilter=none;backEnd=low_sil_diverse_doer_checker,True,True,True,1171,,,,True
e2_var,chk50,c_pat,none,PFlight,TOTALCOST,,,OPTIMAL,3349,1206,9.074,OPTIMAL,3349,9.051,1239,3349,5,frontEnd=high_sil_isolated_checker;rasta=none;powspec=none;audspec=none;compJah=high_sil_isolated_checker;rastaFilter=none;backEnd=low_sil_doer_checker,True,True,True,1485,,,,True
e2_var,chk50,c_pat,none,PFcheap,TOTALCOST,,,OPTIMAL,3349,1239,9.051,OPTIMAL,3349,8.915,1137,3349,5,frontEnd=high_sil_isolated_checker;rasta=none;powspec=none;audspec=none;compJah=high_sil_isolated_checker;rastaFilter=none;backEnd=low_sil_doer_checker,True,True,True,1209,,,,True
e2_var,chk50,c_pat,1.00,joint,TOTALCOST,255,period_ub=255,OPTIMAL,3639,255,10.827,OPTIMAL,3639,28.504,255,3639,10,frontEnd=high_sil_isolated_checker;rasta=none;powspec=none;audspec=none;compJah=high_sil_isolated_checker;rastaFilter=none;backEnd=low_sil_doer_checker,True,True,,255,,,,True
e2_var,chk50,c_pat,1.00,PFmin,TOTALCOST,255,period_ub=255,UNSAT,,,1.926,UNSAT,,1.916,,,,frontEnd=two_of_two_high_sil;rasta=none;powspec=none;audspec=none;compJah=two_of_two_high_sil;rastaFilter=none;backEnd=low_sil_doer_checker,,,,,,,,True
e2_var,chk50,c_pat,1.00,PFmax,TOTALCOST,255,period_ub=255,UNSAT,,,1.933,UNSAT,,1.943,,,,frontEnd=two_of_two_high_sil;rasta=none;powspec=none;audspec=none;compJah=two_of_two_high_sil;rastaFilter=none;backEnd=low_sil_diverse_doer_checker,,,,,,,,True
e2_var,chk50,c_pat,1.00,PFlight,TOTALCOST,255,period_ub=255,OPTIMAL,3639,255,6.756,OPTIMAL,3639,9.522,255,3639,10,frontEnd=high_sil_isolated_checker;rasta=none;powspec=none;audspec=none;compJah=high_sil_isolated_checker;rastaFilter=none;backEnd=low_sil_doer_checker,True,True,True,255,,,,True
e2_var,chk50,c_pat,1.00,PFcheap,TOTALCOST,255,period_ub=255,OPTIMAL,3639,255,6.859,OPTIMAL,3639,11.082,255,3639,10,frontEnd=high_sil_isolated_checker;rasta=none;powspec=none;audspec=none;compJah=high_sil_isolated_checker;rastaFilter=none;backEnd=low_sil_doer_checker,True,True,True,255,,,,True
e2_var,chk50,c_pat,1.10,joint,TOTALCOST,281,period_ub=281,OPTIMAL,3603,266,12.355,OPTIMAL,3603,30.091,266,3603,9,frontEnd=high_sil_isolated_checker;rasta=none;powspec=none;audspec=none;compJah=high_sil_isolated_checker;rastaFilter=none;backEnd=low_sil_doer_checker,True,True,,281,,,,True
e2_var,chk50,c_pat,1.10,PFmin,TOTALCOST,281,period_ub=281,UNSAT,,,1.887,UNSAT,,1.918,,,,frontEnd=two_of_two_high_sil;rasta=none;powspec=none;audspec=none;compJah=two_of_two_high_sil;rastaFilter=none;backEnd=low_sil_doer_checker,,,,,,,,True
e2_var,chk50,c_pat,1.10,PFmax,TOTALCOST,281,period_ub=281,UNSAT,,,2.05,UNSAT,,1.923,,,,frontEnd=two_of_two_high_sil;rasta=none;powspec=none;audspec=none;compJah=two_of_two_high_sil;rastaFilter=none;backEnd=low_sil_diverse_doer_checker,,,,,,,,True
e2_var,chk50,c_pat,1.10,PFlight,TOTALCOST,281,period_ub=281,OPTIMAL,3603,266,8.026,OPTIMAL,3603,9.771,266,3603,9,frontEnd=high_sil_isolated_checker;rasta=none;powspec=none;audspec=none;compJah=high_sil_isolated_checker;rastaFilter=none;backEnd=low_sil_doer_checker,True,True,True,280,,,,True
e2_var,chk50,c_pat,1.10,PFcheap,TOTALCOST,281,period_ub=281,OPTIMAL,3603,266,8.163,OPTIMAL,3603,10.102,266,3603,9,frontEnd=high_sil_isolated_checker;rasta=none;powspec=none;audspec=none;compJah=high_sil_isolated_checker;rastaFilter=none;backEnd=low_sil_doer_checker,True,True,True,266,,,,True
e2_var,chk50,c_pat,1.25,joint,TOTALCOST,319,period_ub=319,OPTIMAL,3473,319,17.899,SAT,3473,300.499,319,3473,9,frontEnd=high_sil_isolated_checker;rasta=none;powspec=none;audspec=none;compJah=high_sil_isolated_checker;rastaFilter=none;backEnd=low_sil_doer_checker,True,True,,319,,,,
e2_var,chk50,c_pat,1.25,PFmin,TOTALCOST,319,period_ub=319,UNSAT,,,4.113,UNSAT,,3.08,,,,frontEnd=two_of_two_high_sil;rasta=none;powspec=none;audspec=none;compJah=two_of_two_high_sil;rastaFilter=none;backEnd=low_sil_doer_checker,,,,,,,,True
e2_var,chk50,c_pat,1.25,PFmax,TOTALCOST,319,period_ub=319,UNSAT,,,4.006,UNSAT,,3.03,,,,frontEnd=two_of_two_high_sil;rasta=none;powspec=none;audspec=none;compJah=two_of_two_high_sil;rastaFilter=none;backEnd=low_sil_diverse_doer_checker,,,,,,,,True
e2_var,chk50,c_pat,1.25,PFlight,TOTALCOST,319,period_ub=319,OPTIMAL,3473,319,8.985,OPTIMAL,3473,122.866,319,3473,9,frontEnd=high_sil_isolated_checker;rasta=none;powspec=none;audspec=none;compJah=high_sil_isolated_checker;rastaFilter=none;backEnd=low_sil_doer_checker,True,True,True,319,,,,True
e2_var,chk50,c_pat,1.25,PFcheap,TOTALCOST,319,period_ub=319,OPTIMAL,3473,319,9.071,OPTIMAL,3473,205.262,319,3473,9,frontEnd=high_sil_isolated_checker;rasta=none;powspec=none;audspec=none;compJah=high_sil_isolated_checker;rastaFilter=none;backEnd=low_sil_doer_checker,True,True,True,319,,,,True
e2_var,chk50,c_pat,1.50,joint,TOTALCOST,383,period_ub=383,OPTIMAL,3473,323,24.52,SAT,3473,300.503,340,3473,9,frontEnd=high_sil_isolated_checker;rasta=none;powspec=none;audspec=none;compJah=two_of_two_high_sil;rastaFilter=none;backEnd=low_sil_doer_checker,True,True,,376,,,,
e2_var,chk50,c_pat,1.50,PFmin,TOTALCOST,383,period_ub=383,OPTIMAL,3473,340,11.021,OPTIMAL,3473,228.181,340,3473,9,frontEnd=two_of_two_high_sil;rasta=none;powspec=none;audspec=none;compJah=two_of_two_high_sil;rastaFilter=none;backEnd=low_sil_doer_checker,True,True,True,383,,,,True
e2_var,chk50,c_pat,1.50,PFmax,TOTALCOST,383,period_ub=383,OPTIMAL,3473,340,10.72,OPTIMAL,3473,204.399,340,3473,9,frontEnd=two_of_two_high_sil;rasta=none;powspec=none;audspec=none;compJah=two_of_two_high_sil;rastaFilter=none;backEnd=low_sil_diverse_doer_checker,True,True,True,383,,,,True
e2_var,chk50,c_pat,1.50,PFlight,TOTALCOST,383,period_ub=383,OPTIMAL,3473,323,11.115,OPTIMAL,3473,101.226,325,3473,9,frontEnd=high_sil_isolated_checker;rasta=none;powspec=none;audspec=none;compJah=high_sil_isolated_checker;rastaFilter=none;backEnd=low_sil_doer_checker,True,True,True,383,,,,True
e2_var,chk50,c_pat,1.50,PFcheap,TOTALCOST,383,period_ub=383,OPTIMAL,3473,323,11.129,OPTIMAL,3473,147.412,319,3473,9,frontEnd=high_sil_isolated_checker;rasta=none;powspec=none;audspec=none;compJah=high_sil_isolated_checker;rastaFilter=none;backEnd=low_sil_doer_checker,True,True,True,376,,,,True
e2_var,chk50,c_pat,2.00,joint,TOTALCOST,510,period_ub=510,OPTIMAL,3400,480,19.548,SAT,3400,300.481,480,3400,7,frontEnd=two_of_two_high_sil;rasta=none;powspec=none;audspec=none;compJah=high_sil_isolated_checker;rastaFilter=none;backEnd=low_sil_doer_checker,True,True,,510,,,,
e2_var,chk50,c_pat,2.00,PFmin,TOTALCOST,510,period_ub=510,OPTIMAL,3400,480,8.287,OPTIMAL,3400,10.24,480,3400,7,frontEnd=two_of_two_high_sil;rasta=none;powspec=none;audspec=none;compJah=two_of_two_high_sil;rastaFilter=none;backEnd=low_sil_doer_checker,True,True,True,510,,,,True
e2_var,chk50,c_pat,2.00,PFmax,TOTALCOST,510,period_ub=510,OPTIMAL,3425,480,10.456,OPTIMAL,3425,16.779,480,3425,7,frontEnd=two_of_two_high_sil;rasta=none;powspec=none;audspec=none;compJah=two_of_two_high_sil;rastaFilter=none;backEnd=low_sil_diverse_doer_checker,True,True,True,510,,,,True
e2_var,chk50,c_pat,2.00,PFlight,TOTALCOST,510,period_ub=510,OPTIMAL,3400,487,10.749,OPTIMAL,3400,166.555,453,3400,7,frontEnd=high_sil_isolated_checker;rasta=none;powspec=none;audspec=none;compJah=high_sil_isolated_checker;rastaFilter=none;backEnd=low_sil_doer_checker,True,True,True,510,,,,True
e2_var,chk50,c_pat,2.00,PFcheap,TOTALCOST,510,period_ub=510,OPTIMAL,3400,487,10.388,OPTIMAL,3400,104.249,487,3400,7,frontEnd=high_sil_isolated_checker;rasta=none;powspec=none;audspec=none;compJah=high_sil_isolated_checker;rastaFilter=none;backEnd=low_sil_doer_checker,True,True,True,510,,,,True
e2_var,chk50,pc_sobel,-,min_period,THROUGHPUT,100000,,OPTIMAL,384,384,2.757,OPTIMAL,384,2.624,384,4735,6,get_pixel=mixed_sil_doer_checker;gx=one_of_two_failover;gy=one_of_two_failover;abs=one_of_two_failover,True,,,384,,,,True
e2_var,chk50,pc_sobel,none,joint,TOTALCOST,100000,,OPTIMAL,1401,544,2.842,OPTIMAL,1401,2.889,544,1401,3,get_pixel=high_sil_isolated_checker;gx=none;gy=none;abs=none,True,True,,1213,,,,True
e2_var,chk50,pc_sobel,none,PFmin,TOTALCOST,100000,,OPTIMAL,1401,768,1.855,OPTIMAL,1401,1.739,768,1401,3,get_pixel=two_of_two_high_sil;gx=none;gy=none;abs=none,True,True,True,768,,,,True
e2_var,chk50,pc_sobel,none,PFmax,TOTALCOST,100000,,OPTIMAL,1401,768,1.932,OPTIMAL,1401,1.733,768,1401,3,get_pixel=two_of_two_high_sil;gx=none;gy=none;abs=none,True,True,True,768,,,,True
e2_var,chk50,pc_sobel,none,PFlight,TOTALCOST,100000,,OPTIMAL,1401,576,1.861,OPTIMAL,1401,1.764,544,1401,3,get_pixel=high_sil_isolated_checker;gx=none;gy=none;abs=none,True,True,True,544,,,,True
e2_var,chk50,pc_sobel,none,PFcheap,TOTALCOST,100000,,OPTIMAL,1401,576,1.939,OPTIMAL,1401,1.797,544,1401,3,get_pixel=high_sil_isolated_checker;gx=none;gy=none;abs=none,True,True,True,544,,,,True
e2_var,chk50,pc_sobel,1.00,joint,TOTALCOST,384,period_ub=384,OPTIMAL,1409,384,2.37,OPTIMAL,1409,2.68,384,1409,3,get_pixel=high_sil_isolated_checker;gx=none;gy=none;abs=none,True,True,,384,,,,True
e2_var,chk50,pc_sobel,1.00,PFmin,TOTALCOST,384,period_ub=384,UNSAT,,,1.036,UNSAT,,1.059,,,,get_pixel=two_of_two_high_sil;gx=none;gy=none;abs=none,,,,,,,,True
e2_var,chk50,pc_sobel,1.00,PFmax,TOTALCOST,384,period_ub=384,UNSAT,,,1.115,UNSAT,,1.069,,,,get_pixel=two_of_two_high_sil;gx=none;gy=none;abs=none,,,,,,,,True
e2_var,chk50,pc_sobel,1.00,PFlight,TOTALCOST,384,period_ub=384,OPTIMAL,1409,384,1.796,OPTIMAL,1409,1.758,384,1409,3,get_pixel=high_sil_isolated_checker;gx=none;gy=none;abs=none,True,True,True,384,,,,True
e2_var,chk50,pc_sobel,1.00,PFcheap,TOTALCOST,384,period_ub=384,OPTIMAL,1409,384,1.957,OPTIMAL,1409,1.772,384,1409,3,get_pixel=high_sil_isolated_checker;gx=none;gy=none;abs=none,True,True,True,384,,,,True
e2_var,chk50,pc_sobel,1.10,joint,TOTALCOST,423,period_ub=423,OPTIMAL,1405,416,2.785,OPTIMAL,1405,2.956,416,1405,3,get_pixel=high_sil_isolated_checker;gx=none;gy=none;abs=none,True,True,,416,,,,True
e2_var,chk50,pc_sobel,1.10,PFmin,TOTALCOST,423,period_ub=423,UNSAT,,,1.131,UNSAT,,1.071,,,,get_pixel=two_of_two_high_sil;gx=none;gy=none;abs=none,,,,,,,,True
e2_var,chk50,pc_sobel,1.10,PFmax,TOTALCOST,423,period_ub=423,UNSAT,,,1.048,UNSAT,,1.052,,,,get_pixel=two_of_two_high_sil;gx=none;gy=none;abs=none,,,,,,,,True
e2_var,chk50,pc_sobel,1.10,PFlight,TOTALCOST,423,period_ub=423,OPTIMAL,1405,416,2.053,OPTIMAL,1405,2.028,416,1405,3,get_pixel=high_sil_isolated_checker;gx=none;gy=none;abs=none,True,True,True,416,,,,True
e2_var,chk50,pc_sobel,1.10,PFcheap,TOTALCOST,423,period_ub=423,OPTIMAL,1405,416,1.986,OPTIMAL,1405,2.028,416,1405,3,get_pixel=high_sil_isolated_checker;gx=none;gy=none;abs=none,True,True,True,416,,,,True
e2_var,chk50,pc_sobel,1.25,joint,TOTALCOST,480,period_ub=480,OPTIMAL,1403,480,2.734,OPTIMAL,1403,2.739,480,1403,3,get_pixel=high_sil_isolated_checker;gx=none;gy=none;abs=none,True,True,,480,,,,True
e2_var,chk50,pc_sobel,1.25,PFmin,TOTALCOST,480,period_ub=480,UNSAT,,,1.109,UNSAT,,1.06,,,,get_pixel=two_of_two_high_sil;gx=none;gy=none;abs=none,,,,,,,,True
e2_var,chk50,pc_sobel,1.25,PFmax,TOTALCOST,480,period_ub=480,UNSAT,,,1.044,UNSAT,,1.049,,,,get_pixel=two_of_two_high_sil;gx=none;gy=none;abs=none,,,,,,,,True
e2_var,chk50,pc_sobel,1.25,PFlight,TOTALCOST,480,period_ub=480,OPTIMAL,1403,480,2.061,OPTIMAL,1403,2.097,480,1403,3,get_pixel=high_sil_isolated_checker;gx=none;gy=none;abs=none,True,True,True,480,,,,True
e2_var,chk50,pc_sobel,1.25,PFcheap,TOTALCOST,480,period_ub=480,OPTIMAL,1403,480,2.127,OPTIMAL,1403,2.083,480,1403,3,get_pixel=high_sil_isolated_checker;gx=none;gy=none;abs=none,True,True,True,480,,,,True
e2_var,chk50,pc_sobel,1.50,joint,TOTALCOST,576,period_ub=576,OPTIMAL,1401,576,3.169,OPTIMAL,1401,3.163,544,1401,3,get_pixel=high_sil_isolated_checker;gx=none;gy=none;abs=none,True,True,,544,,,,True
e2_var,chk50,pc_sobel,1.50,PFmin,TOTALCOST,576,period_ub=576,OPTIMAL,1407,576,1.995,OPTIMAL,1407,1.77,576,1407,3,get_pixel=two_of_two_high_sil;gx=none;gy=none;abs=none,True,True,True,576,,,,True
e2_var,chk50,pc_sobel,1.50,PFmax,TOTALCOST,576,period_ub=576,OPTIMAL,1407,576,1.937,OPTIMAL,1407,1.746,576,1407,3,get_pixel=two_of_two_high_sil;gx=none;gy=none;abs=none,True,True,True,576,,,,True
e2_var,chk50,pc_sobel,1.50,PFlight,TOTALCOST,576,period_ub=576,OPTIMAL,1401,544,2.055,OPTIMAL,1401,2.078,576,1401,3,get_pixel=high_sil_isolated_checker;gx=none;gy=none;abs=none,True,True,True,576,,,,True
e2_var,chk50,pc_sobel,1.50,PFcheap,TOTALCOST,576,period_ub=576,OPTIMAL,1401,576,2.085,OPTIMAL,1401,2.072,544,1401,3,get_pixel=high_sil_isolated_checker;gx=none;gy=none;abs=none,True,True,True,544,,,,True
e2_var,chk50,pc_sobel,2.00,joint,TOTALCOST,768,period_ub=768,OPTIMAL,1401,576,3.167,OPTIMAL,1401,3.069,544,1401,3,get_pixel=high_sil_isolated_checker;gx=none;gy=none;abs=none,True,True,,544,,,,True
e2_var,chk50,pc_sobel,2.00,PFmin,TOTALCOST,768,period_ub=768,OPTIMAL,1401,768,1.953,OPTIMAL,1401,1.939,768,1401,3,get_pixel=two_of_two_high_sil;gx=none;gy=none;abs=none,True,True,True,768,,,,True
e2_var,chk50,pc_sobel,2.00,PFmax,TOTALCOST,768,period_ub=768,OPTIMAL,1401,768,2.011,OPTIMAL,1401,1.77,768,1401,3,get_pixel=two_of_two_high_sil;gx=none;gy=none;abs=none,True,True,True,768,,,,True
e2_var,chk50,pc_sobel,2.00,PFlight,TOTALCOST,768,period_ub=768,OPTIMAL,1401,544,2.054,OPTIMAL,1401,2.013,544,1401,3,get_pixel=high_sil_isolated_checker;gx=none;gy=none;abs=none,True,True,True,576,,,,True
e2_var,chk50,pc_sobel,2.00,PFcheap,TOTALCOST,768,period_ub=768,OPTIMAL,1401,544,2.041,OPTIMAL,1401,2.064,544,1401,3,get_pixel=high_sil_isolated_checker;gx=none;gy=none;abs=none,True,True,True,576,,,,True
e2_var,chk50,v_nvp,-,min_period,THROUGHPUT,,,OPTIMAL,235,235,5.603,OPTIMAL,235,7.349,235,8671,13,frontEnd=nvp_three_version;rasta=none;powspec=none;audspec=low_sil_diverse_doer_checker;compJah=nvp_three_version;rastaFilter=none;backEnd=low_sil_diverse_doer_checker,True,,,235,,,,True
e2_var,chk50,v_nvp,none,joint,TOTALCOST,,,OPTIMAL,5680,1185,4.962,OPTIMAL,5680,4.618,1185,5680,6,frontEnd=nvp_three_version;rasta=none;powspec=none;audspec=none;compJah=nvp_three_version;rastaFilter=none;backEnd=low_sil_diverse_doer_checker,True,True,,3327,,,,True
e2_var,chk50,v_nvp,none,PFmin,TOTALCOST,,,OPTIMAL,5680,1185,3.846,OPTIMAL,5680,3.596,1180,5680,6,frontEnd=nvp_three_version;rasta=none;powspec=none;audspec=none;compJah=nvp_three_version;rastaFilter=none;backEnd=low_sil_diverse_doer_checker,True,True,True,3327,,,,True
e2_var,chk50,v_nvp,none,PFmax,TOTALCOST,,,OPTIMAL,5680,1185,3.658,OPTIMAL,5680,3.645,1185,5680,6,frontEnd=nvp_three_version;rasta=none;powspec=none;audspec=none;compJah=nvp_three_version;rastaFilter=none;backEnd=low_sil_diverse_doer_checker,True,True,True,3327,,,,True
e2_var,chk50,v_nvp,none,PFlight,TOTALCOST,,,OPTIMAL,5680,1185,3.639,OPTIMAL,5680,3.659,1172,5680,6,frontEnd=nvp_three_version;rasta=none;powspec=none;audspec=none;compJah=nvp_three_version;rastaFilter=none;backEnd=low_sil_diverse_doer_checker,True,True,True,3327,,,,True
e2_var,chk50,v_nvp,none,PFcheap,TOTALCOST,,,OPTIMAL,5680,1180,3.581,OPTIMAL,5680,3.644,1180,5680,6,frontEnd=nvp_three_version;rasta=none;powspec=none;audspec=none;compJah=nvp_three_version;rastaFilter=none;backEnd=low_sil_diverse_doer_checker,True,True,True,3327,,,,True
e2_var,chk50,v_nvp,1.00,joint,TOTALCOST,235,period_ub=235,OPTIMAL,5995,235,17.323,OPTIMAL,5995,4.443,235,5995,12,frontEnd=nvp_three_version;rasta=none;powspec=none;audspec=none;compJah=nvp_three_version;rastaFilter=none;backEnd=low_sil_diverse_doer_checker,True,True,,235,,,,True
e2_var,chk50,v_nvp,1.00,PFmin,TOTALCOST,235,period_ub=235,OPTIMAL,5995,235,12.428,OPTIMAL,5995,3.034,235,5995,12,frontEnd=nvp_three_version;rasta=none;powspec=none;audspec=none;compJah=nvp_three_version;rastaFilter=none;backEnd=low_sil_diverse_doer_checker,True,True,True,235,,,,True
e2_var,chk50,v_nvp,1.00,PFmax,TOTALCOST,235,period_ub=235,OPTIMAL,5995,235,12.697,OPTIMAL,5995,3.077,235,5995,12,frontEnd=nvp_three_version;rasta=none;powspec=none;audspec=none;compJah=nvp_three_version;rastaFilter=none;backEnd=low_sil_diverse_doer_checker,True,True,True,235,,,,True
e2_var,chk50,v_nvp,1.00,PFlight,TOTALCOST,235,period_ub=235,OPTIMAL,5995,235,12.487,OPTIMAL,5995,3.122,235,5995,12,frontEnd=nvp_three_version;rasta=none;powspec=none;audspec=none;compJah=nvp_three_version;rastaFilter=none;backEnd=low_sil_diverse_doer_checker,True,True,True,235,,,,True
e2_var,chk50,v_nvp,1.00,PFcheap,TOTALCOST,235,period_ub=235,OPTIMAL,5995,235,12.689,OPTIMAL,5995,3.037,235,5995,12,frontEnd=nvp_three_version;rasta=none;powspec=none;audspec=none;compJah=nvp_three_version;rastaFilter=none;backEnd=low_sil_diverse_doer_checker,True,True,True,235,,,,True
e2_var,chk50,v_nvp,1.10,joint,TOTALCOST,259,period_ub=259,OPTIMAL,5992,239,4.559,OPTIMAL,5992,4.374,254,5992,12,frontEnd=nvp_three_version;rasta=none;powspec=none;audspec=none;compJah=nvp_three_version;rastaFilter=none;backEnd=low_sil_diverse_doer_checker,True,True,,259,,,,True
e2_var,chk50,v_nvp,1.10,PFmin,TOTALCOST,259,period_ub=259,OPTIMAL,5992,254,3.478,OPTIMAL,5992,3.582,239,5992,12,frontEnd=nvp_three_version;rasta=none;powspec=none;audspec=none;compJah=nvp_three_version;rastaFilter=none;backEnd=low_sil_diverse_doer_checker,True,True,True,259,,,,True
e2_var,chk50,v_nvp,1.10,PFmax,TOTALCOST,259,period_ub=259,OPTIMAL,5992,254,3.432,OPTIMAL,5992,3.579,254,5992,12,frontEnd=nvp_three_version;rasta=none;powspec=none;audspec=none;compJah=nvp_three_version;rastaFilter=none;backEnd=low_sil_diverse_doer_checker,True,True,True,259,,,,True
e2_var,chk50,v_nvp,1.10,PFlight,TOTALCOST,259,period_ub=259,OPTIMAL,5992,254,3.381,OPTIMAL,5992,3.673,239,5992,12,frontEnd=nvp_three_version;rasta=none;powspec=none;audspec=none;compJah=nvp_three_version;rastaFilter=none;backEnd=low_sil_diverse_doer_checker,True,True,True,259,,,,True
e2_var,chk50,v_nvp,1.10,PFcheap,TOTALCOST,259,period_ub=259,OPTIMAL,5992,254,3.368,OPTIMAL,5992,3.608,254,5992,12,frontEnd=nvp_three_version;rasta=none;powspec=none;audspec=none;compJah=nvp_three_version;rastaFilter=none;backEnd=low_sil_diverse_doer_checker,True,True,True,259,,,,True
e2_var,chk50,v_nvp,1.25,joint,TOTALCOST,294,period_ub=294,OPTIMAL,5984,266,7.127,OPTIMAL,5984,8.645,266,5984,11,frontEnd=nvp_three_version;rasta=none;powspec=none;audspec=none;compJah=nvp_three_version;rastaFilter=none;backEnd=low_sil_diverse_doer_checker,True,True,,294,,,,True
e2_var,chk50,v_nvp,1.25,PFmin,TOTALCOST,294,period_ub=294,OPTIMAL,5984,266,5.211,OPTIMAL,5984,8.779,279,5984,11,frontEnd=nvp_three_version;rasta=none;powspec=none;audspec=none;compJah=nvp_three_version;rastaFilter=none;backEnd=low_sil_diverse_doer_checker,True,True,True,294,,,,True
e2_var,chk50,v_nvp,1.25,PFmax,TOTALCOST,294,period_ub=294,OPTIMAL,5984,266,5.797,OPTIMAL,5984,8.543,279,5984,11,frontEnd=nvp_three_version;rasta=none;powspec=none;audspec=none;compJah=nvp_three_version;rastaFilter=none;backEnd=low_sil_diverse_doer_checker,True,True,True,294,,,,True
e2_var,chk50,v_nvp,1.25,PFlight,TOTALCOST,294,period_ub=294,OPTIMAL,5984,266,5.395,OPTIMAL,5984,7.827,276,5984,11,frontEnd=nvp_three_version;rasta=none;powspec=none;audspec=none;compJah=nvp_three_version;rastaFilter=none;backEnd=low_sil_diverse_doer_checker,True,True,True,294,,,,True
e2_var,chk50,v_nvp,1.25,PFcheap,TOTALCOST,294,period_ub=294,OPTIMAL,5984,266,4.94,OPTIMAL,5984,7.631,279,5984,11,frontEnd=nvp_three_version;rasta=none;powspec=none;audspec=none;compJah=nvp_three_version;rastaFilter=none;backEnd=low_sil_diverse_doer_checker,True,True,True,294,,,,True
e2_var,chk50,v_nvp,1.50,joint,TOTALCOST,353,period_ub=353,OPTIMAL,5952,319,8.473,OPTIMAL,5952,8.913,319,5952,11,frontEnd=nvp_three_version;rasta=none;powspec=none;audspec=none;compJah=nvp_three_version;rastaFilter=none;backEnd=low_sil_diverse_doer_checker,True,True,,353,,,,True
e2_var,chk50,v_nvp,1.50,PFmin,TOTALCOST,353,period_ub=353,OPTIMAL,5952,319,5.891,OPTIMAL,5952,6.686,319,5952,11,frontEnd=nvp_three_version;rasta=none;powspec=none;audspec=none;compJah=nvp_three_version;rastaFilter=none;backEnd=low_sil_diverse_doer_checker,True,True,True,353,,,,True
e2_var,chk50,v_nvp,1.50,PFmax,TOTALCOST,353,period_ub=353,OPTIMAL,5952,319,5.92,OPTIMAL,5952,6.337,319,5952,11,frontEnd=nvp_three_version;rasta=none;powspec=none;audspec=none;compJah=nvp_three_version;rastaFilter=none;backEnd=low_sil_diverse_doer_checker,True,True,True,353,,,,True
e2_var,chk50,v_nvp,1.50,PFlight,TOTALCOST,353,period_ub=353,OPTIMAL,5952,319,5.816,OPTIMAL,5952,7.575,319,5952,11,frontEnd=nvp_three_version;rasta=none;powspec=none;audspec=none;compJah=nvp_three_version;rastaFilter=none;backEnd=low_sil_diverse_doer_checker,True,True,True,353,,,,True
e2_var,chk50,v_nvp,1.50,PFcheap,TOTALCOST,353,period_ub=353,OPTIMAL,5952,319,5.781,OPTIMAL,5952,7.637,319,5952,11,frontEnd=nvp_three_version;rasta=none;powspec=none;audspec=none;compJah=nvp_three_version;rastaFilter=none;backEnd=low_sil_diverse_doer_checker,True,True,True,353,,,,True
e2_var,chk50,v_nvp,2.00,joint,TOTALCOST,470,period_ub=470,OPTIMAL,5944,449,10.809,OPTIMAL,5944,18.554,449,5944,10,frontEnd=nvp_three_version;rasta=none;powspec=none;audspec=none;compJah=nvp_three_version;rastaFilter=none;backEnd=low_sil_diverse_doer_checker,True,True,,470,,,,True
e2_var,chk50,v_nvp,2.00,PFmin,TOTALCOST,470,period_ub=470,OPTIMAL,5944,449,10.147,OPTIMAL,5944,11.232,449,5944,10,frontEnd=nvp_three_version;rasta=none;powspec=none;audspec=none;compJah=nvp_three_version;rastaFilter=none;backEnd=low_sil_diverse_doer_checker,True,True,True,470,,,,True
e2_var,chk50,v_nvp,2.00,PFmax,TOTALCOST,470,period_ub=470,OPTIMAL,5944,449,9.894,OPTIMAL,5944,9.967,449,5944,10,frontEnd=nvp_three_version;rasta=none;powspec=none;audspec=none;compJah=nvp_three_version;rastaFilter=none;backEnd=low_sil_diverse_doer_checker,True,True,True,470,,,,True
e2_var,chk50,v_nvp,2.00,PFlight,TOTALCOST,470,period_ub=470,OPTIMAL,5944,449,8.89,OPTIMAL,5944,9.822,449,5944,10,frontEnd=nvp_three_version;rasta=none;powspec=none;audspec=none;compJah=nvp_three_version;rastaFilter=none;backEnd=low_sil_diverse_doer_checker,True,True,True,470,,,,True
e2_var,chk50,v_nvp,2.00,PFcheap,TOTALCOST,470,period_ub=470,OPTIMAL,5944,449,9.788,OPTIMAL,5944,10.055,449,5944,10,frontEnd=nvp_three_version;rasta=none;powspec=none;audspec=none;compJah=nvp_three_version;rastaFilter=none;backEnd=low_sil_diverse_doer_checker,True,True,True,470,,,,True
e2_joint,base,p_rasta,none,SL,TOTALCOST,,,OPTIMAL,3330,1012,5.792,OPTIMAL,3330,5.845,1012,3330,2,frontEnd=high_sil_isolated_checker;rasta=none;powspec=none;audspec=none;compJah=high_sil_isolated_checker;rastaFilter=none;backEnd=low_sil_doer_checker,True,True,True,4655,OPTIMAL,1888,1888,True
e2_joint,base,f_random_hw,none,SL,TOTALCOST,,,OPTIMAL,3349,1221,6.582,OPTIMAL,3349,7.294,1079,3349,5,frontEnd=two_of_two_high_sil;rasta=none;powspec=none;audspec=none;compJah=two_of_two_high_sil;rastaFilter=none;backEnd=low_sil_doer_checker,True,True,True,4655,OPTIMAL,1914,1914,True
e2_joint,base,d_random_hw,none,SL,TOTALCOST,,,OPTIMAL,1857,1833,5.503,OPTIMAL,1857,5.299,1620,1857,3,frontEnd=low_sil_doer_checker;rasta=none;powspec=none;audspec=none;compJah=low_sil_doer_checker;rastaFilter=none;backEnd=low_sil_doer_checker,True,True,True,3012,OPTIMAL,1168,1168,True
e2_joint,base,f_sw3,none,SL,TOTALCOST,,,OPTIMAL,3365,1079,4.421,OPTIMAL,3365,4.257,1079,3365,4,frontEnd=two_of_two_high_sil;rasta=none;powspec=none;audspec=none;compJah=two_of_two_high_sil;rastaFilter=none;backEnd=same_cpu_doer_checker,True,True,True,2750,OPTIMAL,1914,1914,True
e2_joint,base,f_both3,none,SL,TOTALCOST,,,OPTIMAL,3406,1360,4.438,OPTIMAL,3406,4.361,1130,3406,5,frontEnd=two_of_two_high_sil;rasta=none;powspec=none;audspec=none;compJah=two_of_two_high_sil;rastaFilter=none;backEnd=low_sil_diverse_doer_checker,True,True,True,2750,OPTIMAL,1914,1914,True
e2_joint,base,c_pat,none,SL,TOTALCOST,,,OPTIMAL,3349,1180,12.646,OPTIMAL,3349,12.361,1244,3349,5,frontEnd=high_sil_isolated_checker;rasta=none;powspec=none;audspec=none;compJah=two_of_two_high_sil;rastaFilter=none;backEnd=low_sil_doer_checker,True,True,True,1792,OPTIMAL,1914,1914,True
e2_joint,base,pc_sobel,none,SL,TOTALCOST,100000,,OPTIMAL,1401,768,5.681,OPTIMAL,1401,4.572,499,1401,3,get_pixel=high_sil_isolated_checker;gx=none;gy=none;abs=none,True,True,True,499,OPTIMAL,873,873,True
e2_joint,base,v_nvp,none,SL,TOTALCOST,,,OPTIMAL,5680,1185,5.104,OPTIMAL,5680,4.4,1180,5680,6,frontEnd=nvp_three_version;rasta=none;powspec=none;audspec=none;compJah=nvp_three_version;rastaFilter=none;backEnd=low_sil_diverse_doer_checker,True,True,True,3099,OPTIMAL,1914,1914,True
e2_joint,base,d_systematic_sw,none,SL,TOTALCOST,,,OPTIMAL,1846,1833,3.411,OPTIMAL,1846,3.455,1766,1846,2,frontEnd=same_cpu_doer_checker;rasta=none;powspec=none;audspec=none;compJah=same_cpu_doer_checker;rastaFilter=none;backEnd=same_cpu_doer_checker,True,True,True,2103,OPTIMAL,1168,1168,True
e2_tight,base,p_rasta,1.00,SL,TOTALCOST,235,period_ub=235,OPTIMAL,3636,235,4.57,OPTIMAL,3636,5.359,235,3636,10,frontEnd=high_sil_isolated_checker;rasta=none;powspec=none;audspec=none;compJah=high_sil_isolated_checker;rastaFilter=none;backEnd=low_sil_doer_checker,True,True,True,235,OPTIMAL,2133,2133,True
e2_tight,base,p_rasta,1.10,SL,TOTALCOST,259,period_ub=259,OPTIMAL,3636,235,5.042,OPTIMAL,3636,5.507,235,3636,10,frontEnd=high_sil_isolated_checker;rasta=none;powspec=none;audspec=none;compJah=high_sil_isolated_checker;rastaFilter=none;backEnd=low_sil_doer_checker,True,True,True,259,OPTIMAL,2133,2133,True
e2_tight,base,p_rasta,1.25,SL,TOTALCOST,294,period_ub=294,OPTIMAL,3491,282,5.886,OPTIMAL,3491,12.722,282,3491,9,frontEnd=two_of_two_high_sil;rasta=none;powspec=none;audspec=none;compJah=high_sil_isolated_checker;rastaFilter=none;backEnd=low_sil_doer_checker,True,True,True,294,OPTIMAL,1991,1991,True
e2_tight,base,f_random_hw,1.00,SL,TOTALCOST,235,period_ub=235,OPTIMAL,3636,235,4.534,OPTIMAL,3636,4.905,235,3636,10,frontEnd=high_sil_isolated_checker;rasta=none;powspec=none;audspec=none;compJah=high_sil_isolated_checker;rastaFilter=none;backEnd=low_sil_doer_checker,True,True,True,235,OPTIMAL,2133,2133,True
e2_tight,base,f_random_hw,1.10,SL,TOTALCOST,259,period_ub=259,OPTIMAL,3636,235,4.691,OPTIMAL,3636,5.508,235,3636,10,frontEnd=high_sil_isolated_checker;rasta=none;powspec=none;audspec=none;compJah=high_sil_isolated_checker;rastaFilter=none;backEnd=low_sil_doer_checker,True,True,True,259,OPTIMAL,2133,2133,True
e2_tight,base,f_random_hw,1.25,SL,TOTALCOST,294,period_ub=294,OPTIMAL,3484,282,5.853,OPTIMAL,3484,5.557,282,3484,10,frontEnd=high_sil_isolated_checker;rasta=none;powspec=none;audspec=none;compJah=high_sil_isolated_checker;rastaFilter=none;backEnd=low_sil_doer_checker,True,True,True,294,OPTIMAL,2009,2009,True
e2_tight,base,d_random_hw,1.00,SL,TOTALCOST,235,period_ub=235,UNSAT,,,3.416,UNSAT,,3.161,,,,,,,,,OPTIMAL,1391,1391,True
e2_tight,base,d_random_hw,1.10,SL,TOTALCOST,259,period_ub=259,OPTIMAL,2134,255,4.045,OPTIMAL,2134,4.241,255,2134,10,frontEnd=low_sil_doer_checker;rasta=none;powspec=none;audspec=none;compJah=low_sil_doer_checker;rastaFilter=none;backEnd=low_sil_doer_checker,True,True,True,259,OPTIMAL,1391,1391,True
e2_tight,base,d_random_hw,1.25,SL,TOTALCOST,294,period_ub=294,OPTIMAL,1972,293,4.292,OPTIMAL,1972,4.896,293,1972,10,frontEnd=low_sil_doer_checker;rasta=none;powspec=none;audspec=none;compJah=low_sil_diverse_doer_checker;rastaFilter=none;backEnd=low_sil_diverse_doer_checker,True,True,True,294,OPTIMAL,1239,1239,True
e2_tight,base,f_sw3,1.00,SL,TOTALCOST,235,period_ub=235,OPTIMAL,4670,235,3.86,OPTIMAL,4670,3.717,235,4670,9,frontEnd=mixed_sil_doer_checker;rasta=none;powspec=none;audspec=none;compJah=mixed_sil_doer_checker;rastaFilter=none;backEnd=same_cpu_doer_checker,True,True,True,235,OPTIMAL,2133,2133,True
e2_tight,base,f_sw3,1.10,SL,TOTALCOST,259,period_ub=259,OPTIMAL,4670,235,3.959,OPTIMAL,4670,3.861,235,4670,9,frontEnd=mixed_sil_doer_checker;rasta=none;powspec=none;audspec=none;compJah=mixed_sil_doer_checker;rastaFilter=none;backEnd=same_cpu_doer_checker,True,True,True,259,OPTIMAL,2133,2133,True
e2_tight,base,f_sw3,1.25,SL,TOTALCOST,294,period_ub=294,OPTIMAL,4543,282,4.328,OPTIMAL,4543,4.201,282,4543,9,frontEnd=mixed_sil_doer_checker;rasta=none;powspec=none;audspec=none;compJah=mixed_sil_doer_checker;rastaFilter=none;backEnd=same_cpu_doer_checker,True,True,True,294,OPTIMAL,2009,2009,True
e2_tight,base,f_both3,1.00,SL,TOTALCOST,235,period_ub=235,OPTIMAL,4711,235,3.766,OPTIMAL,4711,3.585,235,4711,10,frontEnd=mixed_sil_doer_checker;rasta=none;powspec=none;audspec=none;compJah=mixed_sil_doer_checker;rastaFilter=none;backEnd=low_sil_diverse_doer_checker,True,True,True,235,OPTIMAL,2133,2133,True
e2_tight,base,f_both3,1.10,SL,TOTALCOST,259,period_ub=259,OPTIMAL,4708,253,3.982,OPTIMAL,4708,3.708,253,4708,10,frontEnd=mixed_sil_doer_checker;rasta=none;powspec=none;audspec=none;compJah=mixed_sil_doer_checker;rastaFilter=none;backEnd=low_sil_diverse_doer_checker,True,True,True,259,OPTIMAL,2133,2133,True
e2_tight,base,f_both3,1.25,SL,TOTALCOST,294,period_ub=294,OPTIMAL,4704,282,4.275,OPTIMAL,4704,4.141,282,4704,10,frontEnd=mixed_sil_doer_checker;rasta=none;powspec=none;audspec=none;compJah=mixed_sil_doer_checker;rastaFilter=none;backEnd=low_sil_diverse_doer_checker,True,True,True,294,OPTIMAL,2009,2009,True
e2_tight,base,c_pat,1.00,SL,TOTALCOST,235,period_ub=235,OPTIMAL,3636,235,9.742,OPTIMAL,3636,9.821,235,3636,10,frontEnd=high_sil_isolated_checker;rasta=none;powspec=none;audspec=none;compJah=high_sil_isolated_checker;rastaFilter=none;backEnd=low_sil_doer_checker,True,True,True,235,OPTIMAL,2133,2133,True
e2_tight,base,c_pat,1.10,SL,TOTALCOST,259,period_ub=259,OPTIMAL,3636,249,11.432,OPTIMAL,3636,11.446,248,3636,10,frontEnd=high_sil_isolated_checker;rasta=none;powspec=none;audspec=none;compJah=high_sil_isolated_checker;rastaFilter=none;backEnd=low_sil_doer_checker,True,True,True,249,OPTIMAL,2133,2133,True
e2_tight,base,c_pat,1.25,SL,TOTALCOST,294,period_ub=294,OPTIMAL,3484,282,13.855,OPTIMAL,3484,13.909,282,3484,10,frontEnd=high_sil_isolated_checker;rasta=none;powspec=none;audspec=none;compJah=high_sil_isolated_checker;rastaFilter=none;backEnd=low_sil_doer_checker,True,True,True,294,OPTIMAL,2009,2009,True
e2_tight,base,pc_sobel,1.00,SL,TOTALCOST,333,period_ub=333,OPTIMAL,1411,333,4.657,OPTIMAL,1411,4.207,333,1411,3,get_pixel=high_sil_isolated_checker;gx=none;gy=none;abs=none,True,True,True,333,OPTIMAL,877,877,True
e2_tight,base,pc_sobel,1.10,SL,TOTALCOST,367,period_ub=367,OPTIMAL,1405,352,4.862,OPTIMAL,1405,4.477,352,1405,3,get_pixel=high_sil_isolated_checker;gx=none;gy=none;abs=none,True,True,True,367,OPTIMAL,875,875,True
e2_tight,base,pc_sobel,1.25,SL,TOTALCOST,417,period_ub=417,OPTIMAL,1403,416,4.749,OPTIMAL,1403,4.434,416,1403,3,get_pixel=high_sil_isolated_checker;gx=none;gy=none;abs=none,True,True,True,417,OPTIMAL,873,873,True
e2_tight,base,v_nvp,1.00,SL,TOTALCOST,235,period_ub=235,OPTIMAL,6155,235,12.592,OPTIMAL,6155,4.22,235,6155,13,frontEnd=nvp_three_version;rasta=none;powspec=none;audspec=none;compJah=nvp_three_version;rastaFilter=none;backEnd=low_sil_diverse_doer_checker,True,True,True,235,OPTIMAL,2133,2133,True
e2_tight,base,v_nvp,1.10,SL,TOTALCOST,259,period_ub=259,OPTIMAL,5992,254,5.304,OPTIMAL,5992,4.284,254,5992,12,frontEnd=nvp_three_version;rasta=none;powspec=none;audspec=none;compJah=nvp_three_version;rastaFilter=none;backEnd=low_sil_diverse_doer_checker,True,True,True,259,OPTIMAL,2133,2133,True
e2_tight,base,v_nvp,1.25,SL,TOTALCOST,294,period_ub=294,OPTIMAL,5988,282,10.478,OPTIMAL,5988,4.558,282,5988,12,frontEnd=nvp_three_version;rasta=none;powspec=none;audspec=none;compJah=nvp_three_version;rastaFilter=none;backEnd=low_sil_diverse_doer_checker,True,True,True,294,OPTIMAL,2009,2009,True
e2_tight,base,d_systematic_sw,1.00,SL,TOTALCOST,235,period_ub=235,UNSAT,,,3.234,UNSAT,,3.036,,,,,,,,,OPTIMAL,1391,1391,True
e2_tight,base,d_systematic_sw,1.10,SL,TOTALCOST,259,period_ub=259,OPTIMAL,2116,255,3.62,OPTIMAL,2116,3.189,255,2116,8,frontEnd=same_cpu_doer_checker;rasta=none;powspec=none;audspec=none;compJah=low_sil_diverse_doer_checker;rastaFilter=none;backEnd=same_cpu_doer_checker,True,True,True,259,OPTIMAL,1391,1391,True
e2_tight,base,d_systematic_sw,1.25,SL,TOTALCOST,294,period_ub=294,OPTIMAL,1920,293,3.558,OPTIMAL,1920,3.256,293,1920,7,frontEnd=same_cpu_doer_checker;rasta=none;powspec=none;audspec=none;compJah=same_cpu_doer_checker;rastaFilter=none;backEnd=same_cpu_doer_checker,True,True,True,294,OPTIMAL,1239,1239,True
e2_tight,base,p_rasta,1.50,SL,TOTALCOST,353,period_ub=353,OPTIMAL,3461,327,6.404,OPTIMAL,3461,7.963,327,3461,8,frontEnd=two_of_two_high_sil;rasta=none;powspec=none;audspec=none;compJah=high_sil_isolated_checker;rastaFilter=none;backEnd=low_sil_doer_checker,True,True,True,353,OPTIMAL,1973,1973,True
e2_tight,base,p_rasta,2.00,SL,TOTALCOST,470,period_ub=470,OPTIMAL,3400,449,7.384,OPTIMAL,3400,6.187,462,3400,7,frontEnd=high_sil_isolated_checker;rasta=none;powspec=none;audspec=none;compJah=high_sil_isolated_checker;rastaFilter=none;backEnd=low_sil_doer_checker,True,True,True,470,OPTIMAL,1965,1965,True
e2_tight,base,f_random_hw,1.50,SL,TOTALCOST,353,period_ub=353,OPTIMAL,3473,319,7.135,OPTIMAL,3473,7.347,319,3473,9,frontEnd=high_sil_isolated_checker;rasta=none;powspec=none;audspec=none;compJah=high_sil_isolated_checker;rastaFilter=none;backEnd=low_sil_doer_checker,True,True,True,353,OPTIMAL,1973,1973,True
e2_tight,base,f_random_hw,2.00,SL,TOTALCOST,470,period_ub=470,OPTIMAL,3400,449,6.293,OPTIMAL,3400,7.682,449,3400,7,frontEnd=high_sil_isolated_checker;rasta=none;powspec=none;audspec=none;compJah=high_sil_isolated_checker;rastaFilter=none;backEnd=low_sil_doer_checker,True,True,True,470,OPTIMAL,1965,1965,True
e2_tight,base,d_random_hw,1.50,SL,TOTALCOST,353,period_ub=353,OPTIMAL,1934,329,5.405,OPTIMAL,1934,5.344,329,1934,8,frontEnd=low_sil_doer_checker;rasta=none;powspec=none;audspec=none;compJah=low_sil_doer_checker;rastaFilter=none;backEnd=low_sil_doer_checker,True,True,True,353,OPTIMAL,1228,1228,True
e2_tight,base,d_random_hw,2.00,SL,TOTALCOST,470,period_ub=470,OPTIMAL,1912,465,5.927,OPTIMAL,1912,5.717,465,1912,6,frontEnd=low_sil_doer_checker;rasta=none;powspec=none;audspec=none;compJah=low_sil_doer_checker;rastaFilter=none;backEnd=low_sil_doer_checker,True,True,True,470,OPTIMAL,1220,1220,True
e2_tight,base,d_systematic_sw,1.50,SL,TOTALCOST,353,period_ub=353,OPTIMAL,1909,319,3.748,OPTIMAL,1909,3.432,319,1909,6,frontEnd=same_cpu_doer_checker;rasta=none;powspec=none;audspec=none;compJah=same_cpu_doer_checker;rastaFilter=none;backEnd=same_cpu_doer_checker,True,True,True,353,OPTIMAL,1228,1228,True
e2_tight,base,d_systematic_sw,2.00,SL,TOTALCOST,470,period_ub=470,OPTIMAL,1898,449,3.87,OPTIMAL,1898,3.496,449,1898,5,frontEnd=same_cpu_doer_checker;rasta=none;powspec=none;audspec=none;compJah=same_cpu_doer_checker;rastaFilter=none;backEnd=same_cpu_doer_checker,True,True,True,470,OPTIMAL,1220,1220,True
e2_tight,base,f_sw3,1.50,SL,TOTALCOST,353,period_ub=353,OPTIMAL,3988,319,4.542,OPTIMAL,3988,4.387,319,3988,8,frontEnd=two_of_two_high_sil;rasta=none;powspec=none;audspec=none;compJah=mixed_sil_doer_checker;rastaFilter=none;backEnd=same_cpu_doer_checker,True,True,True,353,OPTIMAL,1973,1973,True
e2_tight,base,f_sw3,2.00,SL,TOTALCOST,470,period_ub=470,OPTIMAL,3461,449,4.831,OPTIMAL,3461,4.503,449,3461,7,frontEnd=two_of_two_high_sil;rasta=none;powspec=none;audspec=none;compJah=two_of_two_high_sil;rastaFilter=none;backEnd=same_cpu_doer_checker,True,True,True,470,OPTIMAL,1965,1965,True
e2_tight,base,f_both3,1.50,SL,TOTALCOST,353,period_ub=353,OPTIMAL,4149,319,4.374,OPTIMAL,4149,4.321,345,4149,9,frontEnd=two_of_two_high_sil;rasta=none;powspec=none;audspec=none;compJah=mixed_sil_doer_checker;rastaFilter=none;backEnd=low_sil_diverse_doer_checker,True,True,True,353,OPTIMAL,1973,1973,True
e2_tight,base,f_both3,2.00,SL,TOTALCOST,470,period_ub=470,OPTIMAL,3622,449,4.616,OPTIMAL,3622,4.463,449,3622,8,frontEnd=two_of_two_high_sil;rasta=none;powspec=none;audspec=none;compJah=two_of_two_high_sil;rastaFilter=none;backEnd=low_sil_diverse_doer_checker,True,True,True,470,OPTIMAL,1965,1965,True
e2_tight,base,c_pat,1.50,SL,TOTALCOST,353,period_ub=353,OPTIMAL,3473,340,11.703,OPTIMAL,3473,12.954,319,3473,9,frontEnd=two_of_two_high_sil;rasta=none;powspec=none;audspec=none;compJah=high_sil_isolated_checker;rastaFilter=none;backEnd=low_sil_doer_checker,True,True,True,353,OPTIMAL,1973,1973,True
e2_tight,base,c_pat,2.00,SL,TOTALCOST,470,period_ub=470,OPTIMAL,3400,456,12.118,OPTIMAL,3400,13.259,456,3400,7,frontEnd=high_sil_isolated_checker;rasta=none;powspec=none;audspec=none;compJah=high_sil_isolated_checker;rastaFilter=none;backEnd=low_sil_doer_checker,True,True,True,470,OPTIMAL,1965,1965,True
e2_tight,base,pc_sobel,1.50,SL,TOTALCOST,500,period_ub=500,OPTIMAL,1401,480,4.618,OPTIMAL,1401,4.267,499,1401,3,get_pixel=high_sil_isolated_checker;gx=none;gy=none;abs=none,True,True,True,499,OPTIMAL,873,873,True
e2_tight,base,pc_sobel,2.00,SL,TOTALCOST,666,period_ub=666,OPTIMAL,1401,499,4.868,OPTIMAL,1401,4.507,480,1401,3,get_pixel=high_sil_isolated_checker;gx=none;gy=none;abs=none,True,True,True,666,OPTIMAL,873,873,True
e2_tight,base,v_nvp,1.50,SL,TOTALCOST,353,period_ub=353,OPTIMAL,5952,319,4.843,OPTIMAL,5952,4.74,319,5952,11,frontEnd=nvp_three_version;rasta=none;powspec=none;audspec=none;compJah=nvp_three_version;rastaFilter=none;backEnd=low_sil_diverse_doer_checker,True,True,True,353,OPTIMAL,1973,1973,True
e2_tight,base,v_nvp,2.00,SL,TOTALCOST,470,period_ub=470,OPTIMAL,5944,449,5.152,OPTIMAL,5944,4.976,449,5944,10,frontEnd=nvp_three_version;rasta=none;powspec=none;audspec=none;compJah=nvp_three_version;rastaFilter=none;backEnd=low_sil_diverse_doer_checker,True,True,True,470,OPTIMAL,1965,1965,True
e2_thr,base,p_rasta,none,SL,THROUGHPUT,,,OPTIMAL,235,235,8.464,OPTIMAL,235,8.409,235,6442,13,frontEnd=high_sil_isolated_checker;rasta=low_sil_doer_checker;powspec=one_of_two_failover;audspec=low_sil_doer_checker;compJah=high_sil_isolated_checker;rastaFilter=one_of_two_failover;backEnd=low_sil_doer_checker,True,,True,235,OPTIMAL,2133,2133,True
e2_thr,tok2,p_rasta,none,SL,THROUGHPUT,,,OPTIMAL,235,235,9.775,OPTIMAL,235,8.335,235,7305,12,frontEnd=two_of_two_high_sil;rasta=low_sil_doer_checker;powspec=low_sil_doer_checker;audspec=low_sil_doer_checker;compJah=two_of_two_high_sil;rastaFilter=one_of_two_failover;backEnd=low_sil_doer_checker,True,,True,235,OPTIMAL,2133,2133,True
e2_thr,base,f_random_hw,none,SL,THROUGHPUT,,,OPTIMAL,235,235,9.024,OPTIMAL,235,8.826,235,5527,12,frontEnd=high_sil_isolated_checker;rasta=low_sil_doer_checker;powspec=none;audspec=one_of_two_failover;compJah=high_sil_isolated_checker;rastaFilter=one_of_two_failover;backEnd=low_sil_doer_checker,True,,True,235,OPTIMAL,2133,2133,True
e2_thr,base,d_random_hw,none,SL,THROUGHPUT,,,OPTIMAL,255,255,7.357,OPTIMAL,255,4.746,255,2657,10,frontEnd=low_sil_doer_checker;rasta=none;powspec=none;audspec=none;compJah=low_sil_doer_checker;rastaFilter=none;backEnd=low_sil_doer_checker,True,,True,255,OPTIMAL,1391,1391,True
e2_thr,base,d_systematic_sw,none,SL,THROUGHPUT,,,OPTIMAL,255,255,3.972,OPTIMAL,255,3.662,255,2636,8,frontEnd=same_cpu_doer_checker;rasta=none;powspec=none;audspec=none;compJah=low_sil_diverse_doer_checker;rastaFilter=none;backEnd=same_cpu_doer_checker,True,,True,255,OPTIMAL,1391,1391,True
e2_thr,base,f_sw3,none,SL,THROUGHPUT,,,OPTIMAL,235,235,5.665,OPTIMAL,235,4.863,235,8361,12,frontEnd=mixed_sil_doer_checker;rasta=low_sil_diverse_doer_checker;powspec=none;audspec=low_sil_diverse_doer_checker;compJah=mixed_sil_doer_checker;rastaFilter=none;backEnd=low_sil_diverse_doer_checker,True,,True,235,OPTIMAL,2133,2133,True
e2_thr,base,f_both3,none,SL,THROUGHPUT,,,OPTIMAL,235,235,4.527,OPTIMAL,235,4.535,235,6700,12,frontEnd=mixed_sil_doer_checker;rasta=low_sil_diverse_doer_checker;powspec=none;audspec=low_sil_diverse_doer_checker;compJah=mixed_sil_doer_checker;rastaFilter=none;backEnd=low_sil_diverse_doer_checker,True,,True,235,OPTIMAL,2133,2133,True
e2_thr,base,c_pat,none,SL,THROUGHPUT,,,OPTIMAL,235,235,15.421,OPTIMAL,235,19.435,235,6579,12,frontEnd=high_sil_isolated_checker;rasta=low_sil_doer_checker;powspec=none;audspec=one_of_two_failover;compJah=high_sil_isolated_checker;rastaFilter=one_of_two_failover;backEnd=low_sil_doer_checker,True,,True,235,OPTIMAL,2133,2133,True
e2_thr,base,pc_sobel,none,SL,THROUGHPUT,100000,,OPTIMAL,333,333,4.651,OPTIMAL,333,4.86,333,6128,3,get_pixel=high_sil_isolated_checker;gx=low_sil_diverse_doer_checker;gy=one_of_two_failover;abs=one_of_two_failover,True,,True,333,OPTIMAL,881,881,True
e2_thr,base,v_nvp,none,SL,THROUGHPUT,,,OPTIMAL,235,235,4.683,OPTIMAL,235,4.907,235,8689,14,frontEnd=nvp_three_version;rasta=low_sil_diverse_doer_checker;powspec=none;audspec=low_sil_diverse_doer_checker;compJah=nvp_three_version;rastaFilter=none;backEnd=low_sil_diverse_doer_checker,True,,True,235,OPTIMAL,2133,2133,True
e2_thr,tok2,f_random_hw,none,SL,THROUGHPUT,,,OPTIMAL,235,235,8.995,OPTIMAL,235,8.462,235,5521,13,frontEnd=two_of_two_high_sil;rasta=low_sil_doer_checker;powspec=low_sil_doer_checker;audspec=one_of_two_failover;compJah=two_of_two_high_sil;rastaFilter=one_of_two_failover;backEnd=low_sil_doer_checker,True,,True,235,OPTIMAL,2133,2133,True
e2_thr,tok2,d_random_hw,none,SL,THROUGHPUT,,,OPTIMAL,235,235,5.072,OPTIMAL,235,5.666,235,3562,12,frontEnd=low_sil_doer_checker;rasta=one_of_two_failover;powspec=none;audspec=low_sil_doer_checker;compJah=low_sil_doer_checker;rastaFilter=low_sil_doer_checker;backEnd=low_sil_diverse_doer_checker,True,,True,235,OPTIMAL,1391,1391,True
e2_thr,tok2,d_systematic_sw,none,SL,THROUGHPUT,,,OPTIMAL,235,235,3.91,OPTIMAL,235,3.555,235,4206,11,frontEnd=low_sil_diverse_doer_checker;rasta=low_sil_diverse_doer_checker;powspec=none;audspec=low_sil_diverse_doer_checker;compJah=low_sil_diverse_doer_checker;rastaFilter=low_sil_diverse_doer_checker;backEnd=low_sil_diverse_doer_checker,True,,True,235,OPTIMAL,1391,1391,True
e2_thr,tok2,f_sw3,none,SL,THROUGHPUT,,,OPTIMAL,235,235,4.379,OPTIMAL,235,4.884,235,7827,11,frontEnd=mixed_sil_doer_checker;rasta=low_sil_diverse_doer_checker;powspec=none;audspec=low_sil_diverse_doer_checker;compJah=two_of_two_high_sil;rastaFilter=low_sil_diverse_doer_checker;backEnd=low_sil_diverse_doer_checker,True,,True,235,OPTIMAL,2133,2133,True
e2_thr,tok2,f_both3,none,SL,THROUGHPUT,,,OPTIMAL,235,235,4.305,OPTIMAL,235,4.152,235,4452,10,frontEnd=two_of_two_high_sil;rasta=none;powspec=none;audspec=none;compJah=two_of_two_high_sil;rastaFilter=none;backEnd=low_sil_diverse_doer_checker,True,,True,235,OPTIMAL,2133,2133,True
e2_thr,tok2,c_pat,none,SL,THROUGHPUT,,,OPTIMAL,235,235,15.135,OPTIMAL,235,17.972,235,5487,11,frontEnd=two_of_two_high_sil;rasta=low_sil_doer_checker;powspec=low_sil_doer_checker;audspec=one_of_two_failover;compJah=two_of_two_high_sil;rastaFilter=none;backEnd=low_sil_doer_checker,True,,True,235,OPTIMAL,2133,2133,True
e2_thr,tok2,pc_sobel,none,SL,THROUGHPUT,100000,,OPTIMAL,256,256,5.202,OPTIMAL,256,4.955,256,5748,4,get_pixel=high_sil_isolated_checker;gx=low_sil_diverse_doer_checker;gy=one_of_two_failover;abs=one_of_two_failover,True,,True,256,OPTIMAL,881,881,True
e2_thr,tok2,v_nvp,none,SL,THROUGHPUT,,,OPTIMAL,235,235,4.977,OPTIMAL,235,4.847,235,10268,14,frontEnd=nvp_three_version;rasta=low_sil_diverse_doer_checker;powspec=none;audspec=low_sil_diverse_doer_checker;compJah=nvp_three_version;rastaFilter=low_sil_diverse_doer_checker;backEnd=low_sil_diverse_doer_checker,True,,True,235,OPTIMAL,2133,2133,True
e2_thr,chk10,p_rasta,none,SL,THROUGHPUT,,,OPTIMAL,235,235,7.963,OPTIMAL,235,10.042,235,4597,10,frontEnd=high_sil_isolated_checker;rasta=one_of_two_failover;powspec=none;audspec=low_sil_doer_checker;compJah=high_sil_isolated_checker;rastaFilter=none;backEnd=low_sil_doer_checker,True,,True,235,OPTIMAL,2133,2133,True
e2_thr,chk10,f_random_hw,none,SL,THROUGHPUT,,,OPTIMAL,235,235,8.46,OPTIMAL,235,9.199,235,8346,11,frontEnd=mixed_sil_doer_checker;rasta=low_sil_doer_checker;powspec=none;audspec=low_sil_doer_checker;compJah=high_sil_isolated_checker;rastaFilter=none;backEnd=low_sil_doer_checker,True,,True,235,OPTIMAL,2133,2133,True
e2_thr,chk10,d_random_hw,none,SL,THROUGHPUT,,,OPTIMAL,235,235,5.564,OPTIMAL,235,6.078,235,4134,11,frontEnd=low_sil_doer_checker;rasta=one_of_two_failover;powspec=none;audspec=one_of_two_failover;compJah=low_sil_doer_checker;rastaFilter=one_of_two_failover;backEnd=low_sil_diverse_doer_checker,True,,True,235,OPTIMAL,1391,1391,True
e2_thr,chk10,d_systematic_sw,none,SL,THROUGHPUT,,,OPTIMAL,235,235,3.467,OPTIMAL,235,3.483,235,2704,7,frontEnd=same_cpu_doer_checker;rasta=none;powspec=none;audspec=none;compJah=same_cpu_doer_checker;rastaFilter=none;backEnd=same_cpu_doer_checker,True,,True,235,OPTIMAL,1391,1391,True
e2_thr,chk10,f_sw3,none,SL,THROUGHPUT,,,OPTIMAL,235,235,4.544,OPTIMAL,235,4.492,235,6694,11,frontEnd=mixed_sil_doer_checker;rasta=none;powspec=none;audspec=none;compJah=mixed_sil_doer_checker;rastaFilter=none;backEnd=low_sil_diverse_doer_checker,True,,True,235,OPTIMAL,2133,2133,True
e2_thr,chk10,f_both3,none,SL,THROUGHPUT,,,OPTIMAL,235,235,4.236,OPTIMAL,235,4.605,235,7508,10,frontEnd=mixed_sil_doer_checker;rasta=low_sil_diverse_doer_checker;powspec=none;audspec=low_sil_diverse_doer_checker;compJah=mixed_sil_doer_checker;rastaFilter=none;backEnd=low_sil_diverse_doer_checker,True,,True,235,OPTIMAL,2133,2133,True
e2_thr,chk10,c_pat,none,SL,THROUGHPUT,,,OPTIMAL,235,235,14.591,OPTIMAL,235,20.485,235,4746,11,frontEnd=high_sil_isolated_checker;rasta=low_sil_doer_checker;powspec=none;audspec=one_of_two_failover;compJah=high_sil_isolated_checker;rastaFilter=none;backEnd=low_sil_doer_checker,True,,True,235,OPTIMAL,2133,2133,True
e2_thr,chk10,pc_sobel,none,SL,THROUGHPUT,100000,,OPTIMAL,282,282,4.952,OPTIMAL,282,4.886,282,5748,4,get_pixel=high_sil_isolated_checker;gx=low_sil_diverse_doer_checker;gy=one_of_two_failover;abs=one_of_two_failover,True,,True,282,OPTIMAL,881,881,True
e2_thr,chk10,v_nvp,none,SL,THROUGHPUT,,,OPTIMAL,235,235,4.834,OPTIMAL,235,4.853,235,8750,15,frontEnd=nvp_three_version;rasta=low_sil_diverse_doer_checker;powspec=none;audspec=low_sil_diverse_doer_checker;compJah=nvp_three_version;rastaFilter=none;backEnd=low_sil_diverse_doer_checker,True,,True,235,OPTIMAL,2133,2133,True
e2_thr,chk50,p_rasta,none,SL,THROUGHPUT,,,OPTIMAL,255,255,7.459,OPTIMAL,255,9.284,255,6310,11,frontEnd=mixed_sil_doer_checker;rasta=one_of_two_failover;powspec=none;audspec=none;compJah=high_sil_isolated_checker;rastaFilter=one_of_two_failover;backEnd=low_sil_doer_checker,True,,True,255,OPTIMAL,2133,2133,True
e2_thr,chk50,f_random_hw,none,SL,THROUGHPUT,,,OPTIMAL,255,255,7.795,OPTIMAL,255,8.688,255,5832,12,frontEnd=high_sil_isolated_checker;rasta=low_sil_doer_checker;powspec=none;audspec=one_of_two_failover;compJah=high_sil_isolated_checker;rastaFilter=one_of_two_failover;backEnd=low_sil_doer_checker,True,,True,255,OPTIMAL,2133,2133,True
e2_thr,chk50,d_random_hw,none,SL,THROUGHPUT,,,OPTIMAL,289,289,5.643,OPTIMAL,289,5.789,289,3752,11,frontEnd=low_sil_doer_checker;rasta=low_sil_doer_checker;powspec=none;audspec=low_sil_doer_checker;compJah=low_sil_doer_checker;rastaFilter=none;backEnd=low_sil_doer_checker,True,,True,289,OPTIMAL,1391,1391,True
e2_thr,chk50,d_systematic_sw,none,SL,THROUGHPUT,,,OPTIMAL,289,289,3.535,OPTIMAL,289,3.614,289,4565,11,frontEnd=low_sil_diverse_doer_checker;rasta=low_sil_diverse_doer_checker;powspec=none;audspec=low_sil_diverse_doer_checker;compJah=low_sil_diverse_doer_checker;rastaFilter=none;backEnd=low_sil_diverse_doer_checker,True,,True,289,OPTIMAL,1391,1391,True
e2_thr,chk50,f_sw3,none,SL,THROUGHPUT,,,OPTIMAL,255,255,4.569,OPTIMAL,255,4.669,255,8769,14,frontEnd=mixed_sil_doer_checker;rasta=low_sil_diverse_doer_checker;powspec=none;audspec=low_sil_diverse_doer_checker;compJah=mixed_sil_doer_checker;rastaFilter=none;backEnd=low_sil_diverse_doer_checker,True,,True,255,OPTIMAL,2133,2133,True
e2_thr,chk50,f_both3,none,SL,THROUGHPUT,,,OPTIMAL,255,255,4.501,OPTIMAL,255,4.85,255,7295,12,frontEnd=mixed_sil_doer_checker;rasta=low_sil_diverse_doer_checker;powspec=none;audspec=low_sil_diverse_doer_checker;compJah=mixed_sil_doer_checker;rastaFilter=none;backEnd=low_sil_diverse_doer_checker,True,,True,255,OPTIMAL,2133,2133,True
e2_thr,chk50,c_pat,none,SL,THROUGHPUT,,,OPTIMAL,255,255,13.629,OPTIMAL,255,20.478,255,7182,11,frontEnd=mixed_sil_doer_checker;rasta=low_sil_doer_checker;powspec=none;audspec=low_sil_doer_checker;compJah=high_sil_isolated_checker;rastaFilter=none;backEnd=low_sil_doer_checker,True,,True,255,OPTIMAL,2133,2133,True
e2_thr,chk50,pc_sobel,none,SL,THROUGHPUT,100000,,OPTIMAL,384,384,4.718,OPTIMAL,384,4.768,384,6912,4,get_pixel=high_sil_isolated_checker;gx=low_sil_diverse_doer_checker;gy=one_of_two_failover;abs=one_of_two_failover,True,,True,384,OPTIMAL,881,881,True
e2_thr,chk50,v_nvp,none,SL,THROUGHPUT,,,OPTIMAL,235,235,4.716,OPTIMAL,235,4.918,235,8148,15,frontEnd=nvp_three_version;rasta=none;powspec=none;audspec=low_sil_diverse_doer_checker;compJah=nvp_three_version;rastaFilter=none;backEnd=low_sil_diverse_doer_checker,True,,True,235,OPTIMAL,2133,2133,True
e2_var,tok2,p_rasta,none,SL,TOTALCOST,,,OPTIMAL,3330,1012,5.4,OPTIMAL,3330,5.432,1012,3330,2,frontEnd=two_of_two_high_sil;rasta=none;powspec=none;audspec=none;compJah=high_sil_isolated_checker;rastaFilter=none;backEnd=low_sil_doer_checker,True,True,True,4655,OPTIMAL,1888,1888,True
e2_var,tok2,p_rasta,1.00,SL,TOTALCOST,235,period_ub=235,OPTIMAL,3618,235,5.673,OPTIMAL,3618,7.5,235,3618,9,frontEnd=high_sil_isolated_checker;rasta=none;powspec=none;audspec=none;compJah=high_sil_isolated_checker;rastaFilter=none;backEnd=low_sil_doer_checker,True,True,True,235,OPTIMAL,2133,2133,True
e2_var,tok2,p_rasta,1.10,SL,TOTALCOST,259,period_ub=259,OPTIMAL,3581,256,6.329,OPTIMAL,3578,9.869,256,3578,8,frontEnd=high_sil_isolated_checker;rasta=none;powspec=none;audspec=none;compJah=high_sil_isolated_checker;rastaFilter=none;backEnd=low_sil_doer_checker,True,True,True,259,OPTIMAL,2133,2133,False
e2_var,tok2,p_rasta,1.25,SL,TOTALCOST,294,period_ub=294,OPTIMAL,3454,283,6.776,OPTIMAL,3454,9.462,283,3454,8,frontEnd=high_sil_isolated_checker;rasta=none;powspec=none;audspec=none;compJah=high_sil_isolated_checker;rastaFilter=none;backEnd=low_sil_doer_checker,True,True,True,294,OPTIMAL,1991,1991,True
e2_var,tok2,p_rasta,1.50,SL,TOTALCOST,353,period_ub=353,OPTIMAL,3433,339,7.594,OPTIMAL,3433,7.849,339,3433,8,frontEnd=high_sil_isolated_checker;rasta=none;powspec=none;audspec=none;compJah=two_of_two_high_sil;rastaFilter=none;backEnd=low_sil_doer_checker,True,True,True,353,OPTIMAL,1973,1973,True
e2_var,tok2,p_rasta,2.00,SL,TOTALCOST,470,period_ub=470,OPTIMAL,3400,449,7.513,OPTIMAL,3400,7.795,449,3400,7,frontEnd=high_sil_isolated_checker;rasta=none;powspec=none;audspec=none;compJah=high_sil_isolated_checker;rastaFilter=none;backEnd=low_sil_doer_checker,True,True,True,470,OPTIMAL,1965,1965,True
e2_var,tok2,f_random_hw,none,SL,TOTALCOST,,,OPTIMAL,3349,1079,7.333,OPTIMAL,3349,7.412,1079,3349,5,frontEnd=two_of_two_high_sil;rasta=none;powspec=none;audspec=none;compJah=two_of_two_high_sil;rastaFilter=none;backEnd=low_sil_doer_checker,True,True,True,4655,OPTIMAL,1914,1914,True
e2_var,tok2,f_random_hw,1.00,SL,TOTALCOST,235,period_ub=235,OPTIMAL,3633,235,5.785,OPTIMAL,3633,6.863,235,3633,10,frontEnd=high_sil_isolated_checker;rasta=none;powspec=none;audspec=none;compJah=two_of_two_high_sil;rastaFilter=none;backEnd=low_sil_doer_checker,True,True,True,235,OPTIMAL,2133,2133,True
e2_var,tok2,f_random_hw,1.10,SL,TOTALCOST,259,period_ub=259,OPTIMAL,3596,256,5.938,OPTIMAL,3596,6.758,256,3596,9,frontEnd=high_sil_isolated_checker;rasta=none;powspec=none;audspec=none;compJah=two_of_two_high_sil;rastaFilter=none;backEnd=low_sil_doer_checker,True,True,True,259,OPTIMAL,2133,2133,True
e2_var,tok2,f_random_hw,1.25,SL,TOTALCOST,294,period_ub=294,OPTIMAL,3447,289,7.205,OPTIMAL,3447,7.188,289,3447,9,frontEnd=high_sil_isolated_checker;rasta=none;powspec=none;audspec=none;compJah=high_sil_isolated_checker;rastaFilter=none;backEnd=low_sil_doer_checker,True,True,True,294,OPTIMAL,2009,2009,True
e2_var,tok2,f_random_hw,1.50,SL,TOTALCOST,353,period_ub=353,OPTIMAL,3433,332,7.308,OPTIMAL,3433,7.885,339,3433,8,frontEnd=high_sil_isolated_checker;rasta=none;powspec=none;audspec=none;compJah=two_of_two_high_sil;rastaFilter=none;backEnd=low_sil_doer_checker,True,True,True,353,OPTIMAL,1973,1973,True
e2_var,tok2,f_random_hw,2.00,SL,TOTALCOST,470,period_ub=470,OPTIMAL,3400,449,5.668,OPTIMAL,3400,7.51,449,3400,7,frontEnd=high_sil_isolated_checker;rasta=none;powspec=none;audspec=none;compJah=two_of_two_high_sil;rastaFilter=none;backEnd=low_sil_doer_checker,True,True,True,470,OPTIMAL,1965,1965,True
e2_var,tok2,d_random_hw,none,SL,TOTALCOST,,,OPTIMAL,1857,1620,5.274,OPTIMAL,1857,5.531,1620,1857,3,frontEnd=low_sil_doer_checker;rasta=none;powspec=none;audspec=none;compJah=low_sil_doer_checker;rastaFilter=none;backEnd=low_sil_doer_checker,True,True,True,3012,OPTIMAL,1168,1168,True
e2_var,tok2,d_random_hw,1.00,SL,TOTALCOST,235,period_ub=235,OPTIMAL,2091,235,4.556,OPTIMAL,2091,4.778,235,2091,9,frontEnd=low_sil_doer_checker;rasta=none;powspec=none;audspec=none;compJah=low_sil_doer_checker;rastaFilter=none;backEnd=low_sil_doer_checker,True,True,True,235,OPTIMAL,1391,1391,True
e2_var,tok2,d_random_hw,1.10,SL,TOTALCOST,259,period_ub=259,OPTIMAL,2091,253,4.85,OPTIMAL,2091,4.84,253,2091,9,frontEnd=low_sil_doer_checker;rasta=none;powspec=none;audspec=none;compJah=low_sil_doer_checker;rastaFilter=none;backEnd=low_sil_doer_checker,True,True,True,259,OPTIMAL,1391,1391,True
e2_var,tok2,d_random_hw,1.25,SL,TOTALCOST,294,period_ub=294,OPTIMAL,1940,291,5.308,OPTIMAL,1940,4.872,291,1940,8,frontEnd=low_sil_doer_checker;rasta=none;powspec=none;audspec=none;compJah=low_sil_doer_checker;rastaFilter=none;backEnd=low_sil_doer_checker,True,True,True,294,OPTIMAL,1239,1239,True
e2_var,tok2,d_random_hw,1.50,SL,TOTALCOST,353,period_ub=353,OPTIMAL,1917,353,5.315,OPTIMAL,1917,5.517,353,1917,7,frontEnd=low_sil_doer_checker;rasta=none;powspec=none;audspec=none;compJah=low_sil_doer_checker;rastaFilter=none;backEnd=low_sil_doer_checker,True,True,True,353,OPTIMAL,1228,1228,True
e2_var,tok2,d_random_hw,2.00,SL,TOTALCOST,470,period_ub=470,OPTIMAL,1909,449,4.781,OPTIMAL,1909,5.694,449,1909,6,frontEnd=low_sil_doer_checker;rasta=none;powspec=none;audspec=none;compJah=low_sil_doer_checker;rastaFilter=none;backEnd=low_sil_doer_checker,True,True,True,470,OPTIMAL,1220,1220,True
e2_var,tok2,d_systematic_sw,none,SL,TOTALCOST,,,OPTIMAL,1846,1833,3.34,OPTIMAL,1846,3.461,1833,1846,2,frontEnd=same_cpu_doer_checker;rasta=none;powspec=none;audspec=none;compJah=same_cpu_doer_checker;rastaFilter=none;backEnd=same_cpu_doer_checker,True,True,True,2103,OPTIMAL,1168,1168,True
e2_var,tok2,d_systematic_sw,1.00,SL,TOTALCOST,235,period_ub=235,OPTIMAL,2116,235,3.262,OPTIMAL,2116,3.307,235,2116,8,frontEnd=same_cpu_doer_checker;rasta=none;powspec=none;audspec=none;compJah=low_sil_diverse_doer_checker;rastaFilter=none;backEnd=same_cpu_doer_checker,True,True,True,235,OPTIMAL,1391,1391,True
e2_var,tok2,d_systematic_sw,1.10,SL,TOTALCOST,259,period_ub=259,OPTIMAL,2114,247,3.305,OPTIMAL,2114,3.235,247,2114,8,frontEnd=same_cpu_doer_checker;rasta=none;powspec=none;audspec=none;compJah=low_sil_diverse_doer_checker;rastaFilter=none;backEnd=low_sil_diverse_doer_checker,True,True,True,259,OPTIMAL,1391,1391,True
e2_var,tok2,d_systematic_sw,1.25,SL,TOTALCOST,294,period_ub=294,OPTIMAL,1920,293,3.33,OPTIMAL,1920,3.321,293,1920,7,frontEnd=same_cpu_doer_checker;rasta=none;powspec=none;audspec=none;compJah=same_cpu_doer_checker;rastaFilter=none;backEnd=same_cpu_doer_checker,True,True,True,294,OPTIMAL,1239,1239,True
e2_var,tok2,d_systematic_sw,1.50,SL,TOTALCOST,353,period_ub=353,OPTIMAL,1909,319,3.398,OPTIMAL,1909,3.423,319,1909,6,frontEnd=same_cpu_doer_checker;rasta=none;powspec=none;audspec=none;compJah=same_cpu_doer_checker;rastaFilter=none;backEnd=same_cpu_doer_checker,True,True,True,353,OPTIMAL,1228,1228,True
e2_var,tok2,d_systematic_sw,2.00,SL,TOTALCOST,470,period_ub=470,OPTIMAL,1898,449,3.521,OPTIMAL,1898,3.554,449,1898,5,frontEnd=same_cpu_doer_checker;rasta=none;powspec=none;audspec=none;compJah=same_cpu_doer_checker;rastaFilter=none;backEnd=same_cpu_doer_checker,True,True,True,470,OPTIMAL,1220,1220,True
e2_var,tok2,f_sw3,none,SL,TOTALCOST,,,OPTIMAL,3365,1079,4.34,OPTIMAL,3365,4.391,1079,3365,4,frontEnd=two_of_two_high_sil;rasta=none;powspec=none;audspec=none;compJah=two_of_two_high_sil;rastaFilter=none;backEnd=same_cpu_doer_checker,True,True,True,2750,OPTIMAL,1914,1914,True
e2_var,tok2,f_sw3,1.00,SL,TOTALCOST,235,period_ub=235,OPTIMAL,3632,235,4.047,OPTIMAL,3632,4.2,235,3632,9,frontEnd=two_of_two_high_sil;rasta=none;powspec=none;audspec=none;compJah=two_of_two_high_sil;rastaFilter=none;backEnd=same_cpu_doer_checker,True,True,True,235,OPTIMAL,2133,2133,True
e2_var,tok2,f_sw3,1.10,SL,TOTALCOST,259,period_ub=259,OPTIMAL,3632,235,4.274,OPTIMAL,3632,4.277,235,3632,9,frontEnd=two_of_two_high_sil;rasta=none;powspec=none;audspec=none;compJah=two_of_two_high_sil;rastaFilter=none;backEnd=same_cpu_doer_checker,True,True,True,259,OPTIMAL,2133,2133,True
e2_var,tok2,f_sw3,1.25,SL,TOTALCOST,294,period_ub=294,OPTIMAL,3505,282,4.489,OPTIMAL,3505,4.772,282,3505,9,frontEnd=two_of_two_high_sil;rasta=none;powspec=none;audspec=none;compJah=two_of_two_high_sil;rastaFilter=none;backEnd=same_cpu_doer_checker,True,True,True,294,OPTIMAL,2009,2009,True
e2_var,tok2,f_sw3,1.50,SL,TOTALCOST,353,period_ub=353,OPTIMAL,3469,319,4.382,OPTIMAL,3469,4.255,319,3469,8,frontEnd=two_of_two_high_sil;rasta=none;powspec=none;audspec=none;compJah=two_of_two_high_sil;rastaFilter=none;backEnd=same_cpu_doer_checker,True,True,True,353,OPTIMAL,1973,1973,True
e2_var,tok2,f_sw3,2.00,SL,TOTALCOST,470,period_ub=470,OPTIMAL,3416,449,4.444,OPTIMAL,3416,4.229,449,3416,6,frontEnd=two_of_two_high_sil;rasta=none;powspec=none;audspec=none;compJah=two_of_two_high_sil;rastaFilter=none;backEnd=same_cpu_doer_checker,True,True,True,470,OPTIMAL,1965,1965,True
e2_var,tok2,f_both3,none,SL,TOTALCOST,,,OPTIMAL,3406,1079,4.38,OPTIMAL,3406,4.333,1130,3406,5,frontEnd=two_of_two_high_sil;rasta=none;powspec=none;audspec=none;compJah=two_of_two_high_sil;rastaFilter=none;backEnd=low_sil_diverse_doer_checker,True,True,True,2750,OPTIMAL,1914,1914,True
e2_var,tok2,f_both3,1.00,SL,TOTALCOST,235,period_ub=235,OPTIMAL,3670,235,3.925,OPTIMAL,3670,4.153,235,3670,10,frontEnd=two_of_two_high_sil;rasta=none;powspec=none;audspec=none;compJah=two_of_two_high_sil;rastaFilter=none;backEnd=low_sil_diverse_doer_checker,True,True,True,235,OPTIMAL,2133,2133,True
e2_var,tok2,f_both3,1.10,SL,TOTALCOST,259,period_ub=259,OPTIMAL,3670,235,4.255,OPTIMAL,3670,4.24,235,3670,10,frontEnd=two_of_two_high_sil;rasta=none;powspec=none;audspec=none;compJah=two_of_two_high_sil;rastaFilter=none;backEnd=low_sil_diverse_doer_checker,True,True,True,259,OPTIMAL,2133,2133,True
e2_var,tok2,f_both3,1.25,SL,TOTALCOST,294,period_ub=294,OPTIMAL,3666,282,4.446,OPTIMAL,3666,4.574,282,3666,10,frontEnd=two_of_two_high_sil;rasta=none;powspec=none;audspec=none;compJah=two_of_two_high_sil;rastaFilter=none;backEnd=low_sil_diverse_doer_checker,True,True,True,294,OPTIMAL,2009,2009,True
e2_var,tok2,f_both3,1.50,SL,TOTALCOST,353,period_ub=353,OPTIMAL,3630,319,4.362,OPTIMAL,3630,4.484,319,3630,9,frontEnd=two_of_two_high_sil;rasta=none;powspec=none;audspec=none;compJah=two_of_two_high_sil;rastaFilter=none;backEnd=low_sil_diverse_doer_checker,True,True,True,353,OPTIMAL,1973,1973,True
e2_var,tok2,f_both3,2.00,SL,TOTALCOST,470,period_ub=470,OPTIMAL,3462,449,4.386,OPTIMAL,3462,4.394,449,3462,7,frontEnd=two_of_two_high_sil;rasta=none;powspec=none;audspec=none;compJah=two_of_two_high_sil;rastaFilter=none;backEnd=low_sil_diverse_doer_checker,True,True,True,470,OPTIMAL,1965,1965,True
e2_var,tok2,c_pat,none,SL,TOTALCOST,,,OPTIMAL,3349,1137,12.86,OPTIMAL,3349,12.744,1137,3349,5,frontEnd=high_sil_isolated_checker;rasta=none;powspec=none;audspec=none;compJah=two_of_two_high_sil;rastaFilter=none;backEnd=low_sil_doer_checker,True,True,True,1792,OPTIMAL,1914,1914,True
e2_var,tok2,c_pat,1.00,SL,TOTALCOST,235,period_ub=235,OPTIMAL,3633,235,10.421,OPTIMAL,3633,11.218,235,3633,10,frontEnd=high_sil_isolated_checker;rasta=none;powspec=none;audspec=none;compJah=high_sil_isolated_checker;rastaFilter=none;backEnd=low_sil_doer_checker,True,True,True,235,OPTIMAL,2133,2133,True
e2_var,tok2,c_pat,1.10,SL,TOTALCOST,259,period_ub=259,OPTIMAL,3633,248,13.194,OPTIMAL,3633,15.846,250,3633,10,frontEnd=high_sil_isolated_checker;rasta=none;powspec=none;audspec=none;compJah=high_sil_isolated_checker;rastaFilter=none;backEnd=low_sil_doer_checker,True,True,True,259,OPTIMAL,2133,2133,True
e2_var,tok2,c_pat,1.25,SL,TOTALCOST,294,period_ub=294,OPTIMAL,3484,282,15.02,OPTIMAL,3484,15.336,282,3484,10,frontEnd=two_of_two_high_sil;rasta=none;powspec=none;audspec=none;compJah=high_sil_isolated_checker;rastaFilter=none;backEnd=low_sil_doer_checker,True,True,True,294,OPTIMAL,2009,2009,True
e2_var,tok2,c_pat,1.50,SL,TOTALCOST,353,period_ub=353,OPTIMAL,3433,334,13.45,OPTIMAL,3433,14.35,328,3433,8,frontEnd=high_sil_isolated_checker;rasta=none;powspec=none;audspec=none;compJah=high_sil_isolated_checker;rastaFilter=none;backEnd=low_sil_doer_checker,True,True,True,353,OPTIMAL,1973,1973,True
e2_var,tok2,c_pat,2.00,SL,TOTALCOST,470,period_ub=470,OPTIMAL,3400,449,13.419,OPTIMAL,3400,14.46,449,3400,7,frontEnd=two_of_two_high_sil;rasta=none;powspec=none;audspec=none;compJah=high_sil_isolated_checker;rastaFilter=none;backEnd=low_sil_doer_checker,True,True,True,470,OPTIMAL,1965,1965,True
e2_var,tok2,pc_sobel,none,SL,TOTALCOST,100000,,OPTIMAL,1401,384,4.716,OPTIMAL,1401,4.74,393,1401,3,get_pixel=two_of_two_high_sil;gx=none;gy=none;abs=none,True,True,True,43776,OPTIMAL,873,873,True
e2_var,tok2,pc_sobel,1.00,SL,TOTALCOST,256,period_ub=256,OPTIMAL,1409,256,4.152,OPTIMAL,1409,4.266,256,1409,3,get_pixel=high_sil_isolated_checker;gx=none;gy=none;abs=none,True,True,True,256,OPTIMAL,881,881,True
e2_var,tok2,pc_sobel,1.10,SL,TOTALCOST,282,period_ub=282,OPTIMAL,1407,277,4.418,OPTIMAL,1407,4.386,277,1407,3,get_pixel=high_sil_isolated_checker;gx=none;gy=none;abs=none,True,True,True,277,OPTIMAL,879,879,True
e2_var,tok2,pc_sobel,1.25,SL,TOTALCOST,320,period_ub=320,OPTIMAL,1405,320,4.581,OPTIMAL,1405,4.804,320,1405,3,get_pixel=high_sil_isolated_checker;gx=none;gy=none;abs=none,True,True,True,320,OPTIMAL,877,877,True
e2_var,tok2,pc_sobel,1.50,SL,TOTALCOST,384,period_ub=384,OPTIMAL,1401,384,4.63,OPTIMAL,1401,4.517,384,1401,3,get_pixel=high_sil_isolated_checker;gx=none;gy=none;abs=none,True,True,True,384,OPTIMAL,873,873,True
e2_var,tok2,pc_sobel,2.00,SL,TOTALCOST,512,period_ub=512,OPTIMAL,1401,393,4.963,OPTIMAL,1401,4.801,393,1401,3,get_pixel=high_sil_isolated_checker;gx=none;gy=none;abs=none,True,True,True,512,OPTIMAL,873,873,True
e2_var,tok2,v_nvp,none,SL,TOTALCOST,,,OPTIMAL,5680,1180,4.409,OPTIMAL,5680,4.313,1180,5680,6,frontEnd=nvp_three_version;rasta=none;powspec=none;audspec=none;compJah=nvp_three_version;rastaFilter=none;backEnd=low_sil_diverse_doer_checker,True,True,True,3099,OPTIMAL,1914,1914,True
e2_var,tok2,v_nvp,1.00,SL,TOTALCOST,235,period_ub=235,OPTIMAL,6152,235,4.588,OPTIMAL,6152,4.465,235,6152,13,frontEnd=nvp_three_version;rasta=none;powspec=none;audspec=none;compJah=nvp_three_version;rastaFilter=none;backEnd=low_sil_diverse_doer_checker,True,True,True,235,OPTIMAL,2133,2133,True
e2_var,tok2,v_nvp,1.10,SL,TOTALCOST,259,period_ub=259,OPTIMAL,5992,254,4.647,OPTIMAL,5992,4.438,254,5992,12,frontEnd=nvp_three_version;rasta=none;powspec=none;audspec=none;compJah=nvp_three_version;rastaFilter=none;backEnd=low_sil_diverse_doer_checker,True,True,True,259,OPTIMAL,2133,2133,True
e2_var,tok2,v_nvp,1.25,SL,TOTALCOST,294,period_ub=294,OPTIMAL,5988,282,4.52,OPTIMAL,5988,4.762,282,5988,12,frontEnd=nvp_three_version;rasta=none;powspec=none;audspec=none;compJah=nvp_three_version;rastaFilter=none;backEnd=low_sil_diverse_doer_checker,True,True,True,294,OPTIMAL,2009,2009,True
e2_var,tok2,v_nvp,1.50,SL,TOTALCOST,353,period_ub=353,OPTIMAL,5952,319,4.695,OPTIMAL,5952,4.71,319,5952,11,frontEnd=nvp_three_version;rasta=none;powspec=none;audspec=none;compJah=nvp_three_version;rastaFilter=none;backEnd=low_sil_diverse_doer_checker,True,True,True,353,OPTIMAL,1973,1973,True
e2_var,tok2,v_nvp,2.00,SL,TOTALCOST,470,period_ub=470,OPTIMAL,5944,449,4.739,OPTIMAL,5944,5.177,449,5944,10,frontEnd=nvp_three_version;rasta=none;powspec=none;audspec=none;compJah=nvp_three_version;rastaFilter=none;backEnd=low_sil_diverse_doer_checker,True,True,True,470,OPTIMAL,1965,1965,True
e2_var,chk10,p_rasta,none,SL,TOTALCOST,,,OPTIMAL,3330,1012,5.622,OPTIMAL,3330,5.86,1012,3330,2,frontEnd=high_sil_isolated_checker;rasta=none;powspec=none;audspec=none;compJah=high_sil_isolated_checker;rastaFilter=none;backEnd=low_sil_doer_checker,True,True,True,4233,OPTIMAL,1888,1888,True
e2_var,chk10,p_rasta,1.00,SL,TOTALCOST,235,period_ub=235,OPTIMAL,3633,235,4.587,OPTIMAL,3633,5.247,235,3633,10,frontEnd=high_sil_isolated_checker;rasta=none;powspec=none;audspec=none;compJah=high_sil_isolated_checker;rastaFilter=none;backEnd=low_sil_doer_checker,True,True,True,235,OPTIMAL,2133,2133,True
e2_var,chk10,p_rasta,1.10,SL,TOTALCOST,259,period_ub=259,OPTIMAL,3633,235,4.798,OPTIMAL,3633,8.54,235,3633,10,frontEnd=high_sil_isolated_checker;rasta=none;powspec=none;audspec=none;compJah=high_sil_isolated_checker;rastaFilter=none;backEnd=low_sil_doer_checker,True,True,True,259,OPTIMAL,2133,2133,True
e2_var,chk10,p_rasta,1.25,SL,TOTALCOST,294,period_ub=294,OPTIMAL,3491,282,6.038,OPTIMAL,3491,10.402,282,3491,9,frontEnd=two_of_two_high_sil;rasta=none;powspec=none;audspec=none;compJah=high_sil_isolated_checker;rastaFilter=none;backEnd=low_sil_doer_checker,True,True,True,294,OPTIMAL,1991,1991,True
e2_var,chk10,p_rasta,1.50,SL,TOTALCOST,353,period_ub=353,OPTIMAL,3458,335,6.803,OPTIMAL,3458,8.442,335,3458,8,frontEnd=two_of_two_high_sil;rasta=none;powspec=none;audspec=none;compJah=high_sil_isolated_checker;rastaFilter=none;backEnd=low_sil_doer_checker,True,True,True,353,OPTIMAL,1973,1973,True
e2_var,chk10,p_rasta,2.00,SL,TOTALCOST,470,period_ub=470,OPTIMAL,3400,459,6.969,OPTIMAL,3400,6.739,449,3400,7,frontEnd=high_sil_isolated_checker;rasta=none;powspec=none;audspec=none;compJah=high_sil_isolated_checker;rastaFilter=none;backEnd=low_sil_doer_checker,True,True,True,470,OPTIMAL,1965,1965,True
e2_var,chk10,f_random_hw,none,SL,TOTALCOST,,,OPTIMAL,3349,1221,7.085,OPTIMAL,3349,8.551,1094,3349,5,frontEnd=high_sil_isolated_checker;rasta=none;powspec=none;audspec=none;compJah=two_of_two_high_sil;rastaFilter=none;backEnd=low_sil_doer_checker,True,True,True,4233,OPTIMAL,1914,1914,True
e2_var,chk10,f_random_hw,1.00,SL,TOTALCOST,235,period_ub=235,OPTIMAL,3633,235,4.214,OPTIMAL,3633,6.857,235,3633,10,frontEnd=high_sil_isolated_checker;rasta=none;powspec=none;audspec=none;compJah=high_sil_isolated_checker;rastaFilter=none;backEnd=low_sil_doer_checker,True,True,True,235,OPTIMAL,2133,2133,True
e2_var,chk10,f_random_hw,1.10,SL,TOTALCOST,259,period_ub=259,OPTIMAL,3633,235,5.043,OPTIMAL,3633,7.005,235,3633,10,frontEnd=high_sil_isolated_checker;rasta=none;powspec=none;audspec=none;compJah=high_sil_isolated_checker;rastaFilter=none;backEnd=low_sil_doer_checker,True,True,True,259,OPTIMAL,2133,2133,True
e2_var,chk10,f_random_hw,1.25,SL,TOTALCOST,294,period_ub=294,OPTIMAL,3484,282,5.839,OPTIMAL,3484,6.707,282,3484,10,frontEnd=two_of_two_high_sil;rasta=none;powspec=none;audspec=none;compJah=high_sil_isolated_checker;rastaFilter=none;backEnd=low_sil_doer_checker,True,True,True,294,OPTIMAL,2009,2009,True
e2_var,chk10,f_random_hw,1.50,SL,TOTALCOST,353,period_ub=353,OPTIMAL,3473,319,6.988,OPTIMAL,3473,8.069,319,3473,9,frontEnd=high_sil_isolated_checker;rasta=none;powspec=none;audspec=none;compJah=high_sil_isolated_checker;rastaFilter=none;backEnd=low_sil_doer_checker,True,True,True,353,OPTIMAL,1973,1973,True
e2_var,chk10,f_random_hw,2.00,SL,TOTALCOST,470,period_ub=470,OPTIMAL,3400,449,7.031,OPTIMAL,3400,8.573,449,3400,7,frontEnd=high_sil_isolated_checker;rasta=none;powspec=none;audspec=none;compJah=high_sil_isolated_checker;rastaFilter=none;backEnd=low_sil_doer_checker,True,True,True,470,OPTIMAL,1965,1965,True
e2_var,chk10,d_random_hw,none,SL,TOTALCOST,,,OPTIMAL,1857,1663,5.252,OPTIMAL,1857,6.061,1663,1857,3,frontEnd=low_sil_doer_checker;rasta=none;powspec=none;audspec=none;compJah=low_sil_doer_checker;rastaFilter=none;backEnd=low_sil_doer_checker,True,True,True,2690,OPTIMAL,1168,1168,True
e2_var,chk10,d_random_hw,1.00,SL,TOTALCOST,235,period_ub=235,OPTIMAL,2124,235,14.061,OPTIMAL,2124,4.907,235,2124,10,frontEnd=low_sil_doer_checker;rasta=none;powspec=none;audspec=none;compJah=low_sil_doer_checker;rastaFilter=none;backEnd=low_sil_diverse_doer_checker,True,True,True,235,OPTIMAL,1391,1391,True
e2_var,chk10,d_random_hw,1.10,SL,TOTALCOST,259,period_ub=259,OPTIMAL,2121,248,4.755,OPTIMAL,2121,5.57,248,2121,10,frontEnd=low_sil_doer_checker;rasta=none;powspec=none;audspec=none;compJah=low_sil_doer_checker;rastaFilter=none;backEnd=low_sil_doer_checker,True,True,True,259,OPTIMAL,1391,1391,True
e2_var,chk10,d_random_hw,1.25,SL,TOTALCOST,294,period_ub=294,OPTIMAL,1972,292,4.443,OPTIMAL,1972,5.264,282,1972,10,frontEnd=low_sil_doer_checker;rasta=none;powspec=none;audspec=none;compJah=low_sil_doer_checker;rastaFilter=none;backEnd=low_sil_diverse_doer_checker,True,True,True,294,OPTIMAL,1239,1239,True
e2_var,chk10,d_random_hw,1.50,SL,TOTALCOST,353,period_ub=353,OPTIMAL,1931,343,5.378,OPTIMAL,1931,5.854,343,1931,8,frontEnd=low_sil_doer_checker;rasta=none;powspec=none;audspec=none;compJah=low_sil_doer_checker;rastaFilter=none;backEnd=low_sil_doer_checker,True,True,True,353,OPTIMAL,1228,1228,True
e2_var,chk10,d_random_hw,2.00,SL,TOTALCOST,470,period_ub=470,OPTIMAL,1912,456,5.564,OPTIMAL,1912,5.887,456,1912,6,frontEnd=low_sil_doer_checker;rasta=none;powspec=none;audspec=none;compJah=low_sil_doer_checker;rastaFilter=none;backEnd=low_sil_doer_checker,True,True,True,470,OPTIMAL,1220,1220,True
e2_var,chk10,d_systematic_sw,none,SL,TOTALCOST,,,OPTIMAL,1846,1641,3.383,OPTIMAL,1846,3.399,1641,1846,2,frontEnd=same_cpu_doer_checker;rasta=none;powspec=none;audspec=none;compJah=same_cpu_doer_checker;rastaFilter=none;backEnd=same_cpu_doer_checker,True,True,True,1781,OPTIMAL,1168,1168,True
e2_var,chk10,d_systematic_sw,1.00,SL,TOTALCOST,235,period_ub=235,OPTIMAL,2072,235,6.689,OPTIMAL,2072,7.023,235,2072,7,frontEnd=same_cpu_doer_checker;rasta=none;powspec=none;audspec=none;compJah=same_cpu_doer_checker;rastaFilter=none;backEnd=same_cpu_doer_checker,True,True,True,235,OPTIMAL,1391,1391,True
e2_var,chk10,d_systematic_sw,1.10,SL,TOTALCOST,259,period_ub=259,OPTIMAL,2069,248,3.27,OPTIMAL,2069,3.378,248,2069,7,frontEnd=same_cpu_doer_checker;rasta=none;powspec=none;audspec=none;compJah=same_cpu_doer_checker;rastaFilter=none;backEnd=same_cpu_doer_checker,True,True,True,259,OPTIMAL,1391,1391,True
e2_var,chk10,d_systematic_sw,1.25,SL,TOTALCOST,294,period_ub=294,OPTIMAL,1920,282,3.336,OPTIMAL,1920,3.297,282,1920,7,frontEnd=same_cpu_doer_checker;rasta=none;powspec=none;audspec=none;compJah=same_cpu_doer_checker;rastaFilter=none;backEnd=same_cpu_doer_checker,True,True,True,294,OPTIMAL,1239,1239,True
e2_var,chk10,d_systematic_sw,1.50,SL,TOTALCOST,353,period_ub=353,OPTIMAL,1906,319,3.412,OPTIMAL,1906,3.47,319,1906,6,frontEnd=same_cpu_doer_checker;rasta=none;powspec=none;audspec=none;compJah=same_cpu_doer_checker;rastaFilter=none;backEnd=same_cpu_doer_checker,True,True,True,353,OPTIMAL,1228,1228,True
e2_var,chk10,d_systematic_sw,2.00,SL,TOTALCOST,470,period_ub=470,OPTIMAL,1898,449,3.52,OPTIMAL,1898,3.596,449,1898,5,frontEnd=same_cpu_doer_checker;rasta=none;powspec=none;audspec=none;compJah=same_cpu_doer_checker;rastaFilter=none;backEnd=same_cpu_doer_checker,True,True,True,470,OPTIMAL,1220,1220,True
e2_var,chk10,f_sw3,none,SL,TOTALCOST,,,OPTIMAL,3365,1267,4.371,OPTIMAL,3365,4.469,1079,3365,4,frontEnd=two_of_two_high_sil;rasta=none;powspec=none;audspec=none;compJah=two_of_two_high_sil;rastaFilter=none;backEnd=same_cpu_doer_checker,True,True,True,2328,OPTIMAL,1914,1914,True
e2_var,chk10,f_sw3,1.00,SL,TOTALCOST,235,period_ub=235,OPTIMAL,4667,235,3.641,OPTIMAL,4667,3.661,235,4667,9,frontEnd=mixed_sil_doer_checker;rasta=none;powspec=none;audspec=none;compJah=mixed_sil_doer_checker;rastaFilter=none;backEnd=same_cpu_doer_checker,True,True,True,235,OPTIMAL,2133,2133,True
e2_var,chk10,f_sw3,1.10,SL,TOTALCOST,259,period_ub=259,OPTIMAL,4625,259,3.888,OPTIMAL,4625,4.063,259,4625,8,frontEnd=mixed_sil_doer_checker;rasta=none;powspec=none;audspec=none;compJah=mixed_sil_doer_checker;rastaFilter=none;backEnd=same_cpu_doer_checker,True,True,True,259,OPTIMAL,2133,2133,True
e2_var,chk10,f_sw3,1.25,SL,TOTALCOST,294,period_ub=294,OPTIMAL,4498,289,3.96,OPTIMAL,4498,4.152,289,4498,8,frontEnd=mixed_sil_doer_checker;rasta=none;powspec=none;audspec=none;compJah=mixed_sil_doer_checker;rastaFilter=none;backEnd=same_cpu_doer_checker,True,True,True,294,OPTIMAL,2009,2009,True
e2_var,chk10,f_sw3,1.50,SL,TOTALCOST,353,period_ub=353,OPTIMAL,3988,319,4.097,OPTIMAL,3988,4.488,319,3988,8,frontEnd=two_of_two_high_sil;rasta=none;powspec=none;audspec=none;compJah=mixed_sil_doer_checker;rastaFilter=none;backEnd=same_cpu_doer_checker,True,True,True,353,OPTIMAL,1973,1973,True
e2_var,chk10,f_sw3,2.00,SL,TOTALCOST,470,period_ub=470,OPTIMAL,3461,449,4.334,OPTIMAL,3461,4.536,449,3461,7,frontEnd=two_of_two_high_sil;rasta=none;powspec=none;audspec=none;compJah=two_of_two_high_sil;rastaFilter=none;backEnd=same_cpu_doer_checker,True,True,True,470,OPTIMAL,1965,1965,True
e2_var,chk10,f_both3,none,SL,TOTALCOST,,,OPTIMAL,3406,1267,4.306,OPTIMAL,3406,4.429,1079,3406,5,frontEnd=two_of_two_high_sil;rasta=none;powspec=none;audspec=none;compJah=two_of_two_high_sil;rastaFilter=none;backEnd=low_sil_diverse_doer_checker,True,True,True,2328,OPTIMAL,1914,1914,True
e2_var,chk10,f_both3,1.00,SL,TOTALCOST,235,period_ub=235,OPTIMAL,4708,235,3.546,OPTIMAL,4708,3.763,235,4708,10,frontEnd=mixed_sil_doer_checker;rasta=none;powspec=none;audspec=none;compJah=mixed_sil_doer_checker;rastaFilter=none;backEnd=low_sil_diverse_doer_checker,True,True,True,235,OPTIMAL,2133,2133,True
e2_var,chk10,f_both3,1.10,SL,TOTALCOST,259,period_ub=259,OPTIMAL,4708,235,3.905,OPTIMAL,4708,4.063,235,4708,10,frontEnd=mixed_sil_doer_checker;rasta=none;powspec=none;audspec=none;compJah=mixed_sil_doer_checker;rastaFilter=none;backEnd=low_sil_diverse_doer_checker,True,True,True,259,OPTIMAL,2133,2133,True
e2_var,chk10,f_both3,1.25,SL,TOTALCOST,294,period_ub=294,OPTIMAL,4699,289,3.908,OPTIMAL,4699,4.116,289,4699,10,frontEnd=mixed_sil_doer_checker;rasta=none;powspec=none;audspec=none;compJah=mixed_sil_doer_checker;rastaFilter=none;backEnd=low_sil_diverse_doer_checker,True,True,True,294,OPTIMAL,2009,2009,True
e2_var,chk10,f_both3,1.50,SL,TOTALCOST,353,period_ub=353,OPTIMAL,4149,319,4.166,OPTIMAL,4149,4.107,319,4149,9,frontEnd=two_of_two_high_sil;rasta=none;powspec=none;audspec=none;compJah=mixed_sil_doer_checker;rastaFilter=none;backEnd=low_sil_diverse_doer_checker,True,True,True,353,OPTIMAL,1973,1973,True
e2_var,chk10,f_both3,2.00,SL,TOTALCOST,470,period_ub=470,OPTIMAL,3622,449,4.308,OPTIMAL,3622,4.143,449,3622,8,frontEnd=two_of_two_high_sil;rasta=none;powspec=none;audspec=none;compJah=two_of_two_high_sil;rastaFilter=none;backEnd=low_sil_diverse_doer_checker,True,True,True,470,OPTIMAL,1965,1965,True
e2_var,chk10,c_pat,none,SL,TOTALCOST,,,OPTIMAL,3349,1137,12.281,OPTIMAL,3349,12.598,1300,3349,5,frontEnd=high_sil_isolated_checker;rasta=none;powspec=none;audspec=none;compJah=two_of_two_high_sil;rastaFilter=none;backEnd=low_sil_doer_checker,True,True,True,1765,OPTIMAL,1914,1914,True
e2_var,chk10,c_pat,1.00,SL,TOTALCOST,235,period_ub=235,OPTIMAL,3633,235,9.195,OPTIMAL,3633,9.883,235,3633,10,frontEnd=high_sil_isolated_checker;rasta=none;powspec=none;audspec=none;compJah=high_sil_isolated_checker;rastaFilter=none;backEnd=low_sil_doer_checker,True,True,True,235,OPTIMAL,2133,2133,True
e2_var,chk10,c_pat,1.10,SL,TOTALCOST,259,period_ub=259,OPTIMAL,3633,251,11.343,OPTIMAL,3633,13.261,250,3633,10,frontEnd=high_sil_isolated_checker;rasta=none;powspec=none;audspec=none;compJah=high_sil_isolated_checker;rastaFilter=none;backEnd=low_sil_doer_checker,True,True,True,259,OPTIMAL,2133,2133,True
e2_var,chk10,c_pat,1.25,SL,TOTALCOST,294,period_ub=294,OPTIMAL,3484,282,13.502,OPTIMAL,3484,13.854,282,3484,10,frontEnd=high_sil_isolated_checker;rasta=none;powspec=none;audspec=none;compJah=high_sil_isolated_checker;rastaFilter=none;backEnd=low_sil_doer_checker,True,True,True,293,OPTIMAL,2009,2009,True
e2_var,chk10,c_pat,1.50,SL,TOTALCOST,353,period_ub=353,OPTIMAL,3473,340,12.53,OPTIMAL,3473,13.399,326,3473,9,frontEnd=two_of_two_high_sil;rasta=none;powspec=none;audspec=none;compJah=high_sil_isolated_checker;rastaFilter=none;backEnd=low_sil_doer_checker,True,True,True,353,OPTIMAL,1973,1973,True
e2_var,chk10,c_pat,2.00,SL,TOTALCOST,470,period_ub=470,OPTIMAL,3400,449,11.374,OPTIMAL,3400,13.436,449,3400,7,frontEnd=high_sil_isolated_checker;rasta=none;powspec=none;audspec=none;compJah=high_sil_isolated_checker;rastaFilter=none;backEnd=low_sil_doer_checker,True,True,True,465,OPTIMAL,1965,1965,True
e2_var,chk10,pc_sobel,none,SL,TOTALCOST,100000,,OPTIMAL,1401,416,4.868,OPTIMAL,1401,4.766,416,1401,3,get_pixel=high_sil_isolated_checker;gx=none;gy=none;abs=none,True,True,True,416,OPTIMAL,873,873,True
e2_var,chk10,pc_sobel,1.00,SL,TOTALCOST,282,period_ub=282,OPTIMAL,1411,282,4.177,OPTIMAL,1411,4.092,282,1411,3,get_pixel=high_sil_isolated_checker;gx=none;gy=none;abs=none,True,True,True,282,OPTIMAL,879,879,True
e2_var,chk10,pc_sobel,1.10,SL,TOTALCOST,311,period_ub=311,OPTIMAL,1407,288,4.218,OPTIMAL,1407,4.403,288,1407,3,get_pixel=high_sil_isolated_checker;gx=none;gy=none;abs=none,True,True,True,311,OPTIMAL,879,879,True
e2_var,chk10,pc_sobel,1.25,SL,TOTALCOST,353,period_ub=353,OPTIMAL,1403,352,4.462,OPTIMAL,1403,4.473,352,1403,3,get_pixel=high_sil_isolated_checker;gx=none;gy=none;abs=none,True,True,True,352,OPTIMAL,875,875,True
e2_var,chk10,pc_sobel,1.50,SL,TOTALCOST,423,period_ub=423,OPTIMAL,1401,416,4.261,OPTIMAL,1401,4.509,422,1401,3,get_pixel=high_sil_isolated_checker;gx=none;gy=none;abs=none,True,True,True,422,OPTIMAL,873,873,True
e2_var,chk10,pc_sobel,2.00,SL,TOTALCOST,564,period_ub=564,OPTIMAL,1401,422,4.695,OPTIMAL,1401,4.536,422,1401,3,get_pixel=high_sil_isolated_checker;gx=none;gy=none;abs=none,True,True,True,422,OPTIMAL,873,873,True
e2_var,chk10,v_nvp,none,SL,TOTALCOST,,,OPTIMAL,5680,1180,4.322,OPTIMAL,5680,4.648,1185,5680,6,frontEnd=nvp_three_version;rasta=none;powspec=none;audspec=none;compJah=nvp_three_version;rastaFilter=none;backEnd=low_sil_diverse_doer_checker,True,True,True,2877,OPTIMAL,1914,1914,True
e2_var,chk10,v_nvp,1.00,SL,TOTALCOST,235,period_ub=235,OPTIMAL,6152,235,11.058,OPTIMAL,6152,4.329,235,6152,13,frontEnd=nvp_three_version;rasta=none;powspec=none;audspec=none;compJah=nvp_three_version;rastaFilter=none;backEnd=low_sil_diverse_doer_checker,True,True,True,235,OPTIMAL,2133,2133,True
e2_var,chk10,v_nvp,1.10,SL,TOTALCOST,259,period_ub=259,OPTIMAL,5992,254,10.988,OPTIMAL,5992,4.495,254,5992,12,frontEnd=nvp_three_version;rasta=none;powspec=none;audspec=none;compJah=nvp_three_version;rastaFilter=none;backEnd=low_sil_diverse_doer_checker,True,True,True,259,OPTIMAL,2133,2133,True
e2_var,chk10,v_nvp,1.25,SL,TOTALCOST,294,period_ub=294,OPTIMAL,5988,282,4.757,OPTIMAL,5988,4.536,282,5988,12,frontEnd=nvp_three_version;rasta=none;powspec=none;audspec=none;compJah=nvp_three_version;rastaFilter=none;backEnd=low_sil_diverse_doer_checker,True,True,True,294,OPTIMAL,2009,2009,True
e2_var,chk10,v_nvp,1.50,SL,TOTALCOST,353,period_ub=353,OPTIMAL,5952,319,4.65,OPTIMAL,5952,4.777,319,5952,11,frontEnd=nvp_three_version;rasta=none;powspec=none;audspec=none;compJah=nvp_three_version;rastaFilter=none;backEnd=low_sil_diverse_doer_checker,True,True,True,353,OPTIMAL,1973,1973,True
e2_var,chk10,v_nvp,2.00,SL,TOTALCOST,470,period_ub=470,OPTIMAL,5944,449,4.633,OPTIMAL,5944,4.774,449,5944,10,frontEnd=nvp_three_version;rasta=none;powspec=none;audspec=none;compJah=nvp_three_version;rastaFilter=none;backEnd=low_sil_diverse_doer_checker,True,True,True,470,OPTIMAL,1965,1965,True
e2_var,chk50,p_rasta,none,SL,TOTALCOST,,,OPTIMAL,3330,1012,5.708,OPTIMAL,3330,5.963,1012,3330,2,frontEnd=high_sil_isolated_checker;rasta=none;powspec=none;audspec=none;compJah=high_sil_isolated_checker;rastaFilter=none;backEnd=low_sil_doer_checker,True,True,True,5081,OPTIMAL,1888,1888,True
e2_var,chk50,p_rasta,1.00,SL,TOTALCOST,255,period_ub=255,OPTIMAL,3639,255,4.464,OPTIMAL,3639,5.267,255,3639,10,frontEnd=high_sil_isolated_checker;rasta=none;powspec=none;audspec=none;compJah=high_sil_isolated_checker;rastaFilter=none;backEnd=low_sil_doer_checker,True,True,True,255,OPTIMAL,2133,2133,True
e2_var,chk50,p_rasta,1.10,SL,TOTALCOST,281,period_ub=281,OPTIMAL,3603,266,4.622,OPTIMAL,3603,5.385,266,3603,9,frontEnd=high_sil_isolated_checker;rasta=none;powspec=none;audspec=none;compJah=high_sil_isolated_checker;rastaFilter=none;backEnd=low_sil_doer_checker,True,True,True,281,OPTIMAL,2125,2125,True
e2_var,chk50,p_rasta,1.25,SL,TOTALCOST,319,period_ub=319,OPTIMAL,3473,319,5.628,OPTIMAL,3473,5.902,319,3473,9,frontEnd=high_sil_isolated_checker;rasta=none;powspec=none;audspec=none;compJah=high_sil_isolated_checker;rastaFilter=none;backEnd=low_sil_doer_checker,True,True,True,319,OPTIMAL,1973,1973,True
e2_var,chk50,p_rasta,1.50,SL,TOTALCOST,383,period_ub=383,OPTIMAL,3461,357,6.204,OPTIMAL,3461,7.83,357,3461,8,frontEnd=high_sil_isolated_checker;rasta=none;powspec=none;audspec=none;compJah=high_sil_isolated_checker;rastaFilter=none;backEnd=low_sil_doer_checker,True,True,True,383,OPTIMAL,1973,1973,True
e2_var,chk50,p_rasta,2.00,SL,TOTALCOST,510,period_ub=510,OPTIMAL,3399,497,6.919,OPTIMAL,3399,7.957,500,3399,5,frontEnd=high_sil_isolated_checker;rasta=none;powspec=none;audspec=none;compJah=two_of_two_high_sil;rastaFilter=none;backEnd=low_sil_doer_checker,True,True,True,510,OPTIMAL,1964,1964,True
e2_var,chk50,f_random_hw,none,SL,TOTALCOST,,,OPTIMAL,3349,1221,5.687,OPTIMAL,3349,7.371,1079,3349,5,frontEnd=high_sil_isolated_checker;rasta=none;powspec=none;audspec=none;compJah=high_sil_isolated_checker;rastaFilter=none;backEnd=low_sil_doer_checker,True,True,True,5081,OPTIMAL,1914,1914,True
e2_var,chk50,f_random_hw,1.00,SL,TOTALCOST,255,period_ub=255,OPTIMAL,3639,255,4.184,OPTIMAL,3639,5.117,255,3639,10,frontEnd=high_sil_isolated_checker;rasta=none;powspec=none;audspec=none;compJah=high_sil_isolated_checker;rastaFilter=none;backEnd=low_sil_doer_checker,True,True,True,255,OPTIMAL,2133,2133,True
e2_var,chk50,f_random_hw,1.10,SL,TOTALCOST,281,period_ub=281,OPTIMAL,3603,266,4.715,OPTIMAL,3603,5.399,266,3603,9,frontEnd=high_sil_isolated_checker;rasta=none;powspec=none;audspec=none;compJah=high_sil_isolated_checker;rastaFilter=none;backEnd=low_sil_doer_checker,True,True,True,281,OPTIMAL,2125,2125,True
e2_var,chk50,f_random_hw,1.25,SL,TOTALCOST,319,period_ub=319,OPTIMAL,3473,319,4.76,OPTIMAL,3473,6.185,319,3473,9,frontEnd=high_sil_isolated_checker;rasta=none;powspec=none;audspec=none;compJah=high_sil_isolated_checker;rastaFilter=none;backEnd=low_sil_doer_checker,True,True,True,319,OPTIMAL,1973,1973,True
e2_var,chk50,f_random_hw,1.50,SL,TOTALCOST,383,period_ub=383,OPTIMAL,3473,319,6.888,OPTIMAL,3473,7.269,319,3473,9,frontEnd=high_sil_isolated_checker;rasta=none;powspec=none;audspec=none;compJah=high_sil_isolated_checker;rastaFilter=none;backEnd=low_sil_doer_checker,True,True,True,383,OPTIMAL,1973,1973,True
e2_var,chk50,f_random_hw,2.00,SL,TOTALCOST,510,period_ub=510,OPTIMAL,3400,500,5.446,OPTIMAL,3400,7.656,493,3400,7,frontEnd=two_of_two_high_sil;rasta=none;powspec=none;audspec=none;compJah=high_sil_isolated_checker;rastaFilter=none;backEnd=low_sil_doer_checker,True,True,True,510,OPTIMAL,1965,1965,True
e2_var,chk50,d_random_hw,none,SL,TOTALCOST,,,OPTIMAL,1857,1974,5.238,OPTIMAL,1857,5.284,1838,1857,3,frontEnd=low_sil_doer_checker;rasta=none;powspec=none;audspec=none;compJah=low_sil_doer_checker;rastaFilter=none;backEnd=low_sil_doer_checker,True,True,True,3339,OPTIMAL,1168,1168,True
e2_var,chk50,d_random_hw,1.00,SL,TOTALCOST,255,period_ub=255,UNSAT,,,3.149,UNSAT,,3.221,,,,,,,,,OPTIMAL,1391,1391,True
e2_var,chk50,d_random_hw,1.10,SL,TOTALCOST,281,period_ub=281,UNSAT,,,3.344,UNSAT,,3.21,,,,,,,,,OPTIMAL,1380,1380,True
e2_var,chk50,d_random_hw,1.25,SL,TOTALCOST,319,period_ub=319,OPTIMAL,1967,319,4.09,OPTIMAL,1967,4.661,319,1967,9,frontEnd=low_sil_doer_checker;rasta=none;powspec=none;audspec=none;compJah=low_sil_doer_checker;rastaFilter=none;backEnd=low_sil_diverse_doer_checker,True,True,True,319,OPTIMAL,1228,1228,True
e2_var,chk50,d_random_hw,1.50,SL,TOTALCOST,383,period_ub=383,OPTIMAL,1934,350,4.751,OPTIMAL,1934,5.335,350,1934,8,frontEnd=low_sil_doer_checker;rasta=none;powspec=none;audspec=none;compJah=low_sil_doer_checker;rastaFilter=none;backEnd=low_sil_doer_checker,True,True,True,383,OPTIMAL,1228,1228,True
e2_var,chk50,d_random_hw,2.00,SL,TOTALCOST,510,period_ub=510,OPTIMAL,1912,485,5.519,OPTIMAL,1912,4.859,501,1912,6,frontEnd=low_sil_doer_checker;rasta=none;powspec=none;audspec=none;compJah=low_sil_doer_checker;rastaFilter=none;backEnd=low_sil_doer_checker,True,True,True,510,OPTIMAL,1220,1220,True
e2_var,chk50,d_systematic_sw,none,SL,TOTALCOST,,,OPTIMAL,1846,1974,3.358,OPTIMAL,1846,3.405,1974,1846,2,frontEnd=same_cpu_doer_checker;rasta=none;powspec=none;audspec=none;compJah=same_cpu_doer_checker;rastaFilter=none;backEnd=same_cpu_doer_checker,True,True,True,2430,OPTIMAL,1168,1168,True
e2_var,chk50,d_systematic_sw,1.00,SL,TOTALCOST,255,period_ub=255,UNSAT,,,3.055,UNSAT,,2.969,,,,,,,,,OPTIMAL,1391,1391,True
e2_var,chk50,d_systematic_sw,1.10,SL,TOTALCOST,281,period_ub=281,UNSAT,,,3.093,UNSAT,,3.097,,,,,,,,,OPTIMAL,1380,1380,True
e2_var,chk50,d_systematic_sw,1.25,SL,TOTALCOST,319,period_ub=319,OPTIMAL,1912,319,3.548,OPTIMAL,1912,3.168,319,1912,6,frontEnd=same_cpu_doer_checker;rasta=none;powspec=none;audspec=none;compJah=same_cpu_doer_checker;rastaFilter=none;backEnd=same_cpu_doer_checker,True,True,True,319,OPTIMAL,1228,1228,True
e2_var,chk50,d_systematic_sw,1.50,SL,TOTALCOST,383,period_ub=383,OPTIMAL,1909,338,3.464,OPTIMAL,1909,3.427,338,1909,6,frontEnd=same_cpu_doer_checker;rasta=none;powspec=none;audspec=none;compJah=same_cpu_doer_checker;rastaFilter=none;backEnd=same_cpu_doer_checker,True,True,True,383,OPTIMAL,1228,1228,True
e2_var,chk50,d_systematic_sw,2.00,SL,TOTALCOST,510,period_ub=510,OPTIMAL,1898,449,3.532,OPTIMAL,1898,3.634,449,1898,5,frontEnd=same_cpu_doer_checker;rasta=none;powspec=none;audspec=none;compJah=same_cpu_doer_checker;rastaFilter=none;backEnd=same_cpu_doer_checker,True,True,True,510,OPTIMAL,1220,1220,True
e2_var,chk50,f_sw3,none,SL,TOTALCOST,,,OPTIMAL,3365,1079,4.33,OPTIMAL,3365,4.375,1079,3365,4,frontEnd=two_of_two_high_sil;rasta=none;powspec=none;audspec=none;compJah=two_of_two_high_sil;rastaFilter=none;backEnd=same_cpu_doer_checker,True,True,True,3176,OPTIMAL,1914,1914,True
e2_var,chk50,f_sw3,1.00,SL,TOTALCOST,255,period_ub=255,OPTIMAL,4670,255,3.612,OPTIMAL,4670,3.629,255,4670,9,frontEnd=mixed_sil_doer_checker;rasta=none;powspec=none;audspec=none;compJah=mixed_sil_doer_checker;rastaFilter=none;backEnd=same_cpu_doer_checker,True,True,True,255,OPTIMAL,2133,2133,True
e2_var,chk50,f_sw3,1.10,SL,TOTALCOST,281,period_ub=281,OPTIMAL,4662,266,3.707,OPTIMAL,4662,3.81,266,4662,8,frontEnd=mixed_sil_doer_checker;rasta=none;powspec=none;audspec=none;compJah=mixed_sil_doer_checker;rastaFilter=none;backEnd=same_cpu_doer_checker,True,True,True,281,OPTIMAL,2125,2125,True
e2_var,chk50,f_sw3,1.25,SL,TOTALCOST,319,period_ub=319,OPTIMAL,3988,319,3.899,OPTIMAL,3988,4.055,319,3988,8,frontEnd=two_of_two_high_sil;rasta=none;powspec=none;audspec=none;compJah=mixed_sil_doer_checker;rastaFilter=none;backEnd=same_cpu_doer_checker,True,True,True,319,OPTIMAL,1973,1973,True
e2_var,chk50,f_sw3,1.50,SL,TOTALCOST,383,period_ub=383,OPTIMAL,3469,365,4.199,OPTIMAL,3469,4.164,365,3469,8,frontEnd=two_of_two_high_sil;rasta=none;powspec=none;audspec=none;compJah=two_of_two_high_sil;rastaFilter=none;backEnd=same_cpu_doer_checker,True,True,True,383,OPTIMAL,1973,1973,True
e2_var,chk50,f_sw3,2.00,SL,TOTALCOST,510,period_ub=510,OPTIMAL,3461,449,4.066,OPTIMAL,3461,4.568,449,3461,7,frontEnd=two_of_two_high_sil;rasta=none;powspec=none;audspec=none;compJah=two_of_two_high_sil;rastaFilter=none;backEnd=same_cpu_doer_checker,True,True,True,510,OPTIMAL,1965,1965,True
e2_var,chk50,f_both3,none,SL,TOTALCOST,,,OPTIMAL,3406,1267,4.316,OPTIMAL,3406,4.272,1079,3406,5,frontEnd=two_of_two_high_sil;rasta=none;powspec=none;audspec=none;compJah=two_of_two_high_sil;rastaFilter=none;backEnd=low_sil_diverse_doer_checker,True,True,True,3176,OPTIMAL,1914,1914,True
e2_var,chk50,f_both3,1.00,SL,TOTALCOST,255,period_ub=255,OPTIMAL,4871,255,4.413,OPTIMAL,4871,3.661,255,4871,11,frontEnd=mixed_sil_doer_checker;rasta=none;powspec=none;audspec=none;compJah=mixed_sil_doer_checker;rastaFilter=none;backEnd=low_sil_diverse_doer_checker,True,True,True,255,OPTIMAL,2133,2133,True
e2_var,chk50,f_both3,1.10,SL,TOTALCOST,281,period_ub=281,OPTIMAL,4700,279,3.708,OPTIMAL,4700,3.844,279,4700,9,frontEnd=mixed_sil_doer_checker;rasta=none;powspec=none;audspec=none;compJah=mixed_sil_doer_checker;rastaFilter=none;backEnd=low_sil_diverse_doer_checker,True,True,True,281,OPTIMAL,2125,2125,True
e2_var,chk50,f_both3,1.25,SL,TOTALCOST,319,period_ub=319,OPTIMAL,4149,319,3.764,OPTIMAL,4149,3.855,319,4149,9,frontEnd=two_of_two_high_sil;rasta=none;powspec=none;audspec=none;compJah=mixed_sil_doer_checker;rastaFilter=none;backEnd=low_sil_diverse_doer_checker,True,True,True,319,OPTIMAL,1973,1973,True
e2_var,chk50,f_both3,1.50,SL,TOTALCOST,383,period_ub=383,OPTIMAL,3630,365,4.081,OPTIMAL,3630,4.365,365,3630,9,frontEnd=two_of_two_high_sil;rasta=none;powspec=none;audspec=none;compJah=two_of_two_high_sil;rastaFilter=none;backEnd=low_sil_diverse_doer_checker,True,True,True,383,OPTIMAL,1973,1973,True
e2_var,chk50,f_both3,2.00,SL,TOTALCOST,510,period_ub=510,OPTIMAL,3622,449,4.337,OPTIMAL,3622,4.51,449,3622,8,frontEnd=two_of_two_high_sil;rasta=none;powspec=none;audspec=none;compJah=two_of_two_high_sil;rastaFilter=none;backEnd=low_sil_diverse_doer_checker,True,True,True,510,OPTIMAL,1965,1965,True
e2_var,chk50,c_pat,none,SL,TOTALCOST,,,OPTIMAL,3349,1137,12.297,OPTIMAL,3349,12.268,1373,3349,5,frontEnd=high_sil_isolated_checker;rasta=none;powspec=none;audspec=none;compJah=two_of_two_high_sil;rastaFilter=none;backEnd=low_sil_doer_checker,True,True,True,1818,OPTIMAL,1914,1914,True
e2_var,chk50,c_pat,1.00,SL,TOTALCOST,255,period_ub=255,OPTIMAL,3639,255,10.2,OPTIMAL,3639,11.195,255,3639,10,frontEnd=high_sil_isolated_checker;rasta=none;powspec=none;audspec=none;compJah=high_sil_isolated_checker;rastaFilter=none;backEnd=low_sil_doer_checker,True,True,True,255,OPTIMAL,2133,2133,True
e2_var,chk50,c_pat,1.10,SL,TOTALCOST,281,period_ub=281,OPTIMAL,3603,266,13.177,OPTIMAL,3603,14.432,266,3603,9,frontEnd=high_sil_isolated_checker;rasta=none;powspec=none;audspec=none;compJah=high_sil_isolated_checker;rastaFilter=none;backEnd=low_sil_doer_checker,True,True,True,281,OPTIMAL,2125,2125,True
e2_var,chk50,c_pat,1.25,SL,TOTALCOST,319,period_ub=319,OPTIMAL,3473,319,10.214,OPTIMAL,3473,10.987,319,3473,9,frontEnd=high_sil_isolated_checker;rasta=none;powspec=none;audspec=none;compJah=high_sil_isolated_checker;rastaFilter=none;backEnd=low_sil_doer_checker,True,True,True,319,OPTIMAL,1973,1973,True
e2_var,chk50,c_pat,1.50,SL,TOTALCOST,383,period_ub=383,OPTIMAL,3473,326,12.136,OPTIMAL,3473,13.186,326,3473,9,frontEnd=two_of_two_high_sil;rasta=none;powspec=none;audspec=none;compJah=high_sil_isolated_checker;rastaFilter=none;backEnd=low_sil_doer_checker,True,True,True,383,OPTIMAL,1973,1973,True
e2_var,chk50,c_pat,2.00,SL,TOTALCOST,510,period_ub=510,OPTIMAL,3400,487,12.374,OPTIMAL,3400,11.714,487,3400,7,frontEnd=high_sil_isolated_checker;rasta=none;powspec=none;audspec=none;compJah=high_sil_isolated_checker;rastaFilter=none;backEnd=low_sil_doer_checker,True,True,True,501,OPTIMAL,1965,1965,True
e2_var,chk50,pc_sobel,none,SL,TOTALCOST,100000,,OPTIMAL,1401,768,4.742,OPTIMAL,1401,4.656,768,1401,3,get_pixel=two_of_two_high_sil;gx=none;gy=none;abs=none,True,True,True,768,OPTIMAL,873,873,True
e2_var,chk50,pc_sobel,1.00,SL,TOTALCOST,384,period_ub=384,OPTIMAL,1409,384,4.043,OPTIMAL,1409,4.351,384,1409,3,get_pixel=high_sil_isolated_checker;gx=none;gy=none;abs=none,True,True,True,384,OPTIMAL,873,873,True
e2_var,chk50,pc_sobel,1.10,SL,TOTALCOST,423,period_ub=423,OPTIMAL,1405,416,4.282,OPTIMAL,1405,4.536,416,1405,3,get_pixel=high_sil_isolated_checker;gx=none;gy=none;abs=none,True,True,True,423,OPTIMAL,873,873,True
e2_var,chk50,pc_sobel,1.25,SL,TOTALCOST,480,period_ub=480,OPTIMAL,1403,480,4.363,OPTIMAL,1403,4.326,480,1403,3,get_pixel=high_sil_isolated_checker;gx=none;gy=none;abs=none,True,True,True,480,OPTIMAL,873,873,True
e2_var,chk50,pc_sobel,1.50,SL,TOTALCOST,576,period_ub=576,OPTIMAL,1401,576,4.656,OPTIMAL,1401,4.865,544,1401,3,get_pixel=high_sil_isolated_checker;gx=none;gy=none;abs=none,True,True,True,576,OPTIMAL,873,873,True
e2_var,chk50,pc_sobel,2.00,SL,TOTALCOST,768,period_ub=768,OPTIMAL,1401,576,4.77,OPTIMAL,1401,4.748,768,1401,3,get_pixel=two_of_two_high_sil;gx=none;gy=none;abs=none,True,True,True,768,OPTIMAL,873,873,True
e2_var,chk50,v_nvp,none,SL,TOTALCOST,,,OPTIMAL,5680,1180,4.387,OPTIMAL,5680,4.558,1180,5680,6,frontEnd=nvp_three_version;rasta=none;powspec=none;audspec=none;compJah=nvp_three_version;rastaFilter=none;backEnd=low_sil_diverse_doer_checker,True,True,True,3327,OPTIMAL,1914,1914,True
e2_var,chk50,v_nvp,1.00,SL,TOTALCOST,235,period_ub=235,OPTIMAL,6155,235,8.782,OPTIMAL,6155,4.145,235,6155,13,frontEnd=nvp_three_version;rasta=none;powspec=none;audspec=none;compJah=nvp_three_version;rastaFilter=none;backEnd=low_sil_diverse_doer_checker,True,True,True,235,OPTIMAL,2133,2133,True
e2_var,chk50,v_nvp,1.10,SL,TOTALCOST,259,period_ub=259,OPTIMAL,5995,254,5.239,OPTIMAL,5995,4.39,254,5995,12,frontEnd=nvp_three_version;rasta=none;powspec=none;audspec=none;compJah=nvp_three_version;rastaFilter=none;backEnd=low_sil_diverse_doer_checker,True,True,True,259,OPTIMAL,2133,2133,True
e2_var,chk50,v_nvp,1.25,SL,TOTALCOST,294,period_ub=294,OPTIMAL,5988,282,4.565,OPTIMAL,5988,4.533,282,5988,12,frontEnd=nvp_three_version;rasta=none;powspec=none;audspec=none;compJah=nvp_three_version;rastaFilter=none;backEnd=low_sil_diverse_doer_checker,True,True,True,294,OPTIMAL,2009,2009,True
e2_var,chk50,v_nvp,1.50,SL,TOTALCOST,353,period_ub=353,OPTIMAL,5952,319,4.449,OPTIMAL,5952,4.609,319,5952,11,frontEnd=nvp_three_version;rasta=none;powspec=none;audspec=none;compJah=nvp_three_version;rastaFilter=none;backEnd=low_sil_diverse_doer_checker,True,True,True,353,OPTIMAL,1973,1973,True
e2_var,chk50,v_nvp,2.00,SL,TOTALCOST,470,period_ub=470,OPTIMAL,5944,449,4.563,OPTIMAL,5944,4.749,449,5944,10,frontEnd=nvp_three_version;rasta=none;powspec=none;audspec=none;compJah=nvp_three_version;rastaFilter=none;backEnd=low_sil_diverse_doer_checker,True,True,True,470,OPTIMAL,1965,1965,True
