variant,instance,factor,mu_star,aliases,baseline,status,seconds,total_cost,mu_max,mu_list,nprocs,hw_cost,dev_cost,promotion_cost,partition_total,pattern_cost,power,patterns,verify_ok,fix_ok,period_ub,step1_status,step1_seconds,step1_total_cost,step1_verify_ok,mu_solver,pin_status,pin_seconds,pin_ok
tok2,p_rasta,-,,,min_period,OPTIMAL,14.488,5198,235,[235],9,730,4398,1198,60,10,1264,frontEnd=two_of_two_high_sil;rasta=one_of_two_failover;powspec=none;audspec=low_sil_doer_checker;compJah=two_of_two_high_sil;rastaFilter=none;backEnd=low_sil_doer_checker,True,,,,,,,235,,,
tok2,p_rasta,none,235,,joint,OPTIMAL,6.303,3330,1012,[1012],2,320,2974,0,30,6,360,frontEnd=high_sil_isolated_checker;rasta=none;powspec=none;audspec=none;compJah=high_sil_isolated_checker;rastaFilter=none;backEnd=low_sil_doer_checker,True,,,,,,,4655,OPTIMAL,0.587,True
tok2,p_rasta,none,235,,PFmin,OPTIMAL,4.737,3330,1012,[1012],2,320,2974,0,30,6,360,frontEnd=two_of_two_high_sil;rasta=none;powspec=none;audspec=none;compJah=two_of_two_high_sil;rastaFilter=none;backEnd=low_sil_doer_checker,True,True,,,,,,4655,OPTIMAL,0.585,True
tok2,p_rasta,none,235,,PFmax,OPTIMAL,3.88,3330,1012,[1012],2,320,2974,0,30,6,360,frontEnd=two_of_two_high_sil;rasta=none;powspec=none;audspec=none;compJah=two_of_two_high_sil;rastaFilter=none;backEnd=low_sil_diverse_doer_checker,True,True,,,,,,4655,OPTIMAL,0.602,True
tok2,p_rasta,none,235,,PFlight,OPTIMAL,4.767,3330,1012,[1012],2,320,2974,0,30,6,360,frontEnd=high_sil_isolated_checker;rasta=none;powspec=none;audspec=none;compJah=high_sil_isolated_checker;rastaFilter=none;backEnd=low_sil_doer_checker,True,True,,,,,,4655,OPTIMAL,0.593,True
tok2,p_rasta,none,235,,PFcheap,OPTIMAL,4.648,3330,1012,[1012],2,320,2974,0,30,6,360,frontEnd=high_sil_isolated_checker;rasta=none;powspec=none;audspec=none;compJah=high_sil_isolated_checker;rastaFilter=none;backEnd=low_sil_doer_checker,True,True,,,,,,4655,OPTIMAL,0.579,True
tok2,p_rasta,1.00,235,,joint,OPTIMAL,15.152,3615,235,[235],9,620,2974,0,15,6,1092,frontEnd=high_sil_isolated_checker;rasta=none;powspec=none;audspec=none;compJah=high_sil_isolated_checker;rastaFilter=none;backEnd=low_sil_doer_checker,True,,235,,,,,235,OPTIMAL,0.589,True
tok2,p_rasta,1.00,235,,PFmin,OPTIMAL,3.872,3615,235,[235],9,620,2974,0,15,6,1092,frontEnd=two_of_two_high_sil;rasta=none;powspec=none;audspec=none;compJah=two_of_two_high_sil;rastaFilter=none;backEnd=low_sil_doer_checker,True,True,235,,,,,235,OPTIMAL,0.589,True
tok2,p_rasta,1.00,235,,PFmax,OPTIMAL,4.193,3633,235,[235],10,653,2974,0,0,6,1132,frontEnd=two_of_two_high_sil;rasta=none;powspec=none;audspec=none;compJah=two_of_two_high_sil;rastaFilter=none;backEnd=low_sil_diverse_doer_checker,True,True,235,,,,,235,OPTIMAL,0.586,True
tok2,p_rasta,1.00,235,,PFlight,OPTIMAL,5.544,3615,235,[235],9,620,2974,0,15,6,1092,frontEnd=high_sil_isolated_checker;rasta=none;powspec=none;audspec=none;compJah=high_sil_isolated_checker;rastaFilter=none;backEnd=low_sil_doer_checker,True,True,235,,,,,235,OPTIMAL,0.613,True
tok2,p_rasta,1.00,235,,PFcheap,OPTIMAL,5.147,3615,235,[235],9,620,2974,0,15,6,1092,frontEnd=high_sil_isolated_checker;rasta=none;powspec=none;audspec=none;compJah=high_sil_isolated_checker;rastaFilter=none;backEnd=low_sil_doer_checker,True,True,235,,,,,235,OPTIMAL,0.589,True
tok2,p_rasta,1.10,235,,joint,OPTIMAL,11.803,3455,256,[256],8,460,2974,0,15,6,912,frontEnd=high_sil_isolated_checker;rasta=none;powspec=none;audspec=none;compJah=high_sil_isolated_checker;rastaFilter=none;backEnd=low_sil_doer_checker,True,,259,,,,,259,OPTIMAL,0.642,True
tok2,p_rasta,1.10,235,,PFmin,OPTIMAL,4.147,3615,235,[235],9,620,2974,0,15,6,1092,frontEnd=two_of_two_high_sil;rasta=none;powspec=none;audspec=none;compJah=two_of_two_high_sil;rastaFilter=none;backEnd=low_sil_doer_checker,True,True,259,,,,,259,OPTIMAL,0.602,True
tok2,p_rasta,1.10,235,,PFmax,OPTIMAL,4.268,3618,258,[258],9,623,2974,0,15,6,1124,frontEnd=two_of_two_high_sil;rasta=none;powspec=none;audspec=none;compJah=two_of_two_high_sil;rastaFilter=none;backEnd=low_sil_diverse_doer_checker,True,True,259,,,,,259,OPTIMAL,0.63,True
tok2,p_rasta,1.10,235,,PFlight,OPTIMAL,4.156,3455,256,[256],8,460,2974,0,15,6,912,frontEnd=high_sil_isolated_checker;rasta=none;powspec=none;audspec=none;compJah=high_sil_isolated_checker;rastaFilter=none;backEnd=low_sil_doer_checker,True,True,259,,,,,259,OPTIMAL,0.596,True
tok2,p_rasta,1.10,235,,PFcheap,OPTIMAL,4.463,3455,256,[256],8,460,2974,0,15,6,912,frontEnd=high_sil_isolated_checker;rasta=none;powspec=none;audspec=none;compJah=high_sil_isolated_checker;rastaFilter=none;backEnd=low_sil_doer_checker,True,True,259,,,,,259,OPTIMAL,0.584,True
tok2,p_rasta,1.25,235,,joint,OPTIMAL,38.943,3430,282,[282],7,420,2974,0,30,6,732,frontEnd=high_sil_isolated_checker;rasta=none;powspec=none;audspec=none;compJah=high_sil_isolated_checker;rastaFilter=none;backEnd=low_sil_doer_checker,True,,294,,,,,294,OPTIMAL,0.575,True
tok2,p_rasta,1.25,235,,PFmin,OPTIMAL,7.148,3473,282,[282],8,463,2974,0,30,6,944,frontEnd=two_of_two_high_sil;rasta=none;powspec=none;audspec=none;compJah=two_of_two_high_sil;rastaFilter=none;backEnd=low_sil_doer_checker,True,True,294,,,,,294,OPTIMAL,0.564,True
tok2,p_rasta,1.25,235,,PFmax,OPTIMAL,7.242,3473,282,[282],8,463,2974,0,30,6,944,frontEnd=two_of_two_high_sil;rasta=none;powspec=none;audspec=none;compJah=two_of_two_high_sil;rastaFilter=none;backEnd=low_sil_diverse_doer_checker,True,True,294,,,,,294,OPTIMAL,0.602,True
tok2,p_rasta,1.25,235,,PFlight,OPTIMAL,8.655,3430,282,[282],7,420,2974,0,30,6,732,frontEnd=high_sil_isolated_checker;rasta=none;powspec=none;audspec=none;compJah=high_sil_isolated_checker;rastaFilter=none;backEnd=low_sil_doer_checker,True,True,294,,,,,294,OPTIMAL,0.601,True
tok2,p_rasta,1.25,235,,PFcheap,OPTIMAL,8.479,3430,282,[282],7,420,2974,0,30,6,732,frontEnd=high_sil_isolated_checker;rasta=none;powspec=none;audspec=none;compJah=high_sil_isolated_checker;rastaFilter=none;backEnd=low_sil_doer_checker,True,True,294,,,,,294,OPTIMAL,0.602,True
tok2,p_rasta,1.50,235,,joint,SAT,300.405,3415,319,[319],7,420,2974,0,15,6,732,frontEnd=two_of_two_high_sil;rasta=none;powspec=none;audspec=none;compJah=high_sil_isolated_checker;rastaFilter=none;backEnd=low_sil_doer_checker,True,,353,,,,,353,OPTIMAL,0.583,True
tok2,p_rasta,1.50,235,,PFmin,OPTIMAL,14.91,3415,319,[319],7,420,2974,0,15,6,732,frontEnd=two_of_two_high_sil;rasta=none;powspec=none;audspec=none;compJah=two_of_two_high_sil;rastaFilter=none;backEnd=low_sil_doer_checker,True,True,353,,,,,353,OPTIMAL,0.573,True
tok2,p_rasta,1.50,235,,PFmax,OPTIMAL,7.445,3415,319,[319],7,420,2974,0,15,6,732,frontEnd=two_of_two_high_sil;rasta=none;powspec=none;audspec=none;compJah=two_of_two_high_sil;rastaFilter=none;backEnd=low_sil_diverse_doer_checker,True,True,353,,,,,353,OPTIMAL,0.583,True
tok2,p_rasta,1.50,235,,PFlight,OPTIMAL,43.442,3415,319,[319],7,420,2974,0,15,6,732,frontEnd=high_sil_isolated_checker;rasta=none;powspec=none;audspec=none;compJah=high_sil_isolated_checker;rastaFilter=none;backEnd=low_sil_doer_checker,True,True,353,,,,,353,OPTIMAL,0.577,True
tok2,p_rasta,1.50,235,,PFcheap,OPTIMAL,49.636,3415,320,[320],7,420,2974,0,15,6,647,frontEnd=high_sil_isolated_checker;rasta=none;powspec=none;audspec=none;compJah=high_sil_isolated_checker;rastaFilter=none;backEnd=low_sil_doer_checker,True,True,353,,,,,353,OPTIMAL,0.768,True
tok2,p_rasta,2.00,235,,joint,SAT,300.451,3399,449,[449],5,404,2974,0,15,6,652,frontEnd=high_sil_isolated_checker;rasta=none;powspec=none;audspec=none;compJah=high_sil_isolated_checker;rastaFilter=none;backEnd=low_sil_doer_checker,True,,470,,,,,470,OPTIMAL,0.552,True
tok2,p_rasta,2.00,235,,PFmin,SAT,300.354,3399,451,[451],5,404,2974,0,15,6,652,frontEnd=two_of_two_high_sil;rasta=none;powspec=none;audspec=none;compJah=two_of_two_high_sil;rastaFilter=none;backEnd=low_sil_doer_checker,True,True,470,,,,,470,OPTIMAL,0.551,True
tok2,p_rasta,2.00,235,,PFmax,SAT,300.355,3399,449,[449],5,404,2974,0,15,6,652,frontEnd=two_of_two_high_sil;rasta=none;powspec=none;audspec=none;compJah=two_of_two_high_sil;rastaFilter=none;backEnd=low_sil_diverse_doer_checker,True,True,470,,,,,470,OPTIMAL,0.532,True
tok2,p_rasta,2.00,235,,PFlight,SAT,300.358,3399,449,[449],5,404,2974,0,15,6,652,frontEnd=high_sil_isolated_checker;rasta=none;powspec=none;audspec=none;compJah=high_sil_isolated_checker;rastaFilter=none;backEnd=low_sil_doer_checker,True,True,470,,,,,470,OPTIMAL,0.572,True
tok2,p_rasta,2.00,235,,PFcheap,SAT,300.372,3399,449,[449],5,404,2974,0,15,6,652,frontEnd=high_sil_isolated_checker;rasta=none;powspec=none;audspec=none;compJah=high_sil_isolated_checker;rastaFilter=none;backEnd=low_sil_doer_checker,True,True,470,,,,,470,OPTIMAL,0.632,True
tok2,f_random_hw,-,,p_rasta_noiso,min_period,OPTIMAL,34.804,7180,235,[235],8,716,6451,2620,0,13,1160,frontEnd=mixed_sil_doer_checker;rasta=low_sil_diverse_doer_checker;powspec=low_sil_diverse_doer_checker;audspec=low_sil_diverse_doer_checker;compJah=high_sil_isolated_checker;rastaFilter=none;backEnd=low_sil_doer_checker,True,,,,,,,235,,,
tok2,f_random_hw,none,235,p_rasta_noiso,joint,OPTIMAL,9.684,3349,1079,[1079],5,369,2974,0,0,6,480,frontEnd=high_sil_isolated_checker;rasta=none;powspec=none;audspec=none;compJah=high_sil_isolated_checker;rastaFilter=none;backEnd=low_sil_doer_checker,True,,,,,,,4655,OPTIMAL,0.568,True
tok2,f_random_hw,none,235,p_rasta_noiso,PFmin,OPTIMAL,5.665,3349,1080,[1080],5,369,2974,0,0,6,480,frontEnd=two_of_two_high_sil;rasta=none;powspec=none;audspec=none;compJah=two_of_two_high_sil;rastaFilter=none;backEnd=low_sil_doer_checker,True,True,,,,,,4655,OPTIMAL,0.549,True
tok2,f_random_hw,none,235,p_rasta_noiso,PFmax,OPTIMAL,5.101,3374,1079,[1079],5,394,2974,0,0,6,480,frontEnd=two_of_two_high_sil;rasta=none;powspec=none;audspec=none;compJah=two_of_two_high_sil;rastaFilter=none;backEnd=low_sil_diverse_doer_checker,True,True,,,,,,4655,OPTIMAL,0.57,True
tok2,f_random_hw,none,235,p_rasta_noiso,PFlight,OPTIMAL,5.241,3349,1079,[1079],5,369,2974,0,0,6,480,frontEnd=high_sil_isolated_checker;rasta=none;powspec=none;audspec=none;compJah=high_sil_isolated_checker;rastaFilter=none;backEnd=low_sil_doer_checker,True,True,,,,,,4655,OPTIMAL,0.57,True
tok2,f_random_hw,none,235,p_rasta_noiso,PFcheap,OPTIMAL,5.554,3349,1079,[1079],5,369,2974,0,0,6,480,frontEnd=high_sil_isolated_checker;rasta=none;powspec=none;audspec=none;compJah=high_sil_isolated_checker;rastaFilter=none;backEnd=low_sil_doer_checker,True,True,,,,,,4655,OPTIMAL,0.604,True
tok2,f_random_hw,1.00,235,p_rasta_noiso,joint,OPTIMAL,11.029,3633,235,[235],10,653,2974,0,0,6,1132,frontEnd=high_sil_isolated_checker;rasta=none;powspec=none;audspec=none;compJah=two_of_two_high_sil;rastaFilter=none;backEnd=low_sil_doer_checker,True,,235,,,,,235,OPTIMAL,0.562,True
tok2,f_random_hw,1.00,235,p_rasta_noiso,PFmin,OPTIMAL,3.973,3633,235,[235],10,653,2974,0,0,6,1132,frontEnd=two_of_two_high_sil;rasta=none;powspec=none;audspec=none;compJah=two_of_two_high_sil;rastaFilter=none;backEnd=low_sil_doer_checker,True,True,235,,,,,235,OPTIMAL,0.565,True
tok2,f_random_hw,1.00,235,p_rasta_noiso,PFmax,OPTIMAL,3.063,3633,235,[235],10,653,2974,0,0,6,1132,frontEnd=two_of_two_high_sil;rasta=none;powspec=none;audspec=none;compJah=two_of_two_high_sil;rastaFilter=none;backEnd=low_sil_diverse_doer_checker,True,True,235,,,,,235,OPTIMAL,0.547,True
tok2,f_random_hw,1.00,235,p_rasta_noiso,PFlight,OPTIMAL,3.55,3633,235,[235],10,653,2974,0,0,6,1132,frontEnd=high_sil_isolated_checker;rasta=none;powspec=none;audspec=none;compJah=high_sil_isolated_checker;rastaFilter=none;backEnd=low_sil_doer_checker,True,True,235,,,,,235,OPTIMAL,0.543,True
tok2,f_random_hw,1.00,235,p_rasta_noiso,PFcheap,OPTIMAL,3.642,3633,235,[235],10,653,2974,0,0,6,1132,frontEnd=high_sil_isolated_checker;rasta=none;powspec=none;audspec=none;compJah=high_sil_isolated_checker;rastaFilter=none;backEnd=low_sil_doer_checker,True,True,235,,,,,235,OPTIMAL,0.578,True
tok2,f_random_hw,1.10,235,p_rasta_noiso,joint,OPTIMAL,10.662,3476,256,[256],9,496,2974,0,0,6,984,frontEnd=high_sil_isolated_checker;rasta=none;powspec=none;audspec=none;compJah=two_of_two_high_sil;rastaFilter=none;backEnd=low_sil_doer_checker,True,,259,,,,,259,OPTIMAL,0.55,True
tok2,f_random_hw,1.10,235,p_rasta_noiso,PFmin,OPTIMAL,3.938,3633,235,[235],10,653,2974,0,0,6,1132,frontEnd=two_of_two_high_sil;rasta=none;powspec=none;audspec=none;compJah=two_of_two_high_sil;rastaFilter=none;backEnd=low_sil_doer_checker,True,True,259,,,,,259,OPTIMAL,0.557,True
tok2,f_random_hw,1.10,235,p_rasta_noiso,PFmax,OPTIMAL,3.577,3633,235,[235],10,653,2974,0,0,6,1132,frontEnd=two_of_two_high_sil;rasta=none;powspec=none;audspec=none;compJah=two_of_two_high_sil;rastaFilter=none;backEnd=low_sil_diverse_doer_checker,True,True,259,,,,,259,OPTIMAL,0.56,True
tok2,f_random_hw,1.10,235,p_rasta_noiso,PFlight,OPTIMAL,3.92,3476,256,[256],9,496,2974,0,0,6,984,frontEnd=high_sil_isolated_checker;rasta=none;powspec=none;audspec=none;compJah=high_sil_isolated_checker;rastaFilter=none;backEnd=low_sil_doer_checker,True,True,259,,,,,259,OPTIMAL,0.552,True
tok2,f_random_hw,1.10,235,p_rasta_noiso,PFcheap,OPTIMAL,3.883,3476,256,[256],9,496,2974,0,0,6,984,frontEnd=high_sil_isolated_checker;rasta=none;powspec=none;audspec=none;compJah=high_sil_isolated_checker;rastaFilter=none;backEnd=low_sil_doer_checker,True,True,259,,,,,259,OPTIMAL,0.53,True
tok2,f_random_hw,1.25,235,p_rasta_noiso,joint,OPTIMAL,13.606,3440,266,[266],8,460,2974,0,0,6,912,frontEnd=high_sil_isolated_checker;rasta=none;powspec=none;audspec=none;compJah=two_of_two_high_sil;rastaFilter=none;backEnd=low_sil_doer_checker,True,,294,,,,,294,OPTIMAL,0.566,True
tok2,f_random_hw,1.25,235,p_rasta_noiso,PFmin,OPTIMAL,4.993,3484,282,[282],10,504,2974,0,0,6,1024,frontEnd=two_of_two_high_sil;rasta=none;powspec=none;audspec=none;compJah=two_of_two_high_sil;rastaFilter=none;backEnd=low_sil_doer_checker,True,True,294,,,,,294,OPTIMAL,0.541,True
tok2,f_random_hw,1.25,235,p_rasta_noiso,PFmax,OPTIMAL,3.919,3484,282,[282],10,504,2974,0,0,6,1024,frontEnd=two_of_two_high_sil;rasta=none;powspec=none;audspec=none;compJah=two_of_two_high_sil;rastaFilter=none;backEnd=low_sil_diverse_doer_checker,True,True,294,,,,,294,OPTIMAL,0.535,True
tok2,f_random_hw,1.25,235,p_rasta_noiso,PFlight,OPTIMAL,4.505,3440,281,[281],8,460,2974,0,0,6,912,frontEnd=high_sil_isolated_checker;rasta=none;powspec=none;audspec=none;compJah=high_sil_isolated_checker;rastaFilter=none;backEnd=low_sil_doer_checker,True,True,294,,,,,294,OPTIMAL,0.533,True
tok2,f_random_hw,1.25,235,p_rasta_noiso,PFcheap,OPTIMAL,4.637,3440,266,[266],8,460,2974,0,0,6,912,frontEnd=high_sil_isolated_checker;rasta=none;powspec=none;audspec=none;compJah=high_sil_isolated_checker;rastaFilter=none;backEnd=low_sil_doer_checker,True,True,294,,,,,294,OPTIMAL,0.601,True
tok2,f_random_hw,1.50,235,p_rasta_noiso,joint,OPTIMAL,25.707,3433,319,[319],8,453,2974,0,0,6,772,frontEnd=two_of_two_high_sil;rasta=none;powspec=none;audspec=none;compJah=high_sil_isolated_checker;rastaFilter=none;backEnd=low_sil_doer_checker,True,,353,,,,,353,OPTIMAL,0.543,True
tok2,f_random_hw,1.50,235,p_rasta_noiso,PFmin,OPTIMAL,6.078,3433,319,[319],8,453,2974,0,0,6,772,frontEnd=two_of_two_high_sil;rasta=none;powspec=none;audspec=none;compJah=two_of_two_high_sil;rastaFilter=none;backEnd=low_sil_doer_checker,True,True,353,,,,,353,OPTIMAL,0.559,True
tok2,f_random_hw,1.50,235,p_rasta_noiso,PFmax,OPTIMAL,5.363,3433,319,[319],8,453,2974,0,0,6,772,frontEnd=two_of_two_high_sil;rasta=none;powspec=none;audspec=none;compJah=two_of_two_high_sil;rastaFilter=none;backEnd=low_sil_diverse_doer_checker,True,True,353,,,,,353,OPTIMAL,0.558,True
tok2,f_random_hw,1.50,235,p_rasta_noiso,PFlight,OPTIMAL,5.545,3433,319,[319],8,453,2974,0,0,6,772,frontEnd=high_sil_isolated_checker;rasta=none;powspec=none;audspec=none;compJah=high_sil_isolated_checker;rastaFilter=none;backEnd=low_sil_doer_checker,True,True,353,,,,,353,OPTIMAL,0.54,True
tok2,f_random_hw,1.50,235,p_rasta_noiso,PFcheap,OPTIMAL,5.482,3433,319,[319],8,453,2974,0,0,6,772,frontEnd=high_sil_isolated_checker;rasta=none;powspec=none;audspec=none;compJah=high_sil_isolated_checker;rastaFilter=none;backEnd=low_sil_doer_checker,True,True,353,,,,,353,OPTIMAL,0.583,True
tok2,f_random_hw,2.00,235,p_rasta_noiso,joint,OPTIMAL,28.354,3400,449,[449],7,420,2974,0,0,6,732,frontEnd=high_sil_isolated_checker;rasta=none;powspec=none;audspec=none;compJah=high_sil_isolated_checker;rastaFilter=none;backEnd=low_sil_doer_checker,True,,470,,,,,470,OPTIMAL,0.56,True
tok2,f_random_hw,2.00,235,p_rasta_noiso,PFmin,OPTIMAL,7.504,3400,451,[451],7,420,2974,0,0,6,732,frontEnd=two_of_two_high_sil;rasta=none;powspec=none;audspec=none;compJah=two_of_two_high_sil;rastaFilter=none;backEnd=low_sil_doer_checker,True,True,470,,,,,470,OPTIMAL,0.548,True
tok2,f_random_hw,2.00,235,p_rasta_noiso,PFmax,OPTIMAL,7.131,3425,449,[449],7,445,2974,0,0,6,732,frontEnd=two_of_two_high_sil;rasta=none;powspec=none;audspec=none;compJah=two_of_two_high_sil;rastaFilter=none;backEnd=low_sil_diverse_doer_checker,True,True,470,,,,,470,OPTIMAL,0.54,True
tok2,f_random_hw,2.00,235,p_rasta_noiso,PFlight,OPTIMAL,8.055,3400,449,[449],7,420,2974,0,0,6,732,frontEnd=high_sil_isolated_checker;rasta=none;powspec=none;audspec=none;compJah=high_sil_isolated_checker;rastaFilter=none;backEnd=low_sil_doer_checker,True,True,470,,,,,470,OPTIMAL,0.564,True
tok2,f_random_hw,2.00,235,p_rasta_noiso,PFcheap,OPTIMAL,5.086,3400,449,[449],7,420,2974,0,0,6,732,frontEnd=high_sil_isolated_checker;rasta=none;powspec=none;audspec=none;compJah=high_sil_isolated_checker;rastaFilter=none;backEnd=low_sil_doer_checker,True,True,470,,,,,470,OPTIMAL,0.551,True
tok2,d_random_hw,-,,,min_period,OPTIMAL,5.891,7281,235,[235],10,741,6528,4387,0,12,1336,frontEnd=low_sil_doer_checker;rasta=one_of_two_failover;powspec=none;audspec=one_of_two_failover;compJah=low_sil_doer_checker;rastaFilter=one_of_two_failover;backEnd=low_sil_doer_checker,True,,,,,,,235,,,
tok2,d_random_hw,none,235,,joint,OPTIMAL,6.936,1857,1620,[1620],3,49,1802,0,0,6,120,frontEnd=low_sil_doer_checker;rasta=none;powspec=none;audspec=none;compJah=low_sil_doer_checker;rastaFilter=none;backEnd=low_sil_doer_checker,True,,,,,,,3012,OPTIMAL,0.452,True
tok2,d_random_hw,none,235,,PFmin,OPTIMAL,3.489,1857,1620,[1620],3,49,1802,0,0,6,120,frontEnd=low_sil_doer_checker;rasta=none;powspec=none;audspec=none;compJah=low_sil_doer_checker;rastaFilter=none;backEnd=low_sil_doer_checker,True,True,,,,,,3012,OPTIMAL,0.474,True
tok2,d_random_hw,none,235,,PFmax,OPTIMAL,3.4,1882,1620,[1620],3,74,1802,0,0,6,120,frontEnd=low_sil_diverse_doer_checker;rasta=none;powspec=none;audspec=none;compJah=low_sil_diverse_doer_checker;rastaFilter=none;backEnd=low_sil_diverse_doer_checker,True,True,,,,,,3012,OPTIMAL,0.477,True
tok2,d_random_hw,none,235,,PFlight,OPTIMAL,3.313,1857,1620,[1620],3,49,1802,0,0,6,120,frontEnd=low_sil_doer_checker;rasta=none;powspec=none;audspec=none;compJah=low_sil_doer_checker;rastaFilter=none;backEnd=low_sil_doer_checker,True,True,,,,,,3012,OPTIMAL,0.451,True
tok2,d_random_hw,none,235,,PFcheap,OPTIMAL,3.256,1857,1620,[1620],3,49,1802,0,0,6,120,frontEnd=low_sil_doer_checker;rasta=none;powspec=none;audspec=none;compJah=low_sil_doer_checker;rastaFilter=none;backEnd=low_sil_doer_checker,True,True,,,,,,3012,OPTIMAL,0.481,True
tok2,d_random_hw,1.00,235,,joint,OPTIMAL,8.794,2091,235,[235],9,283,1802,0,0,6,596,frontEnd=low_sil_doer_checker;rasta=none;powspec=none;audspec=none;compJah=low_sil_doer_checker;rastaFilter=none;backEnd=low_sil_doer_checker,True,,235,,,,,235,OPTIMAL,0.529,True
tok2,d_random_hw,1.00,235,,PFmin,OPTIMAL,3.345,2091,235,[235],9,283,1802,0,0,6,596,frontEnd=low_sil_doer_checker;rasta=none;powspec=none;audspec=none;compJah=low_sil_doer_checker;rastaFilter=none;backEnd=low_sil_doer_checker,True,True,235,,,,,235,OPTIMAL,0.465,True
tok2,d_random_hw,1.00,235,,PFmax,OPTIMAL,2.899,2091,235,[235],9,283,1802,0,0,6,596,frontEnd=low_sil_diverse_doer_checker;rasta=none;powspec=none;audspec=none;compJah=low_sil_diverse_doer_checker;rastaFilter=none;backEnd=low_sil_diverse_doer_checker,True,True,235,,,,,235,OPTIMAL,0.47,True
tok2,d_random_hw,1.00,235,,PFlight,OPTIMAL,3.201,2091,235,[235],9,283,1802,0,0,6,596,frontEnd=low_sil_doer_checker;rasta=none;powspec=none;audspec=none;compJah=low_sil_doer_checker;rastaFilter=none;backEnd=low_sil_doer_checker,True,True,235,,,,,235,OPTIMAL,0.454,True
tok2,d_random_hw,1.00,235,,PFcheap,OPTIMAL,3.218,2091,235,[235],9,283,1802,0,0,6,596,frontEnd=low_sil_doer_checker;rasta=none;powspec=none;audspec=none;compJah=low_sil_doer_checker;rastaFilter=none;backEnd=low_sil_doer_checker,True,True,235,,,,,235,OPTIMAL,0.526,True
tok2,d_random_hw,1.10,235,,joint,OPTIMAL,10.085,2091,235,[235],9,283,1802,0,0,6,596,frontEnd=low_sil_doer_checker;rasta=none;powspec=none;audspec=none;compJah=low_sil_doer_checker;rastaFilter=none;backEnd=low_sil_doer_checker,True,,259,,,,,259,OPTIMAL,0.479,True
tok2,d_random_hw,1.10,235,,PFmin,OPTIMAL,3.668,2091,253,[253],9,283,1802,0,0,6,596,frontEnd=low_sil_doer_checker;rasta=none;powspec=none;audspec=none;compJah=low_sil_doer_checker;rastaFilter=none;backEnd=low_sil_doer_checker,True,True,259,,,,,259,OPTIMAL,0.492,True
tok2,d_random_hw,1.10,235,,PFmax,OPTIMAL,3.453,2091,248,[248],9,283,1802,0,0,6,596,frontEnd=low_sil_diverse_doer_checker;rasta=none;powspec=none;audspec=none;compJah=low_sil_diverse_doer_checker;rastaFilter=none;backEnd=low_sil_diverse_doer_checker,True,True,259,,,,,259,OPTIMAL,0.472,True
tok2,d_random_hw,1.10,235,,PFlight,OPTIMAL,3.622,2091,248,[248],9,283,1802,0,0,6,596,frontEnd=low_sil_doer_checker;rasta=none;powspec=none;audspec=none;compJah=low_sil_doer_checker;rastaFilter=none;backEnd=low_sil_doer_checker,True,True,259,,,,,259,OPTIMAL,0.479,True
tok2,d_random_hw,1.10,235,,PFcheap,OPTIMAL,3.856,2091,253,[253],9,283,1802,0,0,6,596,frontEnd=low_sil_doer_checker;rasta=none;powspec=none;audspec=none;compJah=low_sil_doer_checker;rastaFilter=none;backEnd=low_sil_doer_checker,True,True,259,,,,,259,OPTIMAL,0.484,True
tok2,d_random_hw,1.25,235,,joint,OPTIMAL,11.556,1940,291,[291],8,132,1802,0,0,6,512,frontEnd=low_sil_doer_checker;rasta=none;powspec=none;audspec=none;compJah=low_sil_doer_checker;rastaFilter=none;backEnd=low_sil_doer_checker,True,,294,,,,,294,OPTIMAL,0.473,True
tok2,d_random_hw,1.25,235,,PFmin,OPTIMAL,4.065,1940,291,[291],8,132,1802,0,0,6,512,frontEnd=low_sil_doer_checker;rasta=none;powspec=none;audspec=none;compJah=low_sil_doer_checker;rastaFilter=none;backEnd=low_sil_doer_checker,True,True,294,,,,,294,OPTIMAL,0.464,True
tok2,d_random_hw,1.25,235,,PFmax,OPTIMAL,3.823,1940,291,[291],8,132,1802,0,0,6,512,frontEnd=low_sil_diverse_doer_checker;rasta=none;powspec=none;audspec=none;compJah=low_sil_diverse_doer_checker;rastaFilter=none;backEnd=low_sil_diverse_doer_checker,True,True,294,,,,,294,OPTIMAL,0.465,True
tok2,d_random_hw,1.25,235,,PFlight,OPTIMAL,3.145,1940,291,[291],8,132,1802,0,0,6,512,frontEnd=low_sil_doer_checker;rasta=none;powspec=none;audspec=none;compJah=low_sil_doer_checker;rastaFilter=none;backEnd=low_sil_doer_checker,True,True,294,,,,,294,OPTIMAL,0.476,True
tok2,d_random_hw,1.25,235,,PFcheap,OPTIMAL,4.121,1940,291,[291],8,132,1802,0,0,6,512,frontEnd=low_sil_doer_checker;rasta=none;powspec=none;audspec=none;compJah=low_sil_doer_checker;rastaFilter=none;backEnd=low_sil_doer_checker,True,True,294,,,,,294,OPTIMAL,0.478,True
tok2,d_random_hw,1.50,235,,joint,OPTIMAL,7.786,1917,353,[353],7,109,1802,0,0,6,312,frontEnd=low_sil_doer_checker;rasta=none;powspec=none;audspec=none;compJah=low_sil_doer_checker;rastaFilter=none;backEnd=low_sil_doer_checker,True,,353,,,,,353,OPTIMAL,0.482,True
tok2,d_random_hw,1.50,235,,PFmin,OPTIMAL,3.781,1917,353,[353],7,109,1802,0,0,6,312,frontEnd=low_sil_doer_checker;rasta=none;powspec=none;audspec=none;compJah=low_sil_doer_checker;rastaFilter=none;backEnd=low_sil_doer_checker,True,True,353,,,,,353,OPTIMAL,0.446,True
tok2,d_random_hw,1.50,235,,PFmax,OPTIMAL,4.656,1917,353,[353],7,109,1802,0,0,6,312,frontEnd=low_sil_diverse_doer_checker;rasta=none;powspec=none;audspec=none;compJah=low_sil_diverse_doer_checker;rastaFilter=none;backEnd=low_sil_diverse_doer_checker,True,True,353,,,,,353,OPTIMAL,0.535,True
tok2,d_random_hw,1.50,235,,PFlight,OPTIMAL,3.776,1917,353,[353],7,109,1802,0,0,6,312,frontEnd=low_sil_doer_checker;rasta=none;powspec=none;audspec=none;compJah=low_sil_doer_checker;rastaFilter=none;backEnd=low_sil_doer_checker,True,True,353,,,,,353,OPTIMAL,0.465,True
tok2,d_random_hw,1.50,235,,PFcheap,OPTIMAL,4.742,1917,353,[353],7,109,1802,0,0,6,312,frontEnd=low_sil_doer_checker;rasta=none;powspec=none;audspec=none;compJah=low_sil_doer_checker;rastaFilter=none;backEnd=low_sil_doer_checker,True,True,353,,,,,353,OPTIMAL,0.478,True
tok2,d_random_hw,2.00,235,,joint,OPTIMAL,10.597,1909,449,[449],6,101,1802,0,0,6,272,frontEnd=low_sil_doer_checker;rasta=none;powspec=none;audspec=none;compJah=low_sil_doer_checker;rastaFilter=none;backEnd=low_sil_doer_checker,True,,470,,,,,470,OPTIMAL,0.55,True
tok2,d_random_hw,2.00,235,,PFmin,OPTIMAL,4.333,1909,449,[449],6,101,1802,0,0,6,272,frontEnd=low_sil_doer_checker;rasta=none;powspec=none;audspec=none;compJah=low_sil_doer_checker;rastaFilter=none;backEnd=low_sil_doer_checker,True,True,470,,,,,470,OPTIMAL,0.476,True
tok2,d_random_hw,2.00,235,,PFmax,OPTIMAL,3.084,1909,449,[449],6,101,1802,0,0,6,272,frontEnd=low_sil_diverse_doer_checker;rasta=none;powspec=none;audspec=none;compJah=low_sil_diverse_doer_checker;rastaFilter=none;backEnd=low_sil_diverse_doer_checker,True,True,470,,,,,470,OPTIMAL,0.447,True
tok2,d_random_hw,2.00,235,,PFlight,OPTIMAL,4.046,1909,449,[449],6,101,1802,0,0,6,272,frontEnd=low_sil_doer_checker;rasta=none;powspec=none;audspec=none;compJah=low_sil_doer_checker;rastaFilter=none;backEnd=low_sil_doer_checker,True,True,470,,,,,470,OPTIMAL,0.444,True
tok2,d_random_hw,2.00,235,,PFcheap,OPTIMAL,4.199,1909,449,[449],6,101,1802,0,0,6,272,frontEnd=low_sil_doer_checker;rasta=none;powspec=none;audspec=none;compJah=low_sil_doer_checker;rastaFilter=none;backEnd=low_sil_doer_checker,True,True,470,,,,,470,OPTIMAL,0.453,True
tok2,d_systematic_sw,-,,p_sw,min_period,OPTIMAL,3.716,5200,235,[235],9,733,4459,2318,0,8,1211,frontEnd=same_cpu_doer_checker;rasta=same_cpu_doer_checker;powspec=none;audspec=same_cpu_doer_checker;compJah=low_sil_diverse_doer_checker;rastaFilter=low_sil_diverse_doer_checker;backEnd=same_cpu_doer_checker,True,,,,,,,235,,,
tok2,d_systematic_sw,none,235,p_sw,joint,OPTIMAL,3.416,1846,1751,[1751],2,41,1802,0,0,3,80,frontEnd=same_cpu_doer_checker;rasta=none;powspec=none;audspec=none;compJah=same_cpu_doer_checker;rastaFilter=none;backEnd=same_cpu_doer_checker,True,,,,,,,2103,OPTIMAL,0.416,True
tok2,d_systematic_sw,none,235,p_sw,PFmin,OPTIMAL,2.14,1846,1766,[1766],2,41,1802,0,0,3,80,frontEnd=same_cpu_doer_checker;rasta=none;powspec=none;audspec=none;compJah=same_cpu_doer_checker;rastaFilter=none;backEnd=same_cpu_doer_checker,True,True,,,,,,2103,OPTIMAL,0.425,True
tok2,d_systematic_sw,none,235,p_sw,PFmax,OPTIMAL,2.466,2009,1620,[1620],3,201,1802,0,0,6,175,frontEnd=low_sil_diverse_doer_checker;rasta=none;powspec=none;audspec=none;compJah=low_sil_diverse_doer_checker;rastaFilter=none;backEnd=low_sil_diverse_doer_checker,True,True,,,,,,2103,OPTIMAL,0.425,True
tok2,d_systematic_sw,none,235,p_sw,PFlight,OPTIMAL,2.157,1846,1684,[1684],2,41,1802,0,0,3,80,frontEnd=same_cpu_doer_checker;rasta=none;powspec=none;audspec=none;compJah=same_cpu_doer_checker;rastaFilter=none;backEnd=same_cpu_doer_checker,True,True,,,,,,2103,OPTIMAL,0.422,True
tok2,d_systematic_sw,none,235,p_sw,PFcheap,OPTIMAL,2.194,1846,1684,[1684],2,41,1802,0,0,3,80,frontEnd=same_cpu_doer_checker;rasta=none;powspec=none;audspec=none;compJah=same_cpu_doer_checker;rastaFilter=none;backEnd=same_cpu_doer_checker,True,True,,,,,,2103,OPTIMAL,0.438,True
tok2,d_systematic_sw,1.00,235,p_sw,joint,OPTIMAL,3.842,2104,235,[235],7,299,1802,0,0,3,656,frontEnd=same_cpu_doer_checker;rasta=none;powspec=none;audspec=none;compJah=same_cpu_doer_checker;rastaFilter=none;backEnd=same_cpu_doer_checker,True,,235,,,,,235,OPTIMAL,0.427,True
tok2,d_systematic_sw,1.00,235,p_sw,PFmin,OPTIMAL,2.766,2104,235,[235],7,299,1802,0,0,3,656,frontEnd=same_cpu_doer_checker;rasta=none;powspec=none;audspec=none;compJah=same_cpu_doer_checker;rastaFilter=none;backEnd=same_cpu_doer_checker,True,True,235,,,,,235,OPTIMAL,0.426,True
tok2,d_systematic_sw,1.00,235,p_sw,PFmax,OPTIMAL,2.159,2272,235,[235],9,464,1802,0,0,6,844,frontEnd=low_sil_diverse_doer_checker;rasta=none;powspec=none;audspec=none;compJah=low_sil_diverse_doer_checker;rastaFilter=none;backEnd=low_sil_diverse_doer_checker,True,True,235,,,,,235,OPTIMAL,0.427,True
tok2,d_systematic_sw,1.00,235,p_sw,PFlight,OPTIMAL,2.785,2104,235,[235],7,299,1802,0,0,3,656,frontEnd=same_cpu_doer_checker;rasta=none;powspec=none;audspec=none;compJah=same_cpu_doer_checker;rastaFilter=none;backEnd=same_cpu_doer_checker,True,True,235,,,,,235,OPTIMAL,0.431,True
tok2,d_systematic_sw,1.00,235,p_sw,PFcheap,OPTIMAL,2.738,2104,235,[235],7,299,1802,0,0,3,656,frontEnd=same_cpu_doer_checker;rasta=none;powspec=none;audspec=none;compJah=same_cpu_doer_checker;rastaFilter=none;backEnd=same_cpu_doer_checker,True,True,235,,,,,235,OPTIMAL,0.434,True
tok2,d_systematic_sw,1.10,235,p_sw,joint,OPTIMAL,3.75,2104,235,[235],7,299,1802,0,0,3,656,frontEnd=same_cpu_doer_checker;rasta=none;powspec=none;audspec=none;compJah=same_cpu_doer_checker;rastaFilter=none;backEnd=same_cpu_doer_checker,True,,259,,,,,259,OPTIMAL,0.461,True
tok2,d_systematic_sw,1.10,235,p_sw,PFmin,OPTIMAL,1.414,2104,235,[235],7,299,1802,0,0,3,656,frontEnd=same_cpu_doer_checker;rasta=none;powspec=none;audspec=none;compJah=same_cpu_doer_checker;rastaFilter=none;backEnd=same_cpu_doer_checker,True,True,259,,,,,259,OPTIMAL,0.449,True
tok2,d_systematic_sw,1.10,235,p_sw,PFmax,OPTIMAL,2.361,2271,258,[258],8,463,1802,0,0,6,944,frontEnd=low_sil_diverse_doer_checker;rasta=none;powspec=none;audspec=none;compJah=low_sil_diverse_doer_checker;rastaFilter=none;backEnd=low_sil_diverse_doer_checker,True,True,259,,,,,259,OPTIMAL,0.435,True
tok2,d_systematic_sw,1.10,235,p_sw,PFlight,OPTIMAL,1.418,2104,235,[235],7,299,1802,0,0,3,656,frontEnd=same_cpu_doer_checker;rasta=none;powspec=none;audspec=none;compJah=same_cpu_doer_checker;rastaFilter=none;backEnd=same_cpu_doer_checker,True,True,259,,,,,259,OPTIMAL,0.434,True
tok2,d_systematic_sw,1.10,235,p_sw,PFcheap,OPTIMAL,1.399,2104,235,[235],7,299,1802,0,0,3,656,frontEnd=same_cpu_doer_checker;rasta=none;powspec=none;audspec=none;compJah=same_cpu_doer_checker;rastaFilter=none;backEnd=same_cpu_doer_checker,True,True,259,,,,,259,OPTIMAL,0.425,True
tok2,d_systematic_sw,1.25,235,p_sw,joint,OPTIMAL,3.755,1920,293,[293],7,115,1802,0,0,3,376,frontEnd=same_cpu_doer_checker;rasta=none;powspec=none;audspec=none;compJah=same_cpu_doer_checker;rastaFilter=none;backEnd=same_cpu_doer_checker,True,,294,,,,,294,OPTIMAL,0.445,True
tok2,d_systematic_sw,1.25,235,p_sw,PFmin,OPTIMAL,1.901,1920,293,[293],7,115,1802,0,0,3,376,frontEnd=same_cpu_doer_checker;rasta=none;powspec=none;audspec=none;compJah=same_cpu_doer_checker;rastaFilter=none;backEnd=same_cpu_doer_checker,True,True,294,,,,,294,OPTIMAL,0.441,True
tok2,d_systematic_sw,1.25,235,p_sw,PFmax,OPTIMAL,2.727,2118,282,[282],8,310,1802,0,0,6,728,frontEnd=low_sil_diverse_doer_checker;rasta=none;powspec=none;audspec=none;compJah=low_sil_diverse_doer_checker;rastaFilter=none;backEnd=low_sil_diverse_doer_checker,True,True,294,,,,,294,OPTIMAL,0.446,True
tok2,d_systematic_sw,1.25,235,p_sw,PFlight,OPTIMAL,1.898,1920,293,[293],7,115,1802,0,0,3,376,frontEnd=same_cpu_doer_checker;rasta=none;powspec=none;audspec=none;compJah=same_cpu_doer_checker;rastaFilter=none;backEnd=same_cpu_doer_checker,True,True,294,,,,,294,OPTIMAL,0.428,True
tok2,d_systematic_sw,1.25,235,p_sw,PFcheap,OPTIMAL,1.901,1920,293,[293],7,115,1802,0,0,3,376,frontEnd=same_cpu_doer_checker;rasta=none;powspec=none;audspec=none;compJah=same_cpu_doer_checker;rastaFilter=none;backEnd=same_cpu_doer_checker,True,True,294,,,,,294,OPTIMAL,0.43,True
tok2,d_systematic_sw,1.50,235,p_sw,joint,OPTIMAL,2.318,1909,319,[319],6,104,1802,0,0,3,304,frontEnd=same_cpu_doer_checker;rasta=none;powspec=none;audspec=none;compJah=same_cpu_doer_checker;rastaFilter=none;backEnd=same_cpu_doer_checker,True,,353,,,,,353,OPTIMAL,0.447,True
tok2,d_systematic_sw,1.50,235,p_sw,PFmin,OPTIMAL,2.084,1909,319,[319],6,104,1802,0,0,3,304,frontEnd=same_cpu_doer_checker;rasta=none;powspec=none;audspec=none;compJah=same_cpu_doer_checker;rastaFilter=none;backEnd=same_cpu_doer_checker,True,True,353,,,,,353,OPTIMAL,0.44,True
tok2,d_systematic_sw,1.50,235,p_sw,PFmax,OPTIMAL,2.876,2101,339,[339],7,293,1802,0,0,6,592,frontEnd=low_sil_diverse_doer_checker;rasta=none;powspec=none;audspec=none;compJah=low_sil_diverse_doer_checker;rastaFilter=none;backEnd=low_sil_diverse_doer_checker,True,True,353,,,,,353,OPTIMAL,0.423,True
tok2,d_systematic_sw,1.50,235,p_sw,PFlight,OPTIMAL,2.069,1909,319,[319],6,104,1802,0,0,3,304,frontEnd=same_cpu_doer_checker;rasta=none;powspec=none;audspec=none;compJah=same_cpu_doer_checker;rastaFilter=none;backEnd=same_cpu_doer_checker,True,True,353,,,,,353,OPTIMAL,0.43,True
tok2,d_systematic_sw,1.50,235,p_sw,PFcheap,OPTIMAL,2.058,1909,319,[319],6,104,1802,0,0,3,304,frontEnd=same_cpu_doer_checker;rasta=none;powspec=none;audspec=none;compJah=same_cpu_doer_checker;rastaFilter=none;backEnd=same_cpu_doer_checker,True,True,353,,,,,353,OPTIMAL,0.436,True
tok2,d_systematic_sw,2.00,235,p_sw,joint,OPTIMAL,3.811,1898,449,[449],5,93,1802,0,0,3,232,frontEnd=same_cpu_doer_checker;rasta=none;powspec=none;audspec=none;compJah=same_cpu_doer_checker;rastaFilter=none;backEnd=same_cpu_doer_checker,True,,470,,,,,470,OPTIMAL,0.425,True
tok2,d_systematic_sw,2.00,235,p_sw,PFmin,OPTIMAL,2.227,1898,449,[449],5,93,1802,0,0,3,232,frontEnd=same_cpu_doer_checker;rasta=none;powspec=none;audspec=none;compJah=same_cpu_doer_checker;rastaFilter=none;backEnd=same_cpu_doer_checker,True,True,470,,,,,470,OPTIMAL,0.424,True
tok2,d_systematic_sw,2.00,235,p_sw,PFmax,OPTIMAL,3.043,2064,469,[469],6,256,1802,0,0,6,444,frontEnd=low_sil_diverse_doer_checker;rasta=none;powspec=none;audspec=none;compJah=low_sil_diverse_doer_checker;rastaFilter=none;backEnd=low_sil_diverse_doer_checker,True,True,470,,,,,470,OPTIMAL,0.437,True
tok2,d_systematic_sw,2.00,235,p_sw,PFlight,OPTIMAL,2.208,1898,449,[449],5,93,1802,0,0,3,232,frontEnd=same_cpu_doer_checker;rasta=none;powspec=none;audspec=none;compJah=same_cpu_doer_checker;rastaFilter=none;backEnd=same_cpu_doer_checker,True,True,470,,,,,470,OPTIMAL,0.429,True
tok2,d_systematic_sw,2.00,235,p_sw,PFcheap,OPTIMAL,2.261,1898,449,[449],5,93,1802,0,0,3,232,frontEnd=same_cpu_doer_checker;rasta=none;powspec=none;audspec=none;compJah=same_cpu_doer_checker;rastaFilter=none;backEnd=same_cpu_doer_checker,True,True,470,,,,,470,OPTIMAL,0.428,True
tok2,f_sw3,-,,,min_period,OPTIMAL,5.076,8962,235,[235],12,1356,7590,3128,0,16,1817,frontEnd=mixed_sil_doer_checker;rasta=low_sil_diverse_doer_checker;powspec=low_sil_diverse_doer_checker;audspec=low_sil_diverse_doer_checker;compJah=mixed_sil_doer_checker;rastaFilter=low_sil_diverse_doer_checker;backEnd=low_sil_diverse_doer_checker,True,,,,,,,235,,,
tok2,f_sw3,none,235,,joint,OPTIMAL,5.235,3365,1079,[1079],4,386,2974,0,0,5,410,frontEnd=two_of_two_high_sil;rasta=none;powspec=none;audspec=none;compJah=two_of_two_high_sil;rastaFilter=none;backEnd=same_cpu_doer_checker,True,,,,,,,2750,OPTIMAL,0.455,True
tok2,f_sw3,none,235,,PFmin,OPTIMAL,3.159,3365,1104,[1104],4,386,2974,0,0,5,325,frontEnd=two_of_two_high_sil;rasta=none;powspec=none;audspec=none;compJah=two_of_two_high_sil;rastaFilter=none;backEnd=same_cpu_doer_checker,True,True,,,,,,2750,OPTIMAL,0.461,True
tok2,f_sw3,none,235,,PFmax,OPTIMAL,2.216,3406,1198,[1198],5,426,2974,0,0,6,505,frontEnd=two_of_two_high_sil;rasta=none;powspec=none;audspec=none;compJah=two_of_two_high_sil;rastaFilter=none;backEnd=low_sil_diverse_doer_checker,True,True,,,,,,2750,OPTIMAL,0.46,True
tok2,f_sw3,none,235,,PFlight,OPTIMAL,3.295,4403,1079,[1079],4,386,4010,0,0,7,410,frontEnd=mixed_sil_doer_checker;rasta=none;powspec=none;audspec=none;compJah=mixed_sil_doer_checker;rastaFilter=none;backEnd=same_cpu_doer_checker,True,True,,,,,,2750,OPTIMAL,0.466,True
tok2,f_sw3,none,235,,PFcheap,OPTIMAL,3.185,3365,1104,[1104],4,386,2974,0,0,5,325,frontEnd=two_of_two_high_sil;rasta=none;powspec=none;audspec=none;compJah=two_of_two_high_sil;rastaFilter=none;backEnd=same_cpu_doer_checker,True,True,,,,,,2750,OPTIMAL,0.467,True
tok2,f_sw3,1.00,235,,joint,OPTIMAL,6.581,3632,235,[235],9,653,2974,0,0,5,1064,frontEnd=two_of_two_high_sil;rasta=none;powspec=none;audspec=none;compJah=two_of_two_high_sil;rastaFilter=none;backEnd=same_cpu_doer_checker,True,,235,,,,,235,OPTIMAL,0.464,True
tok2,f_sw3,1.00,235,,PFmin,OPTIMAL,2.119,3632,235,[235],9,653,2974,0,0,5,979,frontEnd=two_of_two_high_sil;rasta=none;powspec=none;audspec=none;compJah=two_of_two_high_sil;rastaFilter=none;backEnd=same_cpu_doer_checker,True,True,235,,,,,235,OPTIMAL,0.461,True
tok2,f_sw3,1.00,235,,PFmax,OPTIMAL,2.343,3670,235,[235],10,690,2974,0,0,6,1212,frontEnd=two_of_two_high_sil;rasta=none;powspec=none;audspec=none;compJah=two_of_two_high_sil;rastaFilter=none;backEnd=low_sil_diverse_doer_checker,True,True,235,,,,,235,OPTIMAL,0.466,True
tok2,f_sw3,1.00,235,,PFlight,OPTIMAL,2.704,4665,235,[235],9,648,4010,0,0,7,1094,frontEnd=mixed_sil_doer_checker;rasta=none;powspec=none;audspec=none;compJah=mixed_sil_doer_checker;rastaFilter=none;backEnd=same_cpu_doer_checker,True,True,235,,,,,235,OPTIMAL,0.473,True
tok2,f_sw3,1.00,235,,PFcheap,OPTIMAL,2.09,3632,235,[235],9,653,2974,0,0,5,1064,frontEnd=two_of_two_high_sil;rasta=none;powspec=none;audspec=none;compJah=two_of_two_high_sil;rastaFilter=none;backEnd=same_cpu_doer_checker,True,True,235,,,,,235,OPTIMAL,0.462,True
tok2,f_sw3,1.10,235,,joint,OPTIMAL,7.612,3632,235,[235],9,653,2974,0,0,5,1064,frontEnd=two_of_two_high_sil;rasta=none;powspec=none;audspec=none;compJah=two_of_two_high_sil;rastaFilter=none;backEnd=same_cpu_doer_checker,True,,259,,,,,259,OPTIMAL,0.483,True
tok2,f_sw3,1.10,235,,PFmin,OPTIMAL,2.432,3632,235,[235],9,653,2974,0,0,5,1064,frontEnd=two_of_two_high_sil;rasta=none;powspec=none;audspec=none;compJah=two_of_two_high_sil;rastaFilter=none;backEnd=same_cpu_doer_checker,True,True,259,,,,,259,OPTIMAL,0.46,True
tok2,f_sw3,1.10,235,,PFmax,OPTIMAL,2.532,3670,235,[235],10,690,2974,0,0,6,1212,frontEnd=two_of_two_high_sil;rasta=none;powspec=none;audspec=none;compJah=two_of_two_high_sil;rastaFilter=none;backEnd=low_sil_diverse_doer_checker,True,True,259,,,,,259,OPTIMAL,0.461,True
tok2,f_sw3,1.10,235,,PFlight,OPTIMAL,2.928,4665,235,[235],9,648,4010,0,0,7,1094,frontEnd=mixed_sil_doer_checker;rasta=none;powspec=none;audspec=none;compJah=mixed_sil_doer_checker;rastaFilter=none;backEnd=same_cpu_doer_checker,True,True,259,,,,,259,OPTIMAL,0.461,True
tok2,f_sw3,1.10,235,,PFcheap,OPTIMAL,2.191,3632,235,[235],9,653,2974,0,0,5,979,frontEnd=two_of_two_high_sil;rasta=none;powspec=none;audspec=none;compJah=two_of_two_high_sil;rastaFilter=none;backEnd=same_cpu_doer_checker,True,True,259,,,,,259,OPTIMAL,0.475,True
tok2,f_sw3,1.25,235,,joint,OPTIMAL,6.566,3505,282,[282],9,526,2974,0,0,5,754,frontEnd=two_of_two_high_sil;rasta=none;powspec=none;audspec=none;compJah=two_of_two_high_sil;rastaFilter=none;backEnd=same_cpu_doer_checker,True,,294,,,,,294,OPTIMAL,0.46,True
tok2,f_sw3,1.25,235,,PFmin,OPTIMAL,2.766,3505,282,[282],9,526,2974,0,0,5,924,frontEnd=two_of_two_high_sil;rasta=none;powspec=none;audspec=none;compJah=two_of_two_high_sil;rastaFilter=none;backEnd=same_cpu_doer_checker,True,True,294,,,,,294,OPTIMAL,0.498,True
tok2,f_sw3,1.25,235,,PFmax,OPTIMAL,3.47,3662,266,[266],9,682,2974,0,0,6,1172,frontEnd=two_of_two_high_sil;rasta=none;powspec=none;audspec=none;compJah=two_of_two_high_sil;rastaFilter=none;backEnd=low_sil_diverse_doer_checker,True,True,294,,,,,294,OPTIMAL,0.474,True
tok2,f_sw3,1.25,235,,PFlight,OPTIMAL,3.413,4499,288,[288],7,482,4010,0,0,7,812,frontEnd=mixed_sil_doer_checker;rasta=none;powspec=none;audspec=none;compJah=mixed_sil_doer_checker;rastaFilter=none;backEnd=same_cpu_doer_checker,True,True,294,,,,,294,OPTIMAL,0.472,True
tok2,f_sw3,1.25,235,,PFcheap,OPTIMAL,2.766,3505,282,[282],9,526,2974,0,0,5,924,frontEnd=two_of_two_high_sil;rasta=none;powspec=none;audspec=none;compJah=two_of_two_high_sil;rastaFilter=none;backEnd=same_cpu_doer_checker,True,True,294,,,,,294,OPTIMAL,0.478,True
tok2,f_sw3,1.50,235,,joint,OPTIMAL,6.149,3429,322,[322],7,450,2974,0,0,5,672,frontEnd=two_of_two_high_sil;rasta=none;powspec=none;audspec=none;compJah=two_of_two_high_sil;rastaFilter=none;backEnd=same_cpu_doer_checker,True,,353,,,,,353,OPTIMAL,0.46,True
tok2,f_sw3,1.50,235,,PFmin,OPTIMAL,3.006,3429,322,[322],7,450,2974,0,0,5,672,frontEnd=two_of_two_high_sil;rasta=none;powspec=none;audspec=none;compJah=two_of_two_high_sil;rastaFilter=none;backEnd=same_cpu_doer_checker,True,True,353,,,,,353,OPTIMAL,0.454,True
tok2,f_sw3,1.50,235,,PFmax,OPTIMAL,3.298,3470,322,[322],8,490,2974,0,0,6,852,frontEnd=two_of_two_high_sil;rasta=none;powspec=none;audspec=none;compJah=two_of_two_high_sil;rastaFilter=none;backEnd=low_sil_diverse_doer_checker,True,True,353,,,,,353,OPTIMAL,0.483,True
tok2,f_sw3,1.50,235,,PFlight,OPTIMAL,3.291,4462,340,[340],7,445,4010,0,0,7,617,frontEnd=mixed_sil_doer_checker;rasta=none;powspec=none;audspec=none;compJah=mixed_sil_doer_checker;rastaFilter=none;backEnd=same_cpu_doer_checker,True,True,353,,,,,353,OPTIMAL,0.465,True
tok2,f_sw3,1.50,235,,PFcheap,OPTIMAL,2.957,3429,322,[322],7,450,2974,0,0,5,672,frontEnd=two_of_two_high_sil;rasta=none;powspec=none;audspec=none;compJah=two_of_two_high_sil;rastaFilter=none;backEnd=same_cpu_doer_checker,True,True,353,,,,,353,OPTIMAL,0.46,True
tok2,f_sw3,2.00,235,,joint,OPTIMAL,6.644,3416,449,[449],6,437,2974,0,0,5,662,frontEnd=two_of_two_high_sil;rasta=none;powspec=none;audspec=none;compJah=two_of_two_high_sil;rastaFilter=none;backEnd=same_cpu_doer_checker,True,,470,,,,,470,OPTIMAL,0.479,True
tok2,f_sw3,2.00,235,,PFmin,OPTIMAL,3.331,3416,449,[449],6,437,2974,0,0,5,492,frontEnd=two_of_two_high_sil;rasta=none;powspec=none;audspec=none;compJah=two_of_two_high_sil;rastaFilter=none;backEnd=same_cpu_doer_checker,True,True,470,,,,,470,OPTIMAL,0.473,True
tok2,f_sw3,2.00,235,,PFmax,OPTIMAL,3.089,3462,449,[449],7,482,2974,0,0,6,812,frontEnd=two_of_two_high_sil;rasta=none;powspec=none;audspec=none;compJah=two_of_two_high_sil;rastaFilter=none;backEnd=low_sil_diverse_doer_checker,True,True,470,,,,,470,OPTIMAL,0.466,True
tok2,f_sw3,2.00,235,,PFlight,OPTIMAL,3.675,4454,459,[459],6,437,4010,0,0,7,577,frontEnd=mixed_sil_doer_checker;rasta=none;powspec=none;audspec=none;compJah=mixed_sil_doer_checker;rastaFilter=none;backEnd=same_cpu_doer_checker,True,True,470,,,,,470,OPTIMAL,0.462,True
tok2,f_sw3,2.00,235,,PFcheap,OPTIMAL,3.462,3416,449,[449],6,437,2974,0,0,5,662,frontEnd=two_of_two_high_sil;rasta=none;powspec=none;audspec=none;compJah=two_of_two_high_sil;rastaFilter=none;backEnd=same_cpu_doer_checker,True,True,470,,,,,470,OPTIMAL,0.458,True
tok2,f_both3,-,,,min_period,OPTIMAL,5.478,9376,235,[235],9,1265,8104,4612,0,7,1470,frontEnd=two_of_two_high_sil;rasta=none;powspec=none;audspec=none;compJah=mixed_sil_doer_checker;rastaFilter=none;backEnd=low_sil_diverse_doer_checker,True,,,,,,,235,,,
tok2,f_both3,none,235,,joint,OPTIMAL,5.091,3406,1198,[1198],5,426,2974,0,0,6,505,frontEnd=two_of_two_high_sil;rasta=none;powspec=none;audspec=none;compJah=two_of_two_high_sil;rastaFilter=none;backEnd=low_sil_diverse_doer_checker,True,,,,,,,2750,OPTIMAL,0.477,True
tok2,f_both3,none,235,,PFmin,OPTIMAL,3.271,3406,1079,[1079],5,426,2974,0,0,6,590,frontEnd=two_of_two_high_sil;rasta=none;powspec=none;audspec=none;compJah=two_of_two_high_sil;rastaFilter=none;backEnd=low_sil_diverse_doer_checker,True,True,,,,,,2750,OPTIMAL,0.487,True
tok2,f_both3,none,235,,PFmax,OPTIMAL,3.183,3406,1126,[1126],5,426,2974,0,0,6,590,frontEnd=two_of_two_high_sil;rasta=none;powspec=none;audspec=none;compJah=two_of_two_high_sil;rastaFilter=none;backEnd=low_sil_diverse_doer_checker,True,True,,,,,,2750,OPTIMAL,0.475,True
tok2,f_both3,none,235,,PFlight,OPTIMAL,3.331,4444,1104,[1104],5,426,4010,0,0,8,590,frontEnd=mixed_sil_doer_checker;rasta=none;powspec=none;audspec=none;compJah=mixed_sil_doer_checker;rastaFilter=none;backEnd=low_sil_diverse_doer_checker,True,True,,,,,,2750,OPTIMAL,0.479,True
tok2,f_both3,none,235,,PFcheap,OPTIMAL,3.202,3406,1079,[1079],5,426,2974,0,0,6,590,frontEnd=two_of_two_high_sil;rasta=none;powspec=none;audspec=none;compJah=two_of_two_high_sil;rastaFilter=none;backEnd=low_sil_diverse_doer_checker,True,True,,,,,,2750,OPTIMAL,0.469,True
tok2,f_both3,1.00,235,,joint,OPTIMAL,6.25,3670,235,[235],10,690,2974,0,0,6,1212,frontEnd=two_of_two_high_sil;rasta=none;powspec=none;audspec=none;compJah=two_of_two_high_sil;rastaFilter=none;backEnd=low_sil_diverse_doer_checker,True,,235,,,,,235,OPTIMAL,0.476,True
tok2,f_both3,1.00,235,,PFmin,OPTIMAL,2.322,3670,235,[235],10,690,2974,0,0,6,1212,frontEnd=two_of_two_high_sil;rasta=none;powspec=none;audspec=none;compJah=two_of_two_high_sil;rastaFilter=none;backEnd=low_sil_diverse_doer_checker,True,True,235,,,,,235,OPTIMAL,0.472,True
tok2,f_both3,1.00,235,,PFmax,OPTIMAL,2.313,3670,235,[235],10,690,2974,0,0,6,1212,frontEnd=two_of_two_high_sil;rasta=none;powspec=none;audspec=none;compJah=two_of_two_high_sil;rastaFilter=none;backEnd=low_sil_diverse_doer_checker,True,True,235,,,,,235,OPTIMAL,0.475,True
tok2,f_both3,1.00,235,,PFlight,OPTIMAL,2.897,4708,235,[235],10,690,4010,0,0,8,1212,frontEnd=mixed_sil_doer_checker;rasta=none;powspec=none;audspec=none;compJah=mixed_sil_doer_checker;rastaFilter=none;backEnd=low_sil_diverse_doer_checker,True,True,235,,,,,235,OPTIMAL,0.465,True
tok2,f_both3,1.00,235,,PFcheap,OPTIMAL,2.336,3670,235,[235],10,690,2974,0,0,6,1212,frontEnd=two_of_two_high_sil;rasta=none;powspec=none;audspec=none;compJah=two_of_two_high_sil;rastaFilter=none;backEnd=low_sil_diverse_doer_checker,True,True,235,,,,,235,OPTIMAL,0.462,True
tok2,f_both3,1.10,235,,joint,OPTIMAL,6.725,3670,235,[235],10,690,2974,0,0,6,1212,frontEnd=two_of_two_high_sil;rasta=none;powspec=none;audspec=none;compJah=two_of_two_high_sil;rastaFilter=none;backEnd=low_sil_diverse_doer_checker,True,,259,,,,,259,OPTIMAL,0.453,True
tok2,f_both3,1.10,235,,PFmin,OPTIMAL,2.462,3670,235,[235],10,690,2974,0,0,6,1127,frontEnd=two_of_two_high_sil;rasta=none;powspec=none;audspec=none;compJah=two_of_two_high_sil;rastaFilter=none;backEnd=low_sil_diverse_doer_checker,True,True,259,,,,,259,OPTIMAL,0.462,True
tok2,f_both3,1.10,235,,PFmax,OPTIMAL,2.477,3670,235,[235],10,690,2974,0,0,6,1212,frontEnd=two_of_two_high_sil;rasta=none;powspec=none;audspec=none;compJah=two_of_two_high_sil;rastaFilter=none;backEnd=low_sil_diverse_doer_checker,True,True,259,,,,,259,OPTIMAL,0.47,True
tok2,f_both3,1.10,235,,PFlight,OPTIMAL,2.934,4708,254,[254],10,690,4010,0,0,8,1127,frontEnd=mixed_sil_doer_checker;rasta=none;powspec=none;audspec=none;compJah=mixed_sil_doer_checker;rastaFilter=none;backEnd=low_sil_diverse_doer_checker,True,True,259,,,,,259,OPTIMAL,0.468,True
tok2,f_both3,1.10,235,,PFcheap,OPTIMAL,2.46,3670,235,[235],10,690,2974,0,0,6,1212,frontEnd=two_of_two_high_sil;rasta=none;powspec=none;audspec=none;compJah=two_of_two_high_sil;rastaFilter=none;backEnd=low_sil_diverse_doer_checker,True,True,259,,,,,259,OPTIMAL,0.471,True
tok2,f_both3,1.25,235,,joint,OPTIMAL,8.597,3662,266,[266],9,682,2974,0,0,6,1172,frontEnd=two_of_two_high_sil;rasta=none;powspec=none;audspec=none;compJah=two_of_two_high_sil;rastaFilter=none;backEnd=low_sil_diverse_doer_checker,True,,294,,,,,294,OPTIMAL,0.454,True
tok2,f_both3,1.25,235,,PFmin,OPTIMAL,3.201,3662,266,[266],9,682,2974,0,0,6,1172,frontEnd=two_of_two_high_sil;rasta=none;powspec=none;audspec=none;compJah=two_of_two_high_sil;rastaFilter=none;backEnd=low_sil_diverse_doer_checker,True,True,294,,,,,294,OPTIMAL,0.476,True
tok2,f_both3,1.25,235,,PFmax,OPTIMAL,3.293,3662,266,[266],9,682,2974,0,0,6,1172,frontEnd=two_of_two_high_sil;rasta=none;powspec=none;audspec=none;compJah=two_of_two_high_sil;rastaFilter=none;backEnd=low_sil_diverse_doer_checker,True,True,294,,,,,294,OPTIMAL,0.472,True
tok2,f_both3,1.25,235,,PFlight,OPTIMAL,3.806,4547,294,[294],9,529,4010,0,0,8,956,frontEnd=mixed_sil_doer_checker;rasta=none;powspec=none;audspec=none;compJah=mixed_sil_doer_checker;rastaFilter=none;backEnd=low_sil_diverse_doer_checker,True,True,294,,,,,294,OPTIMAL,0.486,True
tok2,f_both3,1.25,235,,PFcheap,OPTIMAL,3.194,3662,266,[266],9,682,2974,0,0,6,1172,frontEnd=two_of_two_high_sil;rasta=none;powspec=none;audspec=none;compJah=two_of_two_high_sil;rastaFilter=none;backEnd=low_sil_diverse_doer_checker,True,True,294,,,,,294,OPTIMAL,0.462,True
tok2,f_both3,1.50,235,,joint,OPTIMAL,7.545,3470,322,[322],8,490,2974,0,0,6,852,frontEnd=two_of_two_high_sil;rasta=none;powspec=none;audspec=none;compJah=two_of_two_high_sil;rastaFilter=none;backEnd=low_sil_diverse_doer_checker,True,,353,,,,,353,OPTIMAL,0.473,True
tok2,f_both3,1.50,235,,PFmin,OPTIMAL,3.33,3470,322,[322],8,490,2974,0,0,6,852,frontEnd=two_of_two_high_sil;rasta=none;powspec=none;audspec=none;compJah=two_of_two_high_sil;rastaFilter=none;backEnd=low_sil_diverse_doer_checker,True,True,353,,,,,353,OPTIMAL,0.462,True
tok2,f_both3,1.50,235,,PFmax,OPTIMAL,3.247,3470,322,[322],8,490,2974,0,0,6,852,frontEnd=two_of_two_high_sil;rasta=none;powspec=none;audspec=none;compJah=two_of_two_high_sil;rastaFilter=none;backEnd=low_sil_diverse_doer_checker,True,True,353,,,,,353,OPTIMAL,0.46,True
tok2,f_both3,1.50,235,,PFlight,OPTIMAL,3.552,4508,319,[319],8,490,4010,0,0,8,852,frontEnd=mixed_sil_doer_checker;rasta=none;powspec=none;audspec=none;compJah=mixed_sil_doer_checker;rastaFilter=none;backEnd=low_sil_diverse_doer_checker,True,True,353,,,,,353,OPTIMAL,0.491,True
tok2,f_both3,1.50,235,,PFcheap,OPTIMAL,3.25,3470,322,[322],8,490,2974,0,0,6,852,frontEnd=two_of_two_high_sil;rasta=none;powspec=none;audspec=none;compJah=two_of_two_high_sil;rastaFilter=none;backEnd=low_sil_diverse_doer_checker,True,True,353,,,,,353,OPTIMAL,0.48,True
tok2,f_both3,2.00,235,,joint,OPTIMAL,8.123,3462,449,[449],7,482,2974,0,0,6,812,frontEnd=two_of_two_high_sil;rasta=none;powspec=none;audspec=none;compJah=two_of_two_high_sil;rastaFilter=none;backEnd=low_sil_diverse_doer_checker,True,,470,,,,,470,OPTIMAL,0.46,True
tok2,f_both3,2.00,235,,PFmin,OPTIMAL,3.605,3462,449,[449],7,482,2974,0,0,6,642,frontEnd=two_of_two_high_sil;rasta=none;powspec=none;audspec=none;compJah=two_of_two_high_sil;rastaFilter=none;backEnd=low_sil_diverse_doer_checker,True,True,470,,,,,470,OPTIMAL,0.467,True
tok2,f_both3,2.00,235,,PFmax,OPTIMAL,3.643,3462,449,[449],7,482,2974,0,0,6,727,frontEnd=two_of_two_high_sil;rasta=none;powspec=none;audspec=none;compJah=two_of_two_high_sil;rastaFilter=none;backEnd=low_sil_diverse_doer_checker,True,True,470,,,,,470,OPTIMAL,0.474,True
tok2,f_both3,2.00,235,,PFlight,OPTIMAL,3.742,4500,449,[449],7,482,4010,0,0,8,812,frontEnd=mixed_sil_doer_checker;rasta=none;powspec=none;audspec=none;compJah=mixed_sil_doer_checker;rastaFilter=none;backEnd=low_sil_diverse_doer_checker,True,True,470,,,,,470,OPTIMAL,0.458,True
tok2,f_both3,2.00,235,,PFcheap,OPTIMAL,3.617,3462,449,[449],7,482,2974,0,0,6,642,frontEnd=two_of_two_high_sil;rasta=none;powspec=none;audspec=none;compJah=two_of_two_high_sil;rastaFilter=none;backEnd=low_sil_diverse_doer_checker,True,True,470,,,,,470,OPTIMAL,0.464,True
tok2,c_pat,-,,,min_period,OPTIMAL,22.567,7325,235,[235],11,746,6564,2620,0,15,1344,frontEnd=mixed_sil_doer_checker;rasta=one_of_two_failover;powspec=low_sil_doer_checker;audspec=one_of_two_failover;compJah=high_sil_isolated_checker;rastaFilter=low_sil_doer_checker;backEnd=low_sil_doer_checker,True,,,,,,,235,,,
tok2,c_pat,none,235,,joint,OPTIMAL,16.573,3349,1137,[1137],5,369,2974,0,0,6,395,frontEnd=two_of_two_high_sil;rasta=none;powspec=none;audspec=none;compJah=two_of_two_high_sil;rastaFilter=none;backEnd=low_sil_doer_checker,True,,,,,,,1594,OPTIMAL,1.13,True
tok2,c_pat,none,235,,PFmin,OPTIMAL,11.58,3349,1282,[1282],5,369,2974,0,0,6,310,frontEnd=two_of_two_high_sil;rasta=none;powspec=none;audspec=none;compJah=two_of_two_high_sil;rastaFilter=none;backEnd=low_sil_doer_checker,True,True,,,,,,1282,OPTIMAL,1.131,True
tok2,c_pat,none,235,,PFmax,OPTIMAL,11.788,3374,1240,[1240],5,394,2974,0,0,6,480,frontEnd=two_of_two_high_sil;rasta=none;powspec=none;audspec=none;compJah=two_of_two_high_sil;rastaFilter=none;backEnd=low_sil_diverse_doer_checker,True,True,,,,,,1240,OPTIMAL,1.134,True
tok2,c_pat,none,235,,PFlight,OPTIMAL,12.008,3349,1188,[1188],5,369,2974,0,0,6,480,frontEnd=high_sil_isolated_checker;rasta=none;powspec=none;audspec=none;compJah=high_sil_isolated_checker;rastaFilter=none;backEnd=low_sil_doer_checker,True,True,,,,,,1211,OPTIMAL,1.154,True
tok2,c_pat,none,235,,PFcheap,OPTIMAL,11.758,3349,1239,[1239],5,369,2974,0,0,6,395,frontEnd=high_sil_isolated_checker;rasta=none;powspec=none;audspec=none;compJah=high_sil_isolated_checker;rastaFilter=none;backEnd=low_sil_doer_checker,True,True,,,,,,1524,OPTIMAL,1.139,True
tok2,c_pat,1.00,235,,joint,OPTIMAL,15.643,3633,235,[235],10,653,2974,0,0,6,1132,frontEnd=high_sil_isolated_checker;rasta=none;powspec=none;audspec=none;compJah=two_of_two_high_sil;rastaFilter=none;backEnd=low_sil_doer_checker,True,,235,,,,,235,OPTIMAL,1.153,True
tok2,c_pat,1.00,235,,PFmin,OPTIMAL,6.258,3633,235,[235],10,653,2974,0,0,6,1132,frontEnd=two_of_two_high_sil;rasta=none;powspec=none;audspec=none;compJah=two_of_two_high_sil;rastaFilter=none;backEnd=low_sil_doer_checker,True,True,235,,,,,235,OPTIMAL,1.138,True
tok2,c_pat,1.00,235,,PFmax,OPTIMAL,6.102,3633,235,[235],10,653,2974,0,0,6,1132,frontEnd=two_of_two_high_sil;rasta=none;powspec=none;audspec=none;compJah=two_of_two_high_sil;rastaFilter=none;backEnd=low_sil_diverse_doer_checker,True,True,235,,,,,235,OPTIMAL,1.154,True
tok2,c_pat,1.00,235,,PFlight,OPTIMAL,6.212,3633,235,[235],10,653,2974,0,0,6,1132,frontEnd=high_sil_isolated_checker;rasta=none;powspec=none;audspec=none;compJah=high_sil_isolated_checker;rastaFilter=none;backEnd=low_sil_doer_checker,True,True,235,,,,,235,OPTIMAL,1.147,True
tok2,c_pat,1.00,235,,PFcheap,OPTIMAL,6.246,3633,235,[235],10,653,2974,0,0,6,1047,frontEnd=high_sil_isolated_checker;rasta=none;powspec=none;audspec=none;compJah=high_sil_isolated_checker;rastaFilter=none;backEnd=low_sil_doer_checker,True,True,235,,,,,235,OPTIMAL,1.153,True
tok2,c_pat,1.10,235,,joint,OPTIMAL,21.491,3633,251,[251],10,653,2974,0,0,6,1132,frontEnd=high_sil_isolated_checker;rasta=none;powspec=none;audspec=none;compJah=high_sil_isolated_checker;rastaFilter=none;backEnd=low_sil_doer_checker,True,,259,,,,,259,OPTIMAL,1.134,True
tok2,c_pat,1.10,235,,PFmin,OPTIMAL,10.068,3633,235,[235],10,653,2974,0,0,6,1132,frontEnd=two_of_two_high_sil;rasta=none;powspec=none;audspec=none;compJah=two_of_two_high_sil;rastaFilter=none;backEnd=low_sil_doer_checker,True,True,259,,,,,235,OPTIMAL,1.148,True
tok2,c_pat,1.10,235,,PFmax,OPTIMAL,10.143,3633,235,[235],10,653,2974,0,0,6,1132,frontEnd=two_of_two_high_sil;rasta=none;powspec=none;audspec=none;compJah=two_of_two_high_sil;rastaFilter=none;backEnd=low_sil_diverse_doer_checker,True,True,259,,,,,235,OPTIMAL,1.157,True
tok2,c_pat,1.10,235,,PFlight,OPTIMAL,11.199,3633,251,[251],10,653,2974,0,0,6,1132,frontEnd=high_sil_isolated_checker;rasta=none;powspec=none;audspec=none;compJah=high_sil_isolated_checker;rastaFilter=none;backEnd=low_sil_doer_checker,True,True,259,,,,,251,OPTIMAL,1.139,True
tok2,c_pat,1.10,235,,PFcheap,OPTIMAL,10.952,3633,235,[235],10,653,2974,0,0,6,1132,frontEnd=high_sil_isolated_checker;rasta=none;powspec=none;audspec=none;compJah=high_sil_isolated_checker;rastaFilter=none;backEnd=low_sil_doer_checker,True,True,259,,,,,235,OPTIMAL,1.148,True
tok2,c_pat,1.25,235,,joint,OPTIMAL,21.241,3440,293,[293],8,460,2974,0,0,6,912,frontEnd=high_sil_isolated_checker;rasta=none;powspec=none;audspec=none;compJah=high_sil_isolated_checker;rastaFilter=none;backEnd=low_sil_doer_checker,True,,294,,,,,294,OPTIMAL,1.152,True
tok2,c_pat,1.25,235,,PFmin,OPTIMAL,11.388,3484,282,[282],10,504,2974,0,0,6,1024,frontEnd=two_of_two_high_sil;rasta=none;powspec=none;audspec=none;compJah=two_of_two_high_sil;rastaFilter=none;backEnd=low_sil_doer_checker,True,True,294,,,,,282,OPTIMAL,1.168,True
tok2,c_pat,1.25,235,,PFmax,OPTIMAL,12.532,3484,282,[282],10,504,2974,0,0,6,1024,frontEnd=two_of_two_high_sil;rasta=none;powspec=none;audspec=none;compJah=two_of_two_high_sil;rastaFilter=none;backEnd=low_sil_diverse_doer_checker,True,True,294,,,,,282,OPTIMAL,1.319,True
tok2,c_pat,1.25,235,,PFlight,OPTIMAL,11.311,3440,293,[293],8,460,2974,0,0,6,912,frontEnd=high_sil_isolated_checker;rasta=none;powspec=none;audspec=none;compJah=high_sil_isolated_checker;rastaFilter=none;backEnd=low_sil_doer_checker,True,True,294,,,,,293,OPTIMAL,1.337,True
tok2,c_pat,1.25,235,,PFcheap,OPTIMAL,11.399,3440,293,[293],8,460,2974,0,0,6,912,frontEnd=high_sil_isolated_checker;rasta=none;powspec=none;audspec=none;compJah=high_sil_isolated_checker;rastaFilter=none;backEnd=low_sil_doer_checker,True,True,294,,,,,294,OPTIMAL,1.125,True
tok2,c_pat,1.50,235,,joint,OPTIMAL,37.703,3433,351,[351],8,453,2974,0,0,6,772,frontEnd=high_sil_isolated_checker;rasta=none;powspec=none;audspec=none;compJah=high_sil_isolated_checker;rastaFilter=none;backEnd=low_sil_doer_checker,True,,353,,,,,353,OPTIMAL,1.13,True
tok2,c_pat,1.50,235,,PFmin,OPTIMAL,12.339,3433,350,[350],8,453,2974,0,0,6,772,frontEnd=two_of_two_high_sil;rasta=none;powspec=none;audspec=none;compJah=two_of_two_high_sil;rastaFilter=none;backEnd=low_sil_doer_checker,True,True,353,,,,,352,OPTIMAL,1.13,True
tok2,c_pat,1.50,235,,PFmax,OPTIMAL,13.289,3433,350,[350],8,453,2974,0,0,6,772,frontEnd=two_of_two_high_sil;rasta=none;powspec=none;audspec=none;compJah=two_of_two_high_sil;rastaFilter=none;backEnd=low_sil_diverse_doer_checker,True,True,353,,,,,353,OPTIMAL,1.135,True
tok2,c_pat,1.50,235,,PFlight,OPTIMAL,13.304,3433,340,[340],8,453,2974,0,0,6,772,frontEnd=high_sil_isolated_checker;rasta=none;powspec=none;audspec=none;compJah=high_sil_isolated_checker;rastaFilter=none;backEnd=low_sil_doer_checker,True,True,353,,,,,347,OPTIMAL,1.139,True
tok2,c_pat,1.50,235,,PFcheap,OPTIMAL,13.427,3433,334,[334],8,453,2974,0,0,6,772,frontEnd=high_sil_isolated_checker;rasta=none;powspec=none;audspec=none;compJah=high_sil_isolated_checker;rastaFilter=none;backEnd=low_sil_doer_checker,True,True,353,,,,,345,OPTIMAL,1.148,True
tok2,c_pat,2.00,235,,joint,OPTIMAL,33.738,3400,449,[449],7,420,2974,0,0,6,732,frontEnd=two_of_two_high_sil;rasta=none;powspec=none;audspec=none;compJah=two_of_two_high_sil;rastaFilter=none;backEnd=low_sil_doer_checker,True,,470,,,,,465,OPTIMAL,1.152,True
tok2,c_pat,2.00,235,,PFmin,OPTIMAL,12.871,3400,449,[449],7,420,2974,0,0,6,732,frontEnd=two_of_two_high_sil;rasta=none;powspec=none;audspec=none;compJah=two_of_two_high_sil;rastaFilter=none;backEnd=low_sil_doer_checker,True,True,470,,,,,459,OPTIMAL,1.153,True
tok2,c_pat,2.00,235,,PFmax,OPTIMAL,19.952,3425,449,[449],7,445,2974,0,0,6,732,frontEnd=two_of_two_high_sil;rasta=none;powspec=none;audspec=none;compJah=two_of_two_high_sil;rastaFilter=none;backEnd=low_sil_diverse_doer_checker,True,True,470,,,,,470,OPTIMAL,1.125,True
tok2,c_pat,2.00,235,,PFlight,OPTIMAL,12.442,3400,449,[449],7,420,2974,0,0,6,732,frontEnd=high_sil_isolated_checker;rasta=none;powspec=none;audspec=none;compJah=high_sil_isolated_checker;rastaFilter=none;backEnd=low_sil_doer_checker,True,True,470,,,,,449,OPTIMAL,1.144,True
tok2,c_pat,2.00,235,,PFcheap,OPTIMAL,12.953,3400,449,[449],7,420,2974,0,0,6,732,frontEnd=high_sil_isolated_checker;rasta=none;powspec=none;audspec=none;compJah=high_sil_isolated_checker;rastaFilter=none;backEnd=low_sil_doer_checker,True,True,470,,,,,470,OPTIMAL,1.139,True
tok2,pc_sobel,-,,,min_period,OPTIMAL,3.134,4579,256,[256],4,40,4532,2413,0,7,437,get_pixel=mixed_sil_doer_checker;gx=none;gy=one_of_two_failover;abs=low_sil_doer_checker,True,,100000,,,,,256,,,
tok2,pc_sobel,none,256,,joint,OPTIMAL,3.3,1401,393,[393],3,24,1375,0,0,2,142,get_pixel=high_sil_isolated_checker;gx=none;gy=none;abs=none,True,,100000,,,,,393,OPTIMAL,0.797,True
tok2,pc_sobel,none,256,,PFmin,OPTIMAL,2.214,1401,393,[393],3,24,1375,0,0,2,153,get_pixel=two_of_two_high_sil;gx=none;gy=none;abs=none,True,True,100000,,,,,393,OPTIMAL,0.801,True
tok2,pc_sobel,none,256,,PFmax,OPTIMAL,2.189,1401,393,[393],3,24,1375,0,0,2,153,get_pixel=two_of_two_high_sil;gx=none;gy=none;abs=none,True,True,100000,,,,,393,OPTIMAL,0.84,True
tok2,pc_sobel,none,256,,PFlight,OPTIMAL,2.249,1401,393,[393],3,24,1375,0,0,2,153,get_pixel=high_sil_isolated_checker;gx=none;gy=none;abs=none,True,True,100000,,,,,398,OPTIMAL,0.795,True
tok2,pc_sobel,none,256,,PFcheap,OPTIMAL,2.291,1401,393,[393],3,24,1375,0,0,2,153,get_pixel=high_sil_isolated_checker;gx=none;gy=none;abs=none,True,True,100000,,,,,666,OPTIMAL,0.802,True
tok2,pc_sobel,1.00,256,,joint,OPTIMAL,2.308,1409,256,[256],3,32,1375,0,0,2,397,get_pixel=high_sil_isolated_checker;gx=none;gy=none;abs=none,True,,256,,,,,256,OPTIMAL,0.813,True
tok2,pc_sobel,1.00,256,,PFmin,OPTIMAL,1.457,1413,256,[256],3,36,1375,0,0,2,519,get_pixel=two_of_two_high_sil;gx=none;gy=none;abs=none,True,True,256,,,,,256,OPTIMAL,0.799,True
tok2,pc_sobel,1.00,256,,PFmax,OPTIMAL,1.496,1413,256,[256],3,36,1375,0,0,2,519,get_pixel=two_of_two_high_sil;gx=none;gy=none;abs=none,True,True,256,,,,,256,OPTIMAL,0.818,True
tok2,pc_sobel,1.00,256,,PFlight,OPTIMAL,1.54,1409,256,[256],3,32,1375,0,0,2,397,get_pixel=high_sil_isolated_checker;gx=none;gy=none;abs=none,True,True,256,,,,,256,OPTIMAL,0.81,True
tok2,pc_sobel,1.00,256,,PFcheap,OPTIMAL,1.543,1409,256,[256],3,32,1375,0,0,2,397,get_pixel=high_sil_isolated_checker;gx=none;gy=none;abs=none,True,True,256,,,,,256,OPTIMAL,0.807,True
tok2,pc_sobel,1.10,256,,joint,OPTIMAL,3.189,1407,277,[277],3,30,1375,0,0,2,324,get_pixel=high_sil_isolated_checker;gx=none;gy=none;abs=none,True,,282,,,,,277,OPTIMAL,0.812,True
tok2,pc_sobel,1.10,256,,PFmin,OPTIMAL,2.049,1411,277,[277],3,34,1375,0,0,2,446,get_pixel=two_of_two_high_sil;gx=none;gy=none;abs=none,True,True,282,,,,,277,OPTIMAL,0.799,True
tok2,pc_sobel,1.10,256,,PFmax,OPTIMAL,2.048,1411,277,[277],3,34,1375,0,0,2,446,get_pixel=two_of_two_high_sil;gx=none;gy=none;abs=none,True,True,282,,,,,277,OPTIMAL,0.809,True
tok2,pc_sobel,1.10,256,,PFlight,OPTIMAL,2.12,1407,277,[277],3,30,1375,0,0,2,313,get_pixel=high_sil_isolated_checker;gx=none;gy=none;abs=none,True,True,282,,,,,277,OPTIMAL,0.798,True
tok2,pc_sobel,1.10,256,,PFcheap,OPTIMAL,2.156,1407,277,[277],3,30,1375,0,0,2,313,get_pixel=high_sil_isolated_checker;gx=none;gy=none;abs=none,True,True,282,,,,,277,OPTIMAL,0.802,True
tok2,pc_sobel,1.25,256,,joint,OPTIMAL,3.873,1405,320,[320],3,28,1375,0,0,2,240,get_pixel=high_sil_isolated_checker;gx=none;gy=none;abs=none,True,,320,,,,,320,OPTIMAL,0.813,True
tok2,pc_sobel,1.25,256,,PFmin,OPTIMAL,2.737,1407,320,[320],3,30,1375,0,0,2,300,get_pixel=two_of_two_high_sil;gx=none;gy=none;abs=none,True,True,320,,,,,320,OPTIMAL,0.826,True
tok2,pc_sobel,1.25,256,,PFmax,OPTIMAL,2.754,1407,320,[320],3,30,1375,0,0,2,300,get_pixel=two_of_two_high_sil;gx=none;gy=none;abs=none,True,True,320,,,,,320,OPTIMAL,0.815,True
tok2,pc_sobel,1.25,256,,PFlight,OPTIMAL,2.782,1405,320,[320],3,28,1375,0,0,2,240,get_pixel=high_sil_isolated_checker;gx=none;gy=none;abs=none,True,True,320,,,,,320,OPTIMAL,0.81,True
tok2,pc_sobel,1.25,256,,PFcheap,OPTIMAL,2.77,1405,320,[320],3,28,1375,0,0,2,240,get_pixel=high_sil_isolated_checker;gx=none;gy=none;abs=none,True,True,320,,,,,320,OPTIMAL,0.825,True
tok2,pc_sobel,1.50,256,,joint,OPTIMAL,3.836,1401,384,[384],3,24,1375,0,0,2,153,get_pixel=high_sil_isolated_checker;gx=none;gy=none;abs=none,True,,384,,,,,384,OPTIMAL,0.798,True
tok2,pc_sobel,1.50,256,,PFmin,OPTIMAL,2.868,1401,384,[384],3,24,1375,0,0,2,153,get_pixel=two_of_two_high_sil;gx=none;gy=none;abs=none,True,True,384,,,,,384,OPTIMAL,0.802,True
tok2,pc_sobel,1.50,256,,PFmax,OPTIMAL,2.879,1401,384,[384],3,24,1375,0,0,2,153,get_pixel=two_of_two_high_sil;gx=none;gy=none;abs=none,True,True,384,,,,,384,OPTIMAL,0.808,True
tok2,pc_sobel,1.50,256,,PFlight,OPTIMAL,2.847,1401,384,[384],3,24,1375,0,0,2,153,get_pixel=high_sil_isolated_checker;gx=none;gy=none;abs=none,True,True,384,,,,,384,OPTIMAL,0.819,True
tok2,pc_sobel,1.50,256,,PFcheap,OPTIMAL,2.852,1401,384,[384],3,24,1375,0,0,2,153,get_pixel=high_sil_isolated_checker;gx=none;gy=none;abs=none,True,True,384,,,,,384,OPTIMAL,0.809,True
tok2,pc_sobel,2.00,256,,joint,OPTIMAL,3.909,1401,393,[393],3,24,1375,0,0,2,153,get_pixel=high_sil_isolated_checker;gx=none;gy=none;abs=none,True,,512,,,,,478,OPTIMAL,0.808,True
tok2,pc_sobel,2.00,256,,PFmin,OPTIMAL,2.652,1401,384,[384],3,24,1375,0,0,2,153,get_pixel=two_of_two_high_sil;gx=none;gy=none;abs=none,True,True,512,,,,,384,OPTIMAL,0.793,True
tok2,pc_sobel,2.00,256,,PFmax,OPTIMAL,2.6,1401,384,[384],3,24,1375,0,0,2,153,get_pixel=two_of_two_high_sil;gx=none;gy=none;abs=none,True,True,512,,,,,384,OPTIMAL,0.794,True
tok2,pc_sobel,2.00,256,,PFlight,OPTIMAL,2.748,1401,393,[393],3,24,1375,0,0,2,142,get_pixel=high_sil_isolated_checker;gx=none;gy=none;abs=none,True,True,512,,,,,393,OPTIMAL,0.804,True
tok2,pc_sobel,2.00,256,,PFcheap,OPTIMAL,2.826,1401,393,[393],3,24,1375,0,0,2,153,get_pixel=high_sil_isolated_checker;gx=none;gy=none;abs=none,True,True,512,,,,,454,OPTIMAL,0.793,True
tok2,v_nvp,-,,,min_period,OPTIMAL,5.645,12252,235,[235],12,1857,10383,5224,0,12,1990,frontEnd=nvp_three_version;rasta=none;powspec=low_sil_diverse_doer_checker;audspec=none;compJah=nvp_three_version;rastaFilter=none;backEnd=low_sil_diverse_doer_checker,True,,,,,,,235,,,
tok2,v_nvp,none,235,,joint,OPTIMAL,4.872,5680,1180,[1180],6,624,5046,0,0,10,665,frontEnd=nvp_three_version;rasta=none;powspec=none;audspec=none;compJah=nvp_three_version;rastaFilter=none;backEnd=low_sil_diverse_doer_checker,True,,,,,,,3099,OPTIMAL,0.466,True
tok2,v_nvp,none,235,,PFmin,OPTIMAL,3.647,5680,1172,[1172],6,624,5046,0,0,10,665,frontEnd=nvp_three_version;rasta=none;powspec=none;audspec=none;compJah=nvp_three_version;rastaFilter=none;backEnd=low_sil_diverse_doer_checker,True,True,,,,,,3099,OPTIMAL,0.495,True
tok2,v_nvp,none,235,,PFmax,OPTIMAL,3.68,5680,1172,[1172],6,624,5046,0,0,10,665,frontEnd=nvp_three_version;rasta=none;powspec=none;audspec=none;compJah=nvp_three_version;rastaFilter=none;backEnd=low_sil_diverse_doer_checker,True,True,,,,,,3099,OPTIMAL,0.481,True
tok2,v_nvp,none,235,,PFlight,OPTIMAL,3.62,5680,1185,[1185],6,624,5046,0,0,10,750,frontEnd=nvp_three_version;rasta=none;powspec=none;audspec=none;compJah=nvp_three_version;rastaFilter=none;backEnd=low_sil_diverse_doer_checker,True,True,,,,,,3099,OPTIMAL,0.471,True
tok2,v_nvp,none,235,,PFcheap,OPTIMAL,3.61,5680,1185,[1185],6,624,5046,0,0,10,750,frontEnd=nvp_three_version;rasta=none;powspec=none;audspec=none;compJah=nvp_three_version;rastaFilter=none;backEnd=low_sil_diverse_doer_checker,True,True,,,,,,3099,OPTIMAL,0.473,True
tok2,v_nvp,1.00,235,,joint,OPTIMAL,6.084,5992,235,[235],12,936,5046,0,0,10,1447,frontEnd=nvp_three_version;rasta=none;powspec=none;audspec=none;compJah=nvp_three_version;rastaFilter=none;backEnd=low_sil_diverse_doer_checker,True,,235,,,,,235,OPTIMAL,0.484,True
tok2,v_nvp,1.00,235,,PFmin,OPTIMAL,3.917,5992,235,[235],12,936,5046,0,0,10,1532,frontEnd=nvp_three_version;rasta=none;powspec=none;audspec=none;compJah=nvp_three_version;rastaFilter=none;backEnd=low_sil_diverse_doer_checker,True,True,235,,,,,235,OPTIMAL,0.488,True
tok2,v_nvp,1.00,235,,PFmax,OPTIMAL,3.765,5992,235,[235],12,936,5046,0,0,10,1362,frontEnd=nvp_three_version;rasta=none;powspec=none;audspec=none;compJah=nvp_three_version;rastaFilter=none;backEnd=low_sil_diverse_doer_checker,True,True,235,,,,,235,OPTIMAL,0.51,True
tok2,v_nvp,1.00,235,,PFlight,OPTIMAL,3.821,5992,235,[235],12,936,5046,0,0,10,1362,frontEnd=nvp_three_version;rasta=none;powspec=none;audspec=none;compJah=nvp_three_version;rastaFilter=none;backEnd=low_sil_diverse_doer_checker,True,True,235,,,,,235,OPTIMAL,0.474,True
tok2,v_nvp,1.00,235,,PFcheap,OPTIMAL,3.754,5992,235,[235],12,936,5046,0,0,10,1362,frontEnd=nvp_three_version;rasta=none;powspec=none;audspec=none;compJah=nvp_three_version;rastaFilter=none;backEnd=low_sil_diverse_doer_checker,True,True,235,,,,,235,OPTIMAL,0.476,True
tok2,v_nvp,1.10,235,,joint,OPTIMAL,5.905,5992,235,[235],12,936,5046,0,0,10,1532,frontEnd=nvp_three_version;rasta=none;powspec=none;audspec=none;compJah=nvp_three_version;rastaFilter=none;backEnd=low_sil_diverse_doer_checker,True,,259,,,,,259,OPTIMAL,0.482,True
tok2,v_nvp,1.10,235,,PFmin,OPTIMAL,3.775,5992,235,[235],12,936,5046,0,0,10,1532,frontEnd=nvp_three_version;rasta=none;powspec=none;audspec=none;compJah=nvp_three_version;rastaFilter=none;backEnd=low_sil_diverse_doer_checker,True,True,259,,,,,259,OPTIMAL,0.475,True
tok2,v_nvp,1.10,235,,PFmax,OPTIMAL,3.798,5992,235,[235],12,936,5046,0,0,10,1532,frontEnd=nvp_three_version;rasta=none;powspec=none;audspec=none;compJah=nvp_three_version;rastaFilter=none;backEnd=low_sil_diverse_doer_checker,True,True,259,,,,,259,OPTIMAL,0.476,True
tok2,v_nvp,1.10,235,,PFlight,OPTIMAL,3.817,5992,235,[235],12,936,5046,0,0,10,1532,frontEnd=nvp_three_version;rasta=none;powspec=none;audspec=none;compJah=nvp_three_version;rastaFilter=none;backEnd=low_sil_diverse_doer_checker,True,True,259,,,,,259,OPTIMAL,0.474,True
tok2,v_nvp,1.10,235,,PFcheap,OPTIMAL,3.798,5992,235,[235],12,936,5046,0,0,10,1532,frontEnd=nvp_three_version;rasta=none;powspec=none;audspec=none;compJah=nvp_three_version;rastaFilter=none;backEnd=low_sil_diverse_doer_checker,True,True,259,,,,,259,OPTIMAL,0.478,True
tok2,v_nvp,1.25,235,,joint,OPTIMAL,9.62,5984,266,[266],11,928,5046,0,0,10,1492,frontEnd=nvp_three_version;rasta=none;powspec=none;audspec=none;compJah=nvp_three_version;rastaFilter=none;backEnd=low_sil_diverse_doer_checker,True,,294,,,,,294,OPTIMAL,0.467,True
tok2,v_nvp,1.25,235,,PFmin,OPTIMAL,5.613,5984,266,[266],11,928,5046,0,0,10,1492,frontEnd=nvp_three_version;rasta=none;powspec=none;audspec=none;compJah=nvp_three_version;rastaFilter=none;backEnd=low_sil_diverse_doer_checker,True,True,294,,,,,294,OPTIMAL,0.475,True
tok2,v_nvp,1.25,235,,PFmax,OPTIMAL,5.768,5984,266,[266],11,928,5046,0,0,10,1492,frontEnd=nvp_three_version;rasta=none;powspec=none;audspec=none;compJah=nvp_three_version;rastaFilter=none;backEnd=low_sil_diverse_doer_checker,True,True,294,,,,,294,OPTIMAL,0.476,True
tok2,v_nvp,1.25,235,,PFlight,OPTIMAL,5.518,5984,266,[266],11,928,5046,0,0,10,1492,frontEnd=nvp_three_version;rasta=none;powspec=none;audspec=none;compJah=nvp_three_version;rastaFilter=none;backEnd=low_sil_diverse_doer_checker,True,True,294,,,,,294,OPTIMAL,0.482,True
tok2,v_nvp,1.25,235,,PFcheap,OPTIMAL,5.576,5984,266,[266],11,928,5046,0,0,10,1492,frontEnd=nvp_three_version;rasta=none;powspec=none;audspec=none;compJah=nvp_three_version;rastaFilter=none;backEnd=low_sil_diverse_doer_checker,True,True,294,,,,,294,OPTIMAL,0.47,True
tok2,v_nvp,1.50,235,,joint,OPTIMAL,10.463,5952,319,[319],11,896,5046,0,0,10,1352,frontEnd=nvp_three_version;rasta=none;powspec=none;audspec=none;compJah=nvp_three_version;rastaFilter=none;backEnd=low_sil_diverse_doer_checker,True,,353,,,,,353,OPTIMAL,0.469,True
tok2,v_nvp,1.50,235,,PFmin,OPTIMAL,7.256,5952,319,[319],11,896,5046,0,0,10,1267,frontEnd=nvp_three_version;rasta=none;powspec=none;audspec=none;compJah=nvp_three_version;rastaFilter=none;backEnd=low_sil_diverse_doer_checker,True,True,353,,,,,353,OPTIMAL,0.471,True
tok2,v_nvp,1.50,235,,PFmax,OPTIMAL,5.778,5952,319,[319],11,896,5046,0,0,10,1352,frontEnd=nvp_three_version;rasta=none;powspec=none;audspec=none;compJah=nvp_three_version;rastaFilter=none;backEnd=low_sil_diverse_doer_checker,True,True,353,,,,,353,OPTIMAL,0.486,True
tok2,v_nvp,1.50,235,,PFlight,OPTIMAL,5.449,5952,319,[319],11,896,5046,0,0,10,1352,frontEnd=nvp_three_version;rasta=none;powspec=none;audspec=none;compJah=nvp_three_version;rastaFilter=none;backEnd=low_sil_diverse_doer_checker,True,True,353,,,,,353,OPTIMAL,0.507,True
tok2,v_nvp,1.50,235,,PFcheap,OPTIMAL,6.095,5952,319,[319],11,896,5046,0,0,10,1267,frontEnd=nvp_three_version;rasta=none;powspec=none;audspec=none;compJah=nvp_three_version;rastaFilter=none;backEnd=low_sil_diverse_doer_checker,True,True,353,,,,,353,OPTIMAL,0.477,True
tok2,v_nvp,2.00,235,,joint,OPTIMAL,15.525,5944,449,[449],10,888,5046,0,0,10,1312,frontEnd=nvp_three_version;rasta=none;powspec=none;audspec=none;compJah=nvp_three_version;rastaFilter=none;backEnd=low_sil_diverse_doer_checker,True,,470,,,,,470,OPTIMAL,0.494,True
tok2,v_nvp,2.00,235,,PFmin,OPTIMAL,9.433,5944,449,[449],10,888,5046,0,0,10,1312,frontEnd=nvp_three_version;rasta=none;powspec=none;audspec=none;compJah=nvp_three_version;rastaFilter=none;backEnd=low_sil_diverse_doer_checker,True,True,470,,,,,470,OPTIMAL,0.472,True
tok2,v_nvp,2.00,235,,PFmax,OPTIMAL,9.265,5944,449,[449],10,888,5046,0,0,10,1312,frontEnd=nvp_three_version;rasta=none;powspec=none;audspec=none;compJah=nvp_three_version;rastaFilter=none;backEnd=low_sil_diverse_doer_checker,True,True,470,,,,,470,OPTIMAL,0.469,True
tok2,v_nvp,2.00,235,,PFlight,OPTIMAL,9.334,5944,449,[449],10,888,5046,0,0,10,1312,frontEnd=nvp_three_version;rasta=none;powspec=none;audspec=none;compJah=nvp_three_version;rastaFilter=none;backEnd=low_sil_diverse_doer_checker,True,True,470,,,,,470,OPTIMAL,0.483,True
tok2,v_nvp,2.00,235,,PFcheap,OPTIMAL,9.486,5944,449,[449],10,888,5046,0,0,10,1227,frontEnd=nvp_three_version;rasta=none;powspec=none;audspec=none;compJah=nvp_three_version;rastaFilter=none;backEnd=low_sil_diverse_doer_checker,True,True,470,,,,,470,OPTIMAL,0.488,True
chk10,p_rasta,-,,,min_period,OPTIMAL,13.583,7736,235,[235],9,733,6900,3069,90,13,1296,frontEnd=mixed_sil_doer_checker;rasta=low_sil_diverse_doer_checker;powspec=none;audspec=low_sil_diverse_doer_checker;compJah=high_sil_isolated_checker;rastaFilter=low_sil_doer_checker;backEnd=low_sil_doer_checker,True,,,,,,,235,,,
chk10,p_rasta,none,235,,joint,OPTIMAL,5.793,3330,1012,[1012],2,320,2974,0,30,6,360,frontEnd=high_sil_isolated_checker;rasta=none;powspec=none;audspec=none;compJah=high_sil_isolated_checker;rastaFilter=none;backEnd=low_sil_doer_checker,True,,,,,,,4233,OPTIMAL,0.533,True
chk10,p_rasta,none,235,,PFmin,OPTIMAL,3.95,3330,1012,[1012],2,320,2974,0,30,6,360,frontEnd=two_of_two_high_sil;rasta=none;powspec=none;audspec=none;compJah=two_of_two_high_sil;rastaFilter=none;backEnd=low_sil_doer_checker,True,True,,,,,,4233,OPTIMAL,0.551,True
chk10,p_rasta,none,235,,PFmax,OPTIMAL,3.211,3330,1012,[1012],2,320,2974,0,30,6,360,frontEnd=two_of_two_high_sil;rasta=none;powspec=none;audspec=none;compJah=two_of_two_high_sil;rastaFilter=none;backEnd=low_sil_diverse_doer_checker,True,True,,,,,,4233,OPTIMAL,0.541,True
chk10,p_rasta,none,235,,PFlight,OPTIMAL,3.918,3330,1012,[1012],2,320,2974,0,30,6,360,frontEnd=high_sil_isolated_checker;rasta=none;powspec=none;audspec=none;compJah=high_sil_isolated_checker;rastaFilter=none;backEnd=low_sil_doer_checker,True,True,,,,,,4233,OPTIMAL,0.539,True
chk10,p_rasta,none,235,,PFcheap,OPTIMAL,3.939,3330,1012,[1012],2,320,2974,0,30,6,360,frontEnd=high_sil_isolated_checker;rasta=none;powspec=none;audspec=none;compJah=high_sil_isolated_checker;rastaFilter=none;backEnd=low_sil_doer_checker,True,True,,,,,,4233,OPTIMAL,0.525,True
chk10,p_rasta,1.00,235,,joint,OPTIMAL,9.395,3612,235,[235],9,617,2974,0,15,6,1060,frontEnd=high_sil_isolated_checker;rasta=none;powspec=none;audspec=none;compJah=high_sil_isolated_checker;rastaFilter=none;backEnd=low_sil_doer_checker,True,,235,,,,,235,OPTIMAL,0.536,True
chk10,p_rasta,1.00,235,,PFmin,UNSAT,1.16,,,,,,,,,,,frontEnd=two_of_two_high_sil;rasta=none;powspec=none;audspec=none;compJah=two_of_two_high_sil;rastaFilter=none;backEnd=low_sil_doer_checker,,,235,,,,,,,,
chk10,p_rasta,1.00,235,,PFmax,UNSAT,1.158,,,,,,,,,,,frontEnd=two_of_two_high_sil;rasta=none;powspec=none;audspec=none;compJah=two_of_two_high_sil;rastaFilter=none;backEnd=low_sil_diverse_doer_checker,,,235,,,,,,,,
chk10,p_rasta,1.00,235,,PFlight,OPTIMAL,3.3,3612,235,[235],9,617,2974,0,15,6,1060,frontEnd=high_sil_isolated_checker;rasta=none;powspec=none;audspec=none;compJah=high_sil_isolated_checker;rastaFilter=none;backEnd=low_sil_doer_checker,True,True,235,,,,,235,OPTIMAL,0.543,True
chk10,p_rasta,1.00,235,,PFcheap,OPTIMAL,3.484,3612,235,[235],9,617,2974,0,15,6,1060,frontEnd=high_sil_isolated_checker;rasta=none;powspec=none;audspec=none;compJah=high_sil_isolated_checker;rastaFilter=none;backEnd=low_sil_doer_checker,True,True,235,,,,,235,OPTIMAL,0.585,True
chk10,p_rasta,1.10,235,,joint,OPTIMAL,9.665,3467,249,[249],8,457,2974,0,30,6,880,frontEnd=high_sil_isolated_checker;rasta=none;powspec=none;audspec=none;compJah=high_sil_isolated_checker;rastaFilter=none;backEnd=low_sil_doer_checker,True,,259,,,,,259,OPTIMAL,0.547,True
chk10,p_rasta,1.10,235,,PFmin,UNSAT,1.164,,,,,,,,,,,frontEnd=two_of_two_high_sil;rasta=none;powspec=none;audspec=none;compJah=two_of_two_high_sil;rastaFilter=none;backEnd=low_sil_doer_checker,,,259,,,,,,,,
chk10,p_rasta,1.10,235,,PFmax,UNSAT,1.141,,,,,,,,,,,frontEnd=two_of_two_high_sil;rasta=none;powspec=none;audspec=none;compJah=two_of_two_high_sil;rastaFilter=none;backEnd=low_sil_diverse_doer_checker,,,259,,,,,,,,
chk10,p_rasta,1.10,235,,PFlight,OPTIMAL,3.363,3467,249,[249],8,457,2974,0,30,6,880,frontEnd=high_sil_isolated_checker;rasta=none;powspec=none;audspec=none;compJah=high_sil_isolated_checker;rastaFilter=none;backEnd=low_sil_doer_checker,True,True,259,,,,,259,OPTIMAL,0.536,True
chk10,p_rasta,1.10,235,,PFcheap,OPTIMAL,3.307,3467,249,[249],8,457,2974,0,30,6,880,frontEnd=high_sil_isolated_checker;rasta=none;powspec=none;audspec=none;compJah=high_sil_isolated_checker;rastaFilter=none;backEnd=low_sil_doer_checker,True,True,259,,,,,259,OPTIMAL,0.549,True
chk10,p_rasta,1.25,235,,joint,OPTIMAL,12.406,3455,280,[280],8,460,2974,0,15,6,912,frontEnd=high_sil_isolated_checker;rasta=none;powspec=none;audspec=none;compJah=high_sil_isolated_checker;rastaFilter=none;backEnd=low_sil_doer_checker,True,,294,,,,,294,OPTIMAL,0.532,True
chk10,p_rasta,1.25,235,,PFmin,UNSAT,1.343,,,,,,,,,,,frontEnd=two_of_two_high_sil;rasta=none;powspec=none;audspec=none;compJah=two_of_two_high_sil;rastaFilter=none;backEnd=low_sil_doer_checker,,,294,,,,,,,,
chk10,p_rasta,1.25,235,,PFmax,UNSAT,1.358,,,,,,,,,,,frontEnd=two_of_two_high_sil;rasta=none;powspec=none;audspec=none;compJah=two_of_two_high_sil;rastaFilter=none;backEnd=low_sil_diverse_doer_checker,,,294,,,,,,,,
chk10,p_rasta,1.25,235,,PFlight,OPTIMAL,4.51,3455,280,[280],8,460,2974,0,15,6,912,frontEnd=high_sil_isolated_checker;rasta=none;powspec=none;audspec=none;compJah=high_sil_isolated_checker;rastaFilter=none;backEnd=low_sil_doer_checker,True,True,294,,,,,294,OPTIMAL,0.547,True
chk10,p_rasta,1.25,235,,PFcheap,OPTIMAL,4.6,3455,280,[280],8,460,2974,0,15,6,912,frontEnd=high_sil_isolated_checker;rasta=none;powspec=none;audspec=none;compJah=high_sil_isolated_checker;rastaFilter=none;backEnd=low_sil_doer_checker,True,True,294,,,,,294,OPTIMAL,0.529,True
chk10,p_rasta,1.50,235,,joint,OPTIMAL,19.507,3439,353,[353],6,444,2974,0,15,6,832,frontEnd=high_sil_isolated_checker;rasta=none;powspec=none;audspec=none;compJah=high_sil_isolated_checker;rastaFilter=none;backEnd=low_sil_doer_checker,True,,353,,,,,353,OPTIMAL,0.535,True
chk10,p_rasta,1.50,235,,PFmin,OPTIMAL,4.463,3455,340,[340],8,460,2974,0,15,6,912,frontEnd=two_of_two_high_sil;rasta=none;powspec=none;audspec=none;compJah=two_of_two_high_sil;rastaFilter=none;backEnd=low_sil_doer_checker,True,True,353,,,,,353,OPTIMAL,0.529,True
chk10,p_rasta,1.50,235,,PFmax,OPTIMAL,4.776,3458,353,[353],8,463,2974,0,15,6,944,frontEnd=two_of_two_high_sil;rasta=none;powspec=none;audspec=none;compJah=two_of_two_high_sil;rastaFilter=none;backEnd=low_sil_diverse_doer_checker,True,True,353,,,,,353,OPTIMAL,0.526,True
chk10,p_rasta,1.50,235,,PFlight,OPTIMAL,5.392,3439,353,[353],6,444,2974,0,15,6,832,frontEnd=high_sil_isolated_checker;rasta=none;powspec=none;audspec=none;compJah=high_sil_isolated_checker;rastaFilter=none;backEnd=low_sil_doer_checker,True,True,353,,,,,353,OPTIMAL,0.526,True
chk10,p_rasta,1.50,235,,PFcheap,OPTIMAL,5.298,3439,353,[353],6,444,2974,0,15,6,832,frontEnd=high_sil_isolated_checker;rasta=none;powspec=none;audspec=none;compJah=high_sil_isolated_checker;rastaFilter=none;backEnd=low_sil_doer_checker,True,True,353,,,,,353,OPTIMAL,0.542,True
chk10,p_rasta,2.00,235,,joint,OPTIMAL,32.238,3399,451,[451],5,404,2974,0,15,6,652,frontEnd=two_of_two_high_sil;rasta=none;powspec=none;audspec=none;compJah=high_sil_isolated_checker;rastaFilter=none;backEnd=low_sil_doer_checker,True,,470,,,,,470,OPTIMAL,0.552,True
chk10,p_rasta,2.00,235,,PFmin,OPTIMAL,5.436,3400,451,[451],7,420,2974,0,0,6,732,frontEnd=two_of_two_high_sil;rasta=none;powspec=none;audspec=none;compJah=two_of_two_high_sil;rastaFilter=none;backEnd=low_sil_doer_checker,True,True,470,,,,,470,OPTIMAL,0.548,True
chk10,p_rasta,2.00,235,,PFmax,OPTIMAL,6.151,3407,451,[451],6,412,2974,0,15,6,692,frontEnd=two_of_two_high_sil;rasta=none;powspec=none;audspec=none;compJah=two_of_two_high_sil;rastaFilter=none;backEnd=low_sil_diverse_doer_checker,True,True,470,,,,,470,OPTIMAL,0.526,True
chk10,p_rasta,2.00,235,,PFlight,OPTIMAL,14.913,3399,449,[449],5,404,2974,0,15,6,652,frontEnd=high_sil_isolated_checker;rasta=none;powspec=none;audspec=none;compJah=high_sil_isolated_checker;rastaFilter=none;backEnd=low_sil_doer_checker,True,True,470,,,,,470,OPTIMAL,0.588,True
chk10,p_rasta,2.00,235,,PFcheap,OPTIMAL,13.474,3399,449,[449],5,404,2974,0,15,6,652,frontEnd=high_sil_isolated_checker;rasta=none;powspec=none;audspec=none;compJah=high_sil_isolated_checker;rastaFilter=none;backEnd=low_sil_doer_checker,True,True,470,,,,,470,OPTIMAL,0.524,True
chk10,f_random_hw,-,,p_rasta_noiso,min_period,OPTIMAL,13.409,7503,235,[235],9,733,6760,3560,0,10,1296,frontEnd=high_sil_isolated_checker;rasta=low_sil_doer_checker;powspec=none;audspec=none;compJah=high_sil_isolated_checker;rastaFilter=one_of_two_failover;backEnd=low_sil_doer_checker,True,,,,,,,235,,,
chk10,f_random_hw,none,235,p_rasta_noiso,joint,OPTIMAL,8.639,3349,1079,[1079],5,369,2974,0,0,6,480,frontEnd=high_sil_isolated_checker;rasta=none;powspec=none;audspec=none;compJah=high_sil_isolated_checker;rastaFilter=none;backEnd=low_sil_doer_checker,True,,,,,,,4233,OPTIMAL,0.566,True
chk10,f_random_hw,none,235,p_rasta_noiso,PFmin,OPTIMAL,4.718,3349,1079,[1079],5,369,2974,0,0,6,480,frontEnd=two_of_two_high_sil;rasta=none;powspec=none;audspec=none;compJah=two_of_two_high_sil;rastaFilter=none;backEnd=low_sil_doer_checker,True,True,,,,,,4233,OPTIMAL,0.544,True
chk10,f_random_hw,none,235,p_rasta_noiso,PFmax,OPTIMAL,4.859,3374,1079,[1079],5,394,2974,0,0,6,480,frontEnd=two_of_two_high_sil;rasta=none;powspec=none;audspec=none;compJah=two_of_two_high_sil;rastaFilter=none;backEnd=low_sil_diverse_doer_checker,True,True,,,,,,4233,OPTIMAL,0.536,True
chk10,f_random_hw,none,235,p_rasta_noiso,PFlight,OPTIMAL,4.722,3349,1079,[1079],5,369,2974,0,0,6,480,frontEnd=high_sil_isolated_checker;rasta=none;powspec=none;audspec=none;compJah=high_sil_isolated_checker;rastaFilter=none;backEnd=low_sil_doer_checker,True,True,,,,,,4233,OPTIMAL,0.53,True
chk10,f_random_hw,none,235,p_rasta_noiso,PFcheap,OPTIMAL,4.741,3349,1079,[1079],5,369,2974,0,0,6,480,frontEnd=high_sil_isolated_checker;rasta=none;powspec=none;audspec=none;compJah=high_sil_isolated_checker;rastaFilter=none;backEnd=low_sil_doer_checker,True,True,,,,,,4233,OPTIMAL,0.529,True
chk10,f_random_hw,1.00,235,p_rasta_noiso,joint,OPTIMAL,8.248,3633,235,[235],10,653,2974,0,0,6,1132,frontEnd=high_sil_isolated_checker;rasta=none;powspec=none;audspec=none;compJah=high_sil_isolated_checker;rastaFilter=none;backEnd=low_sil_doer_checker,True,,235,,,,,235,OPTIMAL,0.552,True
chk10,f_random_hw,1.00,235,p_rasta_noiso,PFmin,UNSAT,1.174,,,,,,,,,,,frontEnd=two_of_two_high_sil;rasta=none;powspec=none;audspec=none;compJah=two_of_two_high_sil;rastaFilter=none;backEnd=low_sil_doer_checker,,,235,,,,,,,,
chk10,f_random_hw,1.00,235,p_rasta_noiso,PFmax,UNSAT,1.175,,,,,,,,,,,frontEnd=two_of_two_high_sil;rasta=none;powspec=none;audspec=none;compJah=two_of_two_high_sil;rastaFilter=none;backEnd=low_sil_diverse_doer_checker,,,235,,,,,,,,
chk10,f_random_hw,1.00,235,p_rasta_noiso,PFlight,OPTIMAL,3.361,3633,235,[235],10,653,2974,0,0,6,1132,frontEnd=high_sil_isolated_checker;rasta=none;powspec=none;audspec=none;compJah=high_sil_isolated_checker;rastaFilter=none;backEnd=low_sil_doer_checker,True,True,235,,,,,235,OPTIMAL,0.553,True
chk10,f_random_hw,1.00,235,p_rasta_noiso,PFcheap,OPTIMAL,3.303,3633,235,[235],10,653,2974,0,0,6,1132,frontEnd=high_sil_isolated_checker;rasta=none;powspec=none;audspec=none;compJah=high_sil_isolated_checker;rastaFilter=none;backEnd=low_sil_doer_checker,True,True,235,,,,,235,OPTIMAL,0.563,True
chk10,f_random_hw,1.10,235,p_rasta_noiso,joint,OPTIMAL,7.999,3633,235,[235],10,653,2974,0,0,6,1132,frontEnd=high_sil_isolated_checker;rasta=none;powspec=none;audspec=none;compJah=high_sil_isolated_checker;rastaFilter=none;backEnd=low_sil_doer_checker,True,,259,,,,,259,OPTIMAL,0.537,True
chk10,f_random_hw,1.10,235,p_rasta_noiso,PFmin,UNSAT,1.152,,,,,,,,,,,frontEnd=two_of_two_high_sil;rasta=none;powspec=none;audspec=none;compJah=two_of_two_high_sil;rastaFilter=none;backEnd=low_sil_doer_checker,,,259,,,,,,,,
chk10,f_random_hw,1.10,235,p_rasta_noiso,PFmax,UNSAT,1.191,,,,,,,,,,,frontEnd=two_of_two_high_sil;rasta=none;powspec=none;audspec=none;compJah=two_of_two_high_sil;rastaFilter=none;backEnd=low_sil_diverse_doer_checker,,,259,,,,,,,,
chk10,f_random_hw,1.10,235,p_rasta_noiso,PFlight,OPTIMAL,3.498,3633,235,[235],10,653,2974,0,0,6,1132,frontEnd=high_sil_isolated_checker;rasta=none;powspec=none;audspec=none;compJah=high_sil_isolated_checker;rastaFilter=none;backEnd=low_sil_doer_checker,True,True,259,,,,,259,OPTIMAL,0.542,True
chk10,f_random_hw,1.10,235,p_rasta_noiso,PFcheap,OPTIMAL,3.503,3633,235,[235],10,653,2974,0,0,6,1132,frontEnd=high_sil_isolated_checker;rasta=none;powspec=none;audspec=none;compJah=high_sil_isolated_checker;rastaFilter=none;backEnd=low_sil_doer_checker,True,True,259,,,,,259,OPTIMAL,0.546,True
chk10,f_random_hw,1.25,235,p_rasta_noiso,joint,OPTIMAL,12.02,3484,282,[282],10,504,2974,0,0,6,1024,frontEnd=high_sil_isolated_checker;rasta=none;powspec=none;audspec=none;compJah=high_sil_isolated_checker;rastaFilter=none;backEnd=low_sil_doer_checker,True,,294,,,,,294,OPTIMAL,0.553,True
chk10,f_random_hw,1.25,235,p_rasta_noiso,PFmin,UNSAT,1.358,,,,,,,,,,,frontEnd=two_of_two_high_sil;rasta=none;powspec=none;audspec=none;compJah=two_of_two_high_sil;rastaFilter=none;backEnd=low_sil_doer_checker,,,294,,,,,,,,
chk10,f_random_hw,1.25,235,p_rasta_noiso,PFmax,UNSAT,1.331,,,,,,,,,,,frontEnd=two_of_two_high_sil;rasta=none;powspec=none;audspec=none;compJah=two_of_two_high_sil;rastaFilter=none;backEnd=low_sil_diverse_doer_checker,,,294,,,,,,,,
chk10,f_random_hw,1.25,235,p_rasta_noiso,PFlight,OPTIMAL,3.802,3484,282,[282],10,504,2974,0,0,6,1024,frontEnd=high_sil_isolated_checker;rasta=none;powspec=none;audspec=none;compJah=high_sil_isolated_checker;rastaFilter=none;backEnd=low_sil_doer_checker,True,True,294,,,,,294,OPTIMAL,0.54,True
chk10,f_random_hw,1.25,235,p_rasta_noiso,PFcheap,OPTIMAL,3.617,3484,282,[282],10,504,2974,0,0,6,1024,frontEnd=high_sil_isolated_checker;rasta=none;powspec=none;audspec=none;compJah=high_sil_isolated_checker;rastaFilter=none;backEnd=low_sil_doer_checker,True,True,294,,,,,294,OPTIMAL,0.532,True
chk10,f_random_hw,1.50,235,p_rasta_noiso,joint,OPTIMAL,14.136,3440,353,[353],8,460,2974,0,0,6,912,frontEnd=high_sil_isolated_checker;rasta=none;powspec=none;audspec=none;compJah=high_sil_isolated_checker;rastaFilter=none;backEnd=low_sil_doer_checker,True,,353,,,,,353,OPTIMAL,0.532,True
chk10,f_random_hw,1.50,235,p_rasta_noiso,PFmin,OPTIMAL,3.986,3473,340,[340],9,493,2974,0,0,6,952,frontEnd=two_of_two_high_sil;rasta=none;powspec=none;audspec=none;compJah=two_of_two_high_sil;rastaFilter=none;backEnd=low_sil_doer_checker,True,True,353,,,,,353,OPTIMAL,0.55,True
chk10,f_random_hw,1.50,235,p_rasta_noiso,PFmax,OPTIMAL,4.257,3473,340,[340],9,493,2974,0,0,6,952,frontEnd=two_of_two_high_sil;rasta=none;powspec=none;audspec=none;compJah=two_of_two_high_sil;rastaFilter=none;backEnd=low_sil_diverse_doer_checker,True,True,353,,,,,353,OPTIMAL,0.534,True
chk10,f_random_hw,1.50,235,p_rasta_noiso,PFlight,OPTIMAL,4.233,3440,353,[353],8,460,2974,0,0,6,912,frontEnd=high_sil_isolated_checker;rasta=none;powspec=none;audspec=none;compJah=high_sil_isolated_checker;rastaFilter=none;backEnd=low_sil_doer_checker,True,True,353,,,,,353,OPTIMAL,0.537,True
chk10,f_random_hw,1.50,235,p_rasta_noiso,PFcheap,OPTIMAL,4.164,3440,353,[353],8,460,2974,0,0,6,912,frontEnd=high_sil_isolated_checker;rasta=none;powspec=none;audspec=none;compJah=high_sil_isolated_checker;rastaFilter=none;backEnd=low_sil_doer_checker,True,True,353,,,,,353,OPTIMAL,0.532,True
chk10,f_random_hw,2.00,235,p_rasta_noiso,joint,OPTIMAL,13.994,3400,449,[449],7,420,2974,0,0,6,732,frontEnd=high_sil_isolated_checker;rasta=none;powspec=none;audspec=none;compJah=high_sil_isolated_checker;rastaFilter=none;backEnd=low_sil_doer_checker,True,,470,,,,,470,OPTIMAL,0.53,True
chk10,f_random_hw,2.00,235,p_rasta_noiso,PFmin,OPTIMAL,3.951,3400,451,[451],7,420,2974,0,0,6,732,frontEnd=two_of_two_high_sil;rasta=none;powspec=none;audspec=none;compJah=two_of_two_high_sil;rastaFilter=none;backEnd=low_sil_doer_checker,True,True,470,,,,,470,OPTIMAL,0.528,True
chk10,f_random_hw,2.00,235,p_rasta_noiso,PFmax,OPTIMAL,3.968,3425,451,[451],7,445,2974,0,0,6,732,frontEnd=two_of_two_high_sil;rasta=none;powspec=none;audspec=none;compJah=two_of_two_high_sil;rastaFilter=none;backEnd=low_sil_diverse_doer_checker,True,True,470,,,,,470,OPTIMAL,0.526,True
chk10,f_random_hw,2.00,235,p_rasta_noiso,PFlight,OPTIMAL,4.856,3400,449,[449],7,420,2974,0,0,6,732,frontEnd=high_sil_isolated_checker;rasta=none;powspec=none;audspec=none;compJah=high_sil_isolated_checker;rastaFilter=none;backEnd=low_sil_doer_checker,True,True,470,,,,,470,OPTIMAL,0.529,True
chk10,f_random_hw,2.00,235,p_rasta_noiso,PFcheap,OPTIMAL,4.879,3400,449,[449],7,420,2974,0,0,6,732,frontEnd=high_sil_isolated_checker;rasta=none;powspec=none;audspec=none;compJah=high_sil_isolated_checker;rastaFilter=none;backEnd=low_sil_doer_checker,True,True,470,,,,,470,OPTIMAL,0.526,True
chk10,d_random_hw,-,,,min_period,OPTIMAL,5.947,3732,235,[235],11,726,2994,853,0,12,1247,frontEnd=low_sil_doer_checker;rasta=one_of_two_failover;powspec=none;audspec=one_of_two_failover;compJah=low_sil_doer_checker;rastaFilter=low_sil_doer_checker;backEnd=low_sil_doer_checker,True,,,,,,,235,,,
chk10,d_random_hw,none,235,,joint,OPTIMAL,6.078,1857,1620,[1620],3,49,1802,0,0,6,120,frontEnd=low_sil_doer_checker;rasta=none;powspec=none;audspec=none;compJah=low_sil_doer_checker;rastaFilter=none;backEnd=low_sil_doer_checker,True,,,,,,,2690,OPTIMAL,0.467,True
chk10,d_random_hw,none,235,,PFmin,OPTIMAL,3.113,1857,1641,[1641],3,49,1802,0,0,6,120,frontEnd=low_sil_doer_checker;rasta=none;powspec=none;audspec=none;compJah=low_sil_doer_checker;rastaFilter=none;backEnd=low_sil_doer_checker,True,True,,,,,,2690,OPTIMAL,0.451,True
chk10,d_random_hw,none,235,,PFmax,OPTIMAL,3.169,1882,1690,[1690],3,74,1802,0,0,6,120,frontEnd=low_sil_diverse_doer_checker;rasta=none;powspec=none;audspec=none;compJah=low_sil_diverse_doer_checker;rastaFilter=none;backEnd=low_sil_diverse_doer_checker,True,True,,,,,,2690,OPTIMAL,0.505,True
chk10,d_random_hw,none,235,,PFlight,OPTIMAL,3.22,1857,1690,[1690],3,49,1802,0,0,6,120,frontEnd=low_sil_doer_checker;rasta=none;powspec=none;audspec=none;compJah=low_sil_doer_checker;rastaFilter=none;backEnd=low_sil_doer_checker,True,True,,,,,,2690,OPTIMAL,0.455,True
chk10,d_random_hw,none,235,,PFcheap,OPTIMAL,3.216,1857,1647,[1647],3,49,1802,0,0,6,120,frontEnd=low_sil_doer_checker;rasta=none;powspec=none;audspec=none;compJah=low_sil_doer_checker;rastaFilter=none;backEnd=low_sil_doer_checker,True,True,,,,,,2690,OPTIMAL,0.454,True
chk10,d_random_hw,1.00,235,,joint,OPTIMAL,13.448,2124,235,[235],10,316,1802,0,0,6,636,frontEnd=low_sil_doer_checker;rasta=none;powspec=none;audspec=none;compJah=low_sil_doer_checker;rastaFilter=none;backEnd=low_sil_doer_checker,True,,235,,,,,235,OPTIMAL,0.479,True
chk10,d_random_hw,1.00,235,,PFmin,OPTIMAL,5.417,2124,235,[235],10,316,1802,0,0,6,636,frontEnd=low_sil_doer_checker;rasta=none;powspec=none;audspec=none;compJah=low_sil_doer_checker;rastaFilter=none;backEnd=low_sil_doer_checker,True,True,235,,,,,235,OPTIMAL,0.459,True
chk10,d_random_hw,1.00,235,,PFmax,OPTIMAL,3.271,2124,235,[235],10,316,1802,0,0,6,636,frontEnd=low_sil_diverse_doer_checker;rasta=none;powspec=none;audspec=none;compJah=low_sil_diverse_doer_checker;rastaFilter=none;backEnd=low_sil_diverse_doer_checker,True,True,235,,,,,235,OPTIMAL,0.488,True
chk10,d_random_hw,1.00,235,,PFlight,OPTIMAL,5.257,2124,235,[235],10,316,1802,0,0,6,636,frontEnd=low_sil_doer_checker;rasta=none;powspec=none;audspec=none;compJah=low_sil_doer_checker;rastaFilter=none;backEnd=low_sil_doer_checker,True,True,235,,,,,235,OPTIMAL,0.469,True
chk10,d_random_hw,1.00,235,,PFcheap,OPTIMAL,6.036,2124,235,[235],10,316,1802,0,0,6,636,frontEnd=low_sil_doer_checker;rasta=none;powspec=none;audspec=none;compJah=low_sil_doer_checker;rastaFilter=none;backEnd=low_sil_doer_checker,True,True,235,,,,,235,OPTIMAL,0.48,True
chk10,d_random_hw,1.10,235,,joint,OPTIMAL,13.451,2121,248,[248],10,313,1802,0,0,6,604,frontEnd=low_sil_doer_checker;rasta=none;powspec=none;audspec=none;compJah=low_sil_doer_checker;rastaFilter=none;backEnd=low_sil_doer_checker,True,,259,,,,,259,OPTIMAL,0.494,True
chk10,d_random_hw,1.10,235,,PFmin,OPTIMAL,5.202,2121,248,[248],10,313,1802,0,0,6,604,frontEnd=low_sil_doer_checker;rasta=none;powspec=none;audspec=none;compJah=low_sil_doer_checker;rastaFilter=none;backEnd=low_sil_doer_checker,True,True,259,,,,,259,OPTIMAL,0.46,True
chk10,d_random_hw,1.10,235,,PFmax,OPTIMAL,3.25,2121,248,[248],10,313,1802,0,0,6,604,frontEnd=low_sil_diverse_doer_checker;rasta=none;powspec=none;audspec=none;compJah=low_sil_diverse_doer_checker;rastaFilter=none;backEnd=low_sil_diverse_doer_checker,True,True,259,,,,,259,OPTIMAL,0.468,True
chk10,d_random_hw,1.10,235,,PFlight,OPTIMAL,5.49,2121,248,[248],10,313,1802,0,0,6,604,frontEnd=low_sil_doer_checker;rasta=none;powspec=none;audspec=none;compJah=low_sil_doer_checker;rastaFilter=none;backEnd=low_sil_doer_checker,True,True,259,,,,,259,OPTIMAL,0.452,True
chk10,d_random_hw,1.10,235,,PFcheap,OPTIMAL,5.24,2121,248,[248],10,313,1802,0,0,6,604,frontEnd=low_sil_doer_checker;rasta=none;powspec=none;audspec=none;compJah=low_sil_doer_checker;rastaFilter=none;backEnd=low_sil_doer_checker,True,True,259,,,,,259,OPTIMAL,0.471,True
chk10,d_random_hw,1.25,235,,joint,OPTIMAL,17.911,1972,292,[292],10,164,1802,0,0,6,496,frontEnd=low_sil_doer_checker;rasta=none;powspec=none;audspec=none;compJah=low_sil_doer_checker;rastaFilter=none;backEnd=low_sil_doer_checker,True,,294,,,,,294,OPTIMAL,0.467,True
chk10,d_random_hw,1.25,235,,PFmin,OPTIMAL,5.187,1972,292,[292],10,164,1802,0,0,6,496,frontEnd=low_sil_doer_checker;rasta=none;powspec=none;audspec=none;compJah=low_sil_doer_checker;rastaFilter=none;backEnd=low_sil_doer_checker,True,True,294,,,,,294,OPTIMAL,0.491,True
chk10,d_random_hw,1.25,235,,PFmax,OPTIMAL,6.852,1972,292,[292],10,164,1802,0,0,6,496,frontEnd=low_sil_diverse_doer_checker;rasta=none;powspec=none;audspec=none;compJah=low_sil_diverse_doer_checker;rastaFilter=none;backEnd=low_sil_diverse_doer_checker,True,True,294,,,,,294,OPTIMAL,0.472,True
chk10,d_random_hw,1.25,235,,PFlight,OPTIMAL,5.1,1972,292,[292],10,164,1802,0,0,6,496,frontEnd=low_sil_doer_checker;rasta=none;powspec=none;audspec=none;compJah=low_sil_doer_checker;rastaFilter=none;backEnd=low_sil_doer_checker,True,True,294,,,,,294,OPTIMAL,0.46,True
chk10,d_random_hw,1.25,235,,PFcheap,OPTIMAL,7.706,1972,282,[282],10,164,1802,0,0,6,496,frontEnd=low_sil_doer_checker;rasta=none;powspec=none;audspec=none;compJah=low_sil_doer_checker;rastaFilter=none;backEnd=low_sil_doer_checker,True,True,294,,,,,294,OPTIMAL,0.475,True
chk10,d_random_hw,1.50,235,,joint,OPTIMAL,9.198,1931,343,[343],8,123,1802,0,0,6,416,frontEnd=low_sil_doer_checker;rasta=none;powspec=none;audspec=none;compJah=low_sil_doer_checker;rastaFilter=none;backEnd=low_sil_doer_checker,True,,353,,,,,353,OPTIMAL,0.467,True
chk10,d_random_hw,1.50,235,,PFmin,OPTIMAL,3.789,1931,343,[343],8,123,1802,0,0,6,416,frontEnd=low_sil_doer_checker;rasta=none;powspec=none;audspec=none;compJah=low_sil_doer_checker;rastaFilter=none;backEnd=low_sil_doer_checker,True,True,353,,,,,353,OPTIMAL,0.461,True
chk10,d_random_hw,1.50,235,,PFmax,OPTIMAL,3.553,1931,339,[339],8,123,1802,0,0,6,416,frontEnd=low_sil_diverse_doer_checker;rasta=none;powspec=none;audspec=none;compJah=low_sil_diverse_doer_checker;rastaFilter=none;backEnd=low_sil_diverse_doer_checker,True,True,353,,,,,353,OPTIMAL,0.479,True
chk10,d_random_hw,1.50,235,,PFlight,OPTIMAL,3.799,1931,343,[343],8,123,1802,0,0,6,416,frontEnd=low_sil_doer_checker;rasta=none;powspec=none;audspec=none;compJah=low_sil_doer_checker;rastaFilter=none;backEnd=low_sil_doer_checker,True,True,353,,,,,353,OPTIMAL,0.47,True
chk10,d_random_hw,1.50,235,,PFcheap,OPTIMAL,3.855,1931,343,[343],8,123,1802,0,0,6,416,frontEnd=low_sil_doer_checker;rasta=none;powspec=none;audspec=none;compJah=low_sil_doer_checker;rastaFilter=none;backEnd=low_sil_doer_checker,True,True,353,,,,,353,OPTIMAL,0.492,True
chk10,d_random_hw,2.00,235,,joint,OPTIMAL,8.498,1912,456,[456],6,104,1802,0,0,6,304,frontEnd=low_sil_doer_checker;rasta=none;powspec=none;audspec=none;compJah=low_sil_doer_checker;rastaFilter=none;backEnd=low_sil_doer_checker,True,,470,,,,,470,OPTIMAL,0.462,True
chk10,d_random_hw,2.00,235,,PFmin,OPTIMAL,3.671,1912,449,[449],6,104,1802,0,0,6,304,frontEnd=low_sil_doer_checker;rasta=none;powspec=none;audspec=none;compJah=low_sil_doer_checker;rastaFilter=none;backEnd=low_sil_doer_checker,True,True,470,,,,,470,OPTIMAL,0.465,True
chk10,d_random_hw,2.00,235,,PFmax,OPTIMAL,3.567,1912,456,[456],6,104,1802,0,0,6,304,frontEnd=low_sil_diverse_doer_checker;rasta=none;powspec=none;audspec=none;compJah=low_sil_diverse_doer_checker;rastaFilter=none;backEnd=low_sil_diverse_doer_checker,True,True,470,,,,,470,OPTIMAL,0.453,True
chk10,d_random_hw,2.00,235,,PFlight,OPTIMAL,3.745,1912,456,[456],6,104,1802,0,0,6,304,frontEnd=low_sil_doer_checker;rasta=none;powspec=none;audspec=none;compJah=low_sil_doer_checker;rastaFilter=none;backEnd=low_sil_doer_checker,True,True,470,,,,,470,OPTIMAL,0.465,True
chk10,d_random_hw,2.00,235,,PFcheap,OPTIMAL,3.647,1912,456,[456],6,104,1802,0,0,6,304,frontEnd=low_sil_doer_checker;rasta=none;powspec=none;audspec=none;compJah=low_sil_doer_checker;rastaFilter=none;backEnd=low_sil_doer_checker,True,True,470,,,,,470,OPTIMAL,0.465,True
chk10,d_systematic_sw,-,,p_sw,min_period,OPTIMAL,3.56,3122,235,[235],11,749,2364,336,0,9,1291,frontEnd=same_cpu_doer_checker;rasta=none;powspec=none;audspec=low_sil_diverse_doer_checker;compJah=low_sil_diverse_doer_checker;rastaFilter=low_sil_diverse_doer_checker;backEnd=low_sil_diverse_doer_checker,True,,,,,,,235,,,
chk10,d_systematic_sw,none,235,p_sw,joint,OPTIMAL,3.367,1846,1690,[1690],2,41,1802,0,0,3,80,frontEnd=same_cpu_doer_checker;rasta=none;powspec=none;audspec=none;compJah=same_cpu_doer_checker;rastaFilter=none;backEnd=same_cpu_doer_checker,True,,,,,,,1781,OPTIMAL,0.457,True
chk10,d_systematic_sw,none,235,p_sw,PFmin,OPTIMAL,2.15,1846,1690,[1690],2,41,1802,0,0,3,80,frontEnd=same_cpu_doer_checker;rasta=none;powspec=none;audspec=none;compJah=same_cpu_doer_checker;rastaFilter=none;backEnd=same_cpu_doer_checker,True,True,,,,,,1781,OPTIMAL,0.431,True
chk10,d_systematic_sw,none,235,p_sw,PFmax,OPTIMAL,2.495,2009,1545,[1545],3,201,1802,0,0,6,260,frontEnd=low_sil_diverse_doer_checker;rasta=none;powspec=none;audspec=none;compJah=low_sil_diverse_doer_checker;rastaFilter=none;backEnd=low_sil_diverse_doer_checker,True,True,,,,,,1781,OPTIMAL,0.436,True
chk10,d_systematic_sw,none,235,p_sw,PFlight,OPTIMAL,2.112,1846,1641,[1641],2,41,1802,0,0,3,80,frontEnd=same_cpu_doer_checker;rasta=none;powspec=none;audspec=none;compJah=same_cpu_doer_checker;rastaFilter=none;backEnd=same_cpu_doer_checker,True,True,,,,,,1781,OPTIMAL,0.43,True
chk10,d_systematic_sw,none,235,p_sw,PFcheap,OPTIMAL,2.141,1846,1668,[1668],2,41,1802,0,0,3,80,frontEnd=same_cpu_doer_checker;rasta=none;powspec=none;audspec=none;compJah=same_cpu_doer_checker;rastaFilter=none;backEnd=same_cpu_doer_checker,True,True,,,,,,1781,OPTIMAL,0.44,True
chk10,d_systematic_sw,1.00,235,p_sw,joint,OPTIMAL,1.817,2072,235,[235],7,267,1802,0,0,3,516,frontEnd=same_cpu_doer_checker;rasta=none;powspec=none;audspec=none;compJah=same_cpu_doer_checker;rastaFilter=none;backEnd=same_cpu_doer_checker,True,,235,,,,,235,OPTIMAL,0.432,True
chk10,d_systematic_sw,1.00,235,p_sw,PFmin,OPTIMAL,8.564,2072,235,[235],7,267,1802,0,0,3,516,frontEnd=same_cpu_doer_checker;rasta=none;powspec=none;audspec=none;compJah=same_cpu_doer_checker;rastaFilter=none;backEnd=same_cpu_doer_checker,True,True,235,,,,,235,OPTIMAL,0.426,True
chk10,d_systematic_sw,1.00,235,p_sw,PFmax,OPTIMAL,2.163,2309,235,[235],10,501,1802,0,0,6,992,frontEnd=low_sil_diverse_doer_checker;rasta=none;powspec=none;audspec=none;compJah=low_sil_diverse_doer_checker;rastaFilter=none;backEnd=low_sil_diverse_doer_checker,True,True,235,,,,,235,OPTIMAL,0.442,True
chk10,d_systematic_sw,1.00,235,p_sw,PFlight,OPTIMAL,8.556,2072,235,[235],7,267,1802,0,0,3,516,frontEnd=same_cpu_doer_checker;rasta=none;powspec=none;audspec=none;compJah=same_cpu_doer_checker;rastaFilter=none;backEnd=same_cpu_doer_checker,True,True,235,,,,,235,OPTIMAL,0.446,True
chk10,d_systematic_sw,1.00,235,p_sw,PFcheap,OPTIMAL,8.705,2072,235,[235],7,267,1802,0,0,3,516,frontEnd=same_cpu_doer_checker;rasta=none;powspec=none;audspec=none;compJah=same_cpu_doer_checker;rastaFilter=none;backEnd=same_cpu_doer_checker,True,True,235,,,,,235,OPTIMAL,0.431,True
chk10,d_systematic_sw,1.10,235,p_sw,joint,OPTIMAL,3.103,2069,248,[248],7,264,1802,0,0,3,484,frontEnd=same_cpu_doer_checker;rasta=none;powspec=none;audspec=none;compJah=same_cpu_doer_checker;rastaFilter=none;backEnd=same_cpu_doer_checker,True,,259,,,,,259,OPTIMAL,0.458,True
chk10,d_systematic_sw,1.10,235,p_sw,PFmin,OPTIMAL,2.516,2069,248,[248],7,264,1802,0,0,3,484,frontEnd=same_cpu_doer_checker;rasta=none;powspec=none;audspec=none;compJah=same_cpu_doer_checker;rastaFilter=none;backEnd=same_cpu_doer_checker,True,True,259,,,,,259,OPTIMAL,0.441,True
chk10,d_systematic_sw,1.10,235,p_sw,PFmax,OPTIMAL,2.316,2309,248,[248],10,501,1802,0,0,6,907,frontEnd=low_sil_diverse_doer_checker;rasta=none;powspec=none;audspec=none;compJah=low_sil_diverse_doer_checker;rastaFilter=none;backEnd=low_sil_diverse_doer_checker,True,True,259,,,,,259,OPTIMAL,0.44,True
chk10,d_systematic_sw,1.10,235,p_sw,PFlight,OPTIMAL,2.544,2069,248,[248],7,264,1802,0,0,3,484,frontEnd=same_cpu_doer_checker;rasta=none;powspec=none;audspec=none;compJah=same_cpu_doer_checker;rastaFilter=none;backEnd=same_cpu_doer_checker,True,True,259,,,,,259,OPTIMAL,0.428,True
chk10,d_systematic_sw,1.10,235,p_sw,PFcheap,OPTIMAL,2.512,2069,248,[248],7,264,1802,0,0,3,484,frontEnd=same_cpu_doer_checker;rasta=none;powspec=none;audspec=none;compJah=same_cpu_doer_checker;rastaFilter=none;backEnd=same_cpu_doer_checker,True,True,259,,,,,259,OPTIMAL,0.426,True
chk10,d_systematic_sw,1.25,235,p_sw,joint,OPTIMAL,3.685,1920,282,[282],7,115,1802,0,0,3,376,frontEnd=same_cpu_doer_checker;rasta=none;powspec=none;audspec=none;compJah=same_cpu_doer_checker;rastaFilter=none;backEnd=same_cpu_doer_checker,True,,294,,,,,294,OPTIMAL,0.429,True
chk10,d_systematic_sw,1.25,235,p_sw,PFmin,OPTIMAL,1.577,1920,282,[282],7,115,1802,0,0,3,376,frontEnd=same_cpu_doer_checker;rasta=none;powspec=none;audspec=none;compJah=same_cpu_doer_checker;rastaFilter=none;backEnd=same_cpu_doer_checker,True,True,294,,,,,294,OPTIMAL,0.439,True
chk10,d_systematic_sw,1.25,235,p_sw,PFmax,OPTIMAL,2.583,2123,294,[294],9,315,1802,0,0,6,736,frontEnd=low_sil_diverse_doer_checker;rasta=none;powspec=none;audspec=none;compJah=low_sil_diverse_doer_checker;rastaFilter=none;backEnd=low_sil_diverse_doer_checker,True,True,294,,,,,294,OPTIMAL,0.431,True
chk10,d_systematic_sw,1.25,235,p_sw,PFlight,OPTIMAL,1.616,1920,282,[282],7,115,1802,0,0,3,376,frontEnd=same_cpu_doer_checker;rasta=none;powspec=none;audspec=none;compJah=same_cpu_doer_checker;rastaFilter=none;backEnd=same_cpu_doer_checker,True,True,294,,,,,294,OPTIMAL,0.434,True
chk10,d_systematic_sw,1.25,235,p_sw,PFcheap,OPTIMAL,1.702,1920,282,[282],7,115,1802,0,0,3,376,frontEnd=same_cpu_doer_checker;rasta=none;powspec=none;audspec=none;compJah=same_cpu_doer_checker;rastaFilter=none;backEnd=same_cpu_doer_checker,True,True,294,,,,,294,OPTIMAL,0.422,True
chk10,d_systematic_sw,1.50,235,p_sw,joint,OPTIMAL,3.698,1906,319,[319],6,101,1802,0,0,3,272,frontEnd=same_cpu_doer_checker;rasta=none;powspec=none;audspec=none;compJah=same_cpu_doer_checker;rastaFilter=none;backEnd=same_cpu_doer_checker,True,,353,,,,,353,OPTIMAL,0.431,True
chk10,d_systematic_sw,1.50,235,p_sw,PFmin,OPTIMAL,2.14,1906,319,[319],6,101,1802,0,0,3,272,frontEnd=same_cpu_doer_checker;rasta=none;powspec=none;audspec=none;compJah=same_cpu_doer_checker;rastaFilter=none;backEnd=same_cpu_doer_checker,True,True,353,,,,,353,OPTIMAL,0.455,True
chk10,d_systematic_sw,1.50,235,p_sw,PFmax,OPTIMAL,2.61,2112,332,[332],8,304,1802,0,0,6,664,frontEnd=low_sil_diverse_doer_checker;rasta=none;powspec=none;audspec=none;compJah=low_sil_diverse_doer_checker;rastaFilter=none;backEnd=low_sil_diverse_doer_checker,True,True,353,,,,,353,OPTIMAL,0.441,True
chk10,d_systematic_sw,1.50,235,p_sw,PFlight,OPTIMAL,2.067,1906,319,[319],6,101,1802,0,0,3,272,frontEnd=same_cpu_doer_checker;rasta=none;powspec=none;audspec=none;compJah=same_cpu_doer_checker;rastaFilter=none;backEnd=same_cpu_doer_checker,True,True,353,,,,,353,OPTIMAL,0.467,True
chk10,d_systematic_sw,1.50,235,p_sw,PFcheap,OPTIMAL,2.005,1906,319,[319],6,101,1802,0,0,3,272,frontEnd=same_cpu_doer_checker;rasta=none;powspec=none;audspec=none;compJah=same_cpu_doer_checker;rastaFilter=none;backEnd=same_cpu_doer_checker,True,True,353,,,,,353,OPTIMAL,0.431,True
chk10,d_systematic_sw,2.00,235,p_sw,joint,OPTIMAL,3.726,1898,449,[449],5,93,1802,0,0,3,232,frontEnd=same_cpu_doer_checker;rasta=none;powspec=none;audspec=none;compJah=same_cpu_doer_checker;rastaFilter=none;backEnd=same_cpu_doer_checker,True,,470,,,,,470,OPTIMAL,0.418,True
chk10,d_systematic_sw,2.00,235,p_sw,PFmin,OPTIMAL,2.943,1898,449,[449],5,93,1802,0,0,3,232,frontEnd=same_cpu_doer_checker;rasta=none;powspec=none;audspec=none;compJah=same_cpu_doer_checker;rastaFilter=none;backEnd=same_cpu_doer_checker,True,True,470,,,,,470,OPTIMAL,0.586,True
chk10,d_systematic_sw,2.00,235,p_sw,PFmax,OPTIMAL,3.104,2068,449,[449],6,260,1802,0,0,6,552,frontEnd=low_sil_diverse_doer_checker;rasta=none;powspec=none;audspec=none;compJah=low_sil_diverse_doer_checker;rastaFilter=none;backEnd=low_sil_diverse_doer_checker,True,True,470,,,,,470,OPTIMAL,0.45,True
chk10,d_systematic_sw,2.00,235,p_sw,PFlight,OPTIMAL,2.437,1898,449,[449],5,93,1802,0,0,3,232,frontEnd=same_cpu_doer_checker;rasta=none;powspec=none;audspec=none;compJah=same_cpu_doer_checker;rastaFilter=none;backEnd=same_cpu_doer_checker,True,True,470,,,,,470,OPTIMAL,0.493,True
chk10,d_systematic_sw,2.00,235,p_sw,PFcheap,OPTIMAL,2.548,1898,449,[449],5,93,1802,0,0,3,232,frontEnd=same_cpu_doer_checker;rasta=none;powspec=none;audspec=none;compJah=same_cpu_doer_checker;rastaFilter=none;backEnd=same_cpu_doer_checker,True,True,470,,,,,470,OPTIMAL,0.443,True
chk10,f_sw3,-,,,min_period,OPTIMAL,6.441,7003,235,[235],11,1247,5744,1508,0,12,1472,frontEnd=mixed_sil_doer_checker;rasta=none;powspec=none;audspec=low_sil_diverse_doer_checker;compJah=mixed_sil_doer_checker;rastaFilter=low_sil_diverse_doer_checker;backEnd=low_sil_diverse_doer_checker,True,,,,,,,235,,,
chk10,f_sw3,none,235,,joint,OPTIMAL,5.734,3365,1079,[1079],4,386,2974,0,0,5,410,frontEnd=two_of_two_high_sil;rasta=none;powspec=none;audspec=none;compJah=two_of_two_high_sil;rastaFilter=none;backEnd=same_cpu_doer_checker,True,,,,,,,2328,OPTIMAL,0.48,True
chk10,f_sw3,none,235,,PFmin,OPTIMAL,3.553,3365,1079,[1079],4,386,2974,0,0,5,410,frontEnd=two_of_two_high_sil;rasta=none;powspec=none;audspec=none;compJah=two_of_two_high_sil;rastaFilter=none;backEnd=same_cpu_doer_checker,True,True,,,,,,2328,OPTIMAL,0.485,True
chk10,f_sw3,none,235,,PFmax,OPTIMAL,3.425,3406,1079,[1079],5,426,2974,0,0,6,590,frontEnd=two_of_two_high_sil;rasta=none;powspec=none;audspec=none;compJah=two_of_two_high_sil;rastaFilter=none;backEnd=low_sil_diverse_doer_checker,True,True,,,,,,2328,OPTIMAL,0.495,True
chk10,f_sw3,none,235,,PFlight,OPTIMAL,3.467,4403,1130,[1130],4,386,4010,0,0,7,325,frontEnd=mixed_sil_doer_checker;rasta=none;powspec=none;audspec=none;compJah=mixed_sil_doer_checker;rastaFilter=none;backEnd=same_cpu_doer_checker,True,True,,,,,,2328,OPTIMAL,0.484,True
chk10,f_sw3,none,235,,PFcheap,OPTIMAL,3.342,3365,1177,[1177],4,386,2974,0,0,5,325,frontEnd=two_of_two_high_sil;rasta=none;powspec=none;audspec=none;compJah=two_of_two_high_sil;rastaFilter=none;backEnd=same_cpu_doer_checker,True,True,,,,,,2328,OPTIMAL,0.485,True
chk10,f_sw3,1.00,235,,joint,OPTIMAL,5.002,4667,235,[235],9,650,4010,0,0,7,1032,frontEnd=mixed_sil_doer_checker;rasta=none;powspec=none;audspec=none;compJah=mixed_sil_doer_checker;rastaFilter=none;backEnd=same_cpu_doer_checker,True,,235,,,,,235,OPTIMAL,0.494,True
chk10,f_sw3,1.00,235,,PFmin,UNSAT,0.892,,,,,,,,,,,frontEnd=two_of_two_high_sil;rasta=none;powspec=none;audspec=none;compJah=two_of_two_high_sil;rastaFilter=none;backEnd=same_cpu_doer_checker,,,235,,,,,,,,
chk10,f_sw3,1.00,235,,PFmax,UNSAT,0.876,,,,,,,,,,,frontEnd=two_of_two_high_sil;rasta=none;powspec=none;audspec=none;compJah=two_of_two_high_sil;rastaFilter=none;backEnd=low_sil_diverse_doer_checker,,,235,,,,,,,,
chk10,f_sw3,1.00,235,,PFlight,OPTIMAL,2.689,4667,235,[235],9,650,4010,0,0,7,1032,frontEnd=mixed_sil_doer_checker;rasta=none;powspec=none;audspec=none;compJah=mixed_sil_doer_checker;rastaFilter=none;backEnd=same_cpu_doer_checker,True,True,235,,,,,235,OPTIMAL,0.495,True
chk10,f_sw3,1.00,235,,PFcheap,UNSAT,0.921,,,,,,,,,,,frontEnd=two_of_two_high_sil;rasta=none;powspec=none;audspec=none;compJah=two_of_two_high_sil;rastaFilter=none;backEnd=same_cpu_doer_checker,,,235,,,,,,,,
chk10,f_sw3,1.10,235,,joint,OPTIMAL,5.271,4625,259,[259],8,608,4010,0,0,7,914,frontEnd=mixed_sil_doer_checker;rasta=none;powspec=none;audspec=none;compJah=mixed_sil_doer_checker;rastaFilter=none;backEnd=same_cpu_doer_checker,True,,259,,,,,259,OPTIMAL,0.486,True
chk10,f_sw3,1.10,235,,PFmin,UNSAT,0.872,,,,,,,,,,,frontEnd=two_of_two_high_sil;rasta=none;powspec=none;audspec=none;compJah=two_of_two_high_sil;rastaFilter=none;backEnd=same_cpu_doer_checker,,,259,,,,,,,,
chk10,f_sw3,1.10,235,,PFmax,UNSAT,0.889,,,,,,,,,,,frontEnd=two_of_two_high_sil;rasta=none;powspec=none;audspec=none;compJah=two_of_two_high_sil;rastaFilter=none;backEnd=low_sil_diverse_doer_checker,,,259,,,,,,,,
chk10,f_sw3,1.10,235,,PFlight,OPTIMAL,2.728,4625,259,[259],8,608,4010,0,0,7,914,frontEnd=mixed_sil_doer_checker;rasta=none;powspec=none;audspec=none;compJah=mixed_sil_doer_checker;rastaFilter=none;backEnd=same_cpu_doer_checker,True,True,259,,,,,259,OPTIMAL,0.489,True
chk10,f_sw3,1.10,235,,PFcheap,UNSAT,0.89,,,,,,,,,,,frontEnd=two_of_two_high_sil;rasta=none;powspec=none;audspec=none;compJah=two_of_two_high_sil;rastaFilter=none;backEnd=same_cpu_doer_checker,,,259,,,,,,,,
chk10,f_sw3,1.25,235,,joint,OPTIMAL,6.508,4498,289,[289],8,481,4010,0,0,7,774,frontEnd=mixed_sil_doer_checker;rasta=none;powspec=none;audspec=none;compJah=mixed_sil_doer_checker;rastaFilter=none;backEnd=same_cpu_doer_checker,True,,294,,,,,294,OPTIMAL,0.479,True
chk10,f_sw3,1.25,235,,PFmin,UNSAT,0.957,,,,,,,,,,,frontEnd=two_of_two_high_sil;rasta=none;powspec=none;audspec=none;compJah=two_of_two_high_sil;rastaFilter=none;backEnd=same_cpu_doer_checker,,,294,,,,,,,,
chk10,f_sw3,1.25,235,,PFmax,UNSAT,0.947,,,,,,,,,,,frontEnd=two_of_two_high_sil;rasta=none;powspec=none;audspec=none;compJah=two_of_two_high_sil;rastaFilter=none;backEnd=low_sil_diverse_doer_checker,,,294,,,,,,,,
chk10,f_sw3,1.25,235,,PFlight,OPTIMAL,3.434,4498,289,[289],8,481,4010,0,0,7,774,frontEnd=mixed_sil_doer_checker;rasta=none;powspec=none;audspec=none;compJah=mixed_sil_doer_checker;rastaFilter=none;backEnd=same_cpu_doer_checker,True,True,294,,,,,294,OPTIMAL,0.5,True
chk10,f_sw3,1.25,235,,PFcheap,UNSAT,0.909,,,,,,,,,,,frontEnd=two_of_two_high_sil;rasta=none;powspec=none;audspec=none;compJah=two_of_two_high_sil;rastaFilter=none;backEnd=same_cpu_doer_checker,,,294,,,,,,,,
chk10,f_sw3,1.50,235,,joint,OPTIMAL,6.889,3988,345,[345],8,490,3492,0,0,6,767,frontEnd=two_of_two_high_sil;rasta=none;powspec=none;audspec=none;compJah=mixed_sil_doer_checker;rastaFilter=none;backEnd=same_cpu_doer_checker,True,,353,,,,,353,OPTIMAL,0.499,True
chk10,f_sw3,1.50,235,,PFmin,UNSAT,1.241,,,,,,,,,,,frontEnd=two_of_two_high_sil;rasta=none;powspec=none;audspec=none;compJah=two_of_two_high_sil;rastaFilter=none;backEnd=same_cpu_doer_checker,,,353,,,,,,,,
chk10,f_sw3,1.50,235,,PFmax,UNSAT,1.213,,,,,,,,,,,frontEnd=two_of_two_high_sil;rasta=none;powspec=none;audspec=none;compJah=two_of_two_high_sil;rastaFilter=none;backEnd=low_sil_diverse_doer_checker,,,353,,,,,,,,
chk10,f_sw3,1.50,235,,PFlight,OPTIMAL,3.294,4462,319,[319],7,445,4010,0,0,7,617,frontEnd=mixed_sil_doer_checker;rasta=none;powspec=none;audspec=none;compJah=mixed_sil_doer_checker;rastaFilter=none;backEnd=same_cpu_doer_checker,True,True,353,,,,,353,OPTIMAL,0.475,True
chk10,f_sw3,1.50,235,,PFcheap,UNSAT,1.237,,,,,,,,,,,frontEnd=two_of_two_high_sil;rasta=none;powspec=none;audspec=none;compJah=two_of_two_high_sil;rastaFilter=none;backEnd=same_cpu_doer_checker,,,353,,,,,,,,
chk10,f_sw3,2.00,235,,joint,OPTIMAL,7.157,3421,461,[461],6,442,2974,0,0,5,632,frontEnd=two_of_two_high_sil;rasta=none;powspec=none;audspec=none;compJah=two_of_two_high_sil;rastaFilter=none;backEnd=same_cpu_doer_checker,True,,470,,,,,470,OPTIMAL,0.476,True
chk10,f_sw3,2.00,235,,PFmin,OPTIMAL,3.667,3421,461,[461],6,442,2974,0,0,5,632,frontEnd=two_of_two_high_sil;rasta=none;powspec=none;audspec=none;compJah=two_of_two_high_sil;rastaFilter=none;backEnd=same_cpu_doer_checker,True,True,470,,,,,470,OPTIMAL,0.508,True
chk10,f_sw3,2.00,235,,PFmax,OPTIMAL,3.494,3462,461,[461],7,482,2974,0,0,6,812,frontEnd=two_of_two_high_sil;rasta=none;powspec=none;audspec=none;compJah=two_of_two_high_sil;rastaFilter=none;backEnd=low_sil_diverse_doer_checker,True,True,470,,,,,470,OPTIMAL,0.5,True
chk10,f_sw3,2.00,235,,PFlight,OPTIMAL,3.539,4454,449,[449],6,437,4010,0,0,7,577,frontEnd=mixed_sil_doer_checker;rasta=none;powspec=none;audspec=none;compJah=mixed_sil_doer_checker;rastaFilter=none;backEnd=same_cpu_doer_checker,True,True,470,,,,,470,OPTIMAL,0.48,True
chk10,f_sw3,2.00,235,,PFcheap,OPTIMAL,3.375,3421,461,[461],6,442,2974,0,0,5,632,frontEnd=two_of_two_high_sil;rasta=none;powspec=none;audspec=none;compJah=two_of_two_high_sil;rastaFilter=none;backEnd=same_cpu_doer_checker,True,True,470,,,,,470,OPTIMAL,0.477,True
chk10,f_both3,-,,,min_period,OPTIMAL,5.928,7128,235,[235],10,1263,5855,1732,0,10,1570,frontEnd=mixed_sil_doer_checker;rasta=none;powspec=none;audspec=none;compJah=mixed_sil_doer_checker;rastaFilter=low_sil_diverse_doer_checker;backEnd=low_sil_diverse_doer_checker,True,,,,,,,235,,,
chk10,f_both3,none,235,,joint,OPTIMAL,3.262,3406,1104,[1104],5,426,2974,0,0,6,420,frontEnd=two_of_two_high_sil;rasta=none;powspec=none;audspec=none;compJah=two_of_two_high_sil;rastaFilter=none;backEnd=low_sil_diverse_doer_checker,True,,,,,,,2328,OPTIMAL,0.472,True
chk10,f_both3,none,235,,PFmin,OPTIMAL,3.385,3406,1267,[1267],5,426,2974,0,0,6,590,frontEnd=two_of_two_high_sil;rasta=none;powspec=none;audspec=none;compJah=two_of_two_high_sil;rastaFilter=none;backEnd=low_sil_diverse_doer_checker,True,True,,,,,,2328,OPTIMAL,0.486,True
chk10,f_both3,none,235,,PFmax,OPTIMAL,3.403,3406,1267,[1267],5,426,2974,0,0,6,590,frontEnd=two_of_two_high_sil;rasta=none;powspec=none;audspec=none;compJah=two_of_two_high_sil;rastaFilter=none;backEnd=low_sil_diverse_doer_checker,True,True,,,,,,2328,OPTIMAL,0.522,True
chk10,f_both3,none,235,,PFlight,OPTIMAL,4.062,4444,1079,[1079],5,426,4010,0,0,8,590,frontEnd=mixed_sil_doer_checker;rasta=none;powspec=none;audspec=none;compJah=mixed_sil_doer_checker;rastaFilter=none;backEnd=low_sil_diverse_doer_checker,True,True,,,,,,2328,OPTIMAL,0.487,True
chk10,f_both3,none,235,,PFcheap,OPTIMAL,3.628,3406,1267,[1267],5,426,2974,0,0,6,590,frontEnd=two_of_two_high_sil;rasta=none;powspec=none;audspec=none;compJah=two_of_two_high_sil;rastaFilter=none;backEnd=low_sil_diverse_doer_checker,True,True,,,,,,2328,OPTIMAL,0.499,True
chk10,f_both3,1.00,235,,joint,OPTIMAL,6.107,4708,235,[235],10,690,4010,0,0,8,1212,frontEnd=mixed_sil_doer_checker;rasta=none;powspec=none;audspec=none;compJah=mixed_sil_doer_checker;rastaFilter=none;backEnd=low_sil_diverse_doer_checker,True,,235,,,,,235,OPTIMAL,0.534,True
chk10,f_both3,1.00,235,,PFmin,UNSAT,0.919,,,,,,,,,,,frontEnd=two_of_two_high_sil;rasta=none;powspec=none;audspec=none;compJah=two_of_two_high_sil;rastaFilter=none;backEnd=low_sil_diverse_doer_checker,,,235,,,,,,,,
chk10,f_both3,1.00,235,,PFmax,UNSAT,0.863,,,,,,,,,,,frontEnd=two_of_two_high_sil;rasta=none;powspec=none;audspec=none;compJah=two_of_two_high_sil;rastaFilter=none;backEnd=low_sil_diverse_doer_checker,,,235,,,,,,,,
chk10,f_both3,1.00,235,,PFlight,OPTIMAL,3.061,4708,235,[235],10,690,4010,0,0,8,1212,frontEnd=mixed_sil_doer_checker;rasta=none;powspec=none;audspec=none;compJah=mixed_sil_doer_checker;rastaFilter=none;backEnd=low_sil_diverse_doer_checker,True,True,235,,,,,235,OPTIMAL,0.535,True
chk10,f_both3,1.00,235,,PFcheap,UNSAT,0.951,,,,,,,,,,,frontEnd=two_of_two_high_sil;rasta=none;powspec=none;audspec=none;compJah=two_of_two_high_sil;rastaFilter=none;backEnd=low_sil_diverse_doer_checker,,,235,,,,,,,,
chk10,f_both3,1.10,235,,joint,OPTIMAL,5.79,4708,235,[235],10,690,4010,0,0,8,1212,frontEnd=mixed_sil_doer_checker;rasta=none;powspec=none;audspec=none;compJah=mixed_sil_doer_checker;rastaFilter=none;backEnd=low_sil_diverse_doer_checker,True,,259,,,,,259,OPTIMAL,0.527,True
chk10,f_both3,1.10,235,,PFmin,UNSAT,0.907,,,,,,,,,,,frontEnd=two_of_two_high_sil;rasta=none;powspec=none;audspec=none;compJah=two_of_two_high_sil;rastaFilter=none;backEnd=low_sil_diverse_doer_checker,,,259,,,,,,,,
chk10,f_both3,1.10,235,,PFmax,UNSAT,0.938,,,,,,,,,,,frontEnd=two_of_two_high_sil;rasta=none;powspec=none;audspec=none;compJah=two_of_two_high_sil;rastaFilter=none;backEnd=low_sil_diverse_doer_checker,,,259,,,,,,,,
chk10,f_both3,1.10,235,,PFlight,OPTIMAL,3.638,4708,235,[235],10,690,4010,0,0,8,1212,frontEnd=mixed_sil_doer_checker;rasta=none;powspec=none;audspec=none;compJah=mixed_sil_doer_checker;rastaFilter=none;backEnd=low_sil_diverse_doer_checker,True,True,259,,,,,259,OPTIMAL,0.502,True
chk10,f_both3,1.10,235,,PFcheap,UNSAT,0.899,,,,,,,,,,,frontEnd=two_of_two_high_sil;rasta=none;powspec=none;audspec=none;compJah=two_of_two_high_sil;rastaFilter=none;backEnd=low_sil_diverse_doer_checker,,,259,,,,,,,,
chk10,f_both3,1.25,235,,joint,OPTIMAL,10.042,4699,289,[289],10,681,4010,0,0,8,1134,frontEnd=mixed_sil_doer_checker;rasta=none;powspec=none;audspec=none;compJah=mixed_sil_doer_checker;rastaFilter=none;backEnd=low_sil_diverse_doer_checker,True,,294,,,,,294,OPTIMAL,0.495,True
chk10,f_both3,1.25,235,,PFmin,UNSAT,0.972,,,,,,,,,,,frontEnd=two_of_two_high_sil;rasta=none;powspec=none;audspec=none;compJah=two_of_two_high_sil;rastaFilter=none;backEnd=low_sil_diverse_doer_checker,,,294,,,,,,,,
chk10,f_both3,1.25,235,,PFmax,UNSAT,0.905,,,,,,,,,,,frontEnd=two_of_two_high_sil;rasta=none;powspec=none;audspec=none;compJah=two_of_two_high_sil;rastaFilter=none;backEnd=low_sil_diverse_doer_checker,,,294,,,,,,,,
chk10,f_both3,1.25,235,,PFlight,OPTIMAL,5.792,4699,289,[289],10,681,4010,0,0,8,1134,frontEnd=mixed_sil_doer_checker;rasta=none;powspec=none;audspec=none;compJah=mixed_sil_doer_checker;rastaFilter=none;backEnd=low_sil_diverse_doer_checker,True,True,294,,,,,294,OPTIMAL,0.526,True
chk10,f_both3,1.25,235,,PFcheap,UNSAT,0.968,,,,,,,,,,,frontEnd=two_of_two_high_sil;rasta=none;powspec=none;audspec=none;compJah=two_of_two_high_sil;rastaFilter=none;backEnd=low_sil_diverse_doer_checker,,,294,,,,,,,,
chk10,f_both3,1.50,235,,joint,OPTIMAL,10.011,4149,319,[319],9,650,3492,0,0,7,1032,frontEnd=two_of_two_high_sil;rasta=none;powspec=none;audspec=none;compJah=mixed_sil_doer_checker;rastaFilter=none;backEnd=low_sil_diverse_doer_checker,True,,353,,,,,353,OPTIMAL,0.525,True
chk10,f_both3,1.50,235,,PFmin,UNSAT,1.315,,,,,,,,,,,frontEnd=two_of_two_high_sil;rasta=none;powspec=none;audspec=none;compJah=two_of_two_high_sil;rastaFilter=none;backEnd=low_sil_diverse_doer_checker,,,353,,,,,,,,
chk10,f_both3,1.50,235,,PFmax,UNSAT,1.247,,,,,,,,,,,frontEnd=two_of_two_high_sil;rasta=none;powspec=none;audspec=none;compJah=two_of_two_high_sil;rastaFilter=none;backEnd=low_sil_diverse_doer_checker,,,353,,,,,,,,
chk10,f_both3,1.50,235,,PFlight,OPTIMAL,4.762,4663,319,[319],9,645,4010,0,0,8,1062,frontEnd=mixed_sil_doer_checker;rasta=none;powspec=none;audspec=none;compJah=mixed_sil_doer_checker;rastaFilter=none;backEnd=low_sil_diverse_doer_checker,True,True,353,,,,,353,OPTIMAL,0.49,True
chk10,f_both3,1.50,235,,PFcheap,UNSAT,1.293,,,,,,,,,,,frontEnd=two_of_two_high_sil;rasta=none;powspec=none;audspec=none;compJah=two_of_two_high_sil;rastaFilter=none;backEnd=low_sil_diverse_doer_checker,,,353,,,,,,,,
chk10,f_both3,2.00,235,,joint,OPTIMAL,9.011,3462,461,[461],7,482,2974,0,0,6,812,frontEnd=two_of_two_high_sil;rasta=none;powspec=none;audspec=none;compJah=two_of_two_high_sil;rastaFilter=none;backEnd=low_sil_diverse_doer_checker,True,,470,,,,,470,OPTIMAL,0.48,True
chk10,f_both3,2.00,235,,PFmin,OPTIMAL,3.858,3462,461,[461],7,482,2974,0,0,6,812,frontEnd=two_of_two_high_sil;rasta=none;powspec=none;audspec=none;compJah=two_of_two_high_sil;rastaFilter=none;backEnd=low_sil_diverse_doer_checker,True,True,470,,,,,470,OPTIMAL,0.483,True
chk10,f_both3,2.00,235,,PFmax,OPTIMAL,3.902,3462,461,[461],7,482,2974,0,0,6,812,frontEnd=two_of_two_high_sil;rasta=none;powspec=none;audspec=none;compJah=two_of_two_high_sil;rastaFilter=none;backEnd=low_sil_diverse_doer_checker,True,True,470,,,,,470,OPTIMAL,0.508,True
chk10,f_both3,2.00,235,,PFlight,OPTIMAL,4.245,4500,449,[449],7,482,4010,0,0,8,812,frontEnd=mixed_sil_doer_checker;rasta=none;powspec=none;audspec=none;compJah=mixed_sil_doer_checker;rastaFilter=none;backEnd=low_sil_diverse_doer_checker,True,True,470,,,,,470,OPTIMAL,0.521,True
chk10,f_both3,2.00,235,,PFcheap,OPTIMAL,3.909,3462,461,[461],7,482,2974,0,0,6,812,frontEnd=two_of_two_high_sil;rasta=none;powspec=none;audspec=none;compJah=two_of_two_high_sil;rastaFilter=none;backEnd=low_sil_diverse_doer_checker,True,True,470,,,,,470,OPTIMAL,0.497,True
chk10,c_pat,-,,,min_period,OPTIMAL,25.749,6139,235,[235],10,744,5382,1551,0,13,1368,frontEnd=mixed_sil_doer_checker;rasta=low_sil_doer_checker;powspec=none;audspec=low_sil_diverse_doer_checker;compJah=high_sil_isolated_checker;rastaFilter=low_sil_doer_checker;backEnd=low_sil_doer_checker,True,,,,,,,235,,,
chk10,c_pat,none,235,,joint,OPTIMAL,16.775,3349,1335,[1335],5,369,2974,0,0,6,310,frontEnd=two_of_two_high_sil;rasta=none;powspec=none;audspec=none;compJah=high_sil_isolated_checker;rastaFilter=none;backEnd=low_sil_doer_checker,True,,,,,,,1819,OPTIMAL,1.37,True
chk10,c_pat,none,235,,PFmin,OPTIMAL,10.358,3349,1296,[1296],5,369,2974,0,0,6,480,frontEnd=two_of_two_high_sil;rasta=none;powspec=none;audspec=none;compJah=two_of_two_high_sil;rastaFilter=none;backEnd=low_sil_doer_checker,True,True,,,,,,1448,OPTIMAL,1.212,True
chk10,c_pat,none,235,,PFmax,OPTIMAL,10.685,3374,1381,[1381],5,394,2974,0,0,6,480,frontEnd=two_of_two_high_sil;rasta=none;powspec=none;audspec=none;compJah=two_of_two_high_sil;rastaFilter=none;backEnd=low_sil_diverse_doer_checker,True,True,,,,,,1491,OPTIMAL,1.164,True
chk10,c_pat,none,235,,PFlight,OPTIMAL,9.769,3349,1206,[1206],5,369,2974,0,0,6,395,frontEnd=high_sil_isolated_checker;rasta=none;powspec=none;audspec=none;compJah=high_sil_isolated_checker;rastaFilter=none;backEnd=low_sil_doer_checker,True,True,,,,,,1315,OPTIMAL,1.157,True
chk10,c_pat,none,235,,PFcheap,OPTIMAL,9.658,3349,1173,[1173],5,369,2974,0,0,6,480,frontEnd=high_sil_isolated_checker;rasta=none;powspec=none;audspec=none;compJah=high_sil_isolated_checker;rastaFilter=none;backEnd=low_sil_doer_checker,True,True,,,,,,1173,OPTIMAL,1.131,True
chk10,c_pat,1.00,235,,joint,OPTIMAL,11.445,3633,235,[235],10,653,2974,0,0,6,1047,frontEnd=high_sil_isolated_checker;rasta=none;powspec=none;audspec=none;compJah=high_sil_isolated_checker;rastaFilter=none;backEnd=low_sil_doer_checker,True,,235,,,,,235,OPTIMAL,1.217,True
chk10,c_pat,1.00,235,,PFmin,UNSAT,2.085,,,,,,,,,,,frontEnd=two_of_two_high_sil;rasta=none;powspec=none;audspec=none;compJah=two_of_two_high_sil;rastaFilter=none;backEnd=low_sil_doer_checker,,,235,,,,,,,,
chk10,c_pat,1.00,235,,PFmax,UNSAT,2.051,,,,,,,,,,,frontEnd=two_of_two_high_sil;rasta=none;powspec=none;audspec=none;compJah=two_of_two_high_sil;rastaFilter=none;backEnd=low_sil_diverse_doer_checker,,,235,,,,,,,,
chk10,c_pat,1.00,235,,PFlight,OPTIMAL,5.976,3633,235,[235],10,653,2974,0,0,6,1132,frontEnd=high_sil_isolated_checker;rasta=none;powspec=none;audspec=none;compJah=high_sil_isolated_checker;rastaFilter=none;backEnd=low_sil_doer_checker,True,True,235,,,,,235,OPTIMAL,1.175,True
chk10,c_pat,1.00,235,,PFcheap,OPTIMAL,6.019,3633,235,[235],10,653,2974,0,0,6,1132,frontEnd=high_sil_isolated_checker;rasta=none;powspec=none;audspec=none;compJah=high_sil_isolated_checker;rastaFilter=none;backEnd=low_sil_doer_checker,True,True,235,,,,,235,OPTIMAL,1.188,True
chk10,c_pat,1.10,235,,joint,OPTIMAL,14.887,3633,251,[251],10,653,2974,0,0,6,1132,frontEnd=high_sil_isolated_checker;rasta=none;powspec=none;audspec=none;compJah=high_sil_isolated_checker;rastaFilter=none;backEnd=low_sil_doer_checker,True,,259,,,,,259,OPTIMAL,1.182,True
chk10,c_pat,1.10,235,,PFmin,UNSAT,2.165,,,,,,,,,,,frontEnd=two_of_two_high_sil;rasta=none;powspec=none;audspec=none;compJah=two_of_two_high_sil;rastaFilter=none;backEnd=low_sil_doer_checker,,,259,,,,,,,,
chk10,c_pat,1.10,235,,PFmax,UNSAT,1.924,,,,,,,,,,,frontEnd=two_of_two_high_sil;rasta=none;powspec=none;audspec=none;compJah=two_of_two_high_sil;rastaFilter=none;backEnd=low_sil_diverse_doer_checker,,,259,,,,,,,,
chk10,c_pat,1.10,235,,PFlight,OPTIMAL,7.852,3633,250,[250],10,653,2974,0,0,6,1132,frontEnd=high_sil_isolated_checker;rasta=none;powspec=none;audspec=none;compJah=high_sil_isolated_checker;rastaFilter=none;backEnd=low_sil_doer_checker,True,True,259,,,,,259,OPTIMAL,1.119,True
chk10,c_pat,1.10,235,,PFcheap,OPTIMAL,7.613,3633,251,[251],10,653,2974,0,0,6,1132,frontEnd=high_sil_isolated_checker;rasta=none;powspec=none;audspec=none;compJah=high_sil_isolated_checker;rastaFilter=none;backEnd=low_sil_doer_checker,True,True,259,,,,,259,OPTIMAL,1.133,True
chk10,c_pat,1.25,235,,joint,OPTIMAL,19.412,3484,282,[282],10,504,2974,0,0,6,1024,frontEnd=high_sil_isolated_checker;rasta=none;powspec=none;audspec=none;compJah=high_sil_isolated_checker;rastaFilter=none;backEnd=low_sil_doer_checker,True,,294,,,,,282,OPTIMAL,1.1,True
chk10,c_pat,1.25,235,,PFmin,UNSAT,2.882,,,,,,,,,,,frontEnd=two_of_two_high_sil;rasta=none;powspec=none;audspec=none;compJah=two_of_two_high_sil;rastaFilter=none;backEnd=low_sil_doer_checker,,,294,,,,,,,,
chk10,c_pat,1.25,235,,PFmax,UNSAT,2.907,,,,,,,,,,,frontEnd=two_of_two_high_sil;rasta=none;powspec=none;audspec=none;compJah=two_of_two_high_sil;rastaFilter=none;backEnd=low_sil_diverse_doer_checker,,,294,,,,,,,,
chk10,c_pat,1.25,235,,PFlight,OPTIMAL,7.943,3484,282,[282],10,504,2974,0,0,6,1024,frontEnd=high_sil_isolated_checker;rasta=none;powspec=none;audspec=none;compJah=high_sil_isolated_checker;rastaFilter=none;backEnd=low_sil_doer_checker,True,True,294,,,,,282,OPTIMAL,1.075,True
chk10,c_pat,1.25,235,,PFcheap,OPTIMAL,7.411,3484,282,[282],10,504,2974,0,0,6,1024,frontEnd=high_sil_isolated_checker;rasta=none;powspec=none;audspec=none;compJah=high_sil_isolated_checker;rastaFilter=none;backEnd=low_sil_doer_checker,True,True,294,,,,,282,OPTIMAL,1.096,True
chk10,c_pat,1.50,235,,joint,OPTIMAL,24.795,3473,323,[323],9,493,2974,0,0,6,952,frontEnd=high_sil_isolated_checker;rasta=none;powspec=none;audspec=none;compJah=high_sil_isolated_checker;rastaFilter=none;backEnd=low_sil_doer_checker,True,,353,,,,,353,OPTIMAL,1.103,True
chk10,c_pat,1.50,235,,PFmin,OPTIMAL,9.071,3473,340,[340],9,493,2974,0,0,6,952,frontEnd=two_of_two_high_sil;rasta=none;powspec=none;audspec=none;compJah=two_of_two_high_sil;rastaFilter=none;backEnd=low_sil_doer_checker,True,True,353,,,,,348,OPTIMAL,1.071,True
chk10,c_pat,1.50,235,,PFmax,OPTIMAL,8.804,3473,340,[340],9,493,2974,0,0,6,952,frontEnd=two_of_two_high_sil;rasta=none;powspec=none;audspec=none;compJah=two_of_two_high_sil;rastaFilter=none;backEnd=low_sil_diverse_doer_checker,True,True,353,,,,,340,OPTIMAL,1.09,True
chk10,c_pat,1.50,235,,PFlight,OPTIMAL,9.167,3473,323,[323],9,493,2974,0,0,6,952,frontEnd=high_sil_isolated_checker;rasta=none;powspec=none;audspec=none;compJah=high_sil_isolated_checker;rastaFilter=none;backEnd=low_sil_doer_checker,True,True,353,,,,,353,OPTIMAL,1.122,True
chk10,c_pat,1.50,235,,PFcheap,OPTIMAL,9.398,3473,323,[323],9,493,2974,0,0,6,952,frontEnd=high_sil_isolated_checker;rasta=none;powspec=none;audspec=none;compJah=high_sil_isolated_checker;rastaFilter=none;backEnd=low_sil_doer_checker,True,True,353,,,,,345,OPTIMAL,1.086,True
chk10,c_pat,2.00,235,,joint,OPTIMAL,20.688,3400,449,[449],7,420,2974,0,0,6,732,frontEnd=high_sil_isolated_checker;rasta=none;powspec=none;audspec=none;compJah=high_sil_isolated_checker;rastaFilter=none;backEnd=low_sil_doer_checker,True,,470,,,,,470,OPTIMAL,1.074,True
chk10,c_pat,2.00,235,,PFmin,OPTIMAL,9.708,3429,442,[442],7,449,2974,0,0,6,840,frontEnd=two_of_two_high_sil;rasta=none;powspec=none;audspec=none;compJah=two_of_two_high_sil;rastaFilter=none;backEnd=low_sil_doer_checker,True,True,470,,,,,470,OPTIMAL,1.07,True
chk10,c_pat,2.00,235,,PFmax,OPTIMAL,9.585,3454,442,[442],7,474,2974,0,0,6,840,frontEnd=two_of_two_high_sil;rasta=none;powspec=none;audspec=none;compJah=two_of_two_high_sil;rastaFilter=none;backEnd=low_sil_diverse_doer_checker,True,True,470,,,,,467,OPTIMAL,1.087,True
chk10,c_pat,2.00,235,,PFlight,OPTIMAL,10.841,3400,449,[449],7,420,2974,0,0,6,732,frontEnd=high_sil_isolated_checker;rasta=none;powspec=none;audspec=none;compJah=high_sil_isolated_checker;rastaFilter=none;backEnd=low_sil_doer_checker,True,True,470,,,,,449,OPTIMAL,1.072,True
chk10,c_pat,2.00,235,,PFcheap,OPTIMAL,10.387,3400,449,[449],7,420,2974,0,0,6,732,frontEnd=high_sil_isolated_checker;rasta=none;powspec=none;audspec=none;compJah=high_sil_isolated_checker;rastaFilter=none;backEnd=low_sil_doer_checker,True,True,470,,,,,470,OPTIMAL,1.112,True
chk10,pc_sobel,-,,,min_period,OPTIMAL,2.659,6523,282,[282],4,44,6472,4353,0,7,570,get_pixel=mixed_sil_doer_checker;gx=one_of_two_failover;gy=one_of_two_failover;abs=none,True,,100000,,,,,282,,,
chk10,pc_sobel,none,282,,joint,OPTIMAL,2.774,1401,416,[416],3,24,1375,0,0,2,142,get_pixel=high_sil_isolated_checker;gx=none;gy=none;abs=none,True,,100000,,,,,416,OPTIMAL,0.767,True
chk10,pc_sobel,none,282,,PFmin,OPTIMAL,1.862,1401,768,[768],3,24,1375,0,0,2,153,get_pixel=two_of_two_high_sil;gx=none;gy=none;abs=none,True,True,100000,,,,,768,OPTIMAL,0.759,True
chk10,pc_sobel,none,282,,PFmax,OPTIMAL,1.822,1401,768,[768],3,24,1375,0,0,2,153,get_pixel=two_of_two_high_sil;gx=none;gy=none;abs=none,True,True,100000,,,,,768,OPTIMAL,0.757,True
chk10,pc_sobel,none,282,,PFlight,OPTIMAL,1.975,1401,416,[416],3,24,1375,0,0,2,142,get_pixel=high_sil_isolated_checker;gx=none;gy=none;abs=none,True,True,100000,,,,,416,OPTIMAL,0.767,True
chk10,pc_sobel,none,282,,PFcheap,OPTIMAL,1.943,1401,416,[416],3,24,1375,0,0,2,142,get_pixel=high_sil_isolated_checker;gx=none;gy=none;abs=none,True,True,100000,,,,,416,OPTIMAL,0.778,True
chk10,pc_sobel,1.00,282,,joint,OPTIMAL,2.038,1411,282,[282],3,34,1375,0,0,2,446,get_pixel=high_sil_isolated_checker;gx=none;gy=none;abs=none,True,,282,,,,,282,OPTIMAL,0.767,True
chk10,pc_sobel,1.00,282,,PFmin,UNSAT,1.043,,,,,,,,,,,get_pixel=two_of_two_high_sil;gx=none;gy=none;abs=none,,,282,,,,,,,,
chk10,pc_sobel,1.00,282,,PFmax,UNSAT,1.095,,,,,,,,,,,get_pixel=two_of_two_high_sil;gx=none;gy=none;abs=none,,,282,,,,,,,,
chk10,pc_sobel,1.00,282,,PFlight,OPTIMAL,1.44,1411,282,[282],3,34,1375,0,0,2,446,get_pixel=high_sil_isolated_checker;gx=none;gy=none;abs=none,True,True,282,,,,,282,OPTIMAL,0.754,True
chk10,pc_sobel,1.00,282,,PFcheap,OPTIMAL,1.461,1411,282,[282],3,34,1375,0,0,2,446,get_pixel=high_sil_isolated_checker;gx=none;gy=none;abs=none,True,True,282,,,,,282,OPTIMAL,0.785,True
chk10,pc_sobel,1.10,282,,joint,OPTIMAL,2.409,1407,294,[294],3,30,1375,0,0,2,324,get_pixel=high_sil_isolated_checker;gx=none;gy=none;abs=none,True,,311,,,,,294,OPTIMAL,0.763,True
chk10,pc_sobel,1.10,282,,PFmin,UNSAT,1.031,,,,,,,,,,,get_pixel=two_of_two_high_sil;gx=none;gy=none;abs=none,,,311,,,,,,,,
chk10,pc_sobel,1.10,282,,PFmax,UNSAT,1.012,,,,,,,,,,,get_pixel=two_of_two_high_sil;gx=none;gy=none;abs=none,,,311,,,,,,,,
chk10,pc_sobel,1.10,282,,PFlight,OPTIMAL,1.667,1407,288,[288],3,30,1375,0,0,2,313,get_pixel=high_sil_isolated_checker;gx=none;gy=none;abs=none,True,True,311,,,,,288,OPTIMAL,0.789,True
chk10,pc_sobel,1.10,282,,PFcheap,OPTIMAL,1.639,1407,288,[288],3,30,1375,0,0,2,313,get_pixel=high_sil_isolated_checker;gx=none;gy=none;abs=none,True,True,311,,,,,288,OPTIMAL,0.756,True
chk10,pc_sobel,1.25,282,,joint,OPTIMAL,2.75,1403,352,[352],3,26,1375,0,0,2,191,get_pixel=high_sil_isolated_checker;gx=none;gy=none;abs=none,True,,353,,,,,352,OPTIMAL,0.777,True
chk10,pc_sobel,1.25,282,,PFmin,UNSAT,1.07,,,,,,,,,,,get_pixel=two_of_two_high_sil;gx=none;gy=none;abs=none,,,353,,,,,,,,
chk10,pc_sobel,1.25,282,,PFmax,UNSAT,1.043,,,,,,,,,,,get_pixel=two_of_two_high_sil;gx=none;gy=none;abs=none,,,353,,,,,,,,
chk10,pc_sobel,1.25,282,,PFlight,OPTIMAL,2.122,1403,352,[352],3,26,1375,0,0,2,191,get_pixel=high_sil_isolated_checker;gx=none;gy=none;abs=none,True,True,353,,,,,352,OPTIMAL,0.773,True
chk10,pc_sobel,1.25,282,,PFcheap,OPTIMAL,2.144,1403,352,[352],3,26,1375,0,0,2,191,get_pixel=high_sil_isolated_checker;gx=none;gy=none;abs=none,True,True,353,,,,,352,OPTIMAL,0.759,True
chk10,pc_sobel,1.50,282,,joint,OPTIMAL,2.927,1401,416,[416],3,24,1375,0,0,2,142,get_pixel=high_sil_isolated_checker;gx=none;gy=none;abs=none,True,,423,,,,,417,OPTIMAL,0.751,True
chk10,pc_sobel,1.50,282,,PFmin,UNSAT,1.046,,,,,,,,,,,get_pixel=two_of_two_high_sil;gx=none;gy=none;abs=none,,,423,,,,,,,,
chk10,pc_sobel,1.50,282,,PFmax,UNSAT,1.039,,,,,,,,,,,get_pixel=two_of_two_high_sil;gx=none;gy=none;abs=none,,,423,,,,,,,,
chk10,pc_sobel,1.50,282,,PFlight,OPTIMAL,2.152,1401,416,[416],3,24,1375,0,0,2,142,get_pixel=high_sil_isolated_checker;gx=none;gy=none;abs=none,True,True,423,,,,,422,OPTIMAL,0.795,True
chk10,pc_sobel,1.50,282,,PFcheap,OPTIMAL,2.044,1401,416,[416],3,24,1375,0,0,2,142,get_pixel=high_sil_isolated_checker;gx=none;gy=none;abs=none,True,True,423,,,,,417,OPTIMAL,0.755,True
chk10,pc_sobel,2.00,282,,joint,OPTIMAL,3.394,1401,416,[416],3,24,1375,0,0,2,142,get_pixel=high_sil_isolated_checker;gx=none;gy=none;abs=none,True,,564,,,,,416,OPTIMAL,0.786,True
chk10,pc_sobel,2.00,282,,PFmin,OPTIMAL,1.858,1409,512,[512],3,32,1375,0,0,2,397,get_pixel=two_of_two_high_sil;gx=none;gy=none;abs=none,True,True,564,,,,,512,OPTIMAL,0.796,True
chk10,pc_sobel,2.00,282,,PFmax,OPTIMAL,1.835,1409,512,[512],3,32,1375,0,0,2,397,get_pixel=two_of_two_high_sil;gx=none;gy=none;abs=none,True,True,564,,,,,512,OPTIMAL,0.768,True
chk10,pc_sobel,2.00,282,,PFlight,OPTIMAL,2.204,1401,422,[422],3,24,1375,0,0,2,153,get_pixel=high_sil_isolated_checker;gx=none;gy=none;abs=none,True,True,564,,,,,422,OPTIMAL,0.804,True
chk10,pc_sobel,2.00,282,,PFcheap,OPTIMAL,2.179,1401,422,[422],3,24,1375,0,0,2,153,get_pixel=high_sil_isolated_checker;gx=none;gy=none;abs=none,True,True,564,,,,,422,OPTIMAL,0.76,True
chk10,v_nvp,-,,,min_period,OPTIMAL,4.656,10345,235,[235],12,1812,8521,3362,0,12,1900,frontEnd=nvp_three_version;rasta=low_sil_diverse_doer_checker;powspec=none;audspec=none;compJah=nvp_three_version;rastaFilter=none;backEnd=low_sil_diverse_doer_checker,True,,,,,,,235,,,
chk10,v_nvp,none,235,,joint,OPTIMAL,4.668,5680,1194,[1194],6,624,5046,0,0,10,665,frontEnd=nvp_three_version;rasta=none;powspec=none;audspec=none;compJah=nvp_three_version;rastaFilter=none;backEnd=low_sil_diverse_doer_checker,True,,,,,,,2877,OPTIMAL,0.456,True
chk10,v_nvp,none,235,,PFmin,OPTIMAL,3.474,5680,1185,[1185],6,624,5046,0,0,10,665,frontEnd=nvp_three_version;rasta=none;powspec=none;audspec=none;compJah=nvp_three_version;rastaFilter=none;backEnd=low_sil_diverse_doer_checker,True,True,,,,,,2877,OPTIMAL,0.445,True
chk10,v_nvp,none,235,,PFmax,OPTIMAL,3.57,5680,1180,[1180],6,624,5046,0,0,10,665,frontEnd=nvp_three_version;rasta=none;powspec=none;audspec=none;compJah=nvp_three_version;rastaFilter=none;backEnd=low_sil_diverse_doer_checker,True,True,,,,,,2877,OPTIMAL,0.443,True
chk10,v_nvp,none,235,,PFlight,OPTIMAL,3.462,5680,1196,[1196],6,624,5046,0,0,10,665,frontEnd=nvp_three_version;rasta=none;powspec=none;audspec=none;compJah=nvp_three_version;rastaFilter=none;backEnd=low_sil_diverse_doer_checker,True,True,,,,,,2877,OPTIMAL,0.455,True
chk10,v_nvp,none,235,,PFcheap,OPTIMAL,3.552,5680,1185,[1185],6,624,5046,0,0,10,665,frontEnd=nvp_three_version;rasta=none;powspec=none;audspec=none;compJah=nvp_three_version;rastaFilter=none;backEnd=low_sil_diverse_doer_checker,True,True,,,,,,2877,OPTIMAL,0.452,True
chk10,v_nvp,1.00,235,,joint,OPTIMAL,4.419,5992,235,[235],12,936,5046,0,0,10,1362,frontEnd=nvp_three_version;rasta=none;powspec=none;audspec=none;compJah=nvp_three_version;rastaFilter=none;backEnd=low_sil_diverse_doer_checker,True,,235,,,,,235,OPTIMAL,0.455,True
chk10,v_nvp,1.00,235,,PFmin,OPTIMAL,16.533,5992,235,[235],12,936,5046,0,0,10,1447,frontEnd=nvp_three_version;rasta=none;powspec=none;audspec=none;compJah=nvp_three_version;rastaFilter=none;backEnd=low_sil_diverse_doer_checker,True,True,235,,,,,235,OPTIMAL,0.456,True
chk10,v_nvp,1.00,235,,PFmax,OPTIMAL,16.251,5992,235,[235],12,936,5046,0,0,10,1532,frontEnd=nvp_three_version;rasta=none;powspec=none;audspec=none;compJah=nvp_three_version;rastaFilter=none;backEnd=low_sil_diverse_doer_checker,True,True,235,,,,,235,OPTIMAL,0.449,True
chk10,v_nvp,1.00,235,,PFlight,OPTIMAL,16.538,5992,235,[235],12,936,5046,0,0,10,1447,frontEnd=nvp_three_version;rasta=none;powspec=none;audspec=none;compJah=nvp_three_version;rastaFilter=none;backEnd=low_sil_diverse_doer_checker,True,True,235,,,,,235,OPTIMAL,0.449,True
chk10,v_nvp,1.00,235,,PFcheap,OPTIMAL,16.795,5992,235,[235],12,936,5046,0,0,10,1447,frontEnd=nvp_three_version;rasta=none;powspec=none;audspec=none;compJah=nvp_three_version;rastaFilter=none;backEnd=low_sil_diverse_doer_checker,True,True,235,,,,,235,OPTIMAL,0.475,True
chk10,v_nvp,1.10,235,,joint,OPTIMAL,5.826,5992,254,[254],12,936,5046,0,0,10,1532,frontEnd=nvp_three_version;rasta=none;powspec=none;audspec=none;compJah=nvp_three_version;rastaFilter=none;backEnd=low_sil_diverse_doer_checker,True,,259,,,,,259,OPTIMAL,0.45,True
chk10,v_nvp,1.10,235,,PFmin,OPTIMAL,3.421,5992,254,[254],12,936,5046,0,0,10,1532,frontEnd=nvp_three_version;rasta=none;powspec=none;audspec=none;compJah=nvp_three_version;rastaFilter=none;backEnd=low_sil_diverse_doer_checker,True,True,259,,,,,259,OPTIMAL,0.465,True
chk10,v_nvp,1.10,235,,PFmax,OPTIMAL,3.635,5992,254,[254],12,936,5046,0,0,10,1532,frontEnd=nvp_three_version;rasta=none;powspec=none;audspec=none;compJah=nvp_three_version;rastaFilter=none;backEnd=low_sil_diverse_doer_checker,True,True,259,,,,,259,OPTIMAL,0.461,True
chk10,v_nvp,1.10,235,,PFlight,OPTIMAL,3.463,5992,254,[254],12,936,5046,0,0,10,1532,frontEnd=nvp_three_version;rasta=none;powspec=none;audspec=none;compJah=nvp_three_version;rastaFilter=none;backEnd=low_sil_diverse_doer_checker,True,True,259,,,,,259,OPTIMAL,0.46,True
chk10,v_nvp,1.10,235,,PFcheap,OPTIMAL,3.529,5992,254,[254],12,936,5046,0,0,10,1532,frontEnd=nvp_three_version;rasta=none;powspec=none;audspec=none;compJah=nvp_three_version;rastaFilter=none;backEnd=low_sil_diverse_doer_checker,True,True,259,,,,,259,OPTIMAL,0.458,True
chk10,v_nvp,1.25,235,,joint,OPTIMAL,7.069,5984,276,[276],11,928,5046,0,0,10,1407,frontEnd=nvp_three_version;rasta=none;powspec=none;audspec=none;compJah=nvp_three_version;rastaFilter=none;backEnd=low_sil_diverse_doer_checker,True,,294,,,,,294,OPTIMAL,0.465,True
chk10,v_nvp,1.25,235,,PFmin,OPTIMAL,5.361,5984,266,[266],11,928,5046,0,0,10,1492,frontEnd=nvp_three_version;rasta=none;powspec=none;audspec=none;compJah=nvp_three_version;rastaFilter=none;backEnd=low_sil_diverse_doer_checker,True,True,294,,,,,294,OPTIMAL,0.469,True
chk10,v_nvp,1.25,235,,PFmax,OPTIMAL,6.255,5984,266,[266],11,928,5046,0,0,10,1492,frontEnd=nvp_three_version;rasta=none;powspec=none;audspec=none;compJah=nvp_three_version;rastaFilter=none;backEnd=low_sil_diverse_doer_checker,True,True,294,,,,,294,OPTIMAL,0.501,True
chk10,v_nvp,1.25,235,,PFlight,OPTIMAL,5.491,5984,266,[266],11,928,5046,0,0,10,1492,frontEnd=nvp_three_version;rasta=none;powspec=none;audspec=none;compJah=nvp_three_version;rastaFilter=none;backEnd=low_sil_diverse_doer_checker,True,True,294,,,,,294,OPTIMAL,0.467,True
chk10,v_nvp,1.25,235,,PFcheap,OPTIMAL,5.253,5984,266,[266],11,928,5046,0,0,10,1492,frontEnd=nvp_three_version;rasta=none;powspec=none;audspec=none;compJah=nvp_three_version;rastaFilter=none;backEnd=low_sil_diverse_doer_checker,True,True,294,,,,,294,OPTIMAL,0.465,True
chk10,v_nvp,1.50,235,,joint,OPTIMAL,8.71,5952,319,[319],11,896,5046,0,0,10,1352,frontEnd=nvp_three_version;rasta=none;powspec=none;audspec=none;compJah=nvp_three_version;rastaFilter=none;backEnd=low_sil_diverse_doer_checker,True,,353,,,,,353,OPTIMAL,0.451,True
chk10,v_nvp,1.50,235,,PFmin,OPTIMAL,5.505,5952,319,[319],11,896,5046,0,0,10,1352,frontEnd=nvp_three_version;rasta=none;powspec=none;audspec=none;compJah=nvp_three_version;rastaFilter=none;backEnd=low_sil_diverse_doer_checker,True,True,353,,,,,353,OPTIMAL,0.458,True
chk10,v_nvp,1.50,235,,PFmax,OPTIMAL,5.565,5952,319,[319],11,896,5046,0,0,10,1352,frontEnd=nvp_three_version;rasta=none;powspec=none;audspec=none;compJah=nvp_three_version;rastaFilter=none;backEnd=low_sil_diverse_doer_checker,True,True,353,,,,,353,OPTIMAL,0.464,True
chk10,v_nvp,1.50,235,,PFlight,OPTIMAL,6.13,5952,319,[319],11,896,5046,0,0,10,1352,frontEnd=nvp_three_version;rasta=none;powspec=none;audspec=none;compJah=nvp_three_version;rastaFilter=none;backEnd=low_sil_diverse_doer_checker,True,True,353,,,,,353,OPTIMAL,0.472,True
chk10,v_nvp,1.50,235,,PFcheap,OPTIMAL,5.981,5952,319,[319],11,896,5046,0,0,10,1352,frontEnd=nvp_three_version;rasta=none;powspec=none;audspec=none;compJah=nvp_three_version;rastaFilter=none;backEnd=low_sil_diverse_doer_checker,True,True,353,,,,,353,OPTIMAL,0.455,True
chk10,v_nvp,2.00,235,,joint,OPTIMAL,11.136,5944,449,[449],10,888,5046,0,0,10,1312,frontEnd=nvp_three_version;rasta=none;powspec=none;audspec=none;compJah=nvp_three_version;rastaFilter=none;backEnd=low_sil_diverse_doer_checker,True,,470,,,,,470,OPTIMAL,0.457,True
chk10,v_nvp,2.00,235,,PFmin,OPTIMAL,10.078,5944,449,[449],10,888,5046,0,0,10,1312,frontEnd=nvp_three_version;rasta=none;powspec=none;audspec=none;compJah=nvp_three_version;rastaFilter=none;backEnd=low_sil_diverse_doer_checker,True,True,470,,,,,470,OPTIMAL,0.476,True
chk10,v_nvp,2.00,235,,PFmax,OPTIMAL,9.944,5944,449,[449],10,888,5046,0,0,10,1227,frontEnd=nvp_three_version;rasta=none;powspec=none;audspec=none;compJah=nvp_three_version;rastaFilter=none;backEnd=low_sil_diverse_doer_checker,True,True,470,,,,,470,OPTIMAL,0.451,True
chk10,v_nvp,2.00,235,,PFlight,OPTIMAL,10.221,5944,449,[449],10,888,5046,0,0,10,1312,frontEnd=nvp_three_version;rasta=none;powspec=none;audspec=none;compJah=nvp_three_version;rastaFilter=none;backEnd=low_sil_diverse_doer_checker,True,True,470,,,,,470,OPTIMAL,0.453,True
chk10,v_nvp,2.00,235,,PFcheap,OPTIMAL,8.581,5944,449,[449],10,888,5046,0,0,10,1312,frontEnd=nvp_three_version;rasta=none;powspec=none;audspec=none;compJah=nvp_three_version;rastaFilter=none;backEnd=low_sil_diverse_doer_checker,True,True,470,,,,,470,OPTIMAL,0.456,True
chk50,p_rasta,-,,,min_period,OPTIMAL,10.437,7810,255,[255],10,741,6968,3250,90,11,1336,frontEnd=mixed_sil_doer_checker;rasta=low_sil_doer_checker;powspec=none;audspec=low_sil_doer_checker;compJah=high_sil_isolated_checker;rastaFilter=none;backEnd=low_sil_doer_checker,True,,,,,,,255,,,
chk50,p_rasta,none,255,,joint,OPTIMAL,5.232,3330,1012,[1012],2,320,2974,0,30,6,360,frontEnd=high_sil_isolated_checker;rasta=none;powspec=none;audspec=none;compJah=high_sil_isolated_checker;rastaFilter=none;backEnd=low_sil_doer_checker,True,,,,,,,5081,OPTIMAL,0.503,True
chk50,p_rasta,none,255,,PFmin,OPTIMAL,3.776,3330,1012,[1012],2,320,2974,0,30,6,360,frontEnd=two_of_two_high_sil;rasta=none;powspec=none;audspec=none;compJah=two_of_two_high_sil;rastaFilter=none;backEnd=low_sil_doer_checker,True,True,,,,,,5081,OPTIMAL,0.55,True
chk50,p_rasta,none,255,,PFmax,OPTIMAL,3.088,3330,1012,[1012],2,320,2974,0,30,6,360,frontEnd=two_of_two_high_sil;rasta=none;powspec=none;audspec=none;compJah=two_of_two_high_sil;rastaFilter=none;backEnd=low_sil_diverse_doer_checker,True,True,,,,,,5081,OPTIMAL,0.503,True
chk50,p_rasta,none,255,,PFlight,OPTIMAL,3.639,3330,1012,[1012],2,320,2974,0,30,6,360,frontEnd=high_sil_isolated_checker;rasta=none;powspec=none;audspec=none;compJah=high_sil_isolated_checker;rastaFilter=none;backEnd=low_sil_doer_checker,True,True,,,,,,5081,OPTIMAL,0.553,True
chk50,p_rasta,none,255,,PFcheap,OPTIMAL,3.734,3330,1012,[1012],2,320,2974,0,30,6,360,frontEnd=high_sil_isolated_checker;rasta=none;powspec=none;audspec=none;compJah=high_sil_isolated_checker;rastaFilter=none;backEnd=low_sil_doer_checker,True,True,,,,,,5081,OPTIMAL,0.499,True
chk50,p_rasta,1.00,255,,joint,OPTIMAL,6.518,3621,255,[255],9,626,2974,0,15,6,1156,frontEnd=high_sil_isolated_checker;rasta=none;powspec=none;audspec=none;compJah=high_sil_isolated_checker;rastaFilter=none;backEnd=low_sil_doer_checker,True,,255,,,,,255,OPTIMAL,0.519,True
chk50,p_rasta,1.00,255,,PFmin,UNSAT,1.136,,,,,,,,,,,frontEnd=two_of_two_high_sil;rasta=none;powspec=none;audspec=none;compJah=two_of_two_high_sil;rastaFilter=none;backEnd=low_sil_doer_checker,,,255,,,,,,,,
chk50,p_rasta,1.00,255,,PFmax,UNSAT,1.103,,,,,,,,,,,frontEnd=two_of_two_high_sil;rasta=none;powspec=none;audspec=none;compJah=two_of_two_high_sil;rastaFilter=none;backEnd=low_sil_diverse_doer_checker,,,255,,,,,,,,
chk50,p_rasta,1.00,255,,PFlight,OPTIMAL,2.98,3621,255,[255],9,626,2974,0,15,6,1156,frontEnd=high_sil_isolated_checker;rasta=none;powspec=none;audspec=none;compJah=high_sil_isolated_checker;rastaFilter=none;backEnd=low_sil_doer_checker,True,True,255,,,,,255,OPTIMAL,0.541,True
chk50,p_rasta,1.00,255,,PFcheap,OPTIMAL,2.977,3621,255,[255],9,626,2974,0,15,6,1156,frontEnd=high_sil_isolated_checker;rasta=none;powspec=none;audspec=none;compJah=high_sil_isolated_checker;rastaFilter=none;backEnd=low_sil_doer_checker,True,True,255,,,,,255,OPTIMAL,0.54,True
chk50,p_rasta,1.10,255,,joint,OPTIMAL,8.048,3603,266,[266],9,623,2974,0,0,6,1124,frontEnd=high_sil_isolated_checker;rasta=none;powspec=none;audspec=none;compJah=high_sil_isolated_checker;rastaFilter=none;backEnd=low_sil_doer_checker,True,,281,,,,,281,OPTIMAL,0.506,True
chk50,p_rasta,1.10,255,,PFmin,UNSAT,1.136,,,,,,,,,,,frontEnd=two_of_two_high_sil;rasta=none;powspec=none;audspec=none;compJah=two_of_two_high_sil;rastaFilter=none;backEnd=low_sil_doer_checker,,,281,,,,,,,,
chk50,p_rasta,1.10,255,,PFmax,UNSAT,1.104,,,,,,,,,,,frontEnd=two_of_two_high_sil;rasta=none;powspec=none;audspec=none;compJah=two_of_two_high_sil;rastaFilter=none;backEnd=low_sil_diverse_doer_checker,,,281,,,,,,,,
chk50,p_rasta,1.10,255,,PFlight,OPTIMAL,3.6,3603,266,[266],9,623,2974,0,0,6,1124,frontEnd=high_sil_isolated_checker;rasta=none;powspec=none;audspec=none;compJah=high_sil_isolated_checker;rastaFilter=none;backEnd=low_sil_doer_checker,True,True,281,,,,,281,OPTIMAL,0.529,True
chk50,p_rasta,1.10,255,,PFcheap,OPTIMAL,3.497,3603,266,[266],9,623,2974,0,0,6,1124,frontEnd=high_sil_isolated_checker;rasta=none;powspec=none;audspec=none;compJah=high_sil_isolated_checker;rastaFilter=none;backEnd=low_sil_doer_checker,True,True,281,,,,,281,OPTIMAL,0.51,True
chk50,p_rasta,1.25,255,,joint,OPTIMAL,9.389,3455,319,[319],8,460,2974,0,15,6,912,frontEnd=two_of_two_high_sil;rasta=none;powspec=none;audspec=none;compJah=high_sil_isolated_checker;rastaFilter=none;backEnd=low_sil_doer_checker,True,,319,,,,,319,OPTIMAL,0.529,True
chk50,p_rasta,1.25,255,,PFmin,UNSAT,1.436,,,,,,,,,,,frontEnd=two_of_two_high_sil;rasta=none;powspec=none;audspec=none;compJah=two_of_two_high_sil;rastaFilter=none;backEnd=low_sil_doer_checker,,,319,,,,,,,,
chk50,p_rasta,1.25,255,,PFmax,UNSAT,1.517,,,,,,,,,,,frontEnd=two_of_two_high_sil;rasta=none;powspec=none;audspec=none;compJah=two_of_two_high_sil;rastaFilter=none;backEnd=low_sil_diverse_doer_checker,,,319,,,,,,,,
chk50,p_rasta,1.25,255,,PFlight,OPTIMAL,4.37,3455,319,[319],8,460,2974,0,15,6,912,frontEnd=high_sil_isolated_checker;rasta=none;powspec=none;audspec=none;compJah=high_sil_isolated_checker;rastaFilter=none;backEnd=low_sil_doer_checker,True,True,319,,,,,319,OPTIMAL,0.547,True
chk50,p_rasta,1.25,255,,PFcheap,OPTIMAL,4.086,3455,319,[319],8,460,2974,0,15,6,912,frontEnd=high_sil_isolated_checker;rasta=none;powspec=none;audspec=none;compJah=high_sil_isolated_checker;rastaFilter=none;backEnd=low_sil_doer_checker,True,True,319,,,,,319,OPTIMAL,0.525,True
chk50,p_rasta,1.50,255,,joint,OPTIMAL,19.739,3429,378,[378],7,449,2974,0,0,6,840,frontEnd=high_sil_isolated_checker;rasta=none;powspec=none;audspec=none;compJah=high_sil_isolated_checker;rastaFilter=none;backEnd=low_sil_doer_checker,True,,383,,,,,383,OPTIMAL,0.529,True
chk50,p_rasta,1.50,255,,PFmin,OPTIMAL,5.093,3455,340,[340],8,460,2974,0,15,6,912,frontEnd=two_of_two_high_sil;rasta=none;powspec=none;audspec=none;compJah=two_of_two_high_sil;rastaFilter=none;backEnd=low_sil_doer_checker,True,True,383,,,,,383,OPTIMAL,0.546,True
chk50,p_rasta,1.50,255,,PFmax,OPTIMAL,5.499,3458,353,[353],8,463,2974,0,15,6,944,frontEnd=two_of_two_high_sil;rasta=none;powspec=none;audspec=none;compJah=two_of_two_high_sil;rastaFilter=none;backEnd=low_sil_diverse_doer_checker,True,True,383,,,,,383,OPTIMAL,0.517,True
chk50,p_rasta,1.50,255,,PFlight,OPTIMAL,5.375,3429,378,[378],7,449,2974,0,0,6,840,frontEnd=high_sil_isolated_checker;rasta=none;powspec=none;audspec=none;compJah=high_sil_isolated_checker;rastaFilter=none;backEnd=low_sil_doer_checker,True,True,383,,,,,383,OPTIMAL,0.501,True
chk50,p_rasta,1.50,255,,PFcheap,OPTIMAL,6.432,3429,378,[378],7,449,2974,0,0,6,840,frontEnd=high_sil_isolated_checker;rasta=none;powspec=none;audspec=none;compJah=high_sil_isolated_checker;rastaFilter=none;backEnd=low_sil_doer_checker,True,True,383,,,,,383,OPTIMAL,0.521,True
chk50,p_rasta,2.00,255,,joint,OPTIMAL,48.173,3399,473,[473],5,404,2974,0,15,6,652,frontEnd=two_of_two_high_sil;rasta=none;powspec=none;audspec=none;compJah=high_sil_isolated_checker;rastaFilter=none;backEnd=low_sil_doer_checker,True,,510,,,,,510,OPTIMAL,0.511,True
chk50,p_rasta,2.00,255,,PFmin,OPTIMAL,8.77,3399,497,[497],5,404,2974,0,15,6,652,frontEnd=two_of_two_high_sil;rasta=none;powspec=none;audspec=none;compJah=two_of_two_high_sil;rastaFilter=none;backEnd=low_sil_doer_checker,True,True,510,,,,,510,OPTIMAL,0.493,True
chk50,p_rasta,2.00,255,,PFmax,OPTIMAL,6.171,3399,497,[497],5,404,2974,0,15,6,652,frontEnd=two_of_two_high_sil;rasta=none;powspec=none;audspec=none;compJah=two_of_two_high_sil;rastaFilter=none;backEnd=low_sil_diverse_doer_checker,True,True,510,,,,,510,OPTIMAL,0.505,True
chk50,p_rasta,2.00,255,,PFlight,OPTIMAL,14.784,3399,497,[497],5,404,2974,0,15,6,652,frontEnd=high_sil_isolated_checker;rasta=none;powspec=none;audspec=none;compJah=high_sil_isolated_checker;rastaFilter=none;backEnd=low_sil_doer_checker,True,True,510,,,,,510,OPTIMAL,0.538,True
chk50,p_rasta,2.00,255,,PFcheap,OPTIMAL,12.798,3399,449,[449],5,404,2974,0,15,6,652,frontEnd=high_sil_isolated_checker;rasta=none;powspec=none;audspec=none;compJah=high_sil_isolated_checker;rastaFilter=none;backEnd=low_sil_doer_checker,True,True,510,,,,,510,OPTIMAL,0.551,True
chk50,f_random_hw,-,,p_rasta_noiso,min_period,OPTIMAL,9.752,6308,255,[255],11,752,5545,1827,0,11,1408,frontEnd=mixed_sil_doer_checker;rasta=low_sil_doer_checker;powspec=none;audspec=low_sil_doer_checker;compJah=high_sil_isolated_checker;rastaFilter=none;backEnd=low_sil_doer_checker,True,,,,,,,255,,,
chk50,f_random_hw,none,255,p_rasta_noiso,joint,OPTIMAL,8.184,3349,1221,[1221],5,369,2974,0,0,6,480,frontEnd=two_of_two_high_sil;rasta=none;powspec=none;audspec=none;compJah=two_of_two_high_sil;rastaFilter=none;backEnd=low_sil_doer_checker,True,,,,,,,5081,OPTIMAL,0.529,True
chk50,f_random_hw,none,255,p_rasta_noiso,PFmin,OPTIMAL,4.434,3349,1079,[1079],5,369,2974,0,0,6,480,frontEnd=two_of_two_high_sil;rasta=none;powspec=none;audspec=none;compJah=two_of_two_high_sil;rastaFilter=none;backEnd=low_sil_doer_checker,True,True,,,,,,5081,OPTIMAL,0.504,True
chk50,f_random_hw,none,255,p_rasta_noiso,PFmax,OPTIMAL,4.552,3374,1079,[1079],5,394,2974,0,0,6,480,frontEnd=two_of_two_high_sil;rasta=none;powspec=none;audspec=none;compJah=two_of_two_high_sil;rastaFilter=none;backEnd=low_sil_diverse_doer_checker,True,True,,,,,,5081,OPTIMAL,0.527,True
chk50,f_random_hw,none,255,p_rasta_noiso,PFlight,OPTIMAL,4.389,3349,1079,[1079],5,369,2974,0,0,6,480,frontEnd=high_sil_isolated_checker;rasta=none;powspec=none;audspec=none;compJah=high_sil_isolated_checker;rastaFilter=none;backEnd=low_sil_doer_checker,True,True,,,,,,5081,OPTIMAL,0.506,True
chk50,f_random_hw,none,255,p_rasta_noiso,PFcheap,OPTIMAL,4.506,3349,1079,[1079],5,369,2974,0,0,6,480,frontEnd=high_sil_isolated_checker;rasta=none;powspec=none;audspec=none;compJah=high_sil_isolated_checker;rastaFilter=none;backEnd=low_sil_doer_checker,True,True,,,,,,5081,OPTIMAL,0.514,True
chk50,f_random_hw,1.00,255,p_rasta_noiso,joint,OPTIMAL,6.43,3639,255,[255],10,659,2974,0,0,6,1196,frontEnd=high_sil_isolated_checker;rasta=none;powspec=none;audspec=none;compJah=high_sil_isolated_checker;rastaFilter=none;backEnd=low_sil_doer_checker,True,,255,,,,,255,OPTIMAL,0.503,True
chk50,f_random_hw,1.00,255,p_rasta_noiso,PFmin,UNSAT,1.088,,,,,,,,,,,frontEnd=two_of_two_high_sil;rasta=none;powspec=none;audspec=none;compJah=two_of_two_high_sil;rastaFilter=none;backEnd=low_sil_doer_checker,,,255,,,,,,,,
chk50,f_random_hw,1.00,255,p_rasta_noiso,PFmax,UNSAT,1.114,,,,,,,,,,,frontEnd=two_of_two_high_sil;rasta=none;powspec=none;audspec=none;compJah=two_of_two_high_sil;rastaFilter=none;backEnd=low_sil_diverse_doer_checker,,,255,,,,,,,,
chk50,f_random_hw,1.00,255,p_rasta_noiso,PFlight,OPTIMAL,3.039,3639,255,[255],10,659,2974,0,0,6,1196,frontEnd=high_sil_isolated_checker;rasta=none;powspec=none;audspec=none;compJah=high_sil_isolated_checker;rastaFilter=none;backEnd=low_sil_doer_checker,True,True,255,,,,,255,OPTIMAL,0.548,True
chk50,f_random_hw,1.00,255,p_rasta_noiso,PFcheap,OPTIMAL,3.019,3639,255,[255],10,659,2974,0,0,6,1196,frontEnd=high_sil_isolated_checker;rasta=none;powspec=none;audspec=none;compJah=high_sil_isolated_checker;rastaFilter=none;backEnd=low_sil_doer_checker,True,True,255,,,,,255,OPTIMAL,0.499,True
chk50,f_random_hw,1.10,255,p_rasta_noiso,joint,OPTIMAL,6.723,3603,266,[266],9,623,2974,0,0,6,1039,frontEnd=high_sil_isolated_checker;rasta=none;powspec=none;audspec=none;compJah=high_sil_isolated_checker;rastaFilter=none;backEnd=low_sil_doer_checker,True,,281,,,,,281,OPTIMAL,0.509,True
chk50,f_random_hw,1.10,255,p_rasta_noiso,PFmin,UNSAT,1.103,,,,,,,,,,,frontEnd=two_of_two_high_sil;rasta=none;powspec=none;audspec=none;compJah=two_of_two_high_sil;rastaFilter=none;backEnd=low_sil_doer_checker,,,281,,,,,,,,
chk50,f_random_hw,1.10,255,p_rasta_noiso,PFmax,UNSAT,1.097,,,,,,,,,,,frontEnd=two_of_two_high_sil;rasta=none;powspec=none;audspec=none;compJah=two_of_two_high_sil;rastaFilter=none;backEnd=low_sil_diverse_doer_checker,,,281,,,,,,,,
chk50,f_random_hw,1.10,255,p_rasta_noiso,PFlight,OPTIMAL,3.239,3603,266,[266],9,623,2974,0,0,6,1124,frontEnd=high_sil_isolated_checker;rasta=none;powspec=none;audspec=none;compJah=high_sil_isolated_checker;rastaFilter=none;backEnd=low_sil_doer_checker,True,True,281,,,,,281,OPTIMAL,0.522,True
chk50,f_random_hw,1.10,255,p_rasta_noiso,PFcheap,OPTIMAL,3.269,3603,266,[266],9,623,2974,0,0,6,1124,frontEnd=high_sil_isolated_checker;rasta=none;powspec=none;audspec=none;compJah=high_sil_isolated_checker;rastaFilter=none;backEnd=low_sil_doer_checker,True,True,281,,,,,281,OPTIMAL,0.51,True
chk50,f_random_hw,1.25,255,p_rasta_noiso,joint,OPTIMAL,11.394,3473,319,[319],9,493,2974,0,0,6,952,frontEnd=two_of_two_high_sil;rasta=none;powspec=none;audspec=none;compJah=high_sil_isolated_checker;rastaFilter=none;backEnd=low_sil_doer_checker,True,,319,,,,,319,OPTIMAL,0.572,True
chk50,f_random_hw,1.25,255,p_rasta_noiso,PFmin,UNSAT,1.434,,,,,,,,,,,frontEnd=two_of_two_high_sil;rasta=none;powspec=none;audspec=none;compJah=two_of_two_high_sil;rastaFilter=none;backEnd=low_sil_doer_checker,,,319,,,,,,,,
chk50,f_random_hw,1.25,255,p_rasta_noiso,PFmax,UNSAT,1.442,,,,,,,,,,,frontEnd=two_of_two_high_sil;rasta=none;powspec=none;audspec=none;compJah=two_of_two_high_sil;rastaFilter=none;backEnd=low_sil_diverse_doer_checker,,,319,,,,,,,,
chk50,f_random_hw,1.25,255,p_rasta_noiso,PFlight,OPTIMAL,3.703,3473,319,[319],9,493,2974,0,0,6,952,frontEnd=high_sil_isolated_checker;rasta=none;powspec=none;audspec=none;compJah=high_sil_isolated_checker;rastaFilter=none;backEnd=low_sil_doer_checker,True,True,319,,,,,319,OPTIMAL,0.532,True
chk50,f_random_hw,1.25,255,p_rasta_noiso,PFcheap,OPTIMAL,3.67,3473,319,[319],9,493,2974,0,0,6,952,frontEnd=high_sil_isolated_checker;rasta=none;powspec=none;audspec=none;compJah=high_sil_isolated_checker;rastaFilter=none;backEnd=low_sil_doer_checker,True,True,319,,,,,319,OPTIMAL,0.519,True
chk50,f_random_hw,1.50,255,p_rasta_noiso,joint,OPTIMAL,12.518,3429,378,[378],7,449,2974,0,0,6,840,frontEnd=high_sil_isolated_checker;rasta=none;powspec=none;audspec=none;compJah=high_sil_isolated_checker;rastaFilter=none;backEnd=low_sil_doer_checker,True,,383,,,,,383,OPTIMAL,0.506,True
chk50,f_random_hw,1.50,255,p_rasta_noiso,PFmin,OPTIMAL,3.956,3473,340,[340],9,493,2974,0,0,6,867,frontEnd=two_of_two_high_sil;rasta=none;powspec=none;audspec=none;compJah=two_of_two_high_sil;rastaFilter=none;backEnd=low_sil_doer_checker,True,True,383,,,,,383,OPTIMAL,0.543,True
chk50,f_random_hw,1.50,255,p_rasta_noiso,PFmax,OPTIMAL,4.306,3473,340,[340],9,493,2974,0,0,6,952,frontEnd=two_of_two_high_sil;rasta=none;powspec=none;audspec=none;compJah=two_of_two_high_sil;rastaFilter=none;backEnd=low_sil_diverse_doer_checker,True,True,383,,,,,383,OPTIMAL,0.511,True
chk50,f_random_hw,1.50,255,p_rasta_noiso,PFlight,OPTIMAL,4.502,3429,378,[378],7,449,2974,0,0,6,840,frontEnd=high_sil_isolated_checker;rasta=none;powspec=none;audspec=none;compJah=high_sil_isolated_checker;rastaFilter=none;backEnd=low_sil_doer_checker,True,True,383,,,,,383,OPTIMAL,0.516,True
chk50,f_random_hw,1.50,255,p_rasta_noiso,PFcheap,OPTIMAL,4.585,3429,378,[378],7,449,2974,0,0,6,840,frontEnd=high_sil_isolated_checker;rasta=none;powspec=none;audspec=none;compJah=high_sil_isolated_checker;rastaFilter=none;backEnd=low_sil_doer_checker,True,True,383,,,,,383,OPTIMAL,0.517,True
chk50,f_random_hw,2.00,255,p_rasta_noiso,joint,OPTIMAL,11.332,3400,449,[449],7,420,2974,0,0,6,732,frontEnd=high_sil_isolated_checker;rasta=none;powspec=none;audspec=none;compJah=high_sil_isolated_checker;rastaFilter=none;backEnd=low_sil_doer_checker,True,,510,,,,,510,OPTIMAL,0.506,True
chk50,f_random_hw,2.00,255,p_rasta_noiso,PFmin,OPTIMAL,4.344,3400,451,[451],7,420,2974,0,0,6,732,frontEnd=two_of_two_high_sil;rasta=none;powspec=none;audspec=none;compJah=two_of_two_high_sil;rastaFilter=none;backEnd=low_sil_doer_checker,True,True,510,,,,,510,OPTIMAL,0.497,True
chk50,f_random_hw,2.00,255,p_rasta_noiso,PFmax,OPTIMAL,3.865,3425,451,[451],7,445,2974,0,0,6,732,frontEnd=two_of_two_high_sil;rasta=none;powspec=none;audspec=none;compJah=two_of_two_high_sil;rastaFilter=none;backEnd=low_sil_diverse_doer_checker,True,True,510,,,,,510,OPTIMAL,0.513,True
chk50,f_random_hw,2.00,255,p_rasta_noiso,PFlight,OPTIMAL,4.595,3400,458,[458],7,420,2974,0,0,6,732,frontEnd=high_sil_isolated_checker;rasta=none;powspec=none;audspec=none;compJah=high_sil_isolated_checker;rastaFilter=none;backEnd=low_sil_doer_checker,True,True,510,,,,,510,OPTIMAL,0.531,True
chk50,f_random_hw,2.00,255,p_rasta_noiso,PFcheap,OPTIMAL,4.722,3400,458,[458],7,420,2974,0,0,6,732,frontEnd=high_sil_isolated_checker;rasta=none;powspec=none;audspec=none;compJah=high_sil_isolated_checker;rastaFilter=none;backEnd=low_sil_doer_checker,True,True,510,,,,,510,OPTIMAL,0.505,True
chk50,d_random_hw,-,,,min_period,OPTIMAL,5.895,3003,255,[255],10,744,2251,336,0,8,1368,frontEnd=low_sil_doer_checker;rasta=none;powspec=none;audspec=low_sil_doer_checker;compJah=low_sil_doer_checker;rastaFilter=none;backEnd=low_sil_doer_checker,True,,,,,,,255,,,
chk50,d_random_hw,none,255,,joint,OPTIMAL,6.024,1857,1756,[1756],3,49,1802,0,0,6,120,frontEnd=low_sil_doer_checker;rasta=none;powspec=none;audspec=none;compJah=low_sil_doer_checker;rastaFilter=none;backEnd=low_sil_doer_checker,True,,,,,,,3339,OPTIMAL,0.486,True
chk50,d_random_hw,none,255,,PFmin,OPTIMAL,3.076,1857,1620,[1620],3,49,1802,0,0,6,120,frontEnd=low_sil_doer_checker;rasta=none;powspec=none;audspec=none;compJah=low_sil_doer_checker;rastaFilter=none;backEnd=low_sil_doer_checker,True,True,,,,,,3339,OPTIMAL,0.481,True
chk50,d_random_hw,none,255,,PFmax,OPTIMAL,3.125,1882,1974,[1974],3,74,1802,0,0,6,120,frontEnd=low_sil_diverse_doer_checker;rasta=none;powspec=none;audspec=none;compJah=low_sil_diverse_doer_checker;rastaFilter=none;backEnd=low_sil_diverse_doer_checker,True,True,,,,,,3339,OPTIMAL,0.454,True
chk50,d_random_hw,none,255,,PFlight,OPTIMAL,3.089,1857,1620,[1620],3,49,1802,0,0,6,120,frontEnd=low_sil_doer_checker;rasta=none;powspec=none;audspec=none;compJah=low_sil_doer_checker;rastaFilter=none;backEnd=low_sil_doer_checker,True,True,,,,,,3339,OPTIMAL,0.445,True
chk50,d_random_hw,none,255,,PFcheap,OPTIMAL,3.03,1857,1620,[1620],3,49,1802,0,0,6,120,frontEnd=low_sil_doer_checker;rasta=none;powspec=none;audspec=none;compJah=low_sil_doer_checker;rastaFilter=none;backEnd=low_sil_doer_checker,True,True,,,,,,3339,OPTIMAL,0.445,True
chk50,d_random_hw,1.00,255,,joint,OPTIMAL,6.053,2289,255,[255],10,481,1802,0,0,6,980,frontEnd=low_sil_doer_checker;rasta=none;powspec=none;audspec=none;compJah=low_sil_doer_checker;rastaFilter=none;backEnd=low_sil_doer_checker,True,,255,,,,,255,OPTIMAL,0.442,True
chk50,d_random_hw,1.00,255,,PFmin,OPTIMAL,2.365,2289,255,[255],10,481,1802,0,0,6,980,frontEnd=low_sil_doer_checker;rasta=none;powspec=none;audspec=none;compJah=low_sil_doer_checker;rastaFilter=none;backEnd=low_sil_doer_checker,True,True,255,,,,,255,OPTIMAL,0.445,True
chk50,d_random_hw,1.00,255,,PFmax,OPTIMAL,2.369,2289,255,[255],10,481,1802,0,0,6,980,frontEnd=low_sil_diverse_doer_checker;rasta=none;powspec=none;audspec=none;compJah=low_sil_diverse_doer_checker;rastaFilter=none;backEnd=low_sil_diverse_doer_checker,True,True,255,,,,,255,OPTIMAL,0.446,True
chk50,d_random_hw,1.00,255,,PFlight,OPTIMAL,2.46,2289,255,[255],10,481,1802,0,0,6,980,frontEnd=low_sil_doer_checker;rasta=none;powspec=none;audspec=none;compJah=low_sil_doer_checker;rastaFilter=none;backEnd=low_sil_doer_checker,True,True,255,,,,,255,OPTIMAL,0.455,True
chk50,d_random_hw,1.00,255,,PFcheap,OPTIMAL,2.416,2289,255,[255],10,481,1802,0,0,6,980,frontEnd=low_sil_doer_checker;rasta=none;powspec=none;audspec=none;compJah=low_sil_doer_checker;rastaFilter=none;backEnd=low_sil_doer_checker,True,True,255,,,,,255,OPTIMAL,0.478,True
chk50,d_random_hw,1.10,255,,joint,OPTIMAL,6.039,2126,281,[281],9,318,1802,0,0,6,768,frontEnd=low_sil_doer_checker;rasta=none;powspec=none;audspec=none;compJah=low_sil_doer_checker;rastaFilter=none;backEnd=low_sil_doer_checker,True,,281,,,,,281,OPTIMAL,0.462,True
chk50,d_random_hw,1.10,255,,PFmin,OPTIMAL,2.481,2126,281,[281],9,318,1802,0,0,6,768,frontEnd=low_sil_doer_checker;rasta=none;powspec=none;audspec=none;compJah=low_sil_doer_checker;rastaFilter=none;backEnd=low_sil_doer_checker,True,True,281,,,,,281,OPTIMAL,0.472,True
chk50,d_random_hw,1.10,255,,PFmax,OPTIMAL,2.487,2126,281,[281],9,318,1802,0,0,6,768,frontEnd=low_sil_diverse_doer_checker;rasta=none;powspec=none;audspec=none;compJah=low_sil_diverse_doer_checker;rastaFilter=none;backEnd=low_sil_diverse_doer_checker,True,True,281,,,,,281,OPTIMAL,0.454,True
chk50,d_random_hw,1.10,255,,PFlight,OPTIMAL,2.394,2126,281,[281],9,318,1802,0,0,6,768,frontEnd=low_sil_doer_checker;rasta=none;powspec=none;audspec=none;compJah=low_sil_doer_checker;rastaFilter=none;backEnd=low_sil_doer_checker,True,True,281,,,,,281,OPTIMAL,0.433,True
chk50,d_random_hw,1.10,255,,PFcheap,OPTIMAL,2.454,2126,281,[281],9,318,1802,0,0,6,768,frontEnd=low_sil_doer_checker;rasta=none;powspec=none;audspec=none;compJah=low_sil_doer_checker;rastaFilter=none;backEnd=low_sil_doer_checker,True,True,281,,,,,281,OPTIMAL,0.449,True
chk50,d_random_hw,1.25,255,,joint,OPTIMAL,11.876,1967,319,[319],9,159,1802,0,0,6,488,frontEnd=low_sil_doer_checker;rasta=none;powspec=none;audspec=none;compJah=low_sil_doer_checker;rastaFilter=none;backEnd=low_sil_doer_checker,True,,319,,,,,319,OPTIMAL,0.431,True
chk50,d_random_hw,1.25,255,,PFmin,OPTIMAL,5.466,1967,319,[319],9,159,1802,0,0,6,488,frontEnd=low_sil_doer_checker;rasta=none;powspec=none;audspec=none;compJah=low_sil_doer_checker;rastaFilter=none;backEnd=low_sil_doer_checker,True,True,319,,,,,319,OPTIMAL,0.438,True
chk50,d_random_hw,1.25,255,,PFmax,OPTIMAL,4.637,1967,319,[319],9,159,1802,0,0,6,488,frontEnd=low_sil_diverse_doer_checker;rasta=none;powspec=none;audspec=none;compJah=low_sil_diverse_doer_checker;rastaFilter=none;backEnd=low_sil_diverse_doer_checker,True,True,319,,,,,319,OPTIMAL,0.449,True
chk50,d_random_hw,1.25,255,,PFlight,OPTIMAL,7.516,1967,319,[319],9,159,1802,0,0,6,488,frontEnd=low_sil_doer_checker;rasta=none;powspec=none;audspec=none;compJah=low_sil_doer_checker;rastaFilter=none;backEnd=low_sil_doer_checker,True,True,319,,,,,319,OPTIMAL,0.447,True
chk50,d_random_hw,1.25,255,,PFcheap,OPTIMAL,5.306,1967,319,[319],9,159,1802,0,0,6,488,frontEnd=low_sil_doer_checker;rasta=none;powspec=none;audspec=none;compJah=low_sil_doer_checker;rastaFilter=none;backEnd=low_sil_doer_checker,True,True,319,,,,,319,OPTIMAL,0.443,True
chk50,d_random_hw,1.50,255,,joint,OPTIMAL,9.356,1934,350,[350],8,126,1802,0,0,6,448,frontEnd=low_sil_doer_checker;rasta=none;powspec=none;audspec=none;compJah=low_sil_doer_checker;rastaFilter=none;backEnd=low_sil_doer_checker,True,,383,,,,,383,OPTIMAL,0.45,True
chk50,d_random_hw,1.50,255,,PFmin,OPTIMAL,3.825,1934,350,[350],8,126,1802,0,0,6,448,frontEnd=low_sil_doer_checker;rasta=none;powspec=none;audspec=none;compJah=low_sil_doer_checker;rastaFilter=none;backEnd=low_sil_doer_checker,True,True,383,,,,,383,OPTIMAL,0.435,True
chk50,d_random_hw,1.50,255,,PFmax,OPTIMAL,3.721,1934,350,[350],8,126,1802,0,0,6,448,frontEnd=low_sil_diverse_doer_checker;rasta=none;powspec=none;audspec=none;compJah=low_sil_diverse_doer_checker;rastaFilter=none;backEnd=low_sil_diverse_doer_checker,True,True,383,,,,,383,OPTIMAL,0.442,True
chk50,d_random_hw,1.50,255,,PFlight,OPTIMAL,4.183,1934,350,[350],8,126,1802,0,0,6,448,frontEnd=low_sil_doer_checker;rasta=none;powspec=none;audspec=none;compJah=low_sil_doer_checker;rastaFilter=none;backEnd=low_sil_doer_checker,True,True,383,,,,,383,OPTIMAL,0.438,True
chk50,d_random_hw,1.50,255,,PFcheap,OPTIMAL,3.79,1934,350,[350],8,126,1802,0,0,6,448,frontEnd=low_sil_doer_checker;rasta=none;powspec=none;audspec=none;compJah=low_sil_doer_checker;rastaFilter=none;backEnd=low_sil_doer_checker,True,True,383,,,,,383,OPTIMAL,0.449,True
chk50,d_random_hw,2.00,255,,joint,OPTIMAL,8.29,1912,501,[501],6,104,1802,0,0,6,304,frontEnd=low_sil_doer_checker;rasta=none;powspec=none;audspec=none;compJah=low_sil_doer_checker;rastaFilter=none;backEnd=low_sil_doer_checker,True,,510,,,,,510,OPTIMAL,0.457,True
chk50,d_random_hw,2.00,255,,PFmin,OPTIMAL,3.633,1912,485,[485],6,104,1802,0,0,6,304,frontEnd=low_sil_doer_checker;rasta=none;powspec=none;audspec=none;compJah=low_sil_doer_checker;rastaFilter=none;backEnd=low_sil_doer_checker,True,True,510,,,,,510,OPTIMAL,0.434,True
chk50,d_random_hw,2.00,255,,PFmax,OPTIMAL,3.416,1912,482,[482],6,104,1802,0,0,6,304,frontEnd=low_sil_diverse_doer_checker;rasta=none;powspec=none;audspec=none;compJah=low_sil_diverse_doer_checker;rastaFilter=none;backEnd=low_sil_diverse_doer_checker,True,True,510,,,,,510,OPTIMAL,0.429,True
chk50,d_random_hw,2.00,255,,PFlight,OPTIMAL,3.473,1912,485,[485],6,104,1802,0,0,6,304,frontEnd=low_sil_doer_checker;rasta=none;powspec=none;audspec=none;compJah=low_sil_doer_checker;rastaFilter=none;backEnd=low_sil_doer_checker,True,True,510,,,,,510,OPTIMAL,0.445,True
chk50,d_random_hw,2.00,255,,PFcheap,OPTIMAL,3.514,1912,485,[485],6,104,1802,0,0,6,304,frontEnd=low_sil_doer_checker;rasta=none;powspec=none;audspec=none;compJah=low_sil_doer_checker;rastaFilter=none;backEnd=low_sil_doer_checker,True,True,510,,,,,510,OPTIMAL,0.432,True
chk50,d_systematic_sw,-,,p_sw,min_period,OPTIMAL,3.276,4488,255,[255],8,722,3760,1732,0,6,1224,frontEnd=low_sil_diverse_doer_checker;rasta=same_cpu_doer_checker;powspec=none;audspec=same_cpu_doer_checker;compJah=same_cpu_doer_checker;rastaFilter=none;backEnd=same_cpu_doer_checker,True,,,,,,,255,,,
chk50,d_systematic_sw,none,255,p_sw,joint,OPTIMAL,3.198,1846,1726,[1726],2,41,1802,0,0,3,80,frontEnd=same_cpu_doer_checker;rasta=none;powspec=none;audspec=none;compJah=same_cpu_doer_checker;rastaFilter=none;backEnd=same_cpu_doer_checker,True,,,,,,,2430,OPTIMAL,0.434,True
chk50,d_systematic_sw,none,255,p_sw,PFmin,OPTIMAL,2.036,1846,1974,[1974],2,41,1802,0,0,3,80,frontEnd=same_cpu_doer_checker;rasta=none;powspec=none;audspec=none;compJah=same_cpu_doer_checker;rastaFilter=none;backEnd=same_cpu_doer_checker,True,True,,,,,,2430,OPTIMAL,0.415,True
chk50,d_systematic_sw,none,255,p_sw,PFmax,OPTIMAL,2.316,2009,1686,[1686],3,201,1802,0,0,6,175,frontEnd=low_sil_diverse_doer_checker;rasta=none;powspec=none;audspec=none;compJah=low_sil_diverse_doer_checker;rastaFilter=none;backEnd=low_sil_diverse_doer_checker,True,True,,,,,,2430,OPTIMAL,0.436,True
chk50,d_systematic_sw,none,255,p_sw,PFlight,OPTIMAL,2.185,1846,1726,[1726],2,41,1802,0,0,3,80,frontEnd=same_cpu_doer_checker;rasta=none;powspec=none;audspec=none;compJah=same_cpu_doer_checker;rastaFilter=none;backEnd=same_cpu_doer_checker,True,True,,,,,,2430,OPTIMAL,0.448,True
chk50,d_systematic_sw,none,255,p_sw,PFcheap,OPTIMAL,2.128,1846,1974,[1974],2,41,1802,0,0,3,80,frontEnd=same_cpu_doer_checker;rasta=none;powspec=none;audspec=none;compJah=same_cpu_doer_checker;rastaFilter=none;backEnd=same_cpu_doer_checker,True,True,,,,,,2430,OPTIMAL,0.419,True
chk50,d_systematic_sw,1.00,255,p_sw,joint,OPTIMAL,2.095,2104,255,[255],7,299,1802,0,0,3,656,frontEnd=same_cpu_doer_checker;rasta=none;powspec=none;audspec=none;compJah=same_cpu_doer_checker;rastaFilter=none;backEnd=same_cpu_doer_checker,True,,255,,,,,255,OPTIMAL,0.409,True
chk50,d_systematic_sw,1.00,255,p_sw,PFmin,OPTIMAL,3.542,2104,255,[255],7,299,1802,0,0,3,656,frontEnd=same_cpu_doer_checker;rasta=none;powspec=none;audspec=none;compJah=same_cpu_doer_checker;rastaFilter=none;backEnd=same_cpu_doer_checker,True,True,255,,,,,255,OPTIMAL,0.423,True
chk50,d_systematic_sw,1.00,255,p_sw,PFmax,UNSAT,0.814,,,,,,,,,,,frontEnd=low_sil_diverse_doer_checker;rasta=none;powspec=none;audspec=none;compJah=low_sil_diverse_doer_checker;rastaFilter=none;backEnd=low_sil_diverse_doer_checker,,,255,,,,,,,,
chk50,d_systematic_sw,1.00,255,p_sw,PFlight,OPTIMAL,3.513,2104,255,[255],7,299,1802,0,0,3,656,frontEnd=same_cpu_doer_checker;rasta=none;powspec=none;audspec=none;compJah=same_cpu_doer_checker;rastaFilter=none;backEnd=same_cpu_doer_checker,True,True,255,,,,,255,OPTIMAL,0.419,True
chk50,d_systematic_sw,1.00,255,p_sw,PFcheap,OPTIMAL,3.444,2104,255,[255],7,299,1802,0,0,3,656,frontEnd=same_cpu_doer_checker;rasta=none;powspec=none;audspec=none;compJah=same_cpu_doer_checker;rastaFilter=none;backEnd=same_cpu_doer_checker,True,True,255,,,,,255,OPTIMAL,0.42,True
chk50,d_systematic_sw,1.10,255,p_sw,joint,OPTIMAL,2.342,2071,266,[266],6,266,1802,0,0,3,616,frontEnd=same_cpu_doer_checker;rasta=none;powspec=none;audspec=none;compJah=same_cpu_doer_checker;rastaFilter=none;backEnd=same_cpu_doer_checker,True,,281,,,,,281,OPTIMAL,0.405,True
chk50,d_systematic_sw,1.10,255,p_sw,PFmin,OPTIMAL,1.46,2071,266,[266],6,266,1802,0,0,3,616,frontEnd=same_cpu_doer_checker;rasta=none;powspec=none;audspec=none;compJah=same_cpu_doer_checker;rastaFilter=none;backEnd=same_cpu_doer_checker,True,True,281,,,,,281,OPTIMAL,0.402,True
chk50,d_systematic_sw,1.10,255,p_sw,PFmax,OPTIMAL,1.765,2304,272,[272],9,496,1802,0,0,6,984,frontEnd=low_sil_diverse_doer_checker;rasta=none;powspec=none;audspec=none;compJah=low_sil_diverse_doer_checker;rastaFilter=none;backEnd=low_sil_diverse_doer_checker,True,True,281,,,,,281,OPTIMAL,0.418,True
chk50,d_systematic_sw,1.10,255,p_sw,PFlight,OPTIMAL,1.473,2071,266,[266],6,266,1802,0,0,3,616,frontEnd=same_cpu_doer_checker;rasta=none;powspec=none;audspec=none;compJah=same_cpu_doer_checker;rastaFilter=none;backEnd=same_cpu_doer_checker,True,True,281,,,,,281,OPTIMAL,0.41,True
chk50,d_systematic_sw,1.10,255,p_sw,PFcheap,OPTIMAL,1.439,2071,266,[266],6,266,1802,0,0,3,616,frontEnd=same_cpu_doer_checker;rasta=none;powspec=none;audspec=none;compJah=same_cpu_doer_checker;rastaFilter=none;backEnd=same_cpu_doer_checker,True,True,281,,,,,281,OPTIMAL,0.413,True
chk50,d_systematic_sw,1.25,255,p_sw,joint,OPTIMAL,3.361,1912,319,[319],6,107,1802,0,0,3,336,frontEnd=same_cpu_doer_checker;rasta=none;powspec=none;audspec=none;compJah=same_cpu_doer_checker;rastaFilter=none;backEnd=same_cpu_doer_checker,True,,319,,,,,319,OPTIMAL,0.435,True
chk50,d_systematic_sw,1.25,255,p_sw,PFmin,OPTIMAL,1.618,1912,319,[319],6,107,1802,0,0,3,336,frontEnd=same_cpu_doer_checker;rasta=none;powspec=none;audspec=none;compJah=same_cpu_doer_checker;rastaFilter=none;backEnd=same_cpu_doer_checker,True,True,319,,,,,319,OPTIMAL,0.401,True
chk50,d_systematic_sw,1.25,255,p_sw,PFmax,OPTIMAL,2.993,2264,319,[319],8,456,1802,0,0,6,804,frontEnd=low_sil_diverse_doer_checker;rasta=none;powspec=none;audspec=none;compJah=low_sil_diverse_doer_checker;rastaFilter=none;backEnd=low_sil_diverse_doer_checker,True,True,319,,,,,319,OPTIMAL,0.407,True
chk50,d_systematic_sw,1.25,255,p_sw,PFlight,OPTIMAL,1.607,1912,319,[319],6,107,1802,0,0,3,336,frontEnd=same_cpu_doer_checker;rasta=none;powspec=none;audspec=none;compJah=same_cpu_doer_checker;rastaFilter=none;backEnd=same_cpu_doer_checker,True,True,319,,,,,319,OPTIMAL,0.403,True
chk50,d_systematic_sw,1.25,255,p_sw,PFcheap,OPTIMAL,1.646,1912,319,[319],6,107,1802,0,0,3,336,frontEnd=same_cpu_doer_checker;rasta=none;powspec=none;audspec=none;compJah=same_cpu_doer_checker;rastaFilter=none;backEnd=same_cpu_doer_checker,True,True,319,,,,,319,OPTIMAL,0.424,True
chk50,d_systematic_sw,1.50,255,p_sw,joint,OPTIMAL,2.344,1909,338,[338],6,104,1802,0,0,3,304,frontEnd=same_cpu_doer_checker;rasta=none;powspec=none;audspec=none;compJah=same_cpu_doer_checker;rastaFilter=none;backEnd=same_cpu_doer_checker,True,,383,,,,,383,OPTIMAL,0.415,True
chk50,d_systematic_sw,1.50,255,p_sw,PFmin,OPTIMAL,1.743,1909,338,[338],6,104,1802,0,0,3,304,frontEnd=same_cpu_doer_checker;rasta=none;powspec=none;audspec=none;compJah=same_cpu_doer_checker;rastaFilter=none;backEnd=same_cpu_doer_checker,True,True,383,,,,,383,OPTIMAL,0.422,True
chk50,d_systematic_sw,1.50,255,p_sw,PFmax,OPTIMAL,2.814,2112,366,[366],8,304,1802,0,0,6,664,frontEnd=low_sil_diverse_doer_checker;rasta=none;powspec=none;audspec=none;compJah=low_sil_diverse_doer_checker;rastaFilter=none;backEnd=low_sil_diverse_doer_checker,True,True,383,,,,,383,OPTIMAL,0.412,True
chk50,d_systematic_sw,1.50,255,p_sw,PFlight,OPTIMAL,1.715,1909,338,[338],6,104,1802,0,0,3,304,frontEnd=same_cpu_doer_checker;rasta=none;powspec=none;audspec=none;compJah=same_cpu_doer_checker;rastaFilter=none;backEnd=same_cpu_doer_checker,True,True,383,,,,,383,OPTIMAL,0.418,True
chk50,d_systematic_sw,1.50,255,p_sw,PFcheap,OPTIMAL,1.81,1909,338,[338],6,104,1802,0,0,3,304,frontEnd=same_cpu_doer_checker;rasta=none;powspec=none;audspec=none;compJah=same_cpu_doer_checker;rastaFilter=none;backEnd=same_cpu_doer_checker,True,True,383,,,,,383,OPTIMAL,0.416,True
chk50,d_systematic_sw,2.00,255,p_sw,joint,OPTIMAL,3.622,1898,449,[449],5,93,1802,0,0,3,232,frontEnd=same_cpu_doer_checker;rasta=none;powspec=none;audspec=none;compJah=same_cpu_doer_checker;rastaFilter=none;backEnd=same_cpu_doer_checker,True,,510,,,,,510,OPTIMAL,0.444,True
chk50,d_systematic_sw,2.00,255,p_sw,PFmin,OPTIMAL,2.032,1898,449,[449],5,93,1802,0,0,3,232,frontEnd=same_cpu_doer_checker;rasta=none;powspec=none;audspec=none;compJah=same_cpu_doer_checker;rastaFilter=none;backEnd=same_cpu_doer_checker,True,True,510,,,,,510,OPTIMAL,0.428,True
chk50,d_systematic_sw,2.00,255,p_sw,PFmax,OPTIMAL,2.493,2068,458,[458],6,260,1802,0,0,6,552,frontEnd=low_sil_diverse_doer_checker;rasta=none;powspec=none;audspec=none;compJah=low_sil_diverse_doer_checker;rastaFilter=none;backEnd=low_sil_diverse_doer_checker,True,True,510,,,,,510,OPTIMAL,0.446,True
chk50,d_systematic_sw,2.00,255,p_sw,PFlight,OPTIMAL,2.148,1898,449,[449],5,93,1802,0,0,3,232,frontEnd=same_cpu_doer_checker;rasta=none;powspec=none;audspec=none;compJah=same_cpu_doer_checker;rastaFilter=none;backEnd=same_cpu_doer_checker,True,True,510,,,,,510,OPTIMAL,0.428,True
chk50,d_systematic_sw,2.00,255,p_sw,PFcheap,OPTIMAL,2.013,1898,449,[449],5,93,1802,0,0,3,232,frontEnd=same_cpu_doer_checker;rasta=none;powspec=none;audspec=none;compJah=same_cpu_doer_checker;rastaFilter=none;backEnd=same_cpu_doer_checker,True,True,510,,,,,510,OPTIMAL,0.41,True
chk50,f_sw3,-,,,min_period,OPTIMAL,5.668,8008,255,[255],9,1202,6796,2560,0,10,1284,frontEnd=mixed_sil_doer_checker;rasta=low_sil_diverse_doer_checker;powspec=none;audspec=same_cpu_doer_checker;compJah=mixed_sil_doer_checker;rastaFilter=none;backEnd=same_cpu_doer_checker,True,,,,,,,255,,,
chk50,f_sw3,none,255,,joint,OPTIMAL,5.046,3365,1079,[1079],4,386,2974,0,0,5,410,frontEnd=two_of_two_high_sil;rasta=none;powspec=none;audspec=none;compJah=two_of_two_high_sil;rastaFilter=none;backEnd=same_cpu_doer_checker,True,,,,,,,3176,OPTIMAL,0.491,True
chk50,f_sw3,none,255,,PFmin,OPTIMAL,2.955,3365,1105,[1105],4,386,2974,0,0,5,410,frontEnd=two_of_two_high_sil;rasta=none;powspec=none;audspec=none;compJah=two_of_two_high_sil;rastaFilter=none;backEnd=same_cpu_doer_checker,True,True,,,,,,3176,OPTIMAL,0.448,True
chk50,f_sw3,none,255,,PFmax,OPTIMAL,3.148,3406,1104,[1104],5,426,2974,0,0,6,505,frontEnd=two_of_two_high_sil;rasta=none;powspec=none;audspec=none;compJah=two_of_two_high_sil;rastaFilter=none;backEnd=low_sil_diverse_doer_checker,True,True,,,,,,3176,OPTIMAL,0.476,True
chk50,f_sw3,none,255,,PFlight,OPTIMAL,3.094,3884,1185,[1185],4,386,3492,0,0,6,410,frontEnd=mixed_sil_doer_checker;rasta=none;powspec=none;audspec=none;compJah=two_of_two_high_sil;rastaFilter=none;backEnd=same_cpu_doer_checker,True,True,,,,,,3176,OPTIMAL,0.446,True
chk50,f_sw3,none,255,,PFcheap,OPTIMAL,3.062,3365,1105,[1105],4,386,2974,0,0,5,410,frontEnd=two_of_two_high_sil;rasta=none;powspec=none;audspec=none;compJah=two_of_two_high_sil;rastaFilter=none;backEnd=same_cpu_doer_checker,True,True,,,,,,3176,OPTIMAL,0.463,True
chk50,f_sw3,1.00,255,,joint,OPTIMAL,3.759,4670,255,[255],9,653,4010,0,0,7,1064,frontEnd=mixed_sil_doer_checker;rasta=none;powspec=none;audspec=none;compJah=mixed_sil_doer_checker;rastaFilter=none;backEnd=same_cpu_doer_checker,True,,255,,,,,255,OPTIMAL,0.451,True
chk50,f_sw3,1.00,255,,PFmin,UNSAT,0.819,,,,,,,,,,,frontEnd=two_of_two_high_sil;rasta=none;powspec=none;audspec=none;compJah=two_of_two_high_sil;rastaFilter=none;backEnd=same_cpu_doer_checker,,,255,,,,,,,,
chk50,f_sw3,1.00,255,,PFmax,UNSAT,0.803,,,,,,,,,,,frontEnd=two_of_two_high_sil;rasta=none;powspec=none;audspec=none;compJah=two_of_two_high_sil;rastaFilter=none;backEnd=low_sil_diverse_doer_checker,,,255,,,,,,,,
chk50,f_sw3,1.00,255,,PFlight,UNSAT,0.867,,,,,,,,,,,frontEnd=mixed_sil_doer_checker;rasta=none;powspec=none;audspec=none;compJah=two_of_two_high_sil;rastaFilter=none;backEnd=same_cpu_doer_checker,,,255,,,,,,,,
chk50,f_sw3,1.00,255,,PFcheap,UNSAT,0.83,,,,,,,,,,,frontEnd=two_of_two_high_sil;rasta=none;powspec=none;audspec=none;compJah=two_of_two_high_sil;rastaFilter=none;backEnd=same_cpu_doer_checker,,,255,,,,,,,,
chk50,f_sw3,1.10,255,,joint,OPTIMAL,4.582,4662,266,[266],8,645,4010,0,0,7,1024,frontEnd=mixed_sil_doer_checker;rasta=none;powspec=none;audspec=none;compJah=mixed_sil_doer_checker;rastaFilter=none;backEnd=same_cpu_doer_checker,True,,281,,,,,281,OPTIMAL,0.455,True
chk50,f_sw3,1.10,255,,PFmin,UNSAT,0.796,,,,,,,,,,,frontEnd=two_of_two_high_sil;rasta=none;powspec=none;audspec=none;compJah=two_of_two_high_sil;rastaFilter=none;backEnd=same_cpu_doer_checker,,,281,,,,,,,,
chk50,f_sw3,1.10,255,,PFmax,UNSAT,0.801,,,,,,,,,,,frontEnd=two_of_two_high_sil;rasta=none;powspec=none;audspec=none;compJah=two_of_two_high_sil;rastaFilter=none;backEnd=low_sil_diverse_doer_checker,,,281,,,,,,,,
chk50,f_sw3,1.10,255,,PFlight,UNSAT,0.866,,,,,,,,,,,frontEnd=mixed_sil_doer_checker;rasta=none;powspec=none;audspec=none;compJah=two_of_two_high_sil;rastaFilter=none;backEnd=same_cpu_doer_checker,,,281,,,,,,,,
chk50,f_sw3,1.10,255,,PFcheap,UNSAT,0.805,,,,,,,,,,,frontEnd=two_of_two_high_sil;rasta=none;powspec=none;audspec=none;compJah=two_of_two_high_sil;rastaFilter=none;backEnd=same_cpu_doer_checker,,,281,,,,,,,,
chk50,f_sw3,1.25,255,,joint,OPTIMAL,3.343,3988,319,[319],8,490,3492,0,0,6,767,frontEnd=two_of_two_high_sil;rasta=none;powspec=none;audspec=none;compJah=mixed_sil_doer_checker;rastaFilter=none;backEnd=same_cpu_doer_checker,True,,319,,,,,319,OPTIMAL,0.445,True
chk50,f_sw3,1.25,255,,PFmin,UNSAT,0.993,,,,,,,,,,,frontEnd=two_of_two_high_sil;rasta=none;powspec=none;audspec=none;compJah=two_of_two_high_sil;rastaFilter=none;backEnd=same_cpu_doer_checker,,,319,,,,,,,,
chk50,f_sw3,1.25,255,,PFmax,UNSAT,0.938,,,,,,,,,,,frontEnd=two_of_two_high_sil;rasta=none;powspec=none;audspec=none;compJah=two_of_two_high_sil;rastaFilter=none;backEnd=low_sil_diverse_doer_checker,,,319,,,,,,,,
chk50,f_sw3,1.25,255,,PFlight,UNSAT,0.991,,,,,,,,,,,frontEnd=mixed_sil_doer_checker;rasta=none;powspec=none;audspec=none;compJah=two_of_two_high_sil;rastaFilter=none;backEnd=same_cpu_doer_checker,,,319,,,,,,,,
chk50,f_sw3,1.25,255,,PFcheap,UNSAT,0.913,,,,,,,,,,,frontEnd=two_of_two_high_sil;rasta=none;powspec=none;audspec=none;compJah=two_of_two_high_sil;rastaFilter=none;backEnd=same_cpu_doer_checker,,,319,,,,,,,,
chk50,f_sw3,1.50,255,,joint,OPTIMAL,8.692,3469,365,[365],8,490,2974,0,0,5,852,frontEnd=two_of_two_high_sil;rasta=none;powspec=none;audspec=none;compJah=two_of_two_high_sil;rastaFilter=none;backEnd=same_cpu_doer_checker,True,,383,,,,,383,OPTIMAL,0.474,True
chk50,f_sw3,1.50,255,,PFmin,OPTIMAL,3.092,3469,365,[365],8,490,2974,0,0,5,852,frontEnd=two_of_two_high_sil;rasta=none;powspec=none;audspec=none;compJah=two_of_two_high_sil;rastaFilter=none;backEnd=same_cpu_doer_checker,True,True,383,,,,,383,OPTIMAL,0.48,True
chk50,f_sw3,1.50,255,,PFmax,OPTIMAL,3.458,3630,365,[365],9,650,2974,0,0,6,947,frontEnd=two_of_two_high_sil;rasta=none;powspec=none;audspec=none;compJah=two_of_two_high_sil;rastaFilter=none;backEnd=low_sil_diverse_doer_checker,True,True,383,,,,,383,OPTIMAL,0.457,True
chk50,f_sw3,1.50,255,,PFlight,OPTIMAL,2.972,3943,383,[383],7,445,3492,0,0,6,702,frontEnd=mixed_sil_doer_checker;rasta=none;powspec=none;audspec=none;compJah=two_of_two_high_sil;rastaFilter=none;backEnd=same_cpu_doer_checker,True,True,383,,,,,383,OPTIMAL,0.437,True
chk50,f_sw3,1.50,255,,PFcheap,OPTIMAL,2.967,3469,365,[365],8,490,2974,0,0,5,852,frontEnd=two_of_two_high_sil;rasta=none;powspec=none;audspec=none;compJah=two_of_two_high_sil;rastaFilter=none;backEnd=same_cpu_doer_checker,True,True,383,,,,,383,OPTIMAL,0.454,True
chk50,f_sw3,2.00,255,,joint,OPTIMAL,5.06,3416,474,[474],6,437,2974,0,0,5,577,frontEnd=two_of_two_high_sil;rasta=none;powspec=none;audspec=none;compJah=two_of_two_high_sil;rastaFilter=none;backEnd=same_cpu_doer_checker,True,,510,,,,,510,OPTIMAL,0.443,True
chk50,f_sw3,2.00,255,,PFmin,OPTIMAL,3.025,3416,474,[474],6,437,2974,0,0,5,662,frontEnd=two_of_two_high_sil;rasta=none;powspec=none;audspec=none;compJah=two_of_two_high_sil;rastaFilter=none;backEnd=same_cpu_doer_checker,True,True,510,,,,,510,OPTIMAL,0.456,True
chk50,f_sw3,2.00,255,,PFmax,OPTIMAL,3.204,3462,474,[474],7,482,2974,0,0,6,812,frontEnd=two_of_two_high_sil;rasta=none;powspec=none;audspec=none;compJah=two_of_two_high_sil;rastaFilter=none;backEnd=low_sil_diverse_doer_checker,True,True,510,,,,,510,OPTIMAL,0.476,True
chk50,f_sw3,2.00,255,,PFlight,OPTIMAL,3.044,3935,454,[454],6,437,3492,0,0,6,577,frontEnd=mixed_sil_doer_checker;rasta=none;powspec=none;audspec=none;compJah=two_of_two_high_sil;rastaFilter=none;backEnd=same_cpu_doer_checker,True,True,510,,,,,510,OPTIMAL,0.464,True
chk50,f_sw3,2.00,255,,PFcheap,OPTIMAL,3.055,3416,474,[474],6,437,2974,0,0,5,662,frontEnd=two_of_two_high_sil;rasta=none;powspec=none;audspec=none;compJah=two_of_two_high_sil;rastaFilter=none;backEnd=same_cpu_doer_checker,True,True,510,,,,,510,OPTIMAL,0.48,True
chk50,f_both3,-,,,min_period,OPTIMAL,6.675,7799,255,[255],12,1319,6468,2232,0,12,1792,frontEnd=mixed_sil_doer_checker;rasta=low_sil_diverse_doer_checker;powspec=none;audspec=low_sil_diverse_doer_checker;compJah=mixed_sil_doer_checker;rastaFilter=none;backEnd=low_sil_diverse_doer_checker,True,,,,,,,255,,,
chk50,f_both3,none,255,,joint,OPTIMAL,3.026,3406,1130,[1130],5,426,2974,0,0,6,505,frontEnd=two_of_two_high_sil;rasta=none;powspec=none;audspec=none;compJah=two_of_two_high_sil;rastaFilter=none;backEnd=low_sil_diverse_doer_checker,True,,,,,,,3176,OPTIMAL,0.436,True
chk50,f_both3,none,255,,PFmin,OPTIMAL,3.049,3406,1267,[1267],5,426,2974,0,0,6,590,frontEnd=two_of_two_high_sil;rasta=none;powspec=none;audspec=none;compJah=two_of_two_high_sil;rastaFilter=none;backEnd=low_sil_diverse_doer_checker,True,True,,,,,,3176,OPTIMAL,0.45,True
chk50,f_both3,none,255,,PFmax,OPTIMAL,3.032,3406,1267,[1267],5,426,2974,0,0,6,590,frontEnd=two_of_two_high_sil;rasta=none;powspec=none;audspec=none;compJah=two_of_two_high_sil;rastaFilter=none;backEnd=low_sil_diverse_doer_checker,True,True,,,,,,3176,OPTIMAL,0.456,True
chk50,f_both3,none,255,,PFlight,OPTIMAL,3.087,3925,1206,[1206],5,426,3492,0,0,7,590,frontEnd=mixed_sil_doer_checker;rasta=none;powspec=none;audspec=none;compJah=two_of_two_high_sil;rastaFilter=none;backEnd=low_sil_diverse_doer_checker,True,True,,,,,,3176,OPTIMAL,0.45,True
chk50,f_both3,none,255,,PFcheap,OPTIMAL,3.103,3406,1267,[1267],5,426,2974,0,0,6,590,frontEnd=two_of_two_high_sil;rasta=none;powspec=none;audspec=none;compJah=two_of_two_high_sil;rastaFilter=none;backEnd=low_sil_diverse_doer_checker,True,True,,,,,,3176,OPTIMAL,0.495,True
chk50,f_both3,1.00,255,,joint,OPTIMAL,3.319,4868,255,[255],11,850,4010,0,0,8,1392,frontEnd=mixed_sil_doer_checker;rasta=none;powspec=none;audspec=none;compJah=mixed_sil_doer_checker;rastaFilter=none;backEnd=low_sil_diverse_doer_checker,True,,255,,,,,255,OPTIMAL,0.452,True
chk50,f_both3,1.00,255,,PFmin,UNSAT,0.83,,,,,,,,,,,frontEnd=two_of_two_high_sil;rasta=none;powspec=none;audspec=none;compJah=two_of_two_high_sil;rastaFilter=none;backEnd=low_sil_diverse_doer_checker,,,255,,,,,,,,
chk50,f_both3,1.00,255,,PFmax,UNSAT,0.807,,,,,,,,,,,frontEnd=two_of_two_high_sil;rasta=none;powspec=none;audspec=none;compJah=two_of_two_high_sil;rastaFilter=none;backEnd=low_sil_diverse_doer_checker,,,255,,,,,,,,
chk50,f_both3,1.00,255,,PFlight,UNSAT,0.861,,,,,,,,,,,frontEnd=mixed_sil_doer_checker;rasta=none;powspec=none;audspec=none;compJah=two_of_two_high_sil;rastaFilter=none;backEnd=low_sil_diverse_doer_checker,,,255,,,,,,,,
chk50,f_both3,1.00,255,,PFcheap,UNSAT,0.793,,,,,,,,,,,frontEnd=two_of_two_high_sil;rasta=none;powspec=none;audspec=none;compJah=two_of_two_high_sil;rastaFilter=none;backEnd=low_sil_diverse_doer_checker,,,255,,,,,,,,
chk50,f_both3,1.10,255,,joint,OPTIMAL,4.332,4700,268,[268],9,682,4010,0,0,8,1172,frontEnd=mixed_sil_doer_checker;rasta=none;powspec=none;audspec=none;compJah=mixed_sil_doer_checker;rastaFilter=none;backEnd=low_sil_diverse_doer_checker,True,,281,,,,,281,OPTIMAL,0.501,True
chk50,f_both3,1.10,255,,PFmin,UNSAT,0.822,,,,,,,,,,,frontEnd=two_of_two_high_sil;rasta=none;powspec=none;audspec=none;compJah=two_of_two_high_sil;rastaFilter=none;backEnd=low_sil_diverse_doer_checker,,,281,,,,,,,,
chk50,f_both3,1.10,255,,PFmax,UNSAT,0.809,,,,,,,,,,,frontEnd=two_of_two_high_sil;rasta=none;powspec=none;audspec=none;compJah=two_of_two_high_sil;rastaFilter=none;backEnd=low_sil_diverse_doer_checker,,,281,,,,,,,,
chk50,f_both3,1.10,255,,PFlight,UNSAT,0.88,,,,,,,,,,,frontEnd=mixed_sil_doer_checker;rasta=none;powspec=none;audspec=none;compJah=two_of_two_high_sil;rastaFilter=none;backEnd=low_sil_diverse_doer_checker,,,281,,,,,,,,
chk50,f_both3,1.10,255,,PFcheap,UNSAT,0.804,,,,,,,,,,,frontEnd=two_of_two_high_sil;rasta=none;powspec=none;audspec=none;compJah=two_of_two_high_sil;rastaFilter=none;backEnd=low_sil_diverse_doer_checker,,,281,,,,,,,,
chk50,f_both3,1.25,255,,joint,OPTIMAL,5.783,4149,319,[319],9,650,3492,0,0,7,1032,frontEnd=two_of_two_high_sil;rasta=none;powspec=none;audspec=none;compJah=mixed_sil_doer_checker;rastaFilter=none;backEnd=low_sil_diverse_doer_checker,True,,319,,,,,319,OPTIMAL,0.46,True
chk50,f_both3,1.25,255,,PFmin,UNSAT,0.945,,,,,,,,,,,frontEnd=two_of_two_high_sil;rasta=none;powspec=none;audspec=none;compJah=two_of_two_high_sil;rastaFilter=none;backEnd=low_sil_diverse_doer_checker,,,319,,,,,,,,
chk50,f_both3,1.25,255,,PFmax,UNSAT,0.911,,,,,,,,,,,frontEnd=two_of_two_high_sil;rasta=none;powspec=none;audspec=none;compJah=two_of_two_high_sil;rastaFilter=none;backEnd=low_sil_diverse_doer_checker,,,319,,,,,,,,
chk50,f_both3,1.25,255,,PFlight,UNSAT,0.932,,,,,,,,,,,frontEnd=mixed_sil_doer_checker;rasta=none;powspec=none;audspec=none;compJah=two_of_two_high_sil;rastaFilter=none;backEnd=low_sil_diverse_doer_checker,,,319,,,,,,,,
chk50,f_both3,1.25,255,,PFcheap,UNSAT,1.029,,,,,,,,,,,frontEnd=two_of_two_high_sil;rasta=none;powspec=none;audspec=none;compJah=two_of_two_high_sil;rastaFilter=none;backEnd=low_sil_diverse_doer_checker,,,319,,,,,,,,
chk50,f_both3,1.50,255,,joint,OPTIMAL,8.853,3630,365,[365],9,650,2974,0,0,6,1032,frontEnd=two_of_two_high_sil;rasta=none;powspec=none;audspec=none;compJah=two_of_two_high_sil;rastaFilter=none;backEnd=low_sil_diverse_doer_checker,True,,383,,,,,383,OPTIMAL,0.454,True
chk50,f_both3,1.50,255,,PFmin,OPTIMAL,3.853,3630,365,[365],9,650,2974,0,0,6,947,frontEnd=two_of_two_high_sil;rasta=none;powspec=none;audspec=none;compJah=two_of_two_high_sil;rastaFilter=none;backEnd=low_sil_diverse_doer_checker,True,True,383,,,,,383,OPTIMAL,0.46,True
chk50,f_both3,1.50,255,,PFmax,OPTIMAL,3.93,3630,365,[365],9,650,2974,0,0,6,1032,frontEnd=two_of_two_high_sil;rasta=none;powspec=none;audspec=none;compJah=two_of_two_high_sil;rastaFilter=none;backEnd=low_sil_diverse_doer_checker,True,True,383,,,,,383,OPTIMAL,0.513,True
chk50,f_both3,1.50,255,,PFlight,OPTIMAL,4.075,4125,378,[378],7,626,3492,0,0,7,950,frontEnd=mixed_sil_doer_checker;rasta=none;powspec=none;audspec=none;compJah=two_of_two_high_sil;rastaFilter=none;backEnd=low_sil_diverse_doer_checker,True,True,383,,,,,383,OPTIMAL,0.46,True
chk50,f_both3,1.50,255,,PFcheap,OPTIMAL,3.805,3630,365,[365],9,650,2974,0,0,6,1032,frontEnd=two_of_two_high_sil;rasta=none;powspec=none;audspec=none;compJah=two_of_two_high_sil;rastaFilter=none;backEnd=low_sil_diverse_doer_checker,True,True,383,,,,,383,OPTIMAL,0.465,True
chk50,f_both3,2.00,255,,joint,OPTIMAL,6.41,3462,461,[461],7,482,2974,0,0,6,812,frontEnd=two_of_two_high_sil;rasta=none;powspec=none;audspec=none;compJah=two_of_two_high_sil;rastaFilter=none;backEnd=low_sil_diverse_doer_checker,True,,510,,,,,510,OPTIMAL,0.501,True
chk50,f_both3,2.00,255,,PFmin,OPTIMAL,3.32,3462,461,[461],7,482,2974,0,0,6,812,frontEnd=two_of_two_high_sil;rasta=none;powspec=none;audspec=none;compJah=two_of_two_high_sil;rastaFilter=none;backEnd=low_sil_diverse_doer_checker,True,True,510,,,,,510,OPTIMAL,0.468,True
chk50,f_both3,2.00,255,,PFmax,OPTIMAL,3.395,3462,461,[461],7,482,2974,0,0,6,812,frontEnd=two_of_two_high_sil;rasta=none;powspec=none;audspec=none;compJah=two_of_two_high_sil;rastaFilter=none;backEnd=low_sil_diverse_doer_checker,True,True,510,,,,,510,OPTIMAL,0.459,True
chk50,f_both3,2.00,255,,PFlight,OPTIMAL,3.227,3981,449,[449],7,482,3492,0,0,7,812,frontEnd=mixed_sil_doer_checker;rasta=none;powspec=none;audspec=none;compJah=two_of_two_high_sil;rastaFilter=none;backEnd=low_sil_diverse_doer_checker,True,True,510,,,,,510,OPTIMAL,0.447,True
chk50,f_both3,2.00,255,,PFcheap,OPTIMAL,3.295,3462,508,[508],7,482,2974,0,0,6,727,frontEnd=two_of_two_high_sil;rasta=none;powspec=none;audspec=none;compJah=two_of_two_high_sil;rastaFilter=none;backEnd=low_sil_diverse_doer_checker,True,True,510,,,,,510,OPTIMAL,0.454,True
chk50,c_pat,-,,,min_period,OPTIMAL,17.764,4856,255,[255],10,741,4105,905,0,10,1251,frontEnd=high_sil_isolated_checker;rasta=low_sil_diverse_doer_checker;powspec=none;audspec=low_sil_doer_checker;compJah=high_sil_isolated_checker;rastaFilter=none;backEnd=low_sil_doer_checker,True,,,,,,,255,,,
chk50,c_pat,none,255,,joint,OPTIMAL,13.898,3349,1208,[1208],5,369,2974,0,0,6,480,frontEnd=high_sil_isolated_checker;rasta=none;powspec=none;audspec=none;compJah=two_of_two_high_sil;rastaFilter=none;backEnd=low_sil_doer_checker,True,,,,,,,1318,OPTIMAL,1.098,True
chk50,c_pat,none,255,,PFmin,OPTIMAL,7.832,3349,1279,[1279],5,369,2974,0,0,6,480,frontEnd=two_of_two_high_sil;rasta=none;powspec=none;audspec=none;compJah=two_of_two_high_sil;rastaFilter=none;backEnd=low_sil_doer_checker,True,True,,,,,,1306,OPTIMAL,1.118,True
chk50,c_pat,none,255,,PFmax,OPTIMAL,8.96,3374,1290,[1290],5,394,2974,0,0,6,395,frontEnd=two_of_two_high_sil;rasta=none;powspec=none;audspec=none;compJah=two_of_two_high_sil;rastaFilter=none;backEnd=low_sil_diverse_doer_checker,True,True,,,,,,1291,OPTIMAL,1.08,True
chk50,c_pat,none,255,,PFlight,OPTIMAL,9.074,3349,1206,[1206],5,369,2974,0,0,6,480,frontEnd=high_sil_isolated_checker;rasta=none;powspec=none;audspec=none;compJah=high_sil_isolated_checker;rastaFilter=none;backEnd=low_sil_doer_checker,True,True,,,,,,1209,OPTIMAL,1.118,True
chk50,c_pat,none,255,,PFcheap,OPTIMAL,9.051,3349,1239,[1239],5,369,2974,0,0,6,480,frontEnd=high_sil_isolated_checker;rasta=none;powspec=none;audspec=none;compJah=high_sil_isolated_checker;rastaFilter=none;backEnd=low_sil_doer_checker,True,True,,,,,,1488,OPTIMAL,1.089,True
chk50,c_pat,1.00,255,,joint,OPTIMAL,10.827,3639,255,[255],10,659,2974,0,0,6,1196,frontEnd=high_sil_isolated_checker;rasta=none;powspec=none;audspec=none;compJah=high_sil_isolated_checker;rastaFilter=none;backEnd=low_sil_doer_checker,True,,255,,,,,255,OPTIMAL,1.082,True
chk50,c_pat,1.00,255,,PFmin,UNSAT,1.926,,,,,,,,,,,frontEnd=two_of_two_high_sil;rasta=none;powspec=none;audspec=none;compJah=two_of_two_high_sil;rastaFilter=none;backEnd=low_sil_doer_checker,,,255,,,,,,,,
chk50,c_pat,1.00,255,,PFmax,UNSAT,1.933,,,,,,,,,,,frontEnd=two_of_two_high_sil;rasta=none;powspec=none;audspec=none;compJah=two_of_two_high_sil;rastaFilter=none;backEnd=low_sil_diverse_doer_checker,,,255,,,,,,,,
chk50,c_pat,1.00,255,,PFlight,OPTIMAL,6.756,3639,255,[255],10,659,2974,0,0,6,1196,frontEnd=high_sil_isolated_checker;rasta=none;powspec=none;audspec=none;compJah=high_sil_isolated_checker;rastaFilter=none;backEnd=low_sil_doer_checker,True,True,255,,,,,255,OPTIMAL,1.065,True
chk50,c_pat,1.00,255,,PFcheap,OPTIMAL,6.859,3639,255,[255],10,659,2974,0,0,6,1196,frontEnd=high_sil_isolated_checker;rasta=none;powspec=none;audspec=none;compJah=high_sil_isolated_checker;rastaFilter=none;backEnd=low_sil_doer_checker,True,True,255,,,,,255,OPTIMAL,1.135,True
chk50,c_pat,1.10,255,,joint,OPTIMAL,12.355,3603,266,[266],9,623,2974,0,0,6,1124,frontEnd=high_sil_isolated_checker;rasta=none;powspec=none;audspec=none;compJah=high_sil_isolated_checker;rastaFilter=none;backEnd=low_sil_doer_checker,True,,281,,,,,277,OPTIMAL,1.105,True
chk50,c_pat,1.10,255,,PFmin,UNSAT,1.887,,,,,,,,,,,frontEnd=two_of_two_high_sil;rasta=none;powspec=none;audspec=none;compJah=two_of_two_high_sil;rastaFilter=none;backEnd=low_sil_doer_checker,,,281,,,,,,,,
chk50,c_pat,1.10,255,,PFmax,UNSAT,2.05,,,,,,,,,,,frontEnd=two_of_two_high_sil;rasta=none;powspec=none;audspec=none;compJah=two_of_two_high_sil;rastaFilter=none;backEnd=low_sil_diverse_doer_checker,,,281,,,,,,,,
chk50,c_pat,1.10,255,,PFlight,OPTIMAL,8.026,3603,266,[266],9,623,2974,0,0,6,1039,frontEnd=high_sil_isolated_checker;rasta=none;powspec=none;audspec=none;compJah=high_sil_isolated_checker;rastaFilter=none;backEnd=low_sil_doer_checker,True,True,281,,,,,276,OPTIMAL,1.156,True
chk50,c_pat,1.10,255,,PFcheap,OPTIMAL,8.163,3603,266,[266],9,623,2974,0,0,6,1124,frontEnd=high_sil_isolated_checker;rasta=none;powspec=none;audspec=none;compJah=high_sil_isolated_checker;rastaFilter=none;backEnd=low_sil_doer_checker,True,True,281,,,,,281,OPTIMAL,1.084,True
chk50,c_pat,1.25,255,,joint,OPTIMAL,17.899,3473,319,[319],9,493,2974,0,0,6,952,frontEnd=high_sil_isolated_checker;rasta=none;powspec=none;audspec=none;compJah=high_sil_isolated_checker;rastaFilter=none;backEnd=low_sil_doer_checker,True,,319,,,,,319,OPTIMAL,1.451,True
chk50,c_pat,1.25,255,,PFmin,UNSAT,4.113,,,,,,,,,,,frontEnd=two_of_two_high_sil;rasta=none;powspec=none;audspec=none;compJah=two_of_two_high_sil;rastaFilter=none;backEnd=low_sil_doer_checker,,,319,,,,,,,,
chk50,c_pat,1.25,255,,PFmax,UNSAT,4.006,,,,,,,,,,,frontEnd=two_of_two_high_sil;rasta=none;powspec=none;audspec=none;compJah=two_of_two_high_sil;rastaFilter=none;backEnd=low_sil_diverse_doer_checker,,,319,,,,,,,,
chk50,c_pat,1.25,255,,PFlight,OPTIMAL,8.985,3473,319,[319],9,493,2974,0,0,6,952,frontEnd=high_sil_isolated_checker;rasta=none;powspec=none;audspec=none;compJah=high_sil_isolated_checker;rastaFilter=none;backEnd=low_sil_doer_checker,True,True,319,,,,,319,OPTIMAL,1.171,True
chk50,c_pat,1.25,255,,PFcheap,OPTIMAL,9.071,3473,319,[319],9,493,2974,0,0,6,952,frontEnd=high_sil_isolated_checker;rasta=none;powspec=none;audspec=none;compJah=high_sil_isolated_checker;rastaFilter=none;backEnd=low_sil_doer_checker,True,True,319,,,,,319,OPTIMAL,1.109,True
chk50,c_pat,1.50,255,,joint,OPTIMAL,24.52,3473,323,[323],9,493,2974,0,0,6,952,frontEnd=high_sil_isolated_checker;rasta=none;powspec=none;audspec=none;compJah=high_sil_isolated_checker;rastaFilter=none;backEnd=low_sil_doer_checker,True,,383,,,,,323,OPTIMAL,1.1,True
chk50,c_pat,1.50,255,,PFmin,OPTIMAL,11.021,3473,340,[340],9,493,2974,0,0,6,952,frontEnd=two_of_two_high_sil;rasta=none;powspec=none;audspec=none;compJah=two_of_two_high_sil;rastaFilter=none;backEnd=low_sil_doer_checker,True,True,383,,,,,383,OPTIMAL,1.106,True
chk50,c_pat,1.50,255,,PFmax,OPTIMAL,10.72,3473,340,[340],9,493,2974,0,0,6,952,frontEnd=two_of_two_high_sil;rasta=none;powspec=none;audspec=none;compJah=two_of_two_high_sil;rastaFilter=none;backEnd=low_sil_diverse_doer_checker,True,True,383,,,,,383,OPTIMAL,1.186,True
chk50,c_pat,1.50,255,,PFlight,OPTIMAL,11.115,3473,323,[323],9,493,2974,0,0,6,952,frontEnd=high_sil_isolated_checker;rasta=none;powspec=none;audspec=none;compJah=high_sil_isolated_checker;rastaFilter=none;backEnd=low_sil_doer_checker,True,True,383,,,,,383,OPTIMAL,1.123,True
chk50,c_pat,1.50,255,,PFcheap,OPTIMAL,11.129,3473,323,[323],9,493,2974,0,0,6,867,frontEnd=high_sil_isolated_checker;rasta=none;powspec=none;audspec=none;compJah=high_sil_isolated_checker;rastaFilter=none;backEnd=low_sil_doer_checker,True,True,383,,,,,383,OPTIMAL,1.11,True
chk50,c_pat,2.00,255,,joint,OPTIMAL,19.548,3400,480,[480],7,420,2974,0,0,6,732,frontEnd=two_of_two_high_sil;rasta=none;powspec=none;audspec=none;compJah=high_sil_isolated_checker;rastaFilter=none;backEnd=low_sil_doer_checker,True,,510,,,,,495,OPTIMAL,1.085,True
chk50,c_pat,2.00,255,,PFmin,OPTIMAL,8.287,3400,480,[480],7,420,2974,0,0,6,732,frontEnd=two_of_two_high_sil;rasta=none;powspec=none;audspec=none;compJah=two_of_two_high_sil;rastaFilter=none;backEnd=low_sil_doer_checker,True,True,510,,,,,509,OPTIMAL,1.165,True
chk50,c_pat,2.00,255,,PFmax,OPTIMAL,10.456,3425,480,[480],7,445,2974,0,0,6,732,frontEnd=two_of_two_high_sil;rasta=none;powspec=none;audspec=none;compJah=two_of_two_high_sil;rastaFilter=none;backEnd=low_sil_diverse_doer_checker,True,True,510,,,,,510,OPTIMAL,1.132,True
chk50,c_pat,2.00,255,,PFlight,OPTIMAL,10.749,3400,487,[487],7,420,2974,0,0,6,732,frontEnd=high_sil_isolated_checker;rasta=none;powspec=none;audspec=none;compJah=high_sil_isolated_checker;rastaFilter=none;backEnd=low_sil_doer_checker,True,True,510,,,,,510,OPTIMAL,1.076,True
chk50,c_pat,2.00,255,,PFcheap,OPTIMAL,10.388,3400,487,[487],7,420,2974,0,0,6,732,frontEnd=high_sil_isolated_checker;rasta=none;powspec=none;audspec=none;compJah=high_sil_isolated_checker;rastaFilter=none;backEnd=low_sil_doer_checker,True,True,510,,,,,510,OPTIMAL,1.083,True
chk50,pc_sobel,-,,,min_period,OPTIMAL,2.757,4443,384,[384],3,36,4402,2396,0,5,519,get_pixel=mixed_sil_doer_checker;gx=none;gy=one_of_two_failover;abs=none,True,,100000,,,,,384,,,
chk50,pc_sobel,none,384,,joint,OPTIMAL,2.842,1401,544,[544],3,24,1375,0,0,2,142,get_pixel=high_sil_isolated_checker;gx=none;gy=none;abs=none,True,,100000,,,,,544,OPTIMAL,0.782,True
chk50,pc_sobel,none,384,,PFmin,OPTIMAL,1.855,1401,768,[768],3,24,1375,0,0,2,153,get_pixel=two_of_two_high_sil;gx=none;gy=none;abs=none,True,True,100000,,,,,768,OPTIMAL,0.781,True
chk50,pc_sobel,none,384,,PFmax,OPTIMAL,1.932,1401,768,[768],3,24,1375,0,0,2,153,get_pixel=two_of_two_high_sil;gx=none;gy=none;abs=none,True,True,100000,,,,,768,OPTIMAL,0.782,True
chk50,pc_sobel,none,384,,PFlight,OPTIMAL,1.861,1401,576,[576],3,24,1375,0,0,2,153,get_pixel=high_sil_isolated_checker;gx=none;gy=none;abs=none,True,True,100000,,,,,576,OPTIMAL,0.787,True
chk50,pc_sobel,none,384,,PFcheap,OPTIMAL,1.939,1401,576,[576],3,24,1375,0,0,2,153,get_pixel=high_sil_isolated_checker;gx=none;gy=none;abs=none,True,True,100000,,,,,576,OPTIMAL,0.793,True
chk50,pc_sobel,1.00,384,,joint,OPTIMAL,2.37,1409,384,[384],3,32,1375,0,0,2,397,get_pixel=high_sil_isolated_checker;gx=none;gy=none;abs=none,True,,384,,,,,384,OPTIMAL,0.758,True
chk50,pc_sobel,1.00,384,,PFmin,UNSAT,1.036,,,,,,,,,,,get_pixel=two_of_two_high_sil;gx=none;gy=none;abs=none,,,384,,,,,,,,
chk50,pc_sobel,1.00,384,,PFmax,UNSAT,1.115,,,,,,,,,,,get_pixel=two_of_two_high_sil;gx=none;gy=none;abs=none,,,384,,,,,,,,
chk50,pc_sobel,1.00,384,,PFlight,OPTIMAL,1.796,1409,384,[384],3,32,1375,0,0,2,397,get_pixel=high_sil_isolated_checker;gx=none;gy=none;abs=none,True,True,384,,,,,384,OPTIMAL,0.775,True
chk50,pc_sobel,1.00,384,,PFcheap,OPTIMAL,1.957,1409,384,[384],3,32,1375,0,0,2,397,get_pixel=high_sil_isolated_checker;gx=none;gy=none;abs=none,True,True,384,,,,,384,OPTIMAL,0.801,True
chk50,pc_sobel,1.10,384,,joint,OPTIMAL,2.785,1405,416,[416],3,28,1375,0,0,2,264,get_pixel=high_sil_isolated_checker;gx=none;gy=none;abs=none,True,,423,,,,,423,OPTIMAL,0.779,True
chk50,pc_sobel,1.10,384,,PFmin,UNSAT,1.131,,,,,,,,,,,get_pixel=two_of_two_high_sil;gx=none;gy=none;abs=none,,,423,,,,,,,,
chk50,pc_sobel,1.10,384,,PFmax,UNSAT,1.048,,,,,,,,,,,get_pixel=two_of_two_high_sil;gx=none;gy=none;abs=none,,,423,,,,,,,,
chk50,pc_sobel,1.10,384,,PFlight,OPTIMAL,2.053,1405,416,[416],3,28,1375,0,0,2,264,get_pixel=high_sil_isolated_checker;gx=none;gy=none;abs=none,True,True,423,,,,,423,OPTIMAL,0.779,True
chk50,pc_sobel,1.10,384,,PFcheap,OPTIMAL,1.986,1405,416,[416],3,28,1375,0,0,2,264,get_pixel=high_sil_isolated_checker;gx=none;gy=none;abs=none,True,True,423,,,,,423,OPTIMAL,0.757,True
chk50,pc_sobel,1.25,384,,joint,OPTIMAL,2.734,1403,480,[480],3,26,1375,0,0,2,191,get_pixel=high_sil_isolated_checker;gx=none;gy=none;abs=none,True,,480,,,,,480,OPTIMAL,0.776,True
chk50,pc_sobel,1.25,384,,PFmin,UNSAT,1.109,,,,,,,,,,,get_pixel=two_of_two_high_sil;gx=none;gy=none;abs=none,,,480,,,,,,,,
chk50,pc_sobel,1.25,384,,PFmax,UNSAT,1.044,,,,,,,,,,,get_pixel=two_of_two_high_sil;gx=none;gy=none;abs=none,,,480,,,,,,,,
chk50,pc_sobel,1.25,384,,PFlight,OPTIMAL,2.061,1403,480,[480],3,26,1375,0,0,2,191,get_pixel=high_sil_isolated_checker;gx=none;gy=none;abs=none,True,True,480,,,,,480,OPTIMAL,0.798,True
chk50,pc_sobel,1.25,384,,PFcheap,OPTIMAL,2.127,1403,480,[480],3,26,1375,0,0,2,191,get_pixel=high_sil_isolated_checker;gx=none;gy=none;abs=none,True,True,480,,,,,480,OPTIMAL,0.755,True
chk50,pc_sobel,1.50,384,,joint,OPTIMAL,3.169,1401,576,[576],3,24,1375,0,0,2,153,get_pixel=high_sil_isolated_checker;gx=none;gy=none;abs=none,True,,576,,,,,576,OPTIMAL,0.777,True
chk50,pc_sobel,1.50,384,,PFmin,OPTIMAL,1.995,1407,576,[576],3,30,1375,0,0,2,324,get_pixel=two_of_two_high_sil;gx=none;gy=none;abs=none,True,True,576,,,,,576,OPTIMAL,0.793,True
chk50,pc_sobel,1.50,384,,PFmax,OPTIMAL,1.937,1407,576,[576],3,30,1375,0,0,2,324,get_pixel=two_of_two_high_sil;gx=none;gy=none;abs=none,True,True,576,,,,,576,OPTIMAL,0.779,True
chk50,pc_sobel,1.50,384,,PFlight,OPTIMAL,2.055,1401,544,[544],3,24,1375,0,0,2,142,get_pixel=high_sil_isolated_checker;gx=none;gy=none;abs=none,True,True,576,,,,,576,OPTIMAL,0.797,True
chk50,pc_sobel,1.50,384,,PFcheap,OPTIMAL,2.085,1401,576,[576],3,24,1375,0,0,2,153,get_pixel=high_sil_isolated_checker;gx=none;gy=none;abs=none,True,True,576,,,,,576,OPTIMAL,0.761,True
chk50,pc_sobel,2.00,384,,joint,OPTIMAL,3.167,1401,576,[576],3,24,1375,0,0,2,153,get_pixel=high_sil_isolated_checker;gx=none;gy=none;abs=none,True,,768,,,,,576,OPTIMAL,0.771,True
chk50,pc_sobel,2.00,384,,PFmin,OPTIMAL,1.953,1401,768,[768],3,24,1375,0,0,2,153,get_pixel=two_of_two_high_sil;gx=none;gy=none;abs=none,True,True,768,,,,,768,OPTIMAL,0.76,True
chk50,pc_sobel,2.00,384,,PFmax,OPTIMAL,2.011,1401,768,[768],3,24,1375,0,0,2,153,get_pixel=two_of_two_high_sil;gx=none;gy=none;abs=none,True,True,768,,,,,768,OPTIMAL,0.76,True
chk50,pc_sobel,2.00,384,,PFlight,OPTIMAL,2.054,1401,544,[544],3,24,1375,0,0,2,142,get_pixel=high_sil_isolated_checker;gx=none;gy=none;abs=none,True,True,768,,,,,544,OPTIMAL,0.776,True
chk50,pc_sobel,2.00,384,,PFcheap,OPTIMAL,2.041,1401,544,[544],3,24,1375,0,0,2,142,get_pixel=high_sil_isolated_checker;gx=none;gy=none;abs=none,True,True,768,,,,,544,OPTIMAL,0.778,True
chk50,v_nvp,-,,,min_period,OPTIMAL,5.603,8846,235,[235],15,1974,6858,1586,0,14,2322,frontEnd=nvp_three_version;rasta=low_sil_diverse_doer_checker;powspec=none;audspec=low_sil_diverse_doer_checker;compJah=nvp_three_version;rastaFilter=none;backEnd=low_sil_diverse_doer_checker,True,,,,,,,235,,,
chk50,v_nvp,none,235,,joint,OPTIMAL,4.962,5680,1185,[1185],6,624,5046,0,0,10,665,frontEnd=nvp_three_version;rasta=none;powspec=none;audspec=none;compJah=nvp_three_version;rastaFilter=none;backEnd=low_sil_diverse_doer_checker,True,,,,,,,3327,OPTIMAL,0.51,True
chk50,v_nvp,none,235,,PFmin,OPTIMAL,3.846,5680,1185,[1185],6,624,5046,0,0,10,750,frontEnd=nvp_three_version;rasta=none;powspec=none;audspec=none;compJah=nvp_three_version;rastaFilter=none;backEnd=low_sil_diverse_doer_checker,True,True,,,,,,3327,OPTIMAL,0.452,True
chk50,v_nvp,none,235,,PFmax,OPTIMAL,3.658,5680,1185,[1185],6,624,5046,0,0,10,750,frontEnd=nvp_three_version;rasta=none;powspec=none;audspec=none;compJah=nvp_three_version;rastaFilter=none;backEnd=low_sil_diverse_doer_checker,True,True,,,,,,3327,OPTIMAL,0.465,True
chk50,v_nvp,none,235,,PFlight,OPTIMAL,3.639,5680,1185,[1185],6,624,5046,0,0,10,750,frontEnd=nvp_three_version;rasta=none;powspec=none;audspec=none;compJah=nvp_three_version;rastaFilter=none;backEnd=low_sil_diverse_doer_checker,True,True,,,,,,3327,OPTIMAL,0.447,True
chk50,v_nvp,none,235,,PFcheap,OPTIMAL,3.581,5680,1180,[1180],6,624,5046,0,0,10,665,frontEnd=nvp_three_version;rasta=none;powspec=none;audspec=none;compJah=nvp_three_version;rastaFilter=none;backEnd=low_sil_diverse_doer_checker,True,True,,,,,,3327,OPTIMAL,0.498,True
chk50,v_nvp,1.00,235,,joint,OPTIMAL,17.323,5995,235,[235],12,939,5046,0,0,10,1564,frontEnd=nvp_three_version;rasta=none;powspec=none;audspec=none;compJah=nvp_three_version;rastaFilter=none;backEnd=low_sil_diverse_doer_checker,True,,235,,,,,235,OPTIMAL,0.466,True
chk50,v_nvp,1.00,235,,PFmin,OPTIMAL,12.428,5995,235,[235],12,939,5046,0,0,10,1564,frontEnd=nvp_three_version;rasta=none;powspec=none;audspec=none;compJah=nvp_three_version;rastaFilter=none;backEnd=low_sil_diverse_doer_checker,True,True,235,,,,,235,OPTIMAL,0.469,True
chk50,v_nvp,1.00,235,,PFmax,OPTIMAL,12.697,5995,235,[235],12,939,5046,0,0,10,1564,frontEnd=nvp_three_version;rasta=none;powspec=none;audspec=none;compJah=nvp_three_version;rastaFilter=none;backEnd=low_sil_diverse_doer_checker,True,True,235,,,,,235,OPTIMAL,0.484,True
chk50,v_nvp,1.00,235,,PFlight,OPTIMAL,12.487,5995,235,[235],12,939,5046,0,0,10,1479,frontEnd=nvp_three_version;rasta=none;powspec=none;audspec=none;compJah=nvp_three_version;rastaFilter=none;backEnd=low_sil_diverse_doer_checker,True,True,235,,,,,235,OPTIMAL,0.497,True
chk50,v_nvp,1.00,235,,PFcheap,OPTIMAL,12.689,5995,235,[235],12,939,5046,0,0,10,1564,frontEnd=nvp_three_version;rasta=none;powspec=none;audspec=none;compJah=nvp_three_version;rastaFilter=none;backEnd=low_sil_diverse_doer_checker,True,True,235,,,,,235,OPTIMAL,0.482,True
chk50,v_nvp,1.10,235,,joint,OPTIMAL,4.559,5992,239,[239],12,936,5046,0,0,10,1532,frontEnd=nvp_three_version;rasta=none;powspec=none;audspec=none;compJah=nvp_three_version;rastaFilter=none;backEnd=low_sil_diverse_doer_checker,True,,259,,,,,259,OPTIMAL,0.47,True
chk50,v_nvp,1.10,235,,PFmin,OPTIMAL,3.478,5992,254,[254],12,936,5046,0,0,10,1532,frontEnd=nvp_three_version;rasta=none;powspec=none;audspec=none;compJah=nvp_three_version;rastaFilter=none;backEnd=low_sil_diverse_doer_checker,True,True,259,,,,,259,OPTIMAL,0.469,True
chk50,v_nvp,1.10,235,,PFmax,OPTIMAL,3.432,5992,254,[254],12,936,5046,0,0,10,1532,frontEnd=nvp_three_version;rasta=none;powspec=none;audspec=none;compJah=nvp_three_version;rastaFilter=none;backEnd=low_sil_diverse_doer_checker,True,True,259,,,,,259,OPTIMAL,0.509,True
chk50,v_nvp,1.10,235,,PFlight,OPTIMAL,3.381,5992,254,[254],12,936,5046,0,0,10,1532,frontEnd=nvp_three_version;rasta=none;powspec=none;audspec=none;compJah=nvp_three_version;rastaFilter=none;backEnd=low_sil_diverse_doer_checker,True,True,259,,,,,259,OPTIMAL,0.47,True
chk50,v_nvp,1.10,235,,PFcheap,OPTIMAL,3.368,5992,254,[254],12,936,5046,0,0,10,1447,frontEnd=nvp_three_version;rasta=none;powspec=none;audspec=none;compJah=nvp_three_version;rastaFilter=none;backEnd=low_sil_diverse_doer_checker,True,True,259,,,,,259,OPTIMAL,0.463,True
chk50,v_nvp,1.25,235,,joint,OPTIMAL,7.127,5984,266,[266],11,928,5046,0,0,10,1492,frontEnd=nvp_three_version;rasta=none;powspec=none;audspec=none;compJah=nvp_three_version;rastaFilter=none;backEnd=low_sil_diverse_doer_checker,True,,294,,,,,294,OPTIMAL,0.453,True
chk50,v_nvp,1.25,235,,PFmin,OPTIMAL,5.211,5984,266,[266],11,928,5046,0,0,10,1492,frontEnd=nvp_three_version;rasta=none;powspec=none;audspec=none;compJah=nvp_three_version;rastaFilter=none;backEnd=low_sil_diverse_doer_checker,True,True,294,,,,,294,OPTIMAL,0.471,True
chk50,v_nvp,1.25,235,,PFmax,OPTIMAL,5.797,5984,266,[266],11,928,5046,0,0,10,1492,frontEnd=nvp_three_version;rasta=none;powspec=none;audspec=none;compJah=nvp_three_version;rastaFilter=none;backEnd=low_sil_diverse_doer_checker,True,True,294,,,,,294,OPTIMAL,0.464,True
chk50,v_nvp,1.25,235,,PFlight,OPTIMAL,5.395,5984,266,[266],11,928,5046,0,0,10,1492,frontEnd=nvp_three_version;rasta=none;powspec=none;audspec=none;compJah=nvp_three_version;rastaFilter=none;backEnd=low_sil_diverse_doer_checker,True,True,294,,,,,294,OPTIMAL,0.492,True
chk50,v_nvp,1.25,235,,PFcheap,OPTIMAL,4.94,5984,266,[266],11,928,5046,0,0,10,1492,frontEnd=nvp_three_version;rasta=none;powspec=none;audspec=none;compJah=nvp_three_version;rastaFilter=none;backEnd=low_sil_diverse_doer_checker,True,True,294,,,,,294,OPTIMAL,0.471,True
chk50,v_nvp,1.50,235,,joint,OPTIMAL,8.473,5952,319,[319],11,896,5046,0,0,10,1352,frontEnd=nvp_three_version;rasta=none;powspec=none;audspec=none;compJah=nvp_three_version;rastaFilter=none;backEnd=low_sil_diverse_doer_checker,True,,353,,,,,353,OPTIMAL,0.474,True
chk50,v_nvp,1.50,235,,PFmin,OPTIMAL,5.891,5952,319,[319],11,896,5046,0,0,10,1352,frontEnd=nvp_three_version;rasta=none;powspec=none;audspec=none;compJah=nvp_three_version;rastaFilter=none;backEnd=low_sil_diverse_doer_checker,True,True,353,,,,,353,OPTIMAL,0.476,True
chk50,v_nvp,1.50,235,,PFmax,OPTIMAL,5.92,5952,319,[319],11,896,5046,0,0,10,1352,frontEnd=nvp_three_version;rasta=none;powspec=none;audspec=none;compJah=nvp_three_version;rastaFilter=none;backEnd=low_sil_diverse_doer_checker,True,True,353,,,,,353,OPTIMAL,0.487,True
chk50,v_nvp,1.50,235,,PFlight,OPTIMAL,5.816,5952,319,[319],11,896,5046,0,0,10,1352,frontEnd=nvp_three_version;rasta=none;powspec=none;audspec=none;compJah=nvp_three_version;rastaFilter=none;backEnd=low_sil_diverse_doer_checker,True,True,353,,,,,353,OPTIMAL,0.471,True
chk50,v_nvp,1.50,235,,PFcheap,OPTIMAL,5.781,5952,319,[319],11,896,5046,0,0,10,1352,frontEnd=nvp_three_version;rasta=none;powspec=none;audspec=none;compJah=nvp_three_version;rastaFilter=none;backEnd=low_sil_diverse_doer_checker,True,True,353,,,,,353,OPTIMAL,0.474,True
chk50,v_nvp,2.00,235,,joint,OPTIMAL,10.809,5944,449,[449],10,888,5046,0,0,10,1312,frontEnd=nvp_three_version;rasta=none;powspec=none;audspec=none;compJah=nvp_three_version;rastaFilter=none;backEnd=low_sil_diverse_doer_checker,True,,470,,,,,470,OPTIMAL,0.455,True
chk50,v_nvp,2.00,235,,PFmin,OPTIMAL,10.147,5944,449,[449],10,888,5046,0,0,10,1312,frontEnd=nvp_three_version;rasta=none;powspec=none;audspec=none;compJah=nvp_three_version;rastaFilter=none;backEnd=low_sil_diverse_doer_checker,True,True,470,,,,,470,OPTIMAL,0.457,True
chk50,v_nvp,2.00,235,,PFmax,OPTIMAL,9.894,5944,449,[449],10,888,5046,0,0,10,1312,frontEnd=nvp_three_version;rasta=none;powspec=none;audspec=none;compJah=nvp_three_version;rastaFilter=none;backEnd=low_sil_diverse_doer_checker,True,True,470,,,,,470,OPTIMAL,0.455,True
chk50,v_nvp,2.00,235,,PFlight,OPTIMAL,8.89,5944,449,[449],10,888,5046,0,0,10,1312,frontEnd=nvp_three_version;rasta=none;powspec=none;audspec=none;compJah=nvp_three_version;rastaFilter=none;backEnd=low_sil_diverse_doer_checker,True,True,470,,,,,470,OPTIMAL,0.493,True
chk50,v_nvp,2.00,235,,PFcheap,OPTIMAL,9.788,5944,449,[449],10,888,5046,0,0,10,1142,frontEnd=nvp_three_version;rasta=none;powspec=none;audspec=none;compJah=nvp_three_version;rastaFilter=none;backEnd=low_sil_diverse_doer_checker,True,True,470,,,,,470,OPTIMAL,0.464,True
tok2,p_rasta,none,235,,SL,OPTIMAL,5.4,3330,1012,[1012],2,320,2974,0,30,6,360,frontEnd=high_sil_isolated_checker;rasta=none;powspec=none;audspec=none;compJah=two_of_two_high_sil;rastaFilter=none;backEnd=low_sil_diverse_doer_checker,True,True,,OPTIMAL,2.25,1888,True,4655,OPTIMAL,0.508,True
tok2,p_rasta,1.00,235,,SL,OPTIMAL,5.673,3618,235,[235],9,623,2974,0,15,6,1124,frontEnd=high_sil_isolated_checker;rasta=none;powspec=none;audspec=none;compJah=high_sil_isolated_checker;rastaFilter=none;backEnd=low_sil_diverse_doer_checker,True,True,235,OPTIMAL,2.229,2133,True,235,OPTIMAL,0.506,True
tok2,p_rasta,1.10,235,,SL,OPTIMAL,6.329,3581,256,[256],8,586,2974,0,15,6,976,frontEnd=high_sil_isolated_checker;rasta=none;powspec=none;audspec=none;compJah=high_sil_isolated_checker;rastaFilter=none;backEnd=low_sil_diverse_doer_checker,True,True,259,OPTIMAL,2.237,2133,True,259,OPTIMAL,0.528,True
tok2,p_rasta,1.25,235,,SL,OPTIMAL,6.776,3454,283,[283],8,459,2974,0,15,6,836,frontEnd=high_sil_isolated_checker;rasta=none;powspec=none;audspec=none;compJah=high_sil_isolated_checker;rastaFilter=none;backEnd=low_sil_diverse_doer_checker,True,True,294,OPTIMAL,2.324,1991,True,294,OPTIMAL,0.512,True
tok2,p_rasta,1.50,235,,SL,OPTIMAL,7.594,3433,339,[339],8,453,2974,0,0,6,772,frontEnd=high_sil_isolated_checker;rasta=none;powspec=none;audspec=none;compJah=two_of_two_high_sil;rastaFilter=none;backEnd=low_sil_diverse_doer_checker,True,True,353,OPTIMAL,2.269,1973,True,353,OPTIMAL,0.521,True
tok2,p_rasta,2.00,235,,SL,OPTIMAL,7.513,3400,449,[449],7,420,2974,0,0,6,732,frontEnd=high_sil_isolated_checker;rasta=none;powspec=none;audspec=none;compJah=high_sil_isolated_checker;rastaFilter=none;backEnd=low_sil_doer_checker,True,True,470,OPTIMAL,2.402,1965,True,470,OPTIMAL,0.507,True
tok2,f_random_hw,none,235,p_rasta_noiso,SL,OPTIMAL,7.333,3349,1079,[1079],5,369,2974,0,0,6,480,frontEnd=high_sil_isolated_checker;rasta=none;powspec=none;audspec=none;compJah=two_of_two_high_sil;rastaFilter=none;backEnd=low_sil_doer_checker,True,True,,OPTIMAL,2.377,1914,True,4655,OPTIMAL,0.503,True
tok2,f_random_hw,1.00,235,p_rasta_noiso,SL,OPTIMAL,5.785,3633,235,[235],10,653,2974,0,0,6,1132,frontEnd=high_sil_isolated_checker;rasta=none;powspec=none;audspec=none;compJah=two_of_two_high_sil;rastaFilter=none;backEnd=low_sil_diverse_doer_checker,True,True,235,OPTIMAL,2.169,2133,True,235,OPTIMAL,0.529,True
tok2,f_random_hw,1.10,235,p_rasta_noiso,SL,OPTIMAL,5.938,3596,256,[256],9,616,2974,0,0,6,984,frontEnd=high_sil_isolated_checker;rasta=none;powspec=none;audspec=none;compJah=high_sil_isolated_checker;rastaFilter=none;backEnd=low_sil_diverse_doer_checker,True,True,259,OPTIMAL,2.209,2133,True,259,OPTIMAL,0.53,True
tok2,f_random_hw,1.25,235,p_rasta_noiso,SL,OPTIMAL,7.205,3447,289,[289],9,467,2974,0,0,6,876,frontEnd=high_sil_isolated_checker;rasta=none;powspec=none;audspec=none;compJah=high_sil_isolated_checker;rastaFilter=none;backEnd=low_sil_doer_checker,True,True,294,OPTIMAL,2.368,2009,True,294,OPTIMAL,0.507,True
tok2,f_random_hw,1.50,235,p_rasta_noiso,SL,OPTIMAL,7.308,3433,332,[332],8,453,2974,0,0,6,772,frontEnd=two_of_two_high_sil;rasta=none;powspec=none;audspec=none;compJah=high_sil_isolated_checker;rastaFilter=none;backEnd=low_sil_diverse_doer_checker,True,True,353,OPTIMAL,2.331,1973,True,353,OPTIMAL,0.522,True
tok2,f_random_hw,2.00,235,p_rasta_noiso,SL,OPTIMAL,5.668,3400,449,[449],7,420,2974,0,0,6,732,frontEnd=two_of_two_high_sil;rasta=none;powspec=none;audspec=none;compJah=high_sil_isolated_checker;rastaFilter=none;backEnd=low_sil_doer_checker,True,True,470,OPTIMAL,2.338,1965,True,470,OPTIMAL,0.506,True
tok2,d_random_hw,none,235,,SL,OPTIMAL,5.274,1857,1620,[1620],3,49,1802,0,0,6,120,frontEnd=low_sil_doer_checker;rasta=none;powspec=none;audspec=none;compJah=low_sil_doer_checker;rastaFilter=none;backEnd=low_sil_doer_checker,True,True,,OPTIMAL,2.479,1168,True,3012,OPTIMAL,0.44,True
tok2,d_random_hw,1.00,235,,SL,OPTIMAL,4.556,2091,235,[235],9,283,1802,0,0,6,596,frontEnd=low_sil_diverse_doer_checker;rasta=none;powspec=none;audspec=none;compJah=low_sil_doer_checker;rastaFilter=none;backEnd=low_sil_doer_checker,True,True,235,OPTIMAL,2.41,1391,True,235,OPTIMAL,0.442,True
tok2,d_random_hw,1.10,235,,SL,OPTIMAL,4.85,2091,253,[253],9,283,1802,0,0,6,596,frontEnd=low_sil_diverse_doer_checker;rasta=none;powspec=none;audspec=none;compJah=low_sil_diverse_doer_checker;rastaFilter=none;backEnd=low_sil_doer_checker,True,True,259,OPTIMAL,2.455,1391,True,259,OPTIMAL,0.442,True
tok2,d_random_hw,1.25,235,,SL,OPTIMAL,5.308,1940,291,[291],8,132,1802,0,0,6,512,frontEnd=low_sil_diverse_doer_checker;rasta=none;powspec=none;audspec=none;compJah=low_sil_doer_checker;rastaFilter=none;backEnd=low_sil_doer_checker,True,True,294,OPTIMAL,2.525,1239,True,294,OPTIMAL,0.427,True
tok2,d_random_hw,1.50,235,,SL,OPTIMAL,5.315,1917,353,[353],7,109,1802,0,0,6,312,frontEnd=low_sil_doer_checker;rasta=none;powspec=none;audspec=none;compJah=low_sil_diverse_doer_checker;rastaFilter=none;backEnd=low_sil_doer_checker,True,True,353,OPTIMAL,2.622,1228,True,353,OPTIMAL,0.441,True
tok2,d_random_hw,2.00,235,,SL,OPTIMAL,4.781,1909,449,[449],6,101,1802,0,0,6,272,frontEnd=low_sil_doer_checker;rasta=none;powspec=none;audspec=none;compJah=low_sil_diverse_doer_checker;rastaFilter=none;backEnd=low_sil_doer_checker,True,True,470,OPTIMAL,2.685,1220,True,470,OPTIMAL,0.437,True
tok2,d_systematic_sw,none,235,p_sw,SL,OPTIMAL,3.34,1846,1833,[1833],2,41,1802,0,0,3,80,frontEnd=same_cpu_doer_checker;rasta=none;powspec=none;audspec=none;compJah=same_cpu_doer_checker;rastaFilter=none;backEnd=same_cpu_doer_checker,True,True,,OPTIMAL,2.513,1168,True,2103,OPTIMAL,0.413,True
tok2,d_systematic_sw,1.00,235,p_sw,SL,OPTIMAL,3.262,2116,235,[235],8,310,1802,0,0,4,728,frontEnd=same_cpu_doer_checker;rasta=none;powspec=none;audspec=none;compJah=low_sil_diverse_doer_checker;rastaFilter=none;backEnd=same_cpu_doer_checker,True,True,235,OPTIMAL,2.44,1391,True,235,OPTIMAL,0.433,True
tok2,d_systematic_sw,1.10,235,p_sw,SL,OPTIMAL,3.305,2114,247,[247],8,307,1802,0,0,5,696,frontEnd=same_cpu_doer_checker;rasta=none;powspec=none;audspec=none;compJah=low_sil_diverse_doer_checker;rastaFilter=none;backEnd=low_sil_diverse_doer_checker,True,True,259,OPTIMAL,2.485,1391,True,259,OPTIMAL,0.404,True
tok2,d_systematic_sw,1.25,235,p_sw,SL,OPTIMAL,3.33,1920,293,[293],7,115,1802,0,0,3,376,frontEnd=same_cpu_doer_checker;rasta=none;powspec=none;audspec=none;compJah=same_cpu_doer_checker;rastaFilter=none;backEnd=same_cpu_doer_checker,True,True,294,OPTIMAL,2.502,1239,True,294,OPTIMAL,0.409,True
tok2,d_systematic_sw,1.50,235,p_sw,SL,OPTIMAL,3.398,1909,319,[319],6,104,1802,0,0,3,304,frontEnd=same_cpu_doer_checker;rasta=none;powspec=none;audspec=none;compJah=same_cpu_doer_checker;rastaFilter=none;backEnd=same_cpu_doer_checker,True,True,353,OPTIMAL,2.6,1228,True,353,OPTIMAL,0.433,True
tok2,d_systematic_sw,2.00,235,p_sw,SL,OPTIMAL,3.521,1898,449,[449],5,93,1802,0,0,3,232,frontEnd=same_cpu_doer_checker;rasta=none;powspec=none;audspec=none;compJah=same_cpu_doer_checker;rastaFilter=none;backEnd=same_cpu_doer_checker,True,True,470,OPTIMAL,2.735,1220,True,470,OPTIMAL,0.402,True
tok2,f_sw3,none,235,,SL,OPTIMAL,4.34,3365,1079,[1079],4,386,2974,0,0,5,410,frontEnd=two_of_two_high_sil;rasta=none;powspec=none;audspec=none;compJah=two_of_two_high_sil;rastaFilter=none;backEnd=same_cpu_doer_checker,True,True,,OPTIMAL,2.591,1914,True,2750,OPTIMAL,0.453,True
tok2,f_sw3,1.00,235,,SL,OPTIMAL,4.047,3632,235,[235],9,653,2974,0,0,5,1064,frontEnd=two_of_two_high_sil;rasta=none;powspec=none;audspec=none;compJah=two_of_two_high_sil;rastaFilter=none;backEnd=same_cpu_doer_checker,True,True,235,OPTIMAL,2.441,2133,True,235,OPTIMAL,0.442,True
tok2,f_sw3,1.10,235,,SL,OPTIMAL,4.274,3632,235,[235],9,653,2974,0,0,5,979,frontEnd=two_of_two_high_sil;rasta=none;powspec=none;audspec=none;compJah=two_of_two_high_sil;rastaFilter=none;backEnd=same_cpu_doer_checker,True,True,259,OPTIMAL,2.522,2133,True,259,OPTIMAL,0.458,True
tok2,f_sw3,1.25,235,,SL,OPTIMAL,4.489,3505,282,[282],9,526,2974,0,0,5,924,frontEnd=two_of_two_high_sil;rasta=none;powspec=none;audspec=none;compJah=two_of_two_high_sil;rastaFilter=none;backEnd=same_cpu_doer_checker,True,True,294,OPTIMAL,2.775,2009,True,294,OPTIMAL,0.448,True
tok2,f_sw3,1.50,235,,SL,OPTIMAL,4.382,3469,319,[319],8,490,2974,0,0,5,852,frontEnd=two_of_two_high_sil;rasta=none;powspec=none;audspec=none;compJah=two_of_two_high_sil;rastaFilter=none;backEnd=same_cpu_doer_checker,True,True,353,OPTIMAL,2.658,1973,True,353,OPTIMAL,0.453,True
tok2,f_sw3,2.00,235,,SL,OPTIMAL,4.444,3416,449,[449],6,437,2974,0,0,5,662,frontEnd=two_of_two_high_sil;rasta=none;powspec=none;audspec=none;compJah=two_of_two_high_sil;rastaFilter=none;backEnd=same_cpu_doer_checker,True,True,470,OPTIMAL,2.721,1965,True,470,OPTIMAL,0.45,True
tok2,f_both3,none,235,,SL,OPTIMAL,4.38,3406,1079,[1079],5,426,2974,0,0,6,590,frontEnd=two_of_two_high_sil;rasta=none;powspec=none;audspec=none;compJah=two_of_two_high_sil;rastaFilter=none;backEnd=low_sil_diverse_doer_checker,True,True,,OPTIMAL,2.604,1914,True,2750,OPTIMAL,0.488,True
tok2,f_both3,1.00,235,,SL,OPTIMAL,3.925,3670,235,[235],10,690,2974,0,0,6,1212,frontEnd=two_of_two_high_sil;rasta=none;powspec=none;audspec=none;compJah=two_of_two_high_sil;rastaFilter=none;backEnd=low_sil_diverse_doer_checker,True,True,235,OPTIMAL,2.403,2133,True,235,OPTIMAL,0.443,True
tok2,f_both3,1.10,235,,SL,OPTIMAL,4.255,3670,235,[235],10,690,2974,0,0,6,1212,frontEnd=two_of_two_high_sil;rasta=none;powspec=none;audspec=none;compJah=two_of_two_high_sil;rastaFilter=none;backEnd=low_sil_diverse_doer_checker,True,True,259,OPTIMAL,2.596,2133,True,259,OPTIMAL,0.48,True
tok2,f_both3,1.25,235,,SL,OPTIMAL,4.446,3666,282,[282],10,686,2974,0,0,6,934,frontEnd=two_of_two_high_sil;rasta=none;powspec=none;audspec=none;compJah=two_of_two_high_sil;rastaFilter=none;backEnd=low_sil_diverse_doer_checker,True,True,294,OPTIMAL,2.772,2009,True,294,OPTIMAL,0.466,True
tok2,f_both3,1.50,235,,SL,OPTIMAL,4.362,3630,319,[319],9,650,2974,0,0,6,862,frontEnd=two_of_two_high_sil;rasta=none;powspec=none;audspec=none;compJah=two_of_two_high_sil;rastaFilter=none;backEnd=low_sil_diverse_doer_checker,True,True,353,OPTIMAL,2.761,1973,True,353,OPTIMAL,0.466,True
tok2,f_both3,2.00,235,,SL,OPTIMAL,4.386,3462,449,[449],7,482,2974,0,0,6,727,frontEnd=two_of_two_high_sil;rasta=none;powspec=none;audspec=none;compJah=two_of_two_high_sil;rastaFilter=none;backEnd=low_sil_diverse_doer_checker,True,True,470,OPTIMAL,2.702,1965,True,470,OPTIMAL,0.438,True
tok2,c_pat,none,235,,SL,OPTIMAL,12.86,3349,1137,[1137],5,369,2974,0,0,6,480,frontEnd=two_of_two_high_sil;rasta=none;powspec=none;audspec=none;compJah=two_of_two_high_sil;rastaFilter=none;backEnd=low_sil_doer_checker,True,True,,OPTIMAL,6.023,1914,True,1589,OPTIMAL,1.074,True
tok2,c_pat,1.00,235,,SL,OPTIMAL,10.421,3633,235,[235],10,653,2974,0,0,6,1132,frontEnd=high_sil_isolated_checker;rasta=none;powspec=none;audspec=none;compJah=high_sil_isolated_checker;rastaFilter=none;backEnd=low_sil_doer_checker,True,True,235,OPTIMAL,5.572,2133,True,235,OPTIMAL,1.11,True
tok2,c_pat,1.10,235,,SL,OPTIMAL,13.194,3633,248,[248],10,653,2974,0,0,6,1047,frontEnd=high_sil_isolated_checker;rasta=none;powspec=none;audspec=none;compJah=high_sil_isolated_checker;rastaFilter=none;backEnd=low_sil_doer_checker,True,True,259,OPTIMAL,6.425,2133,True,255,OPTIMAL,1.134,True
tok2,c_pat,1.25,235,,SL,OPTIMAL,15.02,3484,282,[282],10,504,2974,0,0,6,939,frontEnd=high_sil_isolated_checker;rasta=none;powspec=none;audspec=none;compJah=two_of_two_high_sil;rastaFilter=none;backEnd=low_sil_doer_checker,True,True,294,OPTIMAL,8.358,2009,True,282,OPTIMAL,1.099,True
tok2,c_pat,1.50,235,,SL,OPTIMAL,13.45,3433,334,[334],8,453,2974,0,0,6,772,frontEnd=high_sil_isolated_checker;rasta=none;powspec=none;audspec=none;compJah=high_sil_isolated_checker;rastaFilter=none;backEnd=low_sil_doer_checker,True,True,353,OPTIMAL,6.199,1973,True,353,OPTIMAL,1.069,True
tok2,c_pat,2.00,235,,SL,OPTIMAL,13.419,3400,449,[449],7,420,2974,0,0,6,732,frontEnd=two_of_two_high_sil;rasta=none;powspec=none;audspec=none;compJah=two_of_two_high_sil;rastaFilter=none;backEnd=low_sil_doer_checker,True,True,470,OPTIMAL,6.487,1965,True,449,OPTIMAL,1.096,True
tok2,pc_sobel,none,256,,SL,OPTIMAL,4.716,1401,384,[384],3,24,1375,0,0,2,142,get_pixel=high_sil_isolated_checker;gx=none;gy=none;abs=none,True,True,100000,OPTIMAL,2.568,873,True,384,OPTIMAL,0.748,True
tok2,pc_sobel,1.00,256,,SL,OPTIMAL,4.152,1409,256,[256],3,32,1375,0,0,2,386,get_pixel=high_sil_isolated_checker;gx=none;gy=none;abs=none,True,True,256,OPTIMAL,2.515,881,True,256,OPTIMAL,0.761,True
tok2,pc_sobel,1.10,256,,SL,OPTIMAL,4.418,1407,277,[277],3,30,1375,0,0,2,324,get_pixel=high_sil_isolated_checker;gx=none;gy=none;abs=none,True,True,282,OPTIMAL,2.491,879,True,277,OPTIMAL,0.764,True
tok2,pc_sobel,1.25,256,,SL,OPTIMAL,4.581,1405,320,[320],3,28,1375,0,0,2,251,get_pixel=high_sil_isolated_checker;gx=none;gy=none;abs=none,True,True,320,OPTIMAL,2.594,877,True,320,OPTIMAL,0.766,True
tok2,pc_sobel,1.50,256,,SL,OPTIMAL,4.63,1401,384,[384],3,24,1375,0,0,2,153,get_pixel=two_of_two_high_sil;gx=none;gy=none;abs=none,True,True,384,OPTIMAL,2.522,873,True,384,OPTIMAL,0.784,True
tok2,pc_sobel,2.00,256,,SL,OPTIMAL,4.963,1401,393,[393],3,24,1375,0,0,2,153,get_pixel=two_of_two_high_sil;gx=none;gy=none;abs=none,True,True,512,OPTIMAL,2.533,873,True,393,OPTIMAL,0.757,True
tok2,v_nvp,none,235,,SL,OPTIMAL,4.409,5680,1180,[1180],6,624,5046,0,0,10,750,frontEnd=nvp_three_version;rasta=none;powspec=none;audspec=none;compJah=nvp_three_version;rastaFilter=none;backEnd=low_sil_diverse_doer_checker,True,True,,OPTIMAL,2.764,1914,True,3099,OPTIMAL,0.45,True
tok2,v_nvp,1.00,235,,SL,OPTIMAL,4.588,6152,235,[235],13,1096,5046,0,0,10,1627,frontEnd=nvp_three_version;rasta=none;powspec=none;audspec=none;compJah=nvp_three_version;rastaFilter=none;backEnd=low_sil_diverse_doer_checker,True,True,235,OPTIMAL,2.79,2133,True,235,OPTIMAL,0.467,True
tok2,v_nvp,1.10,235,,SL,OPTIMAL,4.647,5992,254,[254],12,936,5046,0,0,10,1532,frontEnd=nvp_three_version;rasta=none;powspec=none;audspec=none;compJah=nvp_three_version;rastaFilter=none;backEnd=low_sil_diverse_doer_checker,True,True,259,OPTIMAL,2.862,2133,True,259,OPTIMAL,0.462,True
tok2,v_nvp,1.25,235,,SL,OPTIMAL,4.52,5988,282,[282],12,932,5046,0,0,10,1424,frontEnd=nvp_three_version;rasta=none;powspec=none;audspec=none;compJah=nvp_three_version;rastaFilter=none;backEnd=low_sil_diverse_doer_checker,True,True,294,OPTIMAL,3.098,2009,True,294,OPTIMAL,0.459,True
tok2,v_nvp,1.50,235,,SL,OPTIMAL,4.695,5952,319,[319],11,896,5046,0,0,10,1352,frontEnd=nvp_three_version;rasta=none;powspec=none;audspec=none;compJah=nvp_three_version;rastaFilter=none;backEnd=low_sil_diverse_doer_checker,True,True,353,OPTIMAL,2.938,1973,True,353,OPTIMAL,0.455,True
tok2,v_nvp,2.00,235,,SL,OPTIMAL,4.739,5944,449,[449],10,888,5046,0,0,10,1227,frontEnd=nvp_three_version;rasta=none;powspec=none;audspec=none;compJah=nvp_three_version;rastaFilter=none;backEnd=low_sil_diverse_doer_checker,True,True,470,OPTIMAL,3.052,1965,True,470,OPTIMAL,0.459,True
chk10,p_rasta,none,235,,SL,OPTIMAL,5.622,3330,1012,[1012],2,320,2974,0,30,6,360,frontEnd=high_sil_isolated_checker;rasta=none;powspec=none;audspec=none;compJah=high_sil_isolated_checker;rastaFilter=none;backEnd=low_sil_diverse_doer_checker,True,True,,OPTIMAL,2.234,1888,True,4233,OPTIMAL,0.517,True
chk10,p_rasta,1.00,235,,SL,OPTIMAL,4.587,3633,235,[235],10,653,2974,0,0,6,1132,frontEnd=high_sil_isolated_checker;rasta=none;powspec=none;audspec=none;compJah=high_sil_isolated_checker;rastaFilter=none;backEnd=low_sil_diverse_doer_checker,True,True,235,OPTIMAL,2.17,2133,True,235,OPTIMAL,0.515,True
chk10,p_rasta,1.10,235,,SL,OPTIMAL,4.798,3633,235,[235],10,653,2974,0,0,6,1132,frontEnd=high_sil_isolated_checker;rasta=none;powspec=none;audspec=none;compJah=high_sil_isolated_checker;rastaFilter=none;backEnd=low_sil_diverse_doer_checker,True,True,259,OPTIMAL,2.216,2133,True,259,OPTIMAL,0.525,True
chk10,p_rasta,1.25,235,,SL,OPTIMAL,6.038,3491,282,[282],9,496,2974,0,15,6,984,frontEnd=two_of_two_high_sil;rasta=none;powspec=none;audspec=none;compJah=high_sil_isolated_checker;rastaFilter=none;backEnd=low_sil_diverse_doer_checker,True,True,294,OPTIMAL,2.36,1991,True,294,OPTIMAL,0.498,True
chk10,p_rasta,1.50,235,,SL,OPTIMAL,6.803,3458,335,[335],8,463,2974,0,15,6,944,frontEnd=two_of_two_high_sil;rasta=none;powspec=none;audspec=none;compJah=high_sil_isolated_checker;rastaFilter=none;backEnd=low_sil_diverse_doer_checker,True,True,353,OPTIMAL,2.305,1973,True,353,OPTIMAL,0.516,True
chk10,p_rasta,2.00,235,,SL,OPTIMAL,6.969,3400,459,[459],7,420,2974,0,0,6,732,frontEnd=two_of_two_high_sil;rasta=none;powspec=none;audspec=none;compJah=high_sil_isolated_checker;rastaFilter=none;backEnd=low_sil_doer_checker,True,True,470,OPTIMAL,2.356,1965,True,470,OPTIMAL,0.529,True
chk10,f_random_hw,none,235,p_rasta_noiso,SL,OPTIMAL,7.085,3349,1221,[1221],5,369,2974,0,0,6,480,frontEnd=two_of_two_high_sil;rasta=none;powspec=none;audspec=none;compJah=two_of_two_high_sil;rastaFilter=none;backEnd=low_sil_doer_checker,True,True,,OPTIMAL,2.305,1914,True,4233,OPTIMAL,0.513,True
chk10,f_random_hw,1.00,235,p_rasta_noiso,SL,OPTIMAL,4.214,3633,235,[235],10,653,2974,0,0,6,1132,frontEnd=high_sil_isolated_checker;rasta=none;powspec=none;audspec=none;compJah=high_sil_isolated_checker;rastaFilter=none;backEnd=low_sil_diverse_doer_checker,True,True,235,OPTIMAL,2.17,2133,True,235,OPTIMAL,0.52,True
chk10,f_random_hw,1.10,235,p_rasta_noiso,SL,OPTIMAL,5.043,3633,235,[235],10,653,2974,0,0,6,1132,frontEnd=high_sil_isolated_checker;rasta=none;powspec=none;audspec=none;compJah=high_sil_isolated_checker;rastaFilter=none;backEnd=low_sil_diverse_doer_checker,True,True,259,OPTIMAL,2.189,2133,True,259,OPTIMAL,0.503,True
chk10,f_random_hw,1.25,235,p_rasta_noiso,SL,OPTIMAL,5.839,3484,282,[282],10,504,2974,0,0,6,1024,frontEnd=high_sil_isolated_checker;rasta=none;powspec=none;audspec=none;compJah=high_sil_isolated_checker;rastaFilter=none;backEnd=low_sil_doer_checker,True,True,294,OPTIMAL,2.346,2009,True,294,OPTIMAL,0.515,True
chk10,f_random_hw,1.50,235,p_rasta_noiso,SL,OPTIMAL,6.988,3473,319,[319],9,493,2974,0,0,6,952,frontEnd=high_sil_isolated_checker;rasta=none;powspec=none;audspec=none;compJah=high_sil_isolated_checker;rastaFilter=none;backEnd=low_sil_diverse_doer_checker,True,True,353,OPTIMAL,2.33,1973,True,353,OPTIMAL,0.498,True
chk10,f_random_hw,2.00,235,p_rasta_noiso,SL,OPTIMAL,7.031,3400,449,[449],7,420,2974,0,0,6,732,frontEnd=high_sil_isolated_checker;rasta=none;powspec=none;audspec=none;compJah=high_sil_isolated_checker;rastaFilter=none;backEnd=low_sil_doer_checker,True,True,470,OPTIMAL,2.241,1965,True,470,OPTIMAL,0.495,True
chk10,d_random_hw,none,235,,SL,OPTIMAL,5.252,1857,1663,[1663],3,49,1802,0,0,6,120,frontEnd=low_sil_doer_checker;rasta=none;powspec=none;audspec=none;compJah=low_sil_doer_checker;rastaFilter=none;backEnd=low_sil_doer_checker,True,True,,OPTIMAL,2.553,1168,True,2690,OPTIMAL,0.449,True
chk10,d_random_hw,1.00,235,,SL,OPTIMAL,14.061,2124,235,[235],10,316,1802,0,0,6,636,frontEnd=low_sil_diverse_doer_checker;rasta=none;powspec=none;audspec=none;compJah=low_sil_diverse_doer_checker;rastaFilter=none;backEnd=low_sil_diverse_doer_checker,True,True,235,OPTIMAL,2.424,1391,True,235,OPTIMAL,0.443,True
chk10,d_random_hw,1.10,235,,SL,OPTIMAL,4.755,2121,248,[248],10,313,1802,0,0,6,604,frontEnd=low_sil_diverse_doer_checker;rasta=none;powspec=none;audspec=none;compJah=low_sil_diverse_doer_checker;rastaFilter=none;backEnd=low_sil_diverse_doer_checker,True,True,259,OPTIMAL,2.449,1391,True,259,OPTIMAL,0.454,True
chk10,d_random_hw,1.25,235,,SL,OPTIMAL,4.443,1972,292,[292],10,164,1802,0,0,6,496,frontEnd=low_sil_diverse_doer_checker;rasta=none;powspec=none;audspec=none;compJah=low_sil_diverse_doer_checker;rastaFilter=none;backEnd=low_sil_doer_checker,True,True,294,OPTIMAL,2.495,1239,True,294,OPTIMAL,0.436,True
chk10,d_random_hw,1.50,235,,SL,OPTIMAL,5.378,1931,343,[343],8,123,1802,0,0,6,416,frontEnd=low_sil_diverse_doer_checker;rasta=none;powspec=none;audspec=none;compJah=low_sil_diverse_doer_checker;rastaFilter=none;backEnd=low_sil_doer_checker,True,True,353,OPTIMAL,2.668,1228,True,353,OPTIMAL,0.437,True
chk10,d_random_hw,2.00,235,,SL,OPTIMAL,5.564,1912,456,[456],6,104,1802,0,0,6,304,frontEnd=low_sil_doer_checker;rasta=none;powspec=none;audspec=none;compJah=low_sil_diverse_doer_checker;rastaFilter=none;backEnd=low_sil_doer_checker,True,True,470,OPTIMAL,2.704,1220,True,470,OPTIMAL,0.463,True
chk10,d_systematic_sw,none,235,p_sw,SL,OPTIMAL,3.383,1846,1641,[1641],2,41,1802,0,0,3,80,frontEnd=same_cpu_doer_checker;rasta=none;powspec=none;audspec=none;compJah=same_cpu_doer_checker;rastaFilter=none;backEnd=same_cpu_doer_checker,True,True,,OPTIMAL,2.54,1168,True,1781,OPTIMAL,0.418,True
chk10,d_systematic_sw,1.00,235,p_sw,SL,OPTIMAL,6.689,2072,235,[235],7,267,1802,0,0,3,516,frontEnd=same_cpu_doer_checker;rasta=none;powspec=none;audspec=none;compJah=same_cpu_doer_checker;rastaFilter=none;backEnd=same_cpu_doer_checker,True,True,235,OPTIMAL,2.449,1391,True,235,OPTIMAL,0.409,True
chk10,d_systematic_sw,1.10,235,p_sw,SL,OPTIMAL,3.27,2069,248,[248],7,264,1802,0,0,3,484,frontEnd=same_cpu_doer_checker;rasta=none;powspec=none;audspec=none;compJah=same_cpu_doer_checker;rastaFilter=none;backEnd=same_cpu_doer_checker,True,True,259,OPTIMAL,2.509,1391,True,259,OPTIMAL,0.409,True
chk10,d_systematic_sw,1.25,235,p_sw,SL,OPTIMAL,3.336,1920,282,[282],7,115,1802,0,0,3,376,frontEnd=same_cpu_doer_checker;rasta=none;powspec=none;audspec=none;compJah=same_cpu_doer_checker;rastaFilter=none;backEnd=same_cpu_doer_checker,True,True,294,OPTIMAL,2.566,1239,True,294,OPTIMAL,0.422,True
chk10,d_systematic_sw,1.50,235,p_sw,SL,OPTIMAL,3.412,1906,319,[319],6,101,1802,0,0,3,272,frontEnd=same_cpu_doer_checker;rasta=none;powspec=none;audspec=none;compJah=same_cpu_doer_checker;rastaFilter=none;backEnd=same_cpu_doer_checker,True,True,353,OPTIMAL,2.641,1228,True,353,OPTIMAL,0.422,True
chk10,d_systematic_sw,2.00,235,p_sw,SL,OPTIMAL,3.52,1898,449,[449],5,93,1802,0,0,3,232,frontEnd=same_cpu_doer_checker;rasta=none;powspec=none;audspec=none;compJah=same_cpu_doer_checker;rastaFilter=none;backEnd=same_cpu_doer_checker,True,True,470,OPTIMAL,2.701,1220,True,470,OPTIMAL,0.412,True
chk10,f_sw3,none,235,,SL,OPTIMAL,4.371,3365,1267,[1267],4,386,2974,0,0,5,410,frontEnd=two_of_two_high_sil;rasta=none;powspec=none;audspec=none;compJah=two_of_two_high_sil;rastaFilter=none;backEnd=same_cpu_doer_checker,True,True,,OPTIMAL,2.622,1914,True,2328,OPTIMAL,0.451,True
chk10,f_sw3,1.00,235,,SL,OPTIMAL,3.641,4667,235,[235],9,650,4010,0,0,7,1032,frontEnd=mixed_sil_doer_checker;rasta=none;powspec=none;audspec=none;compJah=mixed_sil_doer_checker;rastaFilter=none;backEnd=same_cpu_doer_checker,True,True,235,OPTIMAL,2.437,2133,True,235,OPTIMAL,0.451,True
chk10,f_sw3,1.10,235,,SL,OPTIMAL,3.888,4625,259,[259],8,608,4010,0,0,7,914,frontEnd=mixed_sil_doer_checker;rasta=none;powspec=none;audspec=none;compJah=mixed_sil_doer_checker;rastaFilter=none;backEnd=same_cpu_doer_checker,True,True,259,OPTIMAL,2.5,2133,True,259,OPTIMAL,0.455,True
chk10,f_sw3,1.25,235,,SL,OPTIMAL,3.96,4498,289,[289],8,481,4010,0,0,7,774,frontEnd=mixed_sil_doer_checker;rasta=none;powspec=none;audspec=none;compJah=mixed_sil_doer_checker;rastaFilter=none;backEnd=same_cpu_doer_checker,True,True,294,OPTIMAL,2.674,2009,True,294,OPTIMAL,0.439,True
chk10,f_sw3,1.50,235,,SL,OPTIMAL,4.097,3988,319,[319],8,490,3492,0,0,6,852,frontEnd=two_of_two_high_sil;rasta=none;powspec=none;audspec=none;compJah=mixed_sil_doer_checker;rastaFilter=none;backEnd=same_cpu_doer_checker,True,True,353,OPTIMAL,2.663,1973,True,353,OPTIMAL,0.441,True
chk10,f_sw3,2.00,235,,SL,OPTIMAL,4.334,3461,449,[449],7,482,2974,0,0,5,812,frontEnd=two_of_two_high_sil;rasta=none;powspec=none;audspec=none;compJah=two_of_two_high_sil;rastaFilter=none;backEnd=same_cpu_doer_checker,True,True,470,OPTIMAL,2.705,1965,True,470,OPTIMAL,0.439,True
chk10,f_both3,none,235,,SL,OPTIMAL,4.306,3406,1267,[1267],5,426,2974,0,0,6,590,frontEnd=two_of_two_high_sil;rasta=none;powspec=none;audspec=none;compJah=two_of_two_high_sil;rastaFilter=none;backEnd=low_sil_diverse_doer_checker,True,True,,OPTIMAL,2.606,1914,True,2328,OPTIMAL,0.443,True
chk10,f_both3,1.00,235,,SL,OPTIMAL,3.546,4708,235,[235],10,690,4010,0,0,8,1212,frontEnd=mixed_sil_doer_checker;rasta=none;powspec=none;audspec=none;compJah=mixed_sil_doer_checker;rastaFilter=none;backEnd=low_sil_diverse_doer_checker,True,True,235,OPTIMAL,2.477,2133,True,235,OPTIMAL,0.451,True
chk10,f_both3,1.10,235,,SL,OPTIMAL,3.905,4708,235,[235],10,690,4010,0,0,8,1212,frontEnd=mixed_sil_doer_checker;rasta=none;powspec=none;audspec=none;compJah=mixed_sil_doer_checker;rastaFilter=none;backEnd=low_sil_diverse_doer_checker,True,True,259,OPTIMAL,2.545,2133,True,259,OPTIMAL,0.438,True
chk10,f_both3,1.25,235,,SL,OPTIMAL,3.908,4699,289,[289],10,681,4010,0,0,8,1134,frontEnd=mixed_sil_doer_checker;rasta=none;powspec=none;audspec=none;compJah=mixed_sil_doer_checker;rastaFilter=none;backEnd=low_sil_diverse_doer_checker,True,True,294,OPTIMAL,2.743,2009,True,294,OPTIMAL,0.461,True
chk10,f_both3,1.50,235,,SL,OPTIMAL,4.166,4149,319,[319],9,650,3492,0,0,7,947,frontEnd=two_of_two_high_sil;rasta=none;powspec=none;audspec=none;compJah=mixed_sil_doer_checker;rastaFilter=none;backEnd=low_sil_diverse_doer_checker,True,True,353,OPTIMAL,2.69,1973,True,353,OPTIMAL,0.451,True
chk10,f_both3,2.00,235,,SL,OPTIMAL,4.308,3622,449,[449],8,642,2974,0,0,6,992,frontEnd=two_of_two_high_sil;rasta=none;powspec=none;audspec=none;compJah=two_of_two_high_sil;rastaFilter=none;backEnd=low_sil_diverse_doer_checker,True,True,470,OPTIMAL,2.716,1965,True,470,OPTIMAL,0.436,True
chk10,c_pat,none,235,,SL,OPTIMAL,12.281,3349,1137,[1137],5,369,2974,0,0,6,395,frontEnd=two_of_two_high_sil;rasta=none;powspec=none;audspec=none;compJah=two_of_two_high_sil;rastaFilter=none;backEnd=low_sil_doer_checker,True,True,,OPTIMAL,6.058,1914,True,1685,OPTIMAL,1.063,True
chk10,c_pat,1.00,235,,SL,OPTIMAL,9.195,3633,235,[235],10,653,2974,0,0,6,1132,frontEnd=high_sil_isolated_checker;rasta=none;powspec=none;audspec=none;compJah=high_sil_isolated_checker;rastaFilter=none;backEnd=low_sil_doer_checker,True,True,235,OPTIMAL,5.601,2133,True,235,OPTIMAL,1.101,True
chk10,c_pat,1.10,235,,SL,OPTIMAL,11.343,3633,251,[251],10,653,2974,0,0,6,1047,frontEnd=high_sil_isolated_checker;rasta=none;powspec=none;audspec=none;compJah=high_sil_isolated_checker;rastaFilter=none;backEnd=low_sil_doer_checker,True,True,259,OPTIMAL,6.455,2133,True,251,OPTIMAL,1.071,True
chk10,c_pat,1.25,235,,SL,OPTIMAL,13.502,3484,282,[282],10,504,2974,0,0,6,939,frontEnd=high_sil_isolated_checker;rasta=none;powspec=none;audspec=none;compJah=high_sil_isolated_checker;rastaFilter=none;backEnd=low_sil_doer_checker,True,True,294,OPTIMAL,8.427,2009,True,282,OPTIMAL,1.081,True
chk10,c_pat,1.50,235,,SL,OPTIMAL,12.53,3473,340,[340],9,493,2974,0,0,6,952,frontEnd=high_sil_isolated_checker;rasta=none;powspec=none;audspec=none;compJah=two_of_two_high_sil;rastaFilter=none;backEnd=low_sil_doer_checker,True,True,353,OPTIMAL,6.294,1973,True,340,OPTIMAL,1.071,True
chk10,c_pat,2.00,235,,SL,OPTIMAL,11.374,3400,449,[449],7,420,2974,0,0,6,732,frontEnd=high_sil_isolated_checker;rasta=none;powspec=none;audspec=none;compJah=high_sil_isolated_checker;rastaFilter=none;backEnd=low_sil_doer_checker,True,True,470,OPTIMAL,6.498,1965,True,465,OPTIMAL,1.07,True
chk10,pc_sobel,none,282,,SL,OPTIMAL,4.868,1401,416,[416],3,24,1375,0,0,2,142,get_pixel=high_sil_isolated_checker;gx=none;gy=none;abs=none,True,True,100000,OPTIMAL,2.63,873,True,923,OPTIMAL,0.782,True
chk10,pc_sobel,1.00,282,,SL,OPTIMAL,4.177,1411,282,[282],3,34,1375,0,0,2,446,get_pixel=high_sil_isolated_checker;gx=none;gy=none;abs=none,True,True,282,OPTIMAL,2.536,879,True,282,OPTIMAL,0.752,True
chk10,pc_sobel,1.10,282,,SL,OPTIMAL,4.218,1407,288,[288],3,30,1375,0,0,2,313,get_pixel=high_sil_isolated_checker;gx=none;gy=none;abs=none,True,True,311,OPTIMAL,2.52,879,True,311,OPTIMAL,0.759,True
chk10,pc_sobel,1.25,282,,SL,OPTIMAL,4.462,1403,352,[352],3,26,1375,0,0,2,191,get_pixel=high_sil_isolated_checker;gx=none;gy=none;abs=none,True,True,353,OPTIMAL,2.555,875,True,353,OPTIMAL,0.744,True
chk10,pc_sobel,1.50,282,,SL,OPTIMAL,4.261,1401,416,[416],3,24,1375,0,0,2,142,get_pixel=high_sil_isolated_checker;gx=none;gy=none;abs=none,True,True,423,OPTIMAL,2.579,873,True,423,OPTIMAL,0.75,True
chk10,pc_sobel,2.00,282,,SL,OPTIMAL,4.695,1401,422,[422],3,24,1375,0,0,2,153,get_pixel=high_sil_isolated_checker;gx=none;gy=none;abs=none,True,True,564,OPTIMAL,2.579,873,True,422,OPTIMAL,0.78,True
chk10,v_nvp,none,235,,SL,OPTIMAL,4.322,5680,1180,[1180],6,624,5046,0,0,10,750,frontEnd=nvp_three_version;rasta=none;powspec=none;audspec=none;compJah=nvp_three_version;rastaFilter=none;backEnd=low_sil_diverse_doer_checker,True,True,,OPTIMAL,2.853,1914,True,2877,OPTIMAL,0.445,True
chk10,v_nvp,1.00,235,,SL,OPTIMAL,11.058,6152,235,[235],13,1096,5046,0,0,10,1712,frontEnd=nvp_three_version;rasta=none;powspec=none;audspec=none;compJah=nvp_three_version;rastaFilter=none;backEnd=low_sil_diverse_doer_checker,True,True,235,OPTIMAL,2.774,2133,True,235,OPTIMAL,0.461,True
chk10,v_nvp,1.10,235,,SL,OPTIMAL,10.988,5992,254,[254],12,936,5046,0,0,10,1532,frontEnd=nvp_three_version;rasta=none;powspec=none;audspec=none;compJah=nvp_three_version;rastaFilter=none;backEnd=low_sil_diverse_doer_checker,True,True,259,OPTIMAL,2.872,2133,True,259,OPTIMAL,0.453,True
chk10,v_nvp,1.25,235,,SL,OPTIMAL,4.757,5988,282,[282],12,932,5046,0,0,10,1424,frontEnd=nvp_three_version;rasta=none;powspec=none;audspec=none;compJah=nvp_three_version;rastaFilter=none;backEnd=low_sil_diverse_doer_checker,True,True,294,OPTIMAL,3.059,2009,True,294,OPTIMAL,0.46,True
chk10,v_nvp,1.50,235,,SL,OPTIMAL,4.65,5952,319,[319],11,896,5046,0,0,10,1267,frontEnd=nvp_three_version;rasta=none;powspec=none;audspec=none;compJah=nvp_three_version;rastaFilter=none;backEnd=low_sil_diverse_doer_checker,True,True,353,OPTIMAL,3.012,1973,True,353,OPTIMAL,0.449,True
chk10,v_nvp,2.00,235,,SL,OPTIMAL,4.633,5944,449,[449],10,888,5046,0,0,10,1312,frontEnd=nvp_three_version;rasta=none;powspec=none;audspec=none;compJah=nvp_three_version;rastaFilter=none;backEnd=low_sil_diverse_doer_checker,True,True,470,OPTIMAL,3.131,1965,True,470,OPTIMAL,0.458,True
chk50,p_rasta,none,255,,SL,OPTIMAL,5.708,3330,1012,[1012],2,320,2974,0,30,6,360,frontEnd=high_sil_isolated_checker;rasta=none;powspec=none;audspec=none;compJah=high_sil_isolated_checker;rastaFilter=none;backEnd=low_sil_diverse_doer_checker,True,True,,OPTIMAL,2.231,1888,True,5081,OPTIMAL,0.511,True
chk50,p_rasta,1.00,255,,SL,OPTIMAL,4.464,3639,255,[255],10,659,2974,0,0,6,1196,frontEnd=high_sil_isolated_checker;rasta=none;powspec=none;audspec=none;compJah=high_sil_isolated_checker;rastaFilter=none;backEnd=low_sil_diverse_doer_checker,True,True,255,OPTIMAL,2.222,2133,True,255,OPTIMAL,0.518,True
chk50,p_rasta,1.10,255,,SL,OPTIMAL,4.622,3603,266,[266],9,623,2974,0,0,6,1124,frontEnd=high_sil_isolated_checker;rasta=none;powspec=none;audspec=none;compJah=high_sil_isolated_checker;rastaFilter=none;backEnd=low_sil_doer_checker,True,True,281,OPTIMAL,2.396,2125,True,281,OPTIMAL,0.508,True
chk50,p_rasta,1.25,255,,SL,OPTIMAL,5.628,3473,319,[319],9,493,2974,0,0,6,952,frontEnd=two_of_two_high_sil;rasta=none;powspec=none;audspec=none;compJah=high_sil_isolated_checker;rastaFilter=none;backEnd=low_sil_diverse_doer_checker,True,True,319,OPTIMAL,2.365,1973,True,319,OPTIMAL,0.504,True
chk50,p_rasta,1.50,255,,SL,OPTIMAL,6.204,3461,357,[357],8,466,2974,0,15,6,976,frontEnd=two_of_two_high_sil;rasta=none;powspec=none;audspec=none;compJah=high_sil_isolated_checker;rastaFilter=none;backEnd=low_sil_diverse_doer_checker,True,True,383,OPTIMAL,2.439,1973,True,383,OPTIMAL,0.524,True
chk50,p_rasta,2.00,255,,SL,OPTIMAL,6.919,3399,497,[497],5,404,2974,0,15,6,652,frontEnd=two_of_two_high_sil;rasta=none;powspec=none;audspec=none;compJah=high_sil_isolated_checker;rastaFilter=none;backEnd=low_sil_doer_checker,True,True,510,OPTIMAL,2.482,1964,True,510,OPTIMAL,0.495,True
chk50,f_random_hw,none,255,p_rasta_noiso,SL,OPTIMAL,5.687,3349,1221,[1221],5,369,2974,0,0,6,480,frontEnd=two_of_two_high_sil;rasta=none;powspec=none;audspec=none;compJah=two_of_two_high_sil;rastaFilter=none;backEnd=low_sil_doer_checker,True,True,,OPTIMAL,2.353,1914,True,5081,OPTIMAL,0.497,True
chk50,f_random_hw,1.00,255,p_rasta_noiso,SL,OPTIMAL,4.184,3639,255,[255],10,659,2974,0,0,6,1196,frontEnd=high_sil_isolated_checker;rasta=none;powspec=none;audspec=none;compJah=high_sil_isolated_checker;rastaFilter=none;backEnd=low_sil_diverse_doer_checker,True,True,255,OPTIMAL,2.167,2133,True,255,OPTIMAL,0.511,True
chk50,f_random_hw,1.10,255,p_rasta_noiso,SL,OPTIMAL,4.715,3603,266,[266],9,623,2974,0,0,6,1124,frontEnd=high_sil_isolated_checker;rasta=none;powspec=none;audspec=none;compJah=high_sil_isolated_checker;rastaFilter=none;backEnd=low_sil_doer_checker,True,True,281,OPTIMAL,2.247,2125,True,281,OPTIMAL,0.516,True
chk50,f_random_hw,1.25,255,p_rasta_noiso,SL,OPTIMAL,4.76,3473,319,[319],9,493,2974,0,0,6,952,frontEnd=high_sil_isolated_checker;rasta=none;powspec=none;audspec=none;compJah=high_sil_isolated_checker;rastaFilter=none;backEnd=low_sil_diverse_doer_checker,True,True,319,OPTIMAL,2.329,1973,True,319,OPTIMAL,0.499,True
chk50,f_random_hw,1.50,255,p_rasta_noiso,SL,OPTIMAL,6.888,3473,319,[319],9,493,2974,0,0,6,952,frontEnd=two_of_two_high_sil;rasta=none;powspec=none;audspec=none;compJah=high_sil_isolated_checker;rastaFilter=none;backEnd=low_sil_diverse_doer_checker,True,True,383,OPTIMAL,2.376,1973,True,383,OPTIMAL,0.519,True
chk50,f_random_hw,2.00,255,p_rasta_noiso,SL,OPTIMAL,5.446,3400,500,[500],7,420,2974,0,0,6,732,frontEnd=high_sil_isolated_checker;rasta=none;powspec=none;audspec=none;compJah=two_of_two_high_sil;rastaFilter=none;backEnd=low_sil_doer_checker,True,True,510,OPTIMAL,2.371,1965,True,510,OPTIMAL,0.502,True
chk50,d_random_hw,none,255,,SL,OPTIMAL,5.238,1857,1974,[1974],3,49,1802,0,0,6,120,frontEnd=low_sil_doer_checker;rasta=none;powspec=none;audspec=none;compJah=low_sil_doer_checker;rastaFilter=none;backEnd=low_sil_doer_checker,True,True,,OPTIMAL,2.508,1168,True,3339,OPTIMAL,0.432,True
chk50,d_random_hw,1.00,255,,SL,UNSAT,3.149,,,,,,,,,,,,,,255,OPTIMAL,2.393,1391,True,,,,
chk50,d_random_hw,1.10,255,,SL,UNSAT,3.344,,,,,,,,,,,,,,281,OPTIMAL,2.417,1380,True,,,,
chk50,d_random_hw,1.25,255,,SL,OPTIMAL,4.09,1967,319,[319],9,159,1802,0,0,6,488,frontEnd=low_sil_diverse_doer_checker;rasta=none;powspec=none;audspec=none;compJah=low_sil_diverse_doer_checker;rastaFilter=none;backEnd=low_sil_diverse_doer_checker,True,True,319,OPTIMAL,2.411,1228,True,319,OPTIMAL,0.435,True
chk50,d_random_hw,1.50,255,,SL,OPTIMAL,4.751,1934,350,[350],8,126,1802,0,0,6,448,frontEnd=low_sil_diverse_doer_checker;rasta=none;powspec=none;audspec=none;compJah=low_sil_diverse_doer_checker;rastaFilter=none;backEnd=low_sil_doer_checker,True,True,383,OPTIMAL,2.669,1228,True,383,OPTIMAL,0.454,True
chk50,d_random_hw,2.00,255,,SL,OPTIMAL,5.519,1912,485,[485],6,104,1802,0,0,6,304,frontEnd=low_sil_doer_checker;rasta=none;powspec=none;audspec=none;compJah=low_sil_diverse_doer_checker;rastaFilter=none;backEnd=low_sil_doer_checker,True,True,510,OPTIMAL,2.785,1220,True,510,OPTIMAL,0.438,True
chk50,d_systematic_sw,none,255,p_sw,SL,OPTIMAL,3.358,1846,1974,[1974],2,41,1802,0,0,3,80,frontEnd=same_cpu_doer_checker;rasta=none;powspec=none;audspec=none;compJah=same_cpu_doer_checker;rastaFilter=none;backEnd=same_cpu_doer_checker,True,True,,OPTIMAL,2.504,1168,True,2430,OPTIMAL,0.414,True
chk50,d_systematic_sw,1.00,255,p_sw,SL,UNSAT,3.055,,,,,,,,,,,,,,255,OPTIMAL,2.466,1391,True,,,,
chk50,d_systematic_sw,1.10,255,p_sw,SL,UNSAT,3.093,,,,,,,,,,,,,,281,OPTIMAL,2.437,1380,True,,,,
chk50,d_systematic_sw,1.25,255,p_sw,SL,OPTIMAL,3.548,1912,319,[319],6,107,1802,0,0,3,336,frontEnd=same_cpu_doer_checker;rasta=none;powspec=none;audspec=none;compJah=same_cpu_doer_checker;rastaFilter=none;backEnd=same_cpu_doer_checker,True,True,319,OPTIMAL,2.423,1228,True,319,OPTIMAL,0.422,True
chk50,d_systematic_sw,1.50,255,p_sw,SL,OPTIMAL,3.464,1909,338,[338],6,104,1802,0,0,3,304,frontEnd=same_cpu_doer_checker;rasta=none;powspec=none;audspec=none;compJah=same_cpu_doer_checker;rastaFilter=none;backEnd=same_cpu_doer_checker,True,True,383,OPTIMAL,2.702,1228,True,383,OPTIMAL,0.407,True
chk50,d_systematic_sw,2.00,255,p_sw,SL,OPTIMAL,3.532,1898,449,[449],5,93,1802,0,0,3,232,frontEnd=same_cpu_doer_checker;rasta=none;powspec=none;audspec=none;compJah=same_cpu_doer_checker;rastaFilter=none;backEnd=same_cpu_doer_checker,True,True,510,OPTIMAL,2.73,1220,True,510,OPTIMAL,0.41,True
chk50,f_sw3,none,255,,SL,OPTIMAL,4.33,3365,1079,[1079],4,386,2974,0,0,5,410,frontEnd=two_of_two_high_sil;rasta=none;powspec=none;audspec=none;compJah=two_of_two_high_sil;rastaFilter=none;backEnd=same_cpu_doer_checker,True,True,,OPTIMAL,2.657,1914,True,3176,OPTIMAL,0.459,True
chk50,f_sw3,1.00,255,,SL,OPTIMAL,3.612,4670,255,[255],9,653,4010,0,0,7,1064,frontEnd=mixed_sil_doer_checker;rasta=none;powspec=none;audspec=none;compJah=mixed_sil_doer_checker;rastaFilter=none;backEnd=same_cpu_doer_checker,True,True,255,OPTIMAL,2.513,2133,True,255,OPTIMAL,0.443,True
chk50,f_sw3,1.10,255,,SL,OPTIMAL,3.707,4662,266,[266],8,645,4010,0,0,7,1024,frontEnd=mixed_sil_doer_checker;rasta=none;powspec=none;audspec=none;compJah=mixed_sil_doer_checker;rastaFilter=none;backEnd=same_cpu_doer_checker,True,True,281,OPTIMAL,2.557,2125,True,281,OPTIMAL,0.449,True
chk50,f_sw3,1.25,255,,SL,OPTIMAL,3.899,3988,319,[319],8,490,3492,0,0,6,852,frontEnd=two_of_two_high_sil;rasta=none;powspec=none;audspec=none;compJah=mixed_sil_doer_checker;rastaFilter=none;backEnd=same_cpu_doer_checker,True,True,319,OPTIMAL,2.728,1973,True,319,OPTIMAL,0.443,True
chk50,f_sw3,1.50,255,,SL,OPTIMAL,4.199,3469,365,[365],8,490,2974,0,0,5,852,frontEnd=two_of_two_high_sil;rasta=none;powspec=none;audspec=none;compJah=two_of_two_high_sil;rastaFilter=none;backEnd=same_cpu_doer_checker,True,True,383,OPTIMAL,2.688,1973,True,383,OPTIMAL,0.447,True
chk50,f_sw3,2.00,255,,SL,OPTIMAL,4.066,3461,449,[449],7,482,2974,0,0,5,812,frontEnd=two_of_two_high_sil;rasta=none;powspec=none;audspec=none;compJah=two_of_two_high_sil;rastaFilter=none;backEnd=same_cpu_doer_checker,True,True,510,OPTIMAL,2.69,1965,True,510,OPTIMAL,0.437,True
chk50,f_both3,none,255,,SL,OPTIMAL,4.316,3406,1267,[1267],5,426,2974,0,0,6,505,frontEnd=two_of_two_high_sil;rasta=none;powspec=none;audspec=none;compJah=two_of_two_high_sil;rastaFilter=none;backEnd=low_sil_diverse_doer_checker,True,True,,OPTIMAL,2.648,1914,True,3176,OPTIMAL,0.436,True
chk50,f_both3,1.00,255,,SL,OPTIMAL,4.413,4871,255,[255],11,853,4010,0,0,8,1424,frontEnd=mixed_sil_doer_checker;rasta=none;powspec=none;audspec=none;compJah=mixed_sil_doer_checker;rastaFilter=none;backEnd=low_sil_diverse_doer_checker,True,True,255,OPTIMAL,2.549,2133,True,255,OPTIMAL,0.445,True
chk50,f_both3,1.10,255,,SL,OPTIMAL,3.708,4700,279,[279],9,682,4010,0,0,8,1172,frontEnd=mixed_sil_doer_checker;rasta=none;powspec=none;audspec=none;compJah=mixed_sil_doer_checker;rastaFilter=none;backEnd=low_sil_diverse_doer_checker,True,True,281,OPTIMAL,2.622,2125,True,281,OPTIMAL,0.443,True
chk50,f_both3,1.25,255,,SL,OPTIMAL,3.764,4149,319,[319],9,650,3492,0,0,7,1032,frontEnd=two_of_two_high_sil;rasta=none;powspec=none;audspec=none;compJah=mixed_sil_doer_checker;rastaFilter=none;backEnd=low_sil_diverse_doer_checker,True,True,319,OPTIMAL,2.617,1973,True,319,OPTIMAL,0.455,True
chk50,f_both3,1.50,255,,SL,OPTIMAL,4.081,3630,365,[365],9,650,2974,0,0,6,947,frontEnd=two_of_two_high_sil;rasta=none;powspec=none;audspec=none;compJah=two_of_two_high_sil;rastaFilter=none;backEnd=low_sil_diverse_doer_checker,True,True,383,OPTIMAL,2.71,1973,True,383,OPTIMAL,0.441,True
chk50,f_both3,2.00,255,,SL,OPTIMAL,4.337,3622,449,[449],8,642,2974,0,0,6,907,frontEnd=two_of_two_high_sil;rasta=none;powspec=none;audspec=none;compJah=two_of_two_high_sil;rastaFilter=none;backEnd=low_sil_diverse_doer_checker,True,True,510,OPTIMAL,2.692,1965,True,510,OPTIMAL,0.442,True
chk50,c_pat,none,255,,SL,OPTIMAL,12.297,3349,1137,[1137],5,369,2974,0,0,6,395,frontEnd=two_of_two_high_sil;rasta=none;powspec=none;audspec=none;compJah=two_of_two_high_sil;rastaFilter=none;backEnd=low_sil_doer_checker,True,True,,OPTIMAL,6.128,1914,True,1204,OPTIMAL,1.071,True
chk50,c_pat,1.00,255,,SL,OPTIMAL,10.2,3639,255,[255],10,659,2974,0,0,6,1196,frontEnd=high_sil_isolated_checker;rasta=none;powspec=none;audspec=none;compJah=high_sil_isolated_checker;rastaFilter=none;backEnd=low_sil_doer_checker,True,True,255,OPTIMAL,6.421,2133,True,255,OPTIMAL,1.084,True
chk50,c_pat,1.10,255,,SL,OPTIMAL,13.177,3603,266,[266],9,623,2974,0,0,6,1124,frontEnd=high_sil_isolated_checker;rasta=none;powspec=none;audspec=none;compJah=high_sil_isolated_checker;rastaFilter=none;backEnd=low_sil_doer_checker,True,True,281,OPTIMAL,9.359,2125,True,281,OPTIMAL,1.056,True
chk50,c_pat,1.25,255,,SL,OPTIMAL,10.214,3473,319,[319],9,493,2974,0,0,6,952,frontEnd=high_sil_isolated_checker;rasta=none;powspec=none;audspec=none;compJah=high_sil_isolated_checker;rastaFilter=none;backEnd=low_sil_doer_checker,True,True,319,OPTIMAL,6.008,1973,True,319,OPTIMAL,1.084,True
chk50,c_pat,1.50,255,,SL,OPTIMAL,12.136,3473,326,[326],9,493,2974,0,0,6,952,frontEnd=two_of_two_high_sil;rasta=none;powspec=none;audspec=none;compJah=high_sil_isolated_checker;rastaFilter=none;backEnd=low_sil_doer_checker,True,True,383,OPTIMAL,6.2,1973,True,367,OPTIMAL,1.057,True
chk50,c_pat,2.00,255,,SL,OPTIMAL,12.374,3400,487,[487],7,420,2974,0,0,6,732,frontEnd=high_sil_isolated_checker;rasta=none;powspec=none;audspec=none;compJah=high_sil_isolated_checker;rastaFilter=none;backEnd=low_sil_doer_checker,True,True,510,OPTIMAL,6.51,1965,True,510,OPTIMAL,1.104,True
chk50,pc_sobel,none,384,,SL,OPTIMAL,4.742,1401,768,[768],3,24,1375,0,0,2,153,get_pixel=two_of_two_high_sil;gx=none;gy=none;abs=none,True,True,100000,OPTIMAL,2.557,873,True,768,OPTIMAL,0.768,True
chk50,pc_sobel,1.00,384,,SL,OPTIMAL,4.043,1409,384,[384],3,32,1375,0,0,2,397,get_pixel=high_sil_isolated_checker;gx=none;gy=none;abs=none,True,True,384,OPTIMAL,2.486,873,True,384,OPTIMAL,0.743,True
chk50,pc_sobel,1.10,384,,SL,OPTIMAL,4.282,1405,416,[416],3,28,1375,0,0,2,264,get_pixel=high_sil_isolated_checker;gx=none;gy=none;abs=none,True,True,423,OPTIMAL,2.477,873,True,423,OPTIMAL,0.746,True
chk50,pc_sobel,1.25,384,,SL,OPTIMAL,4.363,1403,480,[480],3,26,1375,0,0,2,191,get_pixel=high_sil_isolated_checker;gx=none;gy=none;abs=none,True,True,480,OPTIMAL,2.538,873,True,480,OPTIMAL,0.738,True
chk50,pc_sobel,1.50,384,,SL,OPTIMAL,4.656,1401,576,[576],3,24,1375,0,0,2,153,get_pixel=high_sil_isolated_checker;gx=none;gy=none;abs=none,True,True,576,OPTIMAL,2.52,873,True,576,OPTIMAL,0.749,True
chk50,pc_sobel,2.00,384,,SL,OPTIMAL,4.77,1401,576,[576],3,24,1375,0,0,2,153,get_pixel=high_sil_isolated_checker;gx=none;gy=none;abs=none,True,True,768,OPTIMAL,2.563,873,True,576,OPTIMAL,0.744,True
chk50,v_nvp,none,235,,SL,OPTIMAL,4.387,5680,1180,[1180],6,624,5046,0,0,10,750,frontEnd=nvp_three_version;rasta=none;powspec=none;audspec=none;compJah=nvp_three_version;rastaFilter=none;backEnd=low_sil_diverse_doer_checker,True,True,,OPTIMAL,2.752,1914,True,3327,OPTIMAL,0.451,True
chk50,v_nvp,1.00,235,,SL,OPTIMAL,8.782,6155,235,[235],13,1099,5046,0,0,10,1744,frontEnd=nvp_three_version;rasta=none;powspec=none;audspec=none;compJah=nvp_three_version;rastaFilter=none;backEnd=low_sil_diverse_doer_checker,True,True,235,OPTIMAL,2.774,2133,True,235,OPTIMAL,0.448,True
chk50,v_nvp,1.10,235,,SL,OPTIMAL,5.239,5995,254,[254],12,939,5046,0,0,10,1479,frontEnd=nvp_three_version;rasta=none;powspec=none;audspec=none;compJah=nvp_three_version;rastaFilter=none;backEnd=low_sil_diverse_doer_checker,True,True,259,OPTIMAL,2.917,2133,True,259,OPTIMAL,0.47,True
chk50,v_nvp,1.25,235,,SL,OPTIMAL,4.565,5988,282,[282],12,932,5046,0,0,10,1424,frontEnd=nvp_three_version;rasta=none;powspec=none;audspec=none;compJah=nvp_three_version;rastaFilter=none;backEnd=low_sil_diverse_doer_checker,True,True,294,OPTIMAL,3.133,2009,True,294,OPTIMAL,0.447,True
chk50,v_nvp,1.50,235,,SL,OPTIMAL,4.449,5952,319,[319],11,896,5046,0,0,10,1352,frontEnd=nvp_three_version;rasta=none;powspec=none;audspec=none;compJah=nvp_three_version;rastaFilter=none;backEnd=low_sil_diverse_doer_checker,True,True,353,OPTIMAL,2.966,1973,True,353,OPTIMAL,0.456,True
chk50,v_nvp,2.00,235,,SL,OPTIMAL,4.563,5944,449,[449],10,888,5046,0,0,10,1227,frontEnd=nvp_three_version;rasta=none;powspec=none;audspec=none;compJah=nvp_three_version;rastaFilter=none;backEnd=low_sil_diverse_doer_checker,True,True,470,OPTIMAL,2.952,1965,True,470,OPTIMAL,0.458,True
