part,verifier,instance,operator,mutant,detail,intended,model_status,manifested,solve_status,solve_seconds,verify_ok,verify_kinds,intended_hit,gsn_exit,ext_hit,note
solution,safedse,c_pat,place,0,DIFFERENT_FCR node 8 -> core 2 (node 1 on 1),placement,UNSAT,True,,,False,placement,True,2,,
solution,ext,c_pat,place,0,DIFFERENT_FCR node 8 -> core 2 (node 1 on 1),placement,UNSAT,True,,,False,placement,True,2,,
solution,safedse,c_pat,place,1,DIFFERENT_FCR node 19 -> core 4 (node 5 on 3),placement,UNSAT,True,,,False,placement,True,2,,
solution,ext,c_pat,place,1,DIFFERENT_FCR node 19 -> core 4 (node 5 on 3),placement,UNSAT,True,,,False,placement,True,2,,
solution,safedse,c_pat,place,2,DIFFERENT node 26 -> core 8 (node 7 on 8),placement,UNSAT,True,,,False,placement,True,2,,
solution,ext,c_pat,place,2,DIFFERENT node 26 -> core 8 (node 7 on 8),placement,UNSAT,True,,,False,placement,True,2,,
solution,safedse,c_pat,sil_node,2,node 3 SIL 1 -> 0,sil_actor,UNSAT,True,,,False,isolation;sil_actor,True,2,,
solution,ext,c_pat,sil_node,2,node 3 SIL 1 -> 0,sil_actor,UNSAT,True,,,False,isolation;sil_actor,True,2,,
solution,safedse,c_pat,sil_node,4,node 5 SIL 3 -> 2,sil_actor,UNSAT,True,,,False,isolation;sil_actor,True,2,,
solution,ext,c_pat,sil_node,4,node 5 SIL 3 -> 2,sil_actor,UNSAT,True,,,False,isolation;sil_actor,True,2,,
solution,safedse,c_pat,sil_node,5,node 6 SIL 1 -> 0,sil_actor,UNSAT,True,,,False,isolation;sil_actor,True,2,,
solution,ext,c_pat,sil_node,5,node 6 SIL 1 -> 0,sil_actor,UNSAT,True,,,False,isolation;sil_actor,True,2,,
solution,safedse,c_pat,sil_node,7,node 8 SIL 3 -> 2,sil_actor,UNSAT,True,,,False,isolation;sil_actor,True,2,,
solution,ext,c_pat,sil_node,7,node 8 SIL 3 -> 2,sil_actor,UNSAT,True,,,False,isolation;sil_actor,True,2,,
solution,safedse,c_pat,sil_node,8,node 19 SIL 3 -> 2,sil_actor,UNSAT,True,,,False,isolation;sil_actor,True,2,,
solution,ext,c_pat,sil_node,8,node 19 SIL 3 -> 2,sil_actor,UNSAT,True,,,False,isolation;sil_actor,True,2,,
solution,safedse,c_pat,sil_core,0,core 1 and its nodes SIL 3 -> 2,sil_actor,UNSAT,True,,,False,sil_actor,True,2,,
solution,ext,c_pat,sil_core,0,core 1 and its nodes SIL 3 -> 2,sil_actor,UNSAT,True,,,False,sil_actor,True,2,,
solution,safedse,c_pat,sil_core,1,core 3 and its nodes SIL 3 -> 2,sil_actor,UNSAT,True,,,False,sil_actor,True,2,,
solution,ext,c_pat,sil_core,1,core 3 and its nodes SIL 3 -> 2,sil_actor,UNSAT,True,,,False,sil_actor,True,2,,
solution,safedse,c_pat,sil_core,2,core 7 and its nodes SIL 1 -> 0,sil_actor,UNSAT,True,,,False,sil_actor,True,2,,
solution,ext,c_pat,sil_core,2,core 7 and its nodes SIL 1 -> 0,sil_actor,UNSAT,True,,,False,sil_actor,True,2,,
solution,safedse,c_pat,sil_core,3,core 8 and its nodes SIL 2 -> 1,sil_actor,UNSAT,True,,,False,sil_actor,True,2,,
solution,ext,c_pat,sil_core,3,core 8 and its nodes SIL 2 -> 1,sil_actor,UNSAT,True,,,False,sil_actor,True,2,,
solution,safedse,c_pat,sil_core,4,core 9 and its nodes SIL 2 -> 1,sil_actor,UNSAT,True,,,False,sil_actor,True,2,,
solution,ext,c_pat,sil_core,4,core 9 and its nodes SIL 2 -> 1,sil_actor,UNSAT,True,,,False,sil_actor,True,2,,
solution,safedse,c_pat,ceiling,0,core 7 (type ceiling 2) provisioned to 3,isolation,UNSAT,True,,,False,isolation,True,2,,
solution,ext,c_pat,ceiling,0,core 7 (type ceiling 2) provisioned to 3,isolation,UNSAT,True,,,False,isolation,True,2,,
solution,safedse,c_pat,ceiling,1,core 8 (type ceiling 2) provisioned to 3,isolation,UNSAT,True,,,False,isolation,True,2,,
solution,ext,c_pat,ceiling,1,core 8 (type ceiling 2) provisioned to 3,isolation,UNSAT,True,,,False,isolation,True,2,,
solution,safedse,c_pat,ceiling,2,core 9 (type ceiling 2) provisioned to 3,isolation,UNSAT,True,,,False,isolation,True,2,,
solution,ext,c_pat,ceiling,2,core 9 (type ceiling 2) provisioned to 3,isolation,UNSAT,True,,,False,isolation,True,2,,
solution,safedse,c_pat,mix,0,"core 1: node 1 promoted to 4, others at 3, no partitioning",isolation,UNSAT,True,,,False,isolation,True,2,,
solution,ext,c_pat,mix,0,"core 1: node 1 promoted to 4, others at 3, no partitioning",isolation,UNSAT,True,,,False,isolation,True,2,,
solution,safedse,c_pat,mix,1,"core 3: node 5 promoted to 4, others at 3, no partitioning",isolation,UNSAT,True,,,False,isolation,True,2,,
solution,ext,c_pat,mix,1,"core 3: node 5 promoted to 4, others at 3, no partitioning",isolation,UNSAT,True,,,False,isolation,True,2,,
solution,safedse,c_pat,mix,2,"core 7: node 2 promoted to 2, others at 1, no partitioning",isolation,UNSAT,True,,,False,isolation,True,2,,
solution,ext,c_pat,mix,2,"core 7: node 2 promoted to 2, others at 1, no partitioning",isolation,UNSAT,True,,,False,isolation,True,2,,
solution,safedse,c_pat,part_forge,0,"core 1: partitioning on a non-partitionable type, node 1 at SIL 4",isolation,UNSAT,True,,,True,,False,0,,
solution,ext,c_pat,part_forge,0,"core 1: partitioning on a non-partitionable type, node 1 at SIL 4",isolation,UNSAT,True,,,False,isolation,True,2,,
solution,safedse,c_pat,part_forge,1,"core 3: partitioning on a non-partitionable type, node 5 at SIL 4",isolation,UNSAT,True,,,True,,False,0,,
solution,ext,c_pat,part_forge,1,"core 3: partitioning on a non-partitionable type, node 5 at SIL 4",isolation,UNSAT,True,,,False,isolation,True,2,,
solution,safedse,c_pat,part_forge,2,"core 7: partitioning on a non-partitionable type, node 2 at SIL 2",isolation,UNSAT,True,,,True,,False,0,,
solution,ext,c_pat,part_forge,2,"core 7: partitioning on a non-partitionable type, node 2 at SIL 2",isolation,UNSAT,True,,,False,isolation,True,2,,
solution,safedse,c_pat,period,0,app 1 period 1239 -> 1238,period,UNSAT,True,,,False,period,True,2,,
solution,ext,c_pat,period,0,app 1 period 1239 -> 1238,period,UNSAT,True,,,False,period,True,2,,
solution,safedse,c_pat,wcet,5,node 6 WCET 310 -> 155,wcet,UNSAT,True,,,True,,False,0,,
solution,ext,c_pat,wcet,5,node 6 WCET 310 -> 155,wcet,UNSAT,True,,,False,wcet,True,2,,
solution,safedse,c_pat,wcet,6,node 7 WCET 213 -> 106,wcet,UNSAT,True,,,True,,False,0,,
solution,ext,c_pat,wcet,6,node 7 WCET 213 -> 106,wcet,UNSAT,True,,,False,wcet,True,2,,
solution,safedse,c_pat,wcet,7,node 8 WCET 141 -> 70,wcet,UNSAT,True,,,True,,False,0,,
solution,ext,c_pat,wcet,7,node 8 WCET 141 -> 70,wcet,UNSAT,True,,,False,wcet,True,2,,
solution,safedse,c_pat,wcet,8,node 19 WCET 170 -> 85,wcet,UNSAT,True,,,True,,False,0,,
solution,ext,c_pat,wcet,8,node 19 WCET 170 -> 85,wcet,UNSAT,True,,,False,wcet,True,2,,
solution,safedse,c_pat,wcet,9,node 26 WCET 64 -> 32,wcet,UNSAT,True,,,True,,False,0,,
solution,ext,c_pat,wcet,9,node 26 WCET 64 -> 32,wcet,UNSAT,True,,,False,wcet,True,2,,
solution,safedse,c_pat,order_split,0,core 1: static order cut after node 1,order,UNSAT,True,,,True,,False,0,,
solution,ext,c_pat,order_split,0,core 1: static order cut after node 1,order,UNSAT,True,,,False,order,True,2,,
solution,safedse,c_pat,order_split,1,core 7: static order cut after node 2,order,UNSAT,True,,,True,,False,0,,
solution,ext,c_pat,order_split,1,core 7: static order cut after node 2,order,UNSAT,True,,,False,order,True,2,,
solution,safedse,c_pat,order_split,2,core 3: static order cut after node 5,order,UNSAT,True,,,True,,False,0,,
solution,ext,c_pat,order_split,2,core 3: static order cut after node 5,order,UNSAT,True,,,False,order,True,2,,
solution,safedse,c_pat,order_cycle,0,core 1: static order closed into a cycle,order,UNSAT,True,,,True,,False,0,,
solution,ext,c_pat,order_cycle,0,core 1: static order closed into a cycle,order,UNSAT,True,,,False,order,True,2,,
solution,safedse,c_pat,order_cycle,1,core 7: static order closed into a cycle,order,UNSAT,True,,,True,,False,0,,
solution,ext,c_pat,order_cycle,1,core 7: static order closed into a cycle,order,UNSAT,True,,,False,order,True,2,,
solution,safedse,c_pat,order_cycle,2,core 3: static order closed into a cycle,order,UNSAT,True,,,True,,False,0,,
solution,ext,c_pat,order_cycle,2,core 3: static order closed into a cycle,order,UNSAT,True,,,False,order,True,2,,
solution,safedse,c_pat,order_cross,0,static order of core 7 continues on core 8,order,UNSAT,True,,,True,,False,0,,
solution,ext,c_pat,order_cross,0,static order of core 7 continues on core 8,order,UNSAT,True,,,False,order,True,2,,
solution,safedse,c_pat,order_cross,1,static order of core 8 continues on core 9,order,UNSAT,True,,,True,,False,0,,
solution,ext,c_pat,order_cross,1,static order of core 8 continues on core 9,order,UNSAT,True,,,False,order,True,2,,
solution,safedse,c_pat,deactivate,0,component node 8 (c_rasta.frontEnd~0) deactivated,activation,UNSAT,True,,,True,,False,0,,
solution,ext,c_pat,deactivate,0,component node 8 (c_rasta.frontEnd~0) deactivated,activation,UNSAT,True,,,False,activation,True,2,,
solution,safedse,c_pat,deactivate,1,component node 19 (c_rasta.compJah~0) deactivated,activation,UNSAT,True,,,True,,False,0,,
solution,ext,c_pat,deactivate,1,component node 19 (c_rasta.compJah~0) deactivated,activation,UNSAT,True,,,False,activation,True,2,,
solution,safedse,c_pat,deactivate,2,component node 26 (c_rasta.backEnd~0) deactivated,activation,UNSAT,True,,,True,,False,0,,
solution,ext,c_pat,deactivate,2,component node 26 (c_rasta.backEnd~0) deactivated,activation,UNSAT,True,,,False,activation,True,2,,
solution,safedse,c_pat,pattern_none,0,actor c_rasta.frontEnd (SIL 3) without pattern,activation,UNSAT,True,,,True,,False,0,,
solution,ext,c_pat,pattern_none,0,actor c_rasta.frontEnd (SIL 3) without pattern,activation,UNSAT,True,,,False,activation,True,2,,
solution,safedse,c_pat,pattern_none,1,actor c_rasta.compJah (SIL 3) without pattern,activation,UNSAT,True,,,True,,False,0,,
solution,ext,c_pat,pattern_none,1,actor c_rasta.compJah (SIL 3) without pattern,activation,UNSAT,True,,,False,activation,True,2,,
solution,safedse,c_pat,pattern_none,2,actor c_rasta.backEnd (SIL 2) without pattern,activation,UNSAT,True,,,True,,False,0,,
solution,ext,c_pat,pattern_none,2,actor c_rasta.backEnd (SIL 2) without pattern,activation,UNSAT,True,,,False,activation,True,2,,
solution,safedse,c_pat,drop_field,0,field pat missing from the solution file,input,N/A,by construction,,,True,,False,0,,
solution,ext,c_pat,drop_field,0,field pat missing from the solution file,input,N/A,by construction,,,False,input,True,2,,
solution,safedse,c_pat,drop_field,1,field sil_impl missing from the solution file,input,N/A,by construction,,,False,crash,False,2,,
solution,ext,c_pat,drop_field,1,field sil_impl missing from the solution file,input,N/A,by construction,,,False,input,True,2,,
solution,safedse,c_pat,cost,0,total cost 3349 -> 3348,cost,COSTS,True,,,True,,False,0,,
solution,ext,c_pat,cost,0,total cost 3349 -> 3348,cost,COSTS,True,,,False,cost,True,2,,
solution,safedse,d_random_hw,place,0,DIFFERENT node 8 -> core 7 (node 1 on 7),placement,UNSAT,True,,,False,placement,True,2,,
solution,ext,d_random_hw,place,0,DIFFERENT node 8 -> core 7 (node 1 on 7),placement,UNSAT,True,,,False,placement,True,2,,
solution,safedse,d_random_hw,place,1,DIFFERENT node 15 -> core 7 (node 5 on 7),placement,UNSAT,True,,,False,placement,True,2,,
solution,ext,d_random_hw,place,1,DIFFERENT node 15 -> core 7 (node 5 on 7),placement,UNSAT,True,,,False,placement,True,2,,
solution,safedse,d_random_hw,place,2,DIFFERENT node 18 -> core 7 (node 7 on 7),placement,UNSAT,True,,,False,placement,True,2,,
solution,ext,d_random_hw,place,2,DIFFERENT node 18 -> core 7 (node 7 on 7),placement,UNSAT,True,,,False,placement,True,2,,
solution,safedse,d_random_hw,sil_node,2,node 3 SIL 1 -> 0,sil_actor,UNSAT,True,,,False,isolation;sil_actor,True,2,,
solution,ext,d_random_hw,sil_node,2,node 3 SIL 1 -> 0,sil_actor,UNSAT,True,,,False,isolation;sil_actor,True,2,,
solution,safedse,d_random_hw,sil_node,3,node 4 SIL 1 -> 0,sil_actor,UNSAT,True,,,False,isolation;sil_actor,True,2,,
solution,ext,d_random_hw,sil_node,3,node 4 SIL 1 -> 0,sil_actor,UNSAT,True,,,False,isolation;sil_actor,True,2,,
solution,safedse,d_random_hw,sil_node,6,node 7 SIL 2 -> 1,sil_actor,UNSAT,True,,,False,isolation;sil_actor,True,2,,
solution,ext,d_random_hw,sil_node,6,node 7 SIL 2 -> 1,sil_actor,UNSAT,True,,,False,isolation;sil_actor,True,2,,
solution,safedse,d_random_hw,sil_node,8,node 15 SIL 2 -> 1,sil_actor,UNSAT,True,,,False,isolation;sil_actor,True,2,,
solution,ext,d_random_hw,sil_node,8,node 15 SIL 2 -> 1,sil_actor,UNSAT,True,,,False,isolation;sil_actor,True,2,,
solution,safedse,d_random_hw,sil_node,9,node 18 SIL 2 -> 1,sil_actor,UNSAT,True,,,False,isolation;sil_actor,True,2,,
solution,ext,d_random_hw,sil_node,9,node 18 SIL 2 -> 1,sil_actor,UNSAT,True,,,False,isolation;sil_actor,True,2,,
solution,safedse,d_random_hw,sil_core,0,core 7 and its nodes SIL 2 -> 1,sil_actor,UNSAT,True,,,False,sil_actor,True,2,,
solution,ext,d_random_hw,sil_core,0,core 7 and its nodes SIL 2 -> 1,sil_actor,UNSAT,True,,,False,sil_actor,True,2,,
solution,safedse,d_random_hw,sil_core,1,core 8 and its nodes SIL 1 -> 0,sil_actor,UNSAT,True,,,False,sil_actor,True,2,,
solution,ext,d_random_hw,sil_core,1,core 8 and its nodes SIL 1 -> 0,sil_actor,UNSAT,True,,,False,sil_actor,True,2,,
solution,safedse,d_random_hw,sil_core,2,core 9 and its nodes SIL 2 -> 1,sil_actor,UNSAT,True,,,False,sil_actor,True,2,,
solution,ext,d_random_hw,sil_core,2,core 9 and its nodes SIL 2 -> 1,sil_actor,UNSAT,True,,,False,sil_actor,True,2,,
solution,safedse,d_random_hw,ceiling,0,core 7 (type ceiling 2) provisioned to 3,isolation,UNSAT,True,,,False,isolation,True,2,,
solution,ext,d_random_hw,ceiling,0,core 7 (type ceiling 2) provisioned to 3,isolation,UNSAT,True,,,False,isolation,True,2,,
solution,safedse,d_random_hw,ceiling,1,core 8 (type ceiling 2) provisioned to 3,isolation,UNSAT,True,,,False,isolation,True,2,,
solution,ext,d_random_hw,ceiling,1,core 8 (type ceiling 2) provisioned to 3,isolation,UNSAT,True,,,False,isolation,True,2,,
solution,safedse,d_random_hw,ceiling,2,core 9 (type ceiling 2) provisioned to 3,isolation,UNSAT,True,,,False,isolation,True,2,,
solution,ext,d_random_hw,ceiling,2,core 9 (type ceiling 2) provisioned to 3,isolation,UNSAT,True,,,False,isolation,True,2,,
solution,safedse,d_random_hw,mix,0,"core 8: node 2 promoted to 2, others at 1, no partitioning",isolation,UNSAT,True,,,False,isolation,True,2,,
solution,ext,d_random_hw,mix,0,"core 8: node 2 promoted to 2, others at 1, no partitioning",isolation,UNSAT,True,,,False,isolation,True,2,,
solution,safedse,d_random_hw,part_forge,0,"core 8: partitioning on a non-partitionable type, node 2 at SIL 2",isolation,UNSAT,True,,,True,,False,0,,
solution,ext,d_random_hw,part_forge,0,"core 8: partitioning on a non-partitionable type, node 2 at SIL 2",isolation,UNSAT,True,,,False,isolation,True,2,,
solution,safedse,d_random_hw,period,0,app 1 period 1751 -> 1750,period,UNSAT,True,,,False,period,True,2,,
solution,ext,d_random_hw,period,0,app 1 period 1751 -> 1750,period,UNSAT,True,,,False,period,True,2,,
solution,safedse,d_random_hw,wcet,1,node 2 WCET 50 -> 25,wcet,UNSAT,True,,,True,,False,0,,
solution,ext,d_random_hw,wcet,1,node 2 WCET 50 -> 25,wcet,UNSAT,True,,,False,wcet,True,2,,
solution,safedse,d_random_hw,wcet,3,node 4 WCET 173 -> 86,wcet,UNSAT,True,,,True,,False,0,,
solution,ext,d_random_hw,wcet,3,node 4 WCET 173 -> 86,wcet,UNSAT,True,,,False,wcet,True,2,,
solution,safedse,d_random_hw,wcet,5,node 6 WCET 310 -> 155,wcet,UNSAT,True,,,True,,False,0,,
solution,ext,d_random_hw,wcet,5,node 6 WCET 310 -> 155,wcet,UNSAT,True,,,False,wcet,True,2,,
solution,safedse,d_random_hw,wcet,7,node 8 WCET 67 -> 33,wcet,UNSAT,True,,,True,,False,0,,
solution,ext,d_random_hw,wcet,7,node 8 WCET 67 -> 33,wcet,UNSAT,True,,,False,wcet,True,2,,
solution,safedse,d_random_hw,wcet,9,node 18 WCET 64 -> 32,wcet,UNSAT,True,,,True,,False,0,,
solution,ext,d_random_hw,wcet,9,node 18 WCET 64 -> 32,wcet,UNSAT,True,,,False,wcet,True,2,,
solution,safedse,d_random_hw,order_split,0,core 7: static order cut after node 1,order,UNSAT,True,,,True,,False,0,,
solution,ext,d_random_hw,order_split,0,core 7: static order cut after node 1,order,UNSAT,True,,,False,order,True,2,,
solution,safedse,d_random_hw,order_split,1,core 8: static order cut after node 2,order,UNSAT,True,,,True,,False,0,,
solution,ext,d_random_hw,order_split,1,core 8: static order cut after node 2,order,UNSAT,True,,,False,order,True,2,,
solution,safedse,d_random_hw,order_split,2,core 9: static order cut after node 18,order,UNSAT,True,,,True,,False,0,,
solution,ext,d_random_hw,order_split,2,core 9: static order cut after node 18,order,UNSAT,True,,,False,order,True,2,,
solution,safedse,d_random_hw,order_cycle,0,core 7: static order closed into a cycle,order,UNSAT,True,,,True,,False,0,,
solution,ext,d_random_hw,order_cycle,0,core 7: static order closed into a cycle,order,UNSAT,True,,,False,order,True,2,,
solution,safedse,d_random_hw,order_cycle,1,core 8: static order closed into a cycle,order,UNSAT,True,,,True,,False,0,,
solution,ext,d_random_hw,order_cycle,1,core 8: static order closed into a cycle,order,UNSAT,True,,,False,order,True,2,,
solution,safedse,d_random_hw,order_cycle,2,core 9: static order closed into a cycle,order,UNSAT,True,,,True,,False,0,,
solution,ext,d_random_hw,order_cycle,2,core 9: static order closed into a cycle,order,UNSAT,True,,,False,order,True,2,,
solution,safedse,d_random_hw,order_cross,0,static order of core 8 continues on core 9,order,UNSAT,True,,,True,,False,0,,
solution,ext,d_random_hw,order_cross,0,static order of core 8 continues on core 9,order,UNSAT,True,,,False,order,True,2,,
solution,safedse,d_random_hw,deactivate,0,component node 8 (c_rasta.frontEnd~0) deactivated,activation,UNSAT,True,,,True,,False,0,,
solution,ext,d_random_hw,deactivate,0,component node 8 (c_rasta.frontEnd~0) deactivated,activation,UNSAT,True,,,False,activation,True,2,,
solution,safedse,d_random_hw,deactivate,1,component node 15 (c_rasta.compJah~0) deactivated,activation,UNSAT,True,,,True,,False,0,,
solution,ext,d_random_hw,deactivate,1,component node 15 (c_rasta.compJah~0) deactivated,activation,UNSAT,True,,,False,activation,True,2,,
solution,safedse,d_random_hw,deactivate,2,component node 18 (c_rasta.backEnd~0) deactivated,activation,UNSAT,True,,,True,,False,0,,
solution,ext,d_random_hw,deactivate,2,component node 18 (c_rasta.backEnd~0) deactivated,activation,UNSAT,True,,,False,activation,True,2,,
solution,safedse,d_random_hw,pattern_none,0,actor c_rasta.frontEnd (SIL 2) without pattern,activation,UNSAT,True,,,True,,False,0,,
solution,ext,d_random_hw,pattern_none,0,actor c_rasta.frontEnd (SIL 2) without pattern,activation,UNSAT,True,,,False,activation,True,2,,
solution,safedse,d_random_hw,pattern_none,1,actor c_rasta.compJah (SIL 2) without pattern,activation,UNSAT,True,,,True,,False,0,,
solution,ext,d_random_hw,pattern_none,1,actor c_rasta.compJah (SIL 2) without pattern,activation,UNSAT,True,,,False,activation,True,2,,
solution,safedse,d_random_hw,pattern_none,2,actor c_rasta.backEnd (SIL 2) without pattern,activation,UNSAT,True,,,True,,False,0,,
solution,ext,d_random_hw,pattern_none,2,actor c_rasta.backEnd (SIL 2) without pattern,activation,UNSAT,True,,,False,activation,True,2,,
solution,safedse,d_random_hw,drop_field,0,field pat missing from the solution file,input,N/A,by construction,,,True,,False,0,,
solution,ext,d_random_hw,drop_field,0,field pat missing from the solution file,input,N/A,by construction,,,False,input,True,2,,
solution,safedse,d_random_hw,drop_field,1,field sil_impl missing from the solution file,input,N/A,by construction,,,False,crash,False,2,,
solution,ext,d_random_hw,drop_field,1,field sil_impl missing from the solution file,input,N/A,by construction,,,False,input,True,2,,
solution,safedse,d_random_hw,cost,0,total cost 1857 -> 1856,cost,COSTS,True,,,True,,False,0,,
solution,ext,d_random_hw,cost,0,total cost 1857 -> 1856,cost,COSTS,True,,,False,cost,True,2,,
solution,safedse,d_systematic_sw,place,0,SAME node 8 -> core 8 (node 1 on 7),placement,UNSAT,True,,,False,placement,True,2,,
solution,ext,d_systematic_sw,place,0,SAME node 8 -> core 8 (node 1 on 7),placement,UNSAT,True,,,False,placement,True,2,,
solution,safedse,d_systematic_sw,place,1,SAME node 12 -> core 8 (node 5 on 7),placement,UNSAT,True,,,False,placement,True,2,,
solution,ext,d_systematic_sw,place,1,SAME node 12 -> core 8 (node 5 on 7),placement,UNSAT,True,,,False,placement,True,2,,
solution,safedse,d_systematic_sw,place,2,SAME node 14 -> core 8 (node 7 on 7),placement,UNSAT,True,,,False,placement,True,2,,
solution,ext,d_systematic_sw,place,2,SAME node 14 -> core 8 (node 7 on 7),placement,UNSAT,True,,,False,placement,True,2,,
solution,safedse,d_systematic_sw,sil_node,0,node 1 SIL 2 -> 1,sil_actor,UNSAT,True,,,False,isolation;sil_actor,True,2,,
solution,ext,d_systematic_sw,sil_node,0,node 1 SIL 2 -> 1,sil_actor,UNSAT,True,,,False,isolation;sil_actor,True,2,,
solution,safedse,d_systematic_sw,sil_node,1,node 2 SIL 1 -> 0,sil_actor,UNSAT,True,,,False,isolation;sil_actor,True,2,,
solution,ext,d_systematic_sw,sil_node,1,node 2 SIL 1 -> 0,sil_actor,UNSAT,True,,,False,isolation;sil_actor,True,2,,
solution,safedse,d_systematic_sw,sil_node,3,node 4 SIL 1 -> 0,sil_actor,UNSAT,True,,,False,isolation;sil_actor,True,2,,
solution,ext,d_systematic_sw,sil_node,3,node 4 SIL 1 -> 0,sil_actor,UNSAT,True,,,False,isolation;sil_actor,True,2,,
solution,safedse,d_systematic_sw,sil_node,6,node 7 SIL 2 -> 1,sil_actor,UNSAT,True,,,False,isolation;sil_actor,True,2,,
solution,ext,d_systematic_sw,sil_node,6,node 7 SIL 2 -> 1,sil_actor,UNSAT,True,,,False,isolation;sil_actor,True,2,,
solution,safedse,d_systematic_sw,sil_node,7,node 8 SIL 2 -> 1,sil_actor,UNSAT,True,,,False,isolation;sil_actor,True,2,,
solution,ext,d_systematic_sw,sil_node,7,node 8 SIL 2 -> 1,sil_actor,UNSAT,True,,,False,isolation;sil_actor,True,2,,
solution,safedse,d_systematic_sw,sil_core,0,core 7 and its nodes SIL 2 -> 1,sil_actor,UNSAT,True,,,False,sil_actor,True,2,,
solution,ext,d_systematic_sw,sil_core,0,core 7 and its nodes SIL 2 -> 1,sil_actor,UNSAT,True,,,False,sil_actor,True,2,,
solution,safedse,d_systematic_sw,sil_core,1,core 8 and its nodes SIL 1 -> 0,sil_actor,UNSAT,True,,,False,sil_actor,True,2,,
solution,ext,d_systematic_sw,sil_core,1,core 8 and its nodes SIL 1 -> 0,sil_actor,UNSAT,True,,,False,sil_actor,True,2,,
solution,safedse,d_systematic_sw,ceiling,0,core 7 (type ceiling 2) provisioned to 3,isolation,UNSAT,True,,,False,isolation,True,2,,
solution,ext,d_systematic_sw,ceiling,0,core 7 (type ceiling 2) provisioned to 3,isolation,UNSAT,True,,,False,isolation,True,2,,
solution,safedse,d_systematic_sw,ceiling,1,core 8 (type ceiling 2) provisioned to 3,isolation,UNSAT,True,,,False,isolation,True,2,,
solution,ext,d_systematic_sw,ceiling,1,core 8 (type ceiling 2) provisioned to 3,isolation,UNSAT,True,,,False,isolation,True,2,,
solution,safedse,d_systematic_sw,mix,0,"core 8: node 2 promoted to 2, others at 1, no partitioning",isolation,UNSAT,True,,,False,isolation,True,2,,
solution,ext,d_systematic_sw,mix,0,"core 8: node 2 promoted to 2, others at 1, no partitioning",isolation,UNSAT,True,,,False,isolation,True,2,,
solution,safedse,d_systematic_sw,part_forge,0,"core 8: partitioning on a non-partitionable type, node 2 at SIL 2",isolation,UNSAT,True,,,True,,False,0,,
solution,ext,d_systematic_sw,part_forge,0,"core 8: partitioning on a non-partitionable type, node 2 at SIL 2",isolation,UNSAT,True,,,False,isolation,True,2,,
solution,safedse,d_systematic_sw,period,0,app 1 period 1751 -> 1750,period,UNSAT,True,,,False,period,True,2,,
solution,ext,d_systematic_sw,period,0,app 1 period 1751 -> 1750,period,UNSAT,True,,,False,period,True,2,,
solution,safedse,d_systematic_sw,wcet,1,node 2 WCET 50 -> 25,wcet,UNSAT,True,,,True,,False,0,,
solution,ext,d_systematic_sw,wcet,1,node 2 WCET 50 -> 25,wcet,UNSAT,True,,,False,wcet,True,2,,
solution,safedse,d_systematic_sw,wcet,2,node 3 WCET 376 -> 188,wcet,UNSAT,True,,,True,,False,0,,
solution,ext,d_systematic_sw,wcet,2,node 3 WCET 376 -> 188,wcet,UNSAT,True,,,False,wcet,True,2,,
solution,safedse,d_systematic_sw,wcet,4,node 5 WCET 272 -> 136,wcet,UNSAT,True,,,True,,False,0,,
solution,ext,d_systematic_sw,wcet,4,node 5 WCET 272 -> 136,wcet,UNSAT,True,,,False,wcet,True,2,,
solution,safedse,d_systematic_sw,wcet,5,node 6 WCET 310 -> 155,wcet,UNSAT,True,,,True,,False,0,,
solution,ext,d_systematic_sw,wcet,5,node 6 WCET 310 -> 155,wcet,UNSAT,True,,,False,wcet,True,2,,
solution,safedse,d_systematic_sw,wcet,7,node 8 WCET 67 -> 33,wcet,UNSAT,True,,,True,,False,0,,
solution,ext,d_systematic_sw,wcet,7,node 8 WCET 67 -> 33,wcet,UNSAT,True,,,False,wcet,True,2,,
solution,safedse,d_systematic_sw,order_split,0,core 7: static order cut after node 1,order,UNSAT,True,,,True,,False,0,,
solution,ext,d_systematic_sw,order_split,0,core 7: static order cut after node 1,order,UNSAT,True,,,False,order,True,2,,
solution,safedse,d_systematic_sw,order_split,1,core 8: static order cut after node 2,order,UNSAT,True,,,True,,False,0,,
solution,ext,d_systematic_sw,order_split,1,core 8: static order cut after node 2,order,UNSAT,True,,,False,order,True,2,,
solution,safedse,d_systematic_sw,order_cycle,0,core 7: static order closed into a cycle,order,UNSAT,True,,,True,,False,0,,
solution,ext,d_systematic_sw,order_cycle,0,core 7: static order closed into a cycle,order,UNSAT,True,,,False,order,True,2,,
solution,safedse,d_systematic_sw,order_cycle,1,core 8: static order closed into a cycle,order,UNSAT,True,,,True,,False,0,,
solution,ext,d_systematic_sw,order_cycle,1,core 8: static order closed into a cycle,order,UNSAT,True,,,False,order,True,2,,
solution,safedse,d_systematic_sw,deactivate,0,component node 8 (c_rasta.frontEnd~0) deactivated,activation,UNSAT,True,,,True,,False,0,,
solution,ext,d_systematic_sw,deactivate,0,component node 8 (c_rasta.frontEnd~0) deactivated,activation,UNSAT,True,,,False,activation,True,2,,
solution,safedse,d_systematic_sw,deactivate,1,component node 12 (c_rasta.compJah~0) deactivated,activation,UNSAT,True,,,True,,False,0,,
solution,ext,d_systematic_sw,deactivate,1,component node 12 (c_rasta.compJah~0) deactivated,activation,UNSAT,True,,,False,activation,True,2,,
solution,safedse,d_systematic_sw,deactivate,2,component node 14 (c_rasta.backEnd~0) deactivated,activation,UNSAT,True,,,True,,False,0,,
solution,ext,d_systematic_sw,deactivate,2,component node 14 (c_rasta.backEnd~0) deactivated,activation,UNSAT,True,,,False,activation,True,2,,
solution,safedse,d_systematic_sw,pattern_none,0,actor c_rasta.frontEnd (SIL 2) without pattern,activation,UNSAT,True,,,True,,False,0,,
solution,ext,d_systematic_sw,pattern_none,0,actor c_rasta.frontEnd (SIL 2) without pattern,activation,UNSAT,True,,,False,activation,True,2,,
solution,safedse,d_systematic_sw,pattern_none,1,actor c_rasta.compJah (SIL 2) without pattern,activation,UNSAT,True,,,True,,False,0,,
solution,ext,d_systematic_sw,pattern_none,1,actor c_rasta.compJah (SIL 2) without pattern,activation,UNSAT,True,,,False,activation,True,2,,
solution,safedse,d_systematic_sw,pattern_none,2,actor c_rasta.backEnd (SIL 2) without pattern,activation,UNSAT,True,,,True,,False,0,,
solution,ext,d_systematic_sw,pattern_none,2,actor c_rasta.backEnd (SIL 2) without pattern,activation,UNSAT,True,,,False,activation,True,2,,
solution,safedse,d_systematic_sw,drop_field,0,field pat missing from the solution file,input,N/A,by construction,,,True,,False,0,,
solution,ext,d_systematic_sw,drop_field,0,field pat missing from the solution file,input,N/A,by construction,,,False,input,True,2,,
solution,safedse,d_systematic_sw,drop_field,1,field sil_impl missing from the solution file,input,N/A,by construction,,,False,crash,False,2,,
solution,ext,d_systematic_sw,drop_field,1,field sil_impl missing from the solution file,input,N/A,by construction,,,False,input,True,2,,
solution,safedse,d_systematic_sw,cost,0,total cost 1846 -> 1845,cost,COSTS,True,,,True,,False,0,,
solution,ext,d_systematic_sw,cost,0,total cost 1846 -> 1845,cost,COSTS,True,,,False,cost,True,2,,
solution,safedse,f_both3,place,0,DIFFERENT_FCR node 8 -> core 2 (node 1 on 1),placement,UNSAT,True,,,False,placement,True,2,,
solution,ext,f_both3,place,0,DIFFERENT_FCR node 8 -> core 2 (node 1 on 1),placement,UNSAT,True,,,False,placement,True,2,,
solution,safedse,f_both3,place,1,DIFFERENT_FCR node 14 -> core 2 (node 5 on 1),placement,UNSAT,True,,,False,placement,True,2,,
solution,ext,f_both3,place,1,DIFFERENT_FCR node 14 -> core 2 (node 5 on 1),placement,UNSAT,True,,,False,placement,True,2,,
solution,safedse,f_both3,place,2,DIFFERENT_FCR node 18 -> core 1 (node 7 on 2),placement,UNSAT,True,,,False,placement,True,2,,
solution,ext,f_both3,place,2,DIFFERENT_FCR node 18 -> core 1 (node 7 on 2),placement,UNSAT,True,,,False,placement,True,2,,
solution,safedse,f_both3,sil_node,0,node 1 SIL 3 -> 2,sil_actor,UNSAT,True,,,False,isolation;sil_actor,True,2,,
solution,ext,f_both3,sil_node,0,node 1 SIL 3 -> 2,sil_actor,UNSAT,True,,,False,isolation;sil_actor,True,2,,
solution,safedse,f_both3,sil_node,2,node 3 SIL 1 -> 0,sil_actor,UNSAT,True,,,False,isolation;sil_actor,True,2,,
solution,ext,f_both3,sil_node,2,node 3 SIL 1 -> 0,sil_actor,UNSAT,True,,,False,isolation;sil_actor,True,2,,
solution,safedse,f_both3,sil_node,4,node 5 SIL 3 -> 2,sil_actor,UNSAT,True,,,False,isolation;sil_actor,True,2,,
solution,ext,f_both3,sil_node,4,node 5 SIL 3 -> 2,sil_actor,UNSAT,True,,,False,isolation;sil_actor,True,2,,
solution,safedse,f_both3,sil_node,5,node 6 SIL 1 -> 0,sil_actor,UNSAT,True,,,False,isolation;sil_actor,True,2,,
solution,ext,f_both3,sil_node,5,node 6 SIL 1 -> 0,sil_actor,UNSAT,True,,,False,isolation;sil_actor,True,2,,
solution,safedse,f_both3,sil_node,9,node 18 SIL 2 -> 1,sil_actor,UNSAT,True,,,False,isolation;sil_actor,True,2,,
solution,ext,f_both3,sil_node,9,node 18 SIL 2 -> 1,sil_actor,UNSAT,True,,,False,isolation;sil_actor,True,2,,
solution,safedse,f_both3,sil_core,0,core 1 and its nodes SIL 3 -> 2,sil_actor,UNSAT,True,,,False,sil_actor,True,2,,
solution,ext,f_both3,sil_core,0,core 1 and its nodes SIL 3 -> 2,sil_actor,UNSAT,True,,,False,sil_actor,True,2,,
solution,safedse,f_both3,sil_core,1,core 2 and its nodes SIL 2 -> 1,sil_actor,UNSAT,True,,,False,sil_actor,True,2,,
solution,ext,f_both3,sil_core,1,core 2 and its nodes SIL 2 -> 1,sil_actor,UNSAT,True,,,False,sil_actor,True,2,,
solution,safedse,f_both3,sil_core,2,core 7 and its nodes SIL 3 -> 2,sil_actor,UNSAT,True,,,False,sil_actor,True,2,,
solution,ext,f_both3,sil_core,2,core 7 and its nodes SIL 3 -> 2,sil_actor,UNSAT,True,,,False,sil_actor,True,2,,
solution,safedse,f_both3,sil_core,3,core 13 and its nodes SIL 1 -> 0,sil_actor,UNSAT,True,,,False,sil_actor,True,2,,
solution,ext,f_both3,sil_core,3,core 13 and its nodes SIL 1 -> 0,sil_actor,UNSAT,True,,,False,sil_actor,True,2,,
solution,safedse,f_both3,sil_core,4,core 14 and its nodes SIL 2 -> 1,sil_actor,UNSAT,True,,,False,sil_actor,True,2,,
solution,ext,f_both3,sil_core,4,core 14 and its nodes SIL 2 -> 1,sil_actor,UNSAT,True,,,False,sil_actor,True,2,,
solution,safedse,f_both3,ceiling,0,core 13 (type ceiling 2) provisioned to 3,isolation,UNSAT,True,,,False,isolation,True,2,,
solution,ext,f_both3,ceiling,0,core 13 (type ceiling 2) provisioned to 3,isolation,UNSAT,True,,,False,isolation,True,2,,
solution,safedse,f_both3,ceiling,1,core 14 (type ceiling 2) provisioned to 3,isolation,UNSAT,True,,,False,isolation,True,2,,
solution,ext,f_both3,ceiling,1,core 14 (type ceiling 2) provisioned to 3,isolation,UNSAT,True,,,False,isolation,True,2,,
solution,safedse,f_both3,mix,0,"core 1: node 1 promoted to 4, others at 3, no partitioning",isolation,UNSAT,True,,,False,isolation,True,2,,
solution,ext,f_both3,mix,0,"core 1: node 1 promoted to 4, others at 3, no partitioning",isolation,UNSAT,True,,,False,isolation,True,2,,
solution,safedse,f_both3,mix,1,"core 7: node 8 promoted to 4, others at 3, no partitioning",isolation,UNSAT,True,,,False,isolation,True,2,,
solution,ext,f_both3,mix,1,"core 7: node 8 promoted to 4, others at 3, no partitioning",isolation,UNSAT,True,,,False,isolation,True,2,,
solution,safedse,f_both3,mix,2,"core 13: node 2 promoted to 2, others at 1, no partitioning",isolation,UNSAT,True,,,False,isolation,True,2,,
solution,ext,f_both3,mix,2,"core 13: node 2 promoted to 2, others at 1, no partitioning",isolation,UNSAT,True,,,False,isolation,True,2,,
solution,safedse,f_both3,part_forge,0,"core 1: partitioning on a non-partitionable type, node 1 at SIL 4",isolation,UNSAT,True,,,True,,False,0,,
solution,ext,f_both3,part_forge,0,"core 1: partitioning on a non-partitionable type, node 1 at SIL 4",isolation,UNSAT,True,,,False,isolation,True,2,,
solution,safedse,f_both3,part_forge,1,"core 7: partitioning on a non-partitionable type, node 8 at SIL 4",isolation,UNSAT,True,,,True,,False,0,,
solution,ext,f_both3,part_forge,1,"core 7: partitioning on a non-partitionable type, node 8 at SIL 4",isolation,UNSAT,True,,,False,isolation,True,2,,
solution,safedse,f_both3,part_forge,2,"core 13: partitioning on a non-partitionable type, node 2 at SIL 2",isolation,UNSAT,True,,,True,,False,0,,
solution,ext,f_both3,part_forge,2,"core 13: partitioning on a non-partitionable type, node 2 at SIL 2",isolation,UNSAT,True,,,False,isolation,True,2,,
solution,safedse,f_both3,period,0,app 1 period 1130 -> 1129,period,UNSAT,True,,,False,period,True,2,,
solution,ext,f_both3,period,0,app 1 period 1130 -> 1129,period,UNSAT,True,,,False,period,True,2,,
solution,safedse,f_both3,wcet,1,node 2 WCET 50 -> 25,wcet,UNSAT,True,,,True,,False,0,,
solution,ext,f_both3,wcet,1,node 2 WCET 50 -> 25,wcet,UNSAT,True,,,False,wcet,True,2,,
solution,safedse,f_both3,wcet,5,node 6 WCET 310 -> 155,wcet,UNSAT,True,,,True,,False,0,,
solution,ext,f_both3,wcet,5,node 6 WCET 310 -> 155,wcet,UNSAT,True,,,False,wcet,True,2,,
solution,safedse,f_both3,wcet,6,node 7 WCET 133 -> 66,wcet,UNSAT,True,,,True,,False,0,,
solution,ext,f_both3,wcet,6,node 7 WCET 133 -> 66,wcet,UNSAT,True,,,False,wcet,True,2,,
solution,safedse,f_both3,wcet,7,node 8 WCET 162 -> 81,wcet,UNSAT,True,,,True,,False,0,,
solution,ext,f_both3,wcet,7,node 8 WCET 162 -> 81,wcet,UNSAT,True,,,False,wcet,True,2,,
solution,safedse,f_both3,wcet,8,node 14 WCET 195 -> 97,wcet,UNSAT,True,,,True,,False,0,,
solution,ext,f_both3,wcet,8,node 14 WCET 195 -> 97,wcet,UNSAT,True,,,False,wcet,True,2,,
solution,safedse,f_both3,order_split,0,core 1: static order cut after node 1,order,UNSAT,True,,,True,,False,0,,
solution,ext,f_both3,order_split,0,core 1: static order cut after node 1,order,UNSAT,True,,,False,order,True,2,,
solution,safedse,f_both3,order_split,1,core 13: static order cut after node 2,order,UNSAT,True,,,True,,False,0,,
solution,ext,f_both3,order_split,1,core 13: static order cut after node 2,order,UNSAT,True,,,False,order,True,2,,
solution,safedse,f_both3,order_split,2,core 7: static order cut after node 8,order,UNSAT,True,,,True,,False,0,,
solution,ext,f_both3,order_split,2,core 7: static order cut after node 8,order,UNSAT,True,,,False,order,True,2,,
solution,safedse,f_both3,order_cycle,0,core 1: static order closed into a cycle,order,UNSAT,True,,,True,,False,0,,
solution,ext,f_both3,order_cycle,0,core 1: static order closed into a cycle,order,UNSAT,True,,,False,order,True,2,,
solution,safedse,f_both3,order_cycle,1,core 13: static order closed into a cycle,order,UNSAT,True,,,True,,False,0,,
solution,ext,f_both3,order_cycle,1,core 13: static order closed into a cycle,order,UNSAT,True,,,False,order,True,2,,
solution,safedse,f_both3,order_cycle,2,core 7: static order closed into a cycle,order,UNSAT,True,,,True,,False,0,,
solution,ext,f_both3,order_cycle,2,core 7: static order closed into a cycle,order,UNSAT,True,,,False,order,True,2,,
solution,safedse,f_both3,order_cross,0,static order of core 1 continues on core 2,order,UNSAT,True,,,True,,False,0,,
solution,ext,f_both3,order_cross,0,static order of core 1 continues on core 2,order,UNSAT,True,,,False,order,True,2,,
solution,safedse,f_both3,order_cross,1,static order of core 2 continues on core 7,order,UNSAT,True,,,True,,False,0,,
solution,ext,f_both3,order_cross,1,static order of core 2 continues on core 7,order,UNSAT,True,,,False,order,True,2,,
solution,safedse,f_both3,order_cross,2,static order of core 13 continues on core 14,order,UNSAT,True,,,True,,False,0,,
solution,ext,f_both3,order_cross,2,static order of core 13 continues on core 14,order,UNSAT,True,,,False,order,True,2,,
solution,safedse,f_both3,deactivate,0,component node 8 (c_rasta.frontEnd~0) deactivated,activation,UNSAT,True,,,True,,False,0,,
solution,ext,f_both3,deactivate,0,component node 8 (c_rasta.frontEnd~0) deactivated,activation,UNSAT,True,,,False,activation,True,2,,
solution,safedse,f_both3,deactivate,1,component node 14 (c_rasta.compJah~0) deactivated,activation,UNSAT,True,,,True,,False,0,,
solution,ext,f_both3,deactivate,1,component node 14 (c_rasta.compJah~0) deactivated,activation,UNSAT,True,,,False,activation,True,2,,
solution,safedse,f_both3,deactivate,2,component node 18 (c_rasta.backEnd~0) deactivated,activation,UNSAT,True,,,True,,False,0,,
solution,ext,f_both3,deactivate,2,component node 18 (c_rasta.backEnd~0) deactivated,activation,UNSAT,True,,,False,activation,True,2,,
solution,safedse,f_both3,pattern_none,0,actor c_rasta.frontEnd (SIL 3) without pattern,activation,UNSAT,True,,,True,,False,0,,
solution,ext,f_both3,pattern_none,0,actor c_rasta.frontEnd (SIL 3) without pattern,activation,UNSAT,True,,,False,activation,True,2,,
solution,safedse,f_both3,pattern_none,1,actor c_rasta.compJah (SIL 3) without pattern,activation,UNSAT,True,,,True,,False,0,,
solution,ext,f_both3,pattern_none,1,actor c_rasta.compJah (SIL 3) without pattern,activation,UNSAT,True,,,False,activation,True,2,,
solution,safedse,f_both3,pattern_none,2,actor c_rasta.backEnd (SIL 2) without pattern,activation,UNSAT,True,,,True,,False,0,,
solution,ext,f_both3,pattern_none,2,actor c_rasta.backEnd (SIL 2) without pattern,activation,UNSAT,True,,,False,activation,True,2,,
solution,safedse,f_both3,drop_field,0,field pat missing from the solution file,input,N/A,by construction,,,True,,False,0,,
solution,ext,f_both3,drop_field,0,field pat missing from the solution file,input,N/A,by construction,,,False,input,True,2,,
solution,safedse,f_both3,drop_field,1,field sil_impl missing from the solution file,input,N/A,by construction,,,False,crash,False,2,,
solution,ext,f_both3,drop_field,1,field sil_impl missing from the solution file,input,N/A,by construction,,,False,input,True,2,,
solution,safedse,f_both3,cost,0,total cost 3406 -> 3405,cost,COSTS,True,,,True,,False,0,,
solution,ext,f_both3,cost,0,total cost 3406 -> 3405,cost,COSTS,True,,,False,cost,True,2,,
solution,safedse,f_random_hw,place,0,DIFFERENT_FCR node 9 -> core 2 (node 1 on 1),placement,UNSAT,True,,,False,placement,True,2,,
solution,ext,f_random_hw,place,0,DIFFERENT_FCR node 9 -> core 2 (node 1 on 1),placement,UNSAT,True,,,False,placement,True,2,,
solution,safedse,f_random_hw,place,1,DIFFERENT_FCR node 20 -> core 2 (node 5 on 1),placement,UNSAT,True,,,False,placement,True,2,,
solution,ext,f_random_hw,place,1,DIFFERENT_FCR node 20 -> core 2 (node 5 on 1),placement,UNSAT,True,,,False,placement,True,2,,
solution,safedse,f_random_hw,place,2,DIFFERENT node 26 -> core 8 (node 7 on 8),placement,UNSAT,True,,,False,placement,True,2,,
solution,ext,f_random_hw,place,2,DIFFERENT node 26 -> core 8 (node 7 on 8),placement,UNSAT,True,,,False,placement,True,2,,
solution,safedse,f_random_hw,sil_node,2,node 3 SIL 1 -> 0,sil_actor,UNSAT,True,,,False,isolation;sil_actor,True,2,,
solution,ext,f_random_hw,sil_node,2,node 3 SIL 1 -> 0,sil_actor,UNSAT,True,,,False,isolation;sil_actor,True,2,,
solution,safedse,f_random_hw,sil_node,4,node 5 SIL 3 -> 2,sil_actor,UNSAT,True,,,False,isolation;sil_actor,True,2,,
solution,ext,f_random_hw,sil_node,4,node 5 SIL 3 -> 2,sil_actor,UNSAT,True,,,False,isolation;sil_actor,True,2,,
solution,safedse,f_random_hw,sil_node,5,node 6 SIL 1 -> 0,sil_actor,UNSAT,True,,,False,isolation;sil_actor,True,2,,
solution,ext,f_random_hw,sil_node,5,node 6 SIL 1 -> 0,sil_actor,UNSAT,True,,,False,isolation;sil_actor,True,2,,
solution,safedse,f_random_hw,sil_node,7,node 9 SIL 3 -> 2,sil_actor,UNSAT,True,,,False,isolation;sil_actor,True,2,,
solution,ext,f_random_hw,sil_node,7,node 9 SIL 3 -> 2,sil_actor,UNSAT,True,,,False,isolation;sil_actor,True,2,,
solution,safedse,f_random_hw,sil_node,9,node 26 SIL 2 -> 1,sil_actor,UNSAT,True,,,False,isolation;sil_actor,True,2,,
solution,ext,f_random_hw,sil_node,9,node 26 SIL 2 -> 1,sil_actor,UNSAT,True,,,False,isolation;sil_actor,True,2,,
solution,safedse,f_random_hw,sil_core,0,core 1 and its nodes SIL 3 -> 2,sil_actor,UNSAT,True,,,False,sil_actor,True,2,,
solution,ext,f_random_hw,sil_core,0,core 1 and its nodes SIL 3 -> 2,sil_actor,UNSAT,True,,,False,sil_actor,True,2,,
solution,safedse,f_random_hw,sil_core,1,core 3 and its nodes SIL 3 -> 2,sil_actor,UNSAT,True,,,False,sil_actor,True,2,,
solution,ext,f_random_hw,sil_core,1,core 3 and its nodes SIL 3 -> 2,sil_actor,UNSAT,True,,,False,sil_actor,True,2,,
solution,safedse,f_random_hw,sil_core,2,core 7 and its nodes SIL 1 -> 0,sil_actor,UNSAT,True,,,False,sil_actor,True,2,,
solution,ext,f_random_hw,sil_core,2,core 7 and its nodes SIL 1 -> 0,sil_actor,UNSAT,True,,,False,sil_actor,True,2,,
solution,safedse,f_random_hw,sil_core,3,core 8 and its nodes SIL 2 -> 1,sil_actor,UNSAT,True,,,False,sil_actor,True,2,,
solution,ext,f_random_hw,sil_core,3,core 8 and its nodes SIL 2 -> 1,sil_actor,UNSAT,True,,,False,sil_actor,True,2,,
solution,safedse,f_random_hw,sil_core,4,core 9 and its nodes SIL 2 -> 1,sil_actor,UNSAT,True,,,False,sil_actor,True,2,,
solution,ext,f_random_hw,sil_core,4,core 9 and its nodes SIL 2 -> 1,sil_actor,UNSAT,True,,,False,sil_actor,True,2,,
solution,safedse,f_random_hw,ceiling,0,core 7 (type ceiling 2) provisioned to 3,isolation,UNSAT,True,,,False,isolation,True,2,,
solution,ext,f_random_hw,ceiling,0,core 7 (type ceiling 2) provisioned to 3,isolation,UNSAT,True,,,False,isolation,True,2,,
solution,safedse,f_random_hw,ceiling,1,core 8 (type ceiling 2) provisioned to 3,isolation,UNSAT,True,,,False,isolation,True,2,,
solution,ext,f_random_hw,ceiling,1,core 8 (type ceiling 2) provisioned to 3,isolation,UNSAT,True,,,False,isolation,True,2,,
solution,safedse,f_random_hw,ceiling,2,core 9 (type ceiling 2) provisioned to 3,isolation,UNSAT,True,,,False,isolation,True,2,,
solution,ext,f_random_hw,ceiling,2,core 9 (type ceiling 2) provisioned to 3,isolation,UNSAT,True,,,False,isolation,True,2,,
solution,safedse,f_random_hw,mix,0,"core 1: node 1 promoted to 4, others at 3, no partitioning",isolation,UNSAT,True,,,False,isolation,True,2,,
solution,ext,f_random_hw,mix,0,"core 1: node 1 promoted to 4, others at 3, no partitioning",isolation,UNSAT,True,,,False,isolation,True,2,,
solution,safedse,f_random_hw,mix,1,"core 3: node 9 promoted to 4, others at 3, no partitioning",isolation,UNSAT,True,,,False,isolation,True,2,,
solution,ext,f_random_hw,mix,1,"core 3: node 9 promoted to 4, others at 3, no partitioning",isolation,UNSAT,True,,,False,isolation,True,2,,
solution,safedse,f_random_hw,mix,2,"core 7: node 2 promoted to 2, others at 1, no partitioning",isolation,UNSAT,True,,,False,isolation,True,2,,
solution,ext,f_random_hw,mix,2,"core 7: node 2 promoted to 2, others at 1, no partitioning",isolation,UNSAT,True,,,False,isolation,True,2,,
solution,safedse,f_random_hw,part_forge,0,"core 1: partitioning on a non-partitionable type, node 1 at SIL 4",isolation,UNSAT,True,,,True,,False,0,,
solution,ext,f_random_hw,part_forge,0,"core 1: partitioning on a non-partitionable type, node 1 at SIL 4",isolation,UNSAT,True,,,False,isolation,True,2,,
solution,safedse,f_random_hw,part_forge,1,"core 3: partitioning on a non-partitionable type, node 9 at SIL 4",isolation,UNSAT,True,,,True,,False,0,,
solution,ext,f_random_hw,part_forge,1,"core 3: partitioning on a non-partitionable type, node 9 at SIL 4",isolation,UNSAT,True,,,False,isolation,True,2,,
solution,safedse,f_random_hw,part_forge,2,"core 7: partitioning on a non-partitionable type, node 2 at SIL 2",isolation,UNSAT,True,,,True,,False,0,,
solution,ext,f_random_hw,part_forge,2,"core 7: partitioning on a non-partitionable type, node 2 at SIL 2",isolation,UNSAT,True,,,False,isolation,True,2,,
solution,safedse,f_random_hw,period,0,app 1 period 1079 -> 1078,period,UNSAT,True,,,False,period,True,2,,
solution,ext,f_random_hw,period,0,app 1 period 1079 -> 1078,period,UNSAT,True,,,False,period,True,2,,
solution,safedse,f_random_hw,wcet,1,node 2 WCET 50 -> 25,wcet,UNSAT,True,,,True,,False,0,,
solution,ext,f_random_hw,wcet,1,node 2 WCET 50 -> 25,wcet,UNSAT,True,,,False,wcet,True,2,,
solution,safedse,f_random_hw,wcet,2,node 3 WCET 376 -> 188,wcet,UNSAT,True,,,True,,False,0,,
solution,ext,f_random_hw,wcet,2,node 3 WCET 376 -> 188,wcet,UNSAT,True,,,False,wcet,True,2,,
solution,safedse,f_random_hw,wcet,3,node 4 WCET 173 -> 86,wcet,UNSAT,True,,,True,,False,0,,
solution,ext,f_random_hw,wcet,3,node 4 WCET 173 -> 86,wcet,UNSAT,True,,,False,wcet,True,2,,
solution,safedse,f_random_hw,wcet,5,node 6 WCET 310 -> 155,wcet,UNSAT,True,,,True,,False,0,,
solution,ext,f_random_hw,wcet,5,node 6 WCET 310 -> 155,wcet,UNSAT,True,,,False,wcet,True,2,,
solution,safedse,f_random_hw,wcet,8,node 20 WCET 51 -> 25,wcet,UNSAT,True,,,True,,False,0,,
solution,ext,f_random_hw,wcet,8,node 20 WCET 51 -> 25,wcet,UNSAT,True,,,False,wcet,True,2,,
solution,safedse,f_random_hw,order_split,0,core 1: static order cut after node 1,order,UNSAT,True,,,True,,False,0,,
solution,ext,f_random_hw,order_split,0,core 1: static order cut after node 1,order,UNSAT,True,,,False,order,True,2,,
solution,safedse,f_random_hw,order_split,1,core 7: static order cut after node 2,order,UNSAT,True,,,True,,False,0,,
solution,ext,f_random_hw,order_split,1,core 7: static order cut after node 2,order,UNSAT,True,,,False,order,True,2,,
solution,safedse,f_random_hw,order_split,2,core 3: static order cut after node 9,order,UNSAT,True,,,True,,False,0,,
solution,ext,f_random_hw,order_split,2,core 3: static order cut after node 9,order,UNSAT,True,,,False,order,True,2,,
solution,safedse,f_random_hw,order_cycle,0,core 1: static order closed into a cycle,order,UNSAT,True,,,True,,False,0,,
solution,ext,f_random_hw,order_cycle,0,core 1: static order closed into a cycle,order,UNSAT,True,,,False,order,True,2,,
solution,safedse,f_random_hw,order_cycle,1,core 7: static order closed into a cycle,order,UNSAT,True,,,True,,False,0,,
solution,ext,f_random_hw,order_cycle,1,core 7: static order closed into a cycle,order,UNSAT,True,,,False,order,True,2,,
solution,safedse,f_random_hw,order_cycle,2,core 3: static order closed into a cycle,order,UNSAT,True,,,True,,False,0,,
solution,ext,f_random_hw,order_cycle,2,core 3: static order closed into a cycle,order,UNSAT,True,,,False,order,True,2,,
solution,safedse,f_random_hw,order_cross,0,static order of core 1 continues on core 3,order,UNSAT,True,,,True,,False,0,,
solution,ext,f_random_hw,order_cross,0,static order of core 1 continues on core 3,order,UNSAT,True,,,False,order,True,2,,
solution,safedse,f_random_hw,order_cross,1,static order of core 7 continues on core 8,order,UNSAT,True,,,True,,False,0,,
solution,ext,f_random_hw,order_cross,1,static order of core 7 continues on core 8,order,UNSAT,True,,,False,order,True,2,,
solution,safedse,f_random_hw,order_cross,2,static order of core 8 continues on core 9,order,UNSAT,True,,,True,,False,0,,
solution,ext,f_random_hw,order_cross,2,static order of core 8 continues on core 9,order,UNSAT,True,,,False,order,True,2,,
solution,safedse,f_random_hw,deactivate,0,component node 9 (c_rasta.frontEnd~1) deactivated,activation,UNSAT,True,,,True,,False,0,,
solution,ext,f_random_hw,deactivate,0,component node 9 (c_rasta.frontEnd~1) deactivated,activation,UNSAT,True,,,False,activation,True,2,,
solution,safedse,f_random_hw,deactivate,1,component node 20 (c_rasta.compJah~1) deactivated,activation,UNSAT,True,,,True,,False,0,,
solution,ext,f_random_hw,deactivate,1,component node 20 (c_rasta.compJah~1) deactivated,activation,UNSAT,True,,,False,activation,True,2,,
solution,safedse,f_random_hw,deactivate,2,component node 26 (c_rasta.backEnd~0) deactivated,activation,UNSAT,True,,,True,,False,0,,
solution,ext,f_random_hw,deactivate,2,component node 26 (c_rasta.backEnd~0) deactivated,activation,UNSAT,True,,,False,activation,True,2,,
solution,safedse,f_random_hw,pattern_none,0,actor c_rasta.frontEnd (SIL 3) without pattern,activation,UNSAT,True,,,True,,False,0,,
solution,ext,f_random_hw,pattern_none,0,actor c_rasta.frontEnd (SIL 3) without pattern,activation,UNSAT,True,,,False,activation,True,2,,
solution,safedse,f_random_hw,pattern_none,1,actor c_rasta.compJah (SIL 3) without pattern,activation,UNSAT,True,,,True,,False,0,,
solution,ext,f_random_hw,pattern_none,1,actor c_rasta.compJah (SIL 3) without pattern,activation,UNSAT,True,,,False,activation,True,2,,
solution,safedse,f_random_hw,pattern_none,2,actor c_rasta.backEnd (SIL 2) without pattern,activation,UNSAT,True,,,True,,False,0,,
solution,ext,f_random_hw,pattern_none,2,actor c_rasta.backEnd (SIL 2) without pattern,activation,UNSAT,True,,,False,activation,True,2,,
solution,safedse,f_random_hw,drop_field,0,field pat missing from the solution file,input,N/A,by construction,,,True,,False,0,,
solution,ext,f_random_hw,drop_field,0,field pat missing from the solution file,input,N/A,by construction,,,False,input,True,2,,
solution,safedse,f_random_hw,drop_field,1,field sil_impl missing from the solution file,input,N/A,by construction,,,False,crash,False,2,,
solution,ext,f_random_hw,drop_field,1,field sil_impl missing from the solution file,input,N/A,by construction,,,False,input,True,2,,
solution,safedse,f_random_hw,cost,0,total cost 3349 -> 3348,cost,COSTS,True,,,True,,False,0,,
solution,ext,f_random_hw,cost,0,total cost 3349 -> 3348,cost,COSTS,True,,,False,cost,True,2,,
solution,safedse,f_sw3,place,0,DIVERSE node 8 -> core 2 (node 1 on 1),placement,UNSAT,True,,,False,placement,True,2,,
solution,ext,f_sw3,place,0,DIVERSE node 8 -> core 2 (node 1 on 1),placement,UNSAT,True,,,False,placement,True,2,,
solution,safedse,f_sw3,place,1,DIVERSE node 14 -> core 2 (node 5 on 1),placement,UNSAT,True,,,False,placement,True,2,,
solution,ext,f_sw3,place,1,DIVERSE node 14 -> core 2 (node 5 on 1),placement,UNSAT,True,,,False,placement,True,2,,
solution,safedse,f_sw3,place,2,SAME node 18 -> core 1 (node 7 on 14),placement,UNSAT,True,,,False,placement,True,2,,
solution,ext,f_sw3,place,2,SAME node 18 -> core 1 (node 7 on 14),placement,UNSAT,True,,,False,placement,True,2,,
solution,safedse,f_sw3,sil_node,2,node 3 SIL 1 -> 0,sil_actor,UNSAT,True,,,False,isolation;sil_actor,True,2,,
solution,ext,f_sw3,sil_node,2,node 3 SIL 1 -> 0,sil_actor,UNSAT,True,,,False,isolation;sil_actor,True,2,,
solution,safedse,f_sw3,sil_node,4,node 5 SIL 3 -> 2,sil_actor,UNSAT,True,,,False,isolation;sil_actor,True,2,,
solution,ext,f_sw3,sil_node,4,node 5 SIL 3 -> 2,sil_actor,UNSAT,True,,,False,isolation;sil_actor,True,2,,
solution,safedse,f_sw3,sil_node,7,node 8 SIL 3 -> 2,sil_actor,UNSAT,True,,,False,isolation;sil_actor,True,2,,
solution,ext,f_sw3,sil_node,7,node 8 SIL 3 -> 2,sil_actor,UNSAT,True,,,False,isolation;sil_actor,True,2,,
solution,safedse,f_sw3,sil_node,8,node 14 SIL 3 -> 2,sil_actor,UNSAT,True,,,False,isolation;sil_actor,True,2,,
solution,ext,f_sw3,sil_node,8,node 14 SIL 3 -> 2,sil_actor,UNSAT,True,,,False,isolation;sil_actor,True,2,,
solution,safedse,f_sw3,sil_node,9,node 18 SIL 2 -> 1,sil_actor,UNSAT,True,,,False,isolation;sil_actor,True,2,,
solution,ext,f_sw3,sil_node,9,node 18 SIL 2 -> 1,sil_actor,UNSAT,True,,,False,isolation;sil_actor,True,2,,
solution,safedse,f_sw3,sil_core,0,core 1 and its nodes SIL 3 -> 2,sil_actor,UNSAT,True,,,False,sil_actor,True,2,,
solution,ext,f_sw3,sil_core,0,core 1 and its nodes SIL 3 -> 2,sil_actor,UNSAT,True,,,False,sil_actor,True,2,,
solution,safedse,f_sw3,sil_core,1,core 7 and its nodes SIL 3 -> 2,sil_actor,UNSAT,True,,,False,sil_actor,True,2,,
solution,ext,f_sw3,sil_core,1,core 7 and its nodes SIL 3 -> 2,sil_actor,UNSAT,True,,,False,sil_actor,True,2,,
solution,safedse,f_sw3,sil_core,2,core 13 and its nodes SIL 1 -> 0,sil_actor,UNSAT,True,,,False,sil_actor,True,2,,
solution,ext,f_sw3,sil_core,2,core 13 and its nodes SIL 1 -> 0,sil_actor,UNSAT,True,,,False,sil_actor,True,2,,
solution,safedse,f_sw3,sil_core,3,core 14 and its nodes SIL 2 -> 1,sil_actor,UNSAT,True,,,False,sil_actor,True,2,,
solution,ext,f_sw3,sil_core,3,core 14 and its nodes SIL 2 -> 1,sil_actor,UNSAT,True,,,False,sil_actor,True,2,,
solution,safedse,f_sw3,ceiling,0,core 13 (type ceiling 2) provisioned to 3,isolation,UNSAT,True,,,False,isolation,True,2,,
solution,ext,f_sw3,ceiling,0,core 13 (type ceiling 2) provisioned to 3,isolation,UNSAT,True,,,False,isolation,True,2,,
solution,safedse,f_sw3,ceiling,1,core 14 (type ceiling 2) provisioned to 3,isolation,UNSAT,True,,,False,isolation,True,2,,
solution,ext,f_sw3,ceiling,1,core 14 (type ceiling 2) provisioned to 3,isolation,UNSAT,True,,,False,isolation,True,2,,
solution,safedse,f_sw3,mix,0,"core 1: node 1 promoted to 4, others at 3, no partitioning",isolation,UNSAT,True,,,False,isolation,True,2,,
solution,ext,f_sw3,mix,0,"core 1: node 1 promoted to 4, others at 3, no partitioning",isolation,UNSAT,True,,,False,isolation,True,2,,
solution,safedse,f_sw3,mix,1,"core 7: node 8 promoted to 4, others at 3, no partitioning",isolation,UNSAT,True,,,False,isolation,True,2,,
solution,ext,f_sw3,mix,1,"core 7: node 8 promoted to 4, others at 3, no partitioning",isolation,UNSAT,True,,,False,isolation,True,2,,
solution,safedse,f_sw3,mix,2,"core 13: node 2 promoted to 2, others at 1, no partitioning",isolation,UNSAT,True,,,False,isolation,True,2,,
solution,ext,f_sw3,mix,2,"core 13: node 2 promoted to 2, others at 1, no partitioning",isolation,UNSAT,True,,,False,isolation,True,2,,
solution,safedse,f_sw3,part_forge,0,"core 1: partitioning on a non-partitionable type, node 1 at SIL 4",isolation,UNSAT,True,,,True,,False,0,,
solution,ext,f_sw3,part_forge,0,"core 1: partitioning on a non-partitionable type, node 1 at SIL 4",isolation,UNSAT,True,,,False,isolation,True,2,,
solution,safedse,f_sw3,part_forge,1,"core 7: partitioning on a non-partitionable type, node 8 at SIL 4",isolation,UNSAT,True,,,True,,False,0,,
solution,ext,f_sw3,part_forge,1,"core 7: partitioning on a non-partitionable type, node 8 at SIL 4",isolation,UNSAT,True,,,False,isolation,True,2,,
solution,safedse,f_sw3,part_forge,2,"core 13: partitioning on a non-partitionable type, node 2 at SIL 2",isolation,UNSAT,True,,,True,,False,0,,
solution,ext,f_sw3,part_forge,2,"core 13: partitioning on a non-partitionable type, node 2 at SIL 2",isolation,UNSAT,True,,,False,isolation,True,2,,
solution,safedse,f_sw3,period,0,app 1 period 1079 -> 1078,period,UNSAT,True,,,False,period,True,2,,
solution,ext,f_sw3,period,0,app 1 period 1079 -> 1078,period,UNSAT,True,,,False,period,True,2,,
solution,safedse,f_sw3,wcet,1,node 2 WCET 50 -> 25,wcet,UNSAT,True,,,True,,False,0,,
solution,ext,f_sw3,wcet,1,node 2 WCET 50 -> 25,wcet,UNSAT,True,,,False,wcet,True,2,,
solution,safedse,f_sw3,wcet,2,node 3 WCET 376 -> 188,wcet,UNSAT,True,,,True,,False,0,,
solution,ext,f_sw3,wcet,2,node 3 WCET 376 -> 188,wcet,UNSAT,True,,,False,wcet,True,2,,
solution,safedse,f_sw3,wcet,3,node 4 WCET 173 -> 86,wcet,UNSAT,True,,,True,,False,0,,
solution,ext,f_sw3,wcet,3,node 4 WCET 173 -> 86,wcet,UNSAT,True,,,False,wcet,True,2,,
solution,safedse,f_sw3,wcet,5,node 6 WCET 310 -> 155,wcet,UNSAT,True,,,True,,False,0,,
solution,ext,f_sw3,wcet,5,node 6 WCET 310 -> 155,wcet,UNSAT,True,,,False,wcet,True,2,,
solution,safedse,f_sw3,wcet,6,node 7 WCET 213 -> 106,wcet,UNSAT,True,,,True,,False,0,,
solution,ext,f_sw3,wcet,6,node 7 WCET 213 -> 106,wcet,UNSAT,True,,,False,wcet,True,2,,
solution,safedse,f_sw3,order_split,0,core 1: static order cut after node 1,order,UNSAT,True,,,True,,False,0,,
solution,ext,f_sw3,order_split,0,core 1: static order cut after node 1,order,UNSAT,True,,,False,order,True,2,,
solution,safedse,f_sw3,order_split,1,core 13: static order cut after node 2,order,UNSAT,True,,,True,,False,0,,
solution,ext,f_sw3,order_split,1,core 13: static order cut after node 2,order,UNSAT,True,,,False,order,True,2,,
solution,safedse,f_sw3,order_split,2,core 14: static order cut after node 7,order,UNSAT,True,,,True,,False,0,,
solution,ext,f_sw3,order_split,2,core 14: static order cut after node 7,order,UNSAT,True,,,False,order,True,2,,
solution,safedse,f_sw3,order_split,3,core 7: static order cut after node 8,order,UNSAT,True,,,True,,False,0,,
solution,ext,f_sw3,order_split,3,core 7: static order cut after node 8,order,UNSAT,True,,,False,order,True,2,,
solution,safedse,f_sw3,order_cycle,0,core 1: static order closed into a cycle,order,UNSAT,True,,,True,,False,0,,
solution,ext,f_sw3,order_cycle,0,core 1: static order closed into a cycle,order,UNSAT,True,,,False,order,True,2,,
solution,safedse,f_sw3,order_cycle,1,core 13: static order closed into a cycle,order,UNSAT,True,,,True,,False,0,,
solution,ext,f_sw3,order_cycle,1,core 13: static order closed into a cycle,order,UNSAT,True,,,False,order,True,2,,
solution,safedse,f_sw3,order_cycle,2,core 14: static order closed into a cycle,order,UNSAT,True,,,True,,False,0,,
solution,ext,f_sw3,order_cycle,2,core 14: static order closed into a cycle,order,UNSAT,True,,,False,order,True,2,,
solution,safedse,f_sw3,order_cycle,3,core 7: static order closed into a cycle,order,UNSAT,True,,,True,,False,0,,
solution,ext,f_sw3,order_cycle,3,core 7: static order closed into a cycle,order,UNSAT,True,,,False,order,True,2,,
solution,safedse,f_sw3,order_cross,0,static order of core 1 continues on core 7,order,UNSAT,True,,,True,,False,0,,
solution,ext,f_sw3,order_cross,0,static order of core 1 continues on core 7,order,UNSAT,True,,,False,order,True,2,,
solution,safedse,f_sw3,order_cross,1,static order of core 13 continues on core 14,order,UNSAT,True,,,True,,False,0,,
solution,ext,f_sw3,order_cross,1,static order of core 13 continues on core 14,order,UNSAT,True,,,False,order,True,2,,
solution,safedse,f_sw3,deactivate,0,component node 8 (c_rasta.frontEnd~0) deactivated,activation,UNSAT,True,,,True,,False,0,,
solution,ext,f_sw3,deactivate,0,component node 8 (c_rasta.frontEnd~0) deactivated,activation,UNSAT,True,,,False,activation,True,2,,
solution,safedse,f_sw3,deactivate,1,component node 14 (c_rasta.compJah~0) deactivated,activation,UNSAT,True,,,True,,False,0,,
solution,ext,f_sw3,deactivate,1,component node 14 (c_rasta.compJah~0) deactivated,activation,UNSAT,True,,,False,activation,True,2,,
solution,safedse,f_sw3,deactivate,2,component node 18 (c_rasta.backEnd~0) deactivated,activation,UNSAT,True,,,True,,False,0,,
solution,ext,f_sw3,deactivate,2,component node 18 (c_rasta.backEnd~0) deactivated,activation,UNSAT,True,,,False,activation,True,2,,
solution,safedse,f_sw3,pattern_none,0,actor c_rasta.frontEnd (SIL 3) without pattern,activation,UNSAT,True,,,True,,False,0,,
solution,ext,f_sw3,pattern_none,0,actor c_rasta.frontEnd (SIL 3) without pattern,activation,UNSAT,True,,,False,activation,True,2,,
solution,safedse,f_sw3,pattern_none,1,actor c_rasta.compJah (SIL 3) without pattern,activation,UNSAT,True,,,True,,False,0,,
solution,ext,f_sw3,pattern_none,1,actor c_rasta.compJah (SIL 3) without pattern,activation,UNSAT,True,,,False,activation,True,2,,
solution,safedse,f_sw3,pattern_none,2,actor c_rasta.backEnd (SIL 2) without pattern,activation,UNSAT,True,,,True,,False,0,,
solution,ext,f_sw3,pattern_none,2,actor c_rasta.backEnd (SIL 2) without pattern,activation,UNSAT,True,,,False,activation,True,2,,
solution,safedse,f_sw3,drop_field,0,field pat missing from the solution file,input,N/A,by construction,,,True,,False,0,,
solution,ext,f_sw3,drop_field,0,field pat missing from the solution file,input,N/A,by construction,,,False,input,True,2,,
solution,safedse,f_sw3,drop_field,1,field sil_impl missing from the solution file,input,N/A,by construction,,,False,crash,False,2,,
solution,ext,f_sw3,drop_field,1,field sil_impl missing from the solution file,input,N/A,by construction,,,False,input,True,2,,
solution,safedse,f_sw3,cost,0,total cost 3365 -> 3364,cost,COSTS,True,,,True,,False,0,,
solution,ext,f_sw3,cost,0,total cost 3365 -> 3364,cost,COSTS,True,,,False,cost,True,2,,
solution,safedse,p_rasta,place,0,DIFFERENT_FCR node 9 -> core 2 (node 1 on 1),placement,UNSAT,True,,,False,placement,True,2,,
solution,ext,p_rasta,place,0,DIFFERENT_FCR node 9 -> core 2 (node 1 on 1),placement,UNSAT,True,,,False,placement,True,2,,
solution,safedse,p_rasta,place,1,DIFFERENT_FCR node 20 -> core 2 (node 5 on 1),placement,UNSAT,True,,,False,placement,True,2,,
solution,ext,p_rasta,place,1,DIFFERENT_FCR node 20 -> core 2 (node 5 on 1),placement,UNSAT,True,,,False,placement,True,2,,
solution,safedse,p_rasta,place,2,DIFFERENT node 26 -> core 1 (node 7 on 1),placement,UNSAT,True,,,False,placement,True,2,,
solution,ext,p_rasta,place,2,DIFFERENT node 26 -> core 1 (node 7 on 1),placement,UNSAT,True,,,False,placement,True,2,,
solution,safedse,p_rasta,sil_node,1,node 2 SIL 1 -> 0,sil_actor,UNSAT,True,,,False,sil_actor,True,2,,
solution,ext,p_rasta,sil_node,1,node 2 SIL 1 -> 0,sil_actor,UNSAT,True,,,False,sil_actor,True,2,,
solution,safedse,p_rasta,sil_node,3,node 4 SIL 1 -> 0,sil_actor,UNSAT,True,,,False,sil_actor,True,2,,
solution,ext,p_rasta,sil_node,3,node 4 SIL 1 -> 0,sil_actor,UNSAT,True,,,False,sil_actor,True,2,,
solution,safedse,p_rasta,sil_node,4,node 5 SIL 3 -> 2,sil_actor,UNSAT,True,,,False,sil_actor,True,2,,
solution,ext,p_rasta,sil_node,4,node 5 SIL 3 -> 2,sil_actor,UNSAT,True,,,False,sil_actor,True,2,,
solution,safedse,p_rasta,sil_node,7,node 9 SIL 3 -> 2,sil_actor,UNSAT,True,,,False,sil_actor,True,2,,
solution,ext,p_rasta,sil_node,7,node 9 SIL 3 -> 2,sil_actor,UNSAT,True,,,False,sil_actor,True,2,,
solution,safedse,p_rasta,sil_node,9,node 26 SIL 2 -> 1,sil_actor,UNSAT,True,,,False,sil_actor,True,2,,
solution,ext,p_rasta,sil_node,9,node 26 SIL 2 -> 1,sil_actor,UNSAT,True,,,False,sil_actor,True,2,,
solution,safedse,p_rasta,sil_core,0,core 1 and its nodes SIL 3 -> 2,sil_actor,UNSAT,True,,,False,sil_actor,True,2,,
solution,ext,p_rasta,sil_core,0,core 1 and its nodes SIL 3 -> 2,sil_actor,UNSAT,True,,,False,sil_actor,True,2,,
solution,safedse,p_rasta,sil_core,1,core 3 and its nodes SIL 3 -> 2,sil_actor,UNSAT,True,,,False,sil_actor,True,2,,
solution,ext,p_rasta,sil_core,1,core 3 and its nodes SIL 3 -> 2,sil_actor,UNSAT,True,,,False,sil_actor,True,2,,
solution,safedse,p_rasta,period,0,app 1 period 1012 -> 1011,period,UNSAT,True,,,False,load;period,True,2,,
solution,ext,p_rasta,period,0,app 1 period 1012 -> 1011,period,UNSAT,True,,,False,load;period,True,2,,
solution,safedse,p_rasta,wcet,0,node 1 WCET 141 -> 70,wcet,UNSAT,True,,,True,,False,0,,
solution,ext,p_rasta,wcet,0,node 1 WCET 141 -> 70,wcet,UNSAT,True,,,False,wcet,True,2,,
solution,safedse,p_rasta,wcet,1,node 2 WCET 31 -> 15,wcet,UNSAT,True,,,True,,False,0,,
solution,ext,p_rasta,wcet,1,node 2 WCET 31 -> 15,wcet,UNSAT,True,,,False,wcet,True,2,,
solution,safedse,p_rasta,wcet,3,node 4 WCET 108 -> 54,wcet,UNSAT,True,,,True,,False,0,,
solution,ext,p_rasta,wcet,3,node 4 WCET 108 -> 54,wcet,UNSAT,True,,,False,wcet,True,2,,
solution,safedse,p_rasta,wcet,4,node 5 WCET 170 -> 85,wcet,UNSAT,True,,,True,,False,0,,
solution,ext,p_rasta,wcet,4,node 5 WCET 170 -> 85,wcet,UNSAT,True,,,False,wcet,True,2,,
solution,safedse,p_rasta,wcet,9,node 26 WCET 40 -> 20,wcet,UNSAT,True,,,True,,False,0,,
solution,ext,p_rasta,wcet,9,node 26 WCET 40 -> 20,wcet,UNSAT,True,,,False,wcet,True,2,,
solution,safedse,p_rasta,order_split,0,core 1: static order cut after node 1,order,UNSAT,True,,,False,load,False,2,,
solution,ext,p_rasta,order_split,0,core 1: static order cut after node 1,order,UNSAT,True,,,False,load;order,True,2,,
solution,safedse,p_rasta,order_split,1,core 3: static order cut after node 9,order,UNSAT,True,,,True,,False,0,,
solution,ext,p_rasta,order_split,1,core 3: static order cut after node 9,order,UNSAT,True,,,False,order,True,2,,
solution,safedse,p_rasta,order_cycle,0,core 1: static order closed into a cycle,order,UNSAT,True,,,False,load,False,2,,
solution,ext,p_rasta,order_cycle,0,core 1: static order closed into a cycle,order,UNSAT,True,,,False,load;order,True,2,,
solution,safedse,p_rasta,order_cycle,1,core 3: static order closed into a cycle,order,UNSAT,True,,,True,,False,0,,
solution,ext,p_rasta,order_cycle,1,core 3: static order closed into a cycle,order,UNSAT,True,,,False,order,True,2,,
solution,safedse,p_rasta,order_cross,0,static order of core 1 continues on core 3,order,UNSAT,True,,,True,,False,0,,
solution,ext,p_rasta,order_cross,0,static order of core 1 continues on core 3,order,UNSAT,True,,,False,order,True,2,,
solution,safedse,p_rasta,deactivate,0,component node 9 (c_rasta.frontEnd~1) deactivated,activation,UNSAT,True,,,True,,False,0,,
solution,ext,p_rasta,deactivate,0,component node 9 (c_rasta.frontEnd~1) deactivated,activation,UNSAT,True,,,False,activation,True,2,,
solution,safedse,p_rasta,deactivate,1,component node 20 (c_rasta.compJah~1) deactivated,activation,UNSAT,True,,,True,,False,0,,
solution,ext,p_rasta,deactivate,1,component node 20 (c_rasta.compJah~1) deactivated,activation,UNSAT,True,,,False,activation,True,2,,
solution,safedse,p_rasta,deactivate,2,component node 26 (c_rasta.backEnd~0) deactivated,activation,UNSAT,True,,,True,,False,0,,
solution,ext,p_rasta,deactivate,2,component node 26 (c_rasta.backEnd~0) deactivated,activation,UNSAT,True,,,False,activation,True,2,,
solution,safedse,p_rasta,pattern_none,0,actor c_rasta.frontEnd (SIL 3) without pattern,activation,UNSAT,True,,,True,,False,0,,
solution,ext,p_rasta,pattern_none,0,actor c_rasta.frontEnd (SIL 3) without pattern,activation,UNSAT,True,,,False,activation,True,2,,
solution,safedse,p_rasta,pattern_none,1,actor c_rasta.compJah (SIL 3) without pattern,activation,UNSAT,True,,,True,,False,0,,
solution,ext,p_rasta,pattern_none,1,actor c_rasta.compJah (SIL 3) without pattern,activation,UNSAT,True,,,False,activation,True,2,,
solution,safedse,p_rasta,pattern_none,2,actor c_rasta.backEnd (SIL 2) without pattern,activation,UNSAT,True,,,True,,False,0,,
solution,ext,p_rasta,pattern_none,2,actor c_rasta.backEnd (SIL 2) without pattern,activation,UNSAT,True,,,False,activation,True,2,,
solution,safedse,p_rasta,drop_field,0,field pat missing from the solution file,input,N/A,by construction,,,True,,False,0,,
solution,ext,p_rasta,drop_field,0,field pat missing from the solution file,input,N/A,by construction,,,False,input,True,2,,
solution,safedse,p_rasta,drop_field,1,field sil_impl missing from the solution file,input,N/A,by construction,,,False,crash,False,2,,
solution,ext,p_rasta,drop_field,1,field sil_impl missing from the solution file,input,N/A,by construction,,,False,input,True,2,,
solution,safedse,p_rasta,cost,0,total cost 3330 -> 3329,cost,COSTS,True,,,True,,False,0,,
solution,ext,p_rasta,cost,0,total cost 3330 -> 3329,cost,COSTS,True,,,False,cost,True,2,,
solution,safedse,pc_sobel,place,0,DIFFERENT_FCR node 6 -> core 1 (node 1 on 1),placement,UNSAT,True,,,False,placement,True,2,,
solution,ext,pc_sobel,place,0,DIFFERENT_FCR node 6 -> core 1 (node 1 on 1),placement,UNSAT,True,,,False,placement,True,2,,
solution,safedse,pc_sobel,sil_node,0,node 1 SIL 3 -> 2,sil_actor,UNSAT,True,,,False,isolation;sil_actor,True,2,,
solution,ext,pc_sobel,sil_node,0,node 1 SIL 3 -> 2,sil_actor,UNSAT,True,,,False,isolation;sil_actor,True,2,,
solution,safedse,pc_sobel,sil_node,1,node 2 SIL 1 -> 0,sil_actor,UNSAT,True,,,False,isolation;sil_actor,True,2,,
solution,ext,pc_sobel,sil_node,1,node 2 SIL 1 -> 0,sil_actor,UNSAT,True,,,False,isolation;sil_actor,True,2,,
solution,safedse,pc_sobel,sil_node,2,node 3 SIL 1 -> 0,sil_actor,UNSAT,True,,,False,isolation;sil_actor,True,2,,
solution,ext,pc_sobel,sil_node,2,node 3 SIL 1 -> 0,sil_actor,UNSAT,True,,,False,isolation;sil_actor,True,2,,
solution,safedse,pc_sobel,sil_node,3,node 4 SIL 1 -> 0,sil_actor,UNSAT,True,,,False,isolation;sil_actor,True,2,,
solution,ext,pc_sobel,sil_node,3,node 4 SIL 1 -> 0,sil_actor,UNSAT,True,,,False,isolation;sil_actor,True,2,,
solution,safedse,pc_sobel,sil_node,4,node 6 SIL 3 -> 2,sil_actor,UNSAT,True,,,False,isolation;sil_actor,True,2,,
solution,ext,pc_sobel,sil_node,4,node 6 SIL 3 -> 2,sil_actor,UNSAT,True,,,False,isolation;sil_actor,True,2,,
solution,safedse,pc_sobel,sil_core,0,core 1 and its nodes SIL 3 -> 2,sil_actor,UNSAT,True,,,False,sil_actor,True,2,,
solution,ext,pc_sobel,sil_core,0,core 1 and its nodes SIL 3 -> 2,sil_actor,UNSAT,True,,,False,sil_actor,True,2,,
solution,safedse,pc_sobel,sil_core,1,core 2 and its nodes SIL 1 -> 0,sil_actor,UNSAT,True,,,False,sil_actor,True,2,,
solution,ext,pc_sobel,sil_core,1,core 2 and its nodes SIL 1 -> 0,sil_actor,UNSAT,True,,,False,sil_actor,True,2,,
solution,safedse,pc_sobel,sil_core,2,core 3 and its nodes SIL 3 -> 2,sil_actor,UNSAT,True,,,False,sil_actor,True,2,,
solution,ext,pc_sobel,sil_core,2,core 3 and its nodes SIL 3 -> 2,sil_actor,UNSAT,True,,,False,sil_actor,True,2,,
solution,safedse,pc_sobel,mix,0,"core 2: node 2 promoted to 2, others at 1, no partitioning",isolation,UNSAT,True,,,False,isolation,True,2,,
solution,ext,pc_sobel,mix,0,"core 2: node 2 promoted to 2, others at 1, no partitioning",isolation,UNSAT,True,,,False,isolation,True,2,,
solution,safedse,pc_sobel,part_forge,0,"core 2: partitioning on a non-partitionable type, node 2 at SIL 2",isolation,UNSAT,True,,,True,,False,0,,
solution,ext,pc_sobel,part_forge,0,"core 2: partitioning on a non-partitionable type, node 2 at SIL 2",isolation,UNSAT,True,,,False,isolation,True,2,,
solution,safedse,pc_sobel,period,0,app 1 period 371 -> 370,period,UNSAT,True,,,False,period,True,2,,
solution,ext,pc_sobel,period,0,app 1 period 371 -> 370,period,UNSAT,True,,,False,period,True,2,,
solution,safedse,pc_sobel,wcet,0,node 1 WCET 256 -> 128,wcet,UNSAT,True,,,True,,False,0,,
solution,ext,pc_sobel,wcet,0,node 1 WCET 256 -> 128,wcet,UNSAT,True,,,False,wcet,True,2,,
solution,safedse,pc_sobel,wcet,1,node 2 WCET 93 -> 46,wcet,UNSAT,True,,,True,,False,0,,
solution,ext,pc_sobel,wcet,1,node 2 WCET 93 -> 46,wcet,UNSAT,True,,,False,wcet,True,2,,
solution,safedse,pc_sobel,wcet,2,node 3 WCET 93 -> 46,wcet,UNSAT,True,,,True,,False,0,,
solution,ext,pc_sobel,wcet,2,node 3 WCET 93 -> 46,wcet,UNSAT,True,,,False,wcet,True,2,,
solution,safedse,pc_sobel,wcet,3,node 4 WCET 148 -> 74,wcet,UNSAT,True,,,True,,False,0,,
solution,ext,pc_sobel,wcet,3,node 4 WCET 148 -> 74,wcet,UNSAT,True,,,False,wcet,True,2,,
solution,safedse,pc_sobel,wcet,4,node 6 WCET 115 -> 57,wcet,UNSAT,True,,,True,,False,0,,
solution,ext,pc_sobel,wcet,4,node 6 WCET 115 -> 57,wcet,UNSAT,True,,,False,wcet,True,2,,
solution,safedse,pc_sobel,order_split,0,core 2: static order cut after node 3,order,UNSAT,True,,,True,,False,0,,
solution,ext,pc_sobel,order_split,0,core 2: static order cut after node 3,order,UNSAT,True,,,False,order,True,2,,
solution,safedse,pc_sobel,order_cycle,0,core 2: static order closed into a cycle,order,UNSAT,True,,,True,,False,0,,
solution,ext,pc_sobel,order_cycle,0,core 2: static order closed into a cycle,order,UNSAT,True,,,False,order,True,2,,
solution,safedse,pc_sobel,order_cross,0,static order of core 1 continues on core 2,order,UNSAT,True,,,True,,False,0,,
solution,ext,pc_sobel,order_cross,0,static order of core 1 continues on core 2,order,UNSAT,True,,,False,order,True,2,,
solution,safedse,pc_sobel,order_cross,1,static order of core 2 continues on core 3,order,UNSAT,True,,,True,,False,0,,
solution,ext,pc_sobel,order_cross,1,static order of core 2 continues on core 3,order,UNSAT,True,,,False,order,True,2,,
solution,safedse,pc_sobel,deactivate,0,component node 6 (a_sobel.get_pixel~1) deactivated,activation,UNSAT,True,,,True,,False,0,,
solution,ext,pc_sobel,deactivate,0,component node 6 (a_sobel.get_pixel~1) deactivated,activation,UNSAT,True,,,False,activation,True,2,,
solution,safedse,pc_sobel,pattern_none,0,actor a_sobel.get_pixel (SIL 3) without pattern,activation,UNSAT,True,,,True,,False,0,,
solution,ext,pc_sobel,pattern_none,0,actor a_sobel.get_pixel (SIL 3) without pattern,activation,UNSAT,True,,,False,activation,True,2,,
solution,safedse,pc_sobel,drop_field,0,field pat missing from the solution file,input,N/A,by construction,,,True,,False,0,,
solution,ext,pc_sobel,drop_field,0,field pat missing from the solution file,input,N/A,by construction,,,False,input,True,2,,
solution,safedse,pc_sobel,drop_field,1,field sil_impl missing from the solution file,input,N/A,by construction,,,False,crash,False,2,,
solution,ext,pc_sobel,drop_field,1,field sil_impl missing from the solution file,input,N/A,by construction,,,False,input,True,2,,
solution,safedse,pc_sobel,cost,0,total cost 1405 -> 1404,cost,COSTS,True,,,True,,False,0,,
solution,ext,pc_sobel,cost,0,total cost 1405 -> 1404,cost,COSTS,True,,,False,cost,True,2,,
solution,safedse,v_nvp,place,0,DIFFERENT_FCR node 8 -> core 8 (node 1 on 7),placement,UNSAT,True,,,False,placement,True,2,,
solution,ext,v_nvp,place,0,DIFFERENT_FCR node 8 -> core 8 (node 1 on 7),placement,UNSAT,True,,,False,placement,True,2,,
solution,safedse,v_nvp,place,1,DIFFERENT_FCR node 9 -> core 8 (node 1 on 7),placement,UNSAT,True,,,False,placement,True,2,,
solution,ext,v_nvp,place,1,DIFFERENT_FCR node 9 -> core 8 (node 1 on 7),placement,UNSAT,True,,,False,placement,True,2,,
solution,safedse,v_nvp,place,2,DIFFERENT_FCR node 10 -> core 8 (node 1 on 7),placement,UNSAT,True,,,False,placement,True,2,,
solution,ext,v_nvp,place,2,DIFFERENT_FCR node 10 -> core 8 (node 1 on 7),placement,UNSAT,True,,,False,placement,True,2,,
solution,safedse,v_nvp,place,3,DIFFERENT_FCR node 15 -> core 8 (node 14 on 7),placement,UNSAT,True,,,False,placement,True,2,,
solution,ext,v_nvp,place,3,DIFFERENT_FCR node 15 -> core 8 (node 14 on 7),placement,UNSAT,True,,,False,placement,True,2,,
solution,safedse,v_nvp,place,4,DIFFERENT_FCR node 18 -> core 13 (node 7 on 14),placement,UNSAT,True,,,False,placement,True,2,,
solution,ext,v_nvp,place,4,DIFFERENT_FCR node 18 -> core 13 (node 7 on 14),placement,UNSAT,True,,,False,placement,True,2,,
solution,safedse,v_nvp,sil_node,1,node 2 SIL 1 -> 0,sil_actor,UNSAT,True,,,False,isolation;sil_actor,True,2,,
solution,ext,v_nvp,sil_node,1,node 2 SIL 1 -> 0,sil_actor,UNSAT,True,,,False,isolation;sil_actor,True,2,,
solution,safedse,v_nvp,sil_node,4,node 5 SIL 3 -> 2,sil_actor,UNSAT,True,,,False,isolation;sil_actor,True,2,,
solution,ext,v_nvp,sil_node,4,node 5 SIL 3 -> 2,sil_actor,UNSAT,True,,,False,isolation;sil_actor,True,2,,
solution,safedse,v_nvp,sil_node,5,node 6 SIL 1 -> 0,sil_actor,UNSAT,True,,,False,isolation;sil_actor,True,2,,
solution,ext,v_nvp,sil_node,5,node 6 SIL 1 -> 0,sil_actor,UNSAT,True,,,False,isolation;sil_actor,True,2,,
solution,safedse,v_nvp,sil_node,11,node 15 SIL 3 -> 2,sil_actor,UNSAT,True,,,False,isolation;sil_actor,True,2,,
solution,ext,v_nvp,sil_node,11,node 15 SIL 3 -> 2,sil_actor,UNSAT,True,,,False,isolation;sil_actor,True,2,,
solution,safedse,v_nvp,sil_node,13,node 18 SIL 2 -> 1,sil_actor,UNSAT,True,,,False,isolation;sil_actor,True,2,,
solution,ext,v_nvp,sil_node,13,node 18 SIL 2 -> 1,sil_actor,UNSAT,True,,,False,isolation;sil_actor,True,2,,
solution,safedse,v_nvp,sil_core,0,core 1 and its nodes SIL 3 -> 2,sil_actor,UNSAT,True,,,False,sil_actor,True,2,,
solution,ext,v_nvp,sil_core,0,core 1 and its nodes SIL 3 -> 2,sil_actor,UNSAT,True,,,False,sil_actor,True,2,,
solution,safedse,v_nvp,sil_core,1,core 2 and its nodes SIL 2 -> 1,sil_actor,UNSAT,True,,,False,sil_actor,True,2,,
solution,ext,v_nvp,sil_core,1,core 2 and its nodes SIL 2 -> 1,sil_actor,UNSAT,True,,,False,sil_actor,True,2,,
solution,safedse,v_nvp,sil_core,2,core 7 and its nodes SIL 3 -> 2,sil_actor,UNSAT,True,,,False,sil_actor,True,2,,
solution,ext,v_nvp,sil_core,2,core 7 and its nodes SIL 3 -> 2,sil_actor,UNSAT,True,,,False,sil_actor,True,2,,
solution,safedse,v_nvp,sil_core,4,core 14 and its nodes SIL 2 -> 1,sil_actor,UNSAT,True,,,False,sil_actor,True,2,,
solution,ext,v_nvp,sil_core,4,core 14 and its nodes SIL 2 -> 1,sil_actor,UNSAT,True,,,False,sil_actor,True,2,,
solution,safedse,v_nvp,sil_core,5,core 29 and its nodes SIL 3 -> 2,sil_actor,UNSAT,True,,,False,sil_actor,True,2,,
solution,ext,v_nvp,sil_core,5,core 29 and its nodes SIL 3 -> 2,sil_actor,UNSAT,True,,,False,sil_actor,True,2,,
solution,safedse,v_nvp,ceiling,0,core 13 (type ceiling 2) provisioned to 3,isolation,UNSAT,True,,,False,isolation,True,2,,
solution,ext,v_nvp,ceiling,0,core 13 (type ceiling 2) provisioned to 3,isolation,UNSAT,True,,,False,isolation,True,2,,
solution,safedse,v_nvp,ceiling,1,core 14 (type ceiling 2) provisioned to 3,isolation,UNSAT,True,,,False,isolation,True,2,,
solution,ext,v_nvp,ceiling,1,core 14 (type ceiling 2) provisioned to 3,isolation,UNSAT,True,,,False,isolation,True,2,,
solution,safedse,v_nvp,mix,0,"core 1: node 5 promoted to 4, others at 3, no partitioning",isolation,UNSAT,True,,,False,isolation,True,2,,
solution,ext,v_nvp,mix,0,"core 1: node 5 promoted to 4, others at 3, no partitioning",isolation,UNSAT,True,,,False,isolation,True,2,,
solution,safedse,v_nvp,mix,1,"core 7: node 1 promoted to 4, others at 3, no partitioning",isolation,UNSAT,True,,,False,isolation,True,2,,
solution,ext,v_nvp,mix,1,"core 7: node 1 promoted to 4, others at 3, no partitioning",isolation,UNSAT,True,,,False,isolation,True,2,,
solution,safedse,v_nvp,mix,2,"core 13: node 2 promoted to 2, others at 1, no partitioning",isolation,UNSAT,True,,,False,isolation,True,2,,
solution,ext,v_nvp,mix,2,"core 13: node 2 promoted to 2, others at 1, no partitioning",isolation,UNSAT,True,,,False,isolation,True,2,,
solution,safedse,v_nvp,mix,3,"core 29: node 9 promoted to 4, others at 3, no partitioning",isolation,UNSAT,True,,,False,isolation,True,2,,
solution,ext,v_nvp,mix,3,"core 29: node 9 promoted to 4, others at 3, no partitioning",isolation,UNSAT,True,,,False,isolation,True,2,,
solution,safedse,v_nvp,part_forge,0,"core 1: partitioning on a non-partitionable type, node 5 at SIL 4",isolation,UNSAT,True,,,True,,False,0,,
solution,ext,v_nvp,part_forge,0,"core 1: partitioning on a non-partitionable type, node 5 at SIL 4",isolation,UNSAT,True,,,False,isolation,True,2,,
solution,safedse,v_nvp,part_forge,1,"core 7: partitioning on a non-partitionable type, node 1 at SIL 4",isolation,UNSAT,True,,,True,,False,0,,
solution,ext,v_nvp,part_forge,1,"core 7: partitioning on a non-partitionable type, node 1 at SIL 4",isolation,UNSAT,True,,,False,isolation,True,2,,
solution,safedse,v_nvp,part_forge,2,"core 13: partitioning on a non-partitionable type, node 2 at SIL 2",isolation,UNSAT,True,,,True,,False,0,,
solution,ext,v_nvp,part_forge,2,"core 13: partitioning on a non-partitionable type, node 2 at SIL 2",isolation,UNSAT,True,,,False,isolation,True,2,,
solution,safedse,v_nvp,part_forge,3,"core 29: partitioning on a non-partitionable type, node 9 at SIL 4",isolation,UNSAT,True,,,True,,False,0,,
solution,ext,v_nvp,part_forge,3,"core 29: partitioning on a non-partitionable type, node 9 at SIL 4",isolation,UNSAT,True,,,False,isolation,True,2,,
solution,safedse,v_nvp,period,0,app 1 period 1185 -> 1184,period,UNSAT,True,,,False,period,True,2,,
solution,ext,v_nvp,period,0,app 1 period 1185 -> 1184,period,UNSAT,True,,,False,period,True,2,,
solution,safedse,v_nvp,wcet,2,node 3 WCET 376 -> 188,wcet,UNSAT,True,,,True,,False,0,,
solution,ext,v_nvp,wcet,2,node 3 WCET 376 -> 188,wcet,UNSAT,True,,,False,wcet,True,2,,
solution,safedse,v_nvp,wcet,3,node 4 WCET 173 -> 86,wcet,UNSAT,True,,,True,,False,0,,
solution,ext,v_nvp,wcet,3,node 4 WCET 173 -> 86,wcet,UNSAT,True,,,False,wcet,True,2,,
solution,safedse,v_nvp,wcet,5,node 6 WCET 310 -> 155,wcet,UNSAT,True,,,True,,False,0,,
solution,ext,v_nvp,wcet,5,node 6 WCET 310 -> 155,wcet,UNSAT,True,,,False,wcet,True,2,,
solution,safedse,v_nvp,wcet,9,node 10 WCET 42 -> 21,wcet,UNSAT,True,,,True,,False,0,,
solution,ext,v_nvp,wcet,9,node 10 WCET 42 -> 21,wcet,UNSAT,True,,,False,wcet,True,2,,
solution,safedse,v_nvp,wcet,11,node 15 WCET 212 -> 106,wcet,UNSAT,True,,,True,,False,0,,
solution,ext,v_nvp,wcet,11,node 15 WCET 212 -> 106,wcet,UNSAT,True,,,False,wcet,True,2,,
solution,safedse,v_nvp,order_split,0,core 7: static order cut after node 1,order,UNSAT,True,,,True,,False,0,,
solution,ext,v_nvp,order_split,0,core 7: static order cut after node 1,order,UNSAT,True,,,False,order,True,2,,
solution,safedse,v_nvp,order_split,1,core 13: static order cut after node 2,order,UNSAT,True,,,True,,False,0,,
solution,ext,v_nvp,order_split,1,core 13: static order cut after node 2,order,UNSAT,True,,,False,order,True,2,,
solution,safedse,v_nvp,order_split,2,core 1: static order cut after node 8,order,UNSAT,True,,,True,,False,0,,
solution,ext,v_nvp,order_split,2,core 1: static order cut after node 8,order,UNSAT,True,,,False,order,True,2,,
solution,safedse,v_nvp,order_split,3,core 29: static order cut after node 9,order,UNSAT,True,,,True,,False,0,,
solution,ext,v_nvp,order_split,3,core 29: static order cut after node 9,order,UNSAT,True,,,False,order,True,2,,
solution,safedse,v_nvp,order_cycle,0,core 7: static order closed into a cycle,order,UNSAT,True,,,True,,False,0,,
solution,ext,v_nvp,order_cycle,0,core 7: static order closed into a cycle,order,UNSAT,True,,,False,order,True,2,,
solution,safedse,v_nvp,order_cycle,1,core 13: static order closed into a cycle,order,UNSAT,True,,,True,,False,0,,
solution,ext,v_nvp,order_cycle,1,core 13: static order closed into a cycle,order,UNSAT,True,,,False,order,True,2,,
solution,safedse,v_nvp,order_cycle,2,core 1: static order closed into a cycle,order,UNSAT,True,,,True,,False,0,,
solution,ext,v_nvp,order_cycle,2,core 1: static order closed into a cycle,order,UNSAT,True,,,False,order,True,2,,
solution,safedse,v_nvp,order_cycle,3,core 29: static order closed into a cycle,order,UNSAT,True,,,True,,False,0,,
solution,ext,v_nvp,order_cycle,3,core 29: static order closed into a cycle,order,UNSAT,True,,,False,order,True,2,,
solution,safedse,v_nvp,order_cross,0,static order of core 1 continues on core 2,order,UNSAT,True,,,True,,False,0,,
solution,ext,v_nvp,order_cross,0,static order of core 1 continues on core 2,order,UNSAT,True,,,False,order,True,2,,
solution,safedse,v_nvp,order_cross,1,static order of core 13 continues on core 14,order,UNSAT,True,,,True,,False,0,,
solution,ext,v_nvp,order_cross,1,static order of core 13 continues on core 14,order,UNSAT,True,,,False,order,True,2,,
solution,safedse,v_nvp,deactivate,1,component node 9 (c_rasta.frontEnd~1) deactivated,activation,UNSAT,True,,,True,,False,0,,
solution,ext,v_nvp,deactivate,1,component node 9 (c_rasta.frontEnd~1) deactivated,activation,UNSAT,True,,,False,activation,True,2,,
solution,safedse,v_nvp,deactivate,2,component node 10 (c_rasta.frontEnd~2) deactivated,activation,UNSAT,True,,,True,,False,0,,
solution,ext,v_nvp,deactivate,2,component node 10 (c_rasta.frontEnd~2) deactivated,activation,UNSAT,True,,,False,activation,True,2,,
solution,safedse,v_nvp,deactivate,3,component node 14 (c_rasta.compJah~0) deactivated,activation,UNSAT,True,,,True,,False,0,,
solution,ext,v_nvp,deactivate,3,component node 14 (c_rasta.compJah~0) deactivated,activation,UNSAT,True,,,False,activation,True,2,,
solution,safedse,v_nvp,deactivate,4,component node 15 (c_rasta.compJah~1) deactivated,activation,UNSAT,True,,,True,,False,0,,
solution,ext,v_nvp,deactivate,4,component node 15 (c_rasta.compJah~1) deactivated,activation,UNSAT,True,,,False,activation,True,2,,
solution,safedse,v_nvp,deactivate,6,component node 18 (c_rasta.backEnd~0) deactivated,activation,UNSAT,True,,,True,,False,0,,
solution,ext,v_nvp,deactivate,6,component node 18 (c_rasta.backEnd~0) deactivated,activation,UNSAT,True,,,False,activation,True,2,,
solution,safedse,v_nvp,pattern_none,0,actor c_rasta.frontEnd (SIL 3) without pattern,activation,UNSAT,True,,,True,,False,0,,
solution,ext,v_nvp,pattern_none,0,actor c_rasta.frontEnd (SIL 3) without pattern,activation,UNSAT,True,,,False,activation,True,2,,
solution,safedse,v_nvp,pattern_none,1,actor c_rasta.compJah (SIL 3) without pattern,activation,UNSAT,True,,,True,,False,0,,
solution,ext,v_nvp,pattern_none,1,actor c_rasta.compJah (SIL 3) without pattern,activation,UNSAT,True,,,False,activation,True,2,,
solution,safedse,v_nvp,pattern_none,2,actor c_rasta.backEnd (SIL 2) without pattern,activation,UNSAT,True,,,True,,False,0,,
solution,ext,v_nvp,pattern_none,2,actor c_rasta.backEnd (SIL 2) without pattern,activation,UNSAT,True,,,False,activation,True,2,,
solution,safedse,v_nvp,drop_field,0,field pat missing from the solution file,input,N/A,by construction,,,True,,False,0,,
solution,ext,v_nvp,drop_field,0,field pat missing from the solution file,input,N/A,by construction,,,False,input,True,2,,
solution,safedse,v_nvp,drop_field,1,field sil_impl missing from the solution file,input,N/A,by construction,,,False,crash,False,2,,
solution,ext,v_nvp,drop_field,1,field sil_impl missing from the solution file,input,N/A,by construction,,,False,input,True,2,,
solution,safedse,v_nvp,cost,0,total cost 5680 -> 5679,cost,COSTS,True,,,True,,False,0,,
solution,ext,v_nvp,cost,0,total cost 5680 -> 5679,cost,COSTS,True,,,False,cost,True,2,,
solution,safedse,m_3app,place,1,DIFFERENT node 6 -> core 7 (node 2 on 7),placement,UNSAT,True,,,False,placement,True,2,,
solution,ext,m_3app,place,1,DIFFERENT node 6 -> core 7 (node 2 on 7),placement,UNSAT,True,,,False,placement,True,2,,
solution,safedse,m_3app,place,2,DIFFERENT node 7 -> core 7 (node 3 on 7),placement,UNSAT,True,,,False,placement,True,2,,
solution,ext,m_3app,place,2,DIFFERENT node 7 -> core 7 (node 3 on 7),placement,UNSAT,True,,,False,placement,True,2,,
solution,safedse,m_3app,place,4,DIFFERENT_FCR node 27 -> core 2 (node 19 on 1),placement,UNSAT,True,,,False,placement,True,2,,
solution,ext,m_3app,place,4,DIFFERENT_FCR node 27 -> core 2 (node 19 on 1),placement,UNSAT,True,,,False,placement,True,2,,
solution,safedse,m_3app,place,5,DIFFERENT_FCR node 38 -> core 4 (node 23 on 3),placement,UNSAT,True,,,False,placement,True,2,,
solution,ext,m_3app,place,5,DIFFERENT_FCR node 38 -> core 4 (node 23 on 3),placement,UNSAT,True,,,False,placement,True,2,,
solution,safedse,m_3app,place,6,DIFFERENT node 44 -> core 8 (node 25 on 8),placement,UNSAT,True,,,False,placement,True,2,,
solution,ext,m_3app,place,6,DIFFERENT node 44 -> core 8 (node 25 on 8),placement,UNSAT,True,,,False,placement,True,2,,
solution,safedse,m_3app,sil_node,2,node 3 SIL 2 -> 1,sil_actor,UNSAT,True,,,False,isolation;sil_actor,True,2,,
solution,ext,m_3app,sil_node,2,node 3 SIL 2 -> 1,sil_actor,UNSAT,True,,,False,isolation;sil_actor,True,2,,
solution,safedse,m_3app,sil_node,6,node 7 SIL 2 -> 1,sil_actor,UNSAT,True,,,False,isolation;sil_actor,True,2,,
solution,ext,m_3app,sil_node,6,node 7 SIL 2 -> 1,sil_actor,UNSAT,True,,,False,isolation;sil_actor,True,2,,
solution,safedse,m_3app,sil_node,15,node 27 SIL 3 -> 2,sil_actor,UNSAT,True,,,False,isolation;sil_actor,True,2,,
solution,ext,m_3app,sil_node,15,node 27 SIL 3 -> 2,sil_actor,UNSAT,True,,,False,isolation;sil_actor,True,2,,
solution,safedse,m_3app,sil_node,16,node 38 SIL 3 -> 2,sil_actor,UNSAT,True,,,False,isolation;sil_actor,True,2,,
solution,ext,m_3app,sil_node,16,node 38 SIL 3 -> 2,sil_actor,UNSAT,True,,,False,isolation;sil_actor,True,2,,
solution,safedse,m_3app,sil_node,17,node 44 SIL 2 -> 1,sil_actor,UNSAT,True,,,False,isolation;sil_actor,True,2,,
solution,ext,m_3app,sil_node,17,node 44 SIL 2 -> 1,sil_actor,UNSAT,True,,,False,isolation;sil_actor,True,2,,
solution,safedse,m_3app,sil_core,0,core 1 and its nodes SIL 3 -> 2,sil_actor,UNSAT,True,,,False,sil_actor,True,2,,
solution,ext,m_3app,sil_core,0,core 1 and its nodes SIL 3 -> 2,sil_actor,UNSAT,True,,,False,sil_actor,True,2,,
solution,safedse,m_3app,sil_core,1,core 3 and its nodes SIL 3 -> 2,sil_actor,UNSAT,True,,,False,sil_actor,True,2,,
solution,ext,m_3app,sil_core,1,core 3 and its nodes SIL 3 -> 2,sil_actor,UNSAT,True,,,False,sil_actor,True,2,,
solution,safedse,m_3app,sil_core,2,core 7 and its nodes SIL 2 -> 1,sil_actor,UNSAT,True,,,False,sil_actor,True,2,,
solution,ext,m_3app,sil_core,2,core 7 and its nodes SIL 2 -> 1,sil_actor,UNSAT,True,,,False,sil_actor,True,2,,
solution,safedse,m_3app,sil_core,3,core 8 and its nodes SIL 2 -> 1,sil_actor,UNSAT,True,,,False,sil_actor,True,2,,
solution,ext,m_3app,sil_core,3,core 8 and its nodes SIL 2 -> 1,sil_actor,UNSAT,True,,,False,sil_actor,True,2,,
solution,safedse,m_3app,sil_core,4,core 10 and its nodes SIL 1 -> 0,sil_actor,UNSAT,True,,,False,sil_actor,True,2,,
solution,ext,m_3app,sil_core,4,core 10 and its nodes SIL 1 -> 0,sil_actor,UNSAT,True,,,False,sil_actor,True,2,,
solution,safedse,m_3app,ceiling,0,core 7 (type ceiling 2) provisioned to 3,isolation,UNSAT,True,,,False,isolation,True,2,,
solution,ext,m_3app,ceiling,0,core 7 (type ceiling 2) provisioned to 3,isolation,UNSAT,True,,,False,isolation,True,2,,
solution,safedse,m_3app,ceiling,1,core 8 (type ceiling 2) provisioned to 3,isolation,UNSAT,True,,,False,isolation,True,2,,
solution,ext,m_3app,ceiling,1,core 8 (type ceiling 2) provisioned to 3,isolation,UNSAT,True,,,False,isolation,True,2,,
solution,safedse,m_3app,ceiling,2,core 9 (type ceiling 2) provisioned to 3,isolation,UNSAT,True,,,False,isolation,True,2,,
solution,ext,m_3app,ceiling,2,core 9 (type ceiling 2) provisioned to 3,isolation,UNSAT,True,,,False,isolation,True,2,,
solution,safedse,m_3app,ceiling,3,core 10 (type ceiling 2) provisioned to 3,isolation,UNSAT,True,,,False,isolation,True,2,,
solution,ext,m_3app,ceiling,3,core 10 (type ceiling 2) provisioned to 3,isolation,UNSAT,True,,,False,isolation,True,2,,
solution,safedse,m_3app,mix,0,"core 1: node 19 promoted to 4, others at 3, no partitioning",isolation,UNSAT,True,,,False,isolation,True,2,,
solution,ext,m_3app,mix,0,"core 1: node 19 promoted to 4, others at 3, no partitioning",isolation,UNSAT,True,,,False,isolation,True,2,,
solution,safedse,m_3app,mix,1,"core 3: node 23 promoted to 4, others at 3, no partitioning",isolation,UNSAT,True,,,False,isolation,True,2,,
solution,ext,m_3app,mix,1,"core 3: node 23 promoted to 4, others at 3, no partitioning",isolation,UNSAT,True,,,False,isolation,True,2,,
solution,safedse,m_3app,mix,2,"core 9: node 9 promoted to 1, others at 0, no partitioning",isolation,UNSAT,True,,,False,isolation,True,2,,
solution,ext,m_3app,mix,2,"core 9: node 9 promoted to 1, others at 0, no partitioning",isolation,UNSAT,True,,,False,isolation,True,2,,
solution,safedse,m_3app,mix,3,"core 10: node 20 promoted to 2, others at 1, no partitioning",isolation,UNSAT,True,,,False,isolation,True,2,,
solution,ext,m_3app,mix,3,"core 10: node 20 promoted to 2, others at 1, no partitioning",isolation,UNSAT,True,,,False,isolation,True,2,,
solution,safedse,m_3app,part_forge,0,"core 1: partitioning on a non-partitionable type, node 19 at SIL 4",isolation,UNSAT,True,,,True,,False,0,,
solution,ext,m_3app,part_forge,0,"core 1: partitioning on a non-partitionable type, node 19 at SIL 4",isolation,UNSAT,True,,,False,isolation,True,2,,
solution,safedse,m_3app,part_forge,1,"core 3: partitioning on a non-partitionable type, node 23 at SIL 4",isolation,UNSAT,True,,,True,,False,0,,
solution,ext,m_3app,part_forge,1,"core 3: partitioning on a non-partitionable type, node 23 at SIL 4",isolation,UNSAT,True,,,False,isolation,True,2,,
solution,safedse,m_3app,part_forge,2,"core 9: partitioning on a non-partitionable type, node 9 at SIL 1",isolation,UNSAT,True,,,True,,False,0,,
solution,ext,m_3app,part_forge,2,"core 9: partitioning on a non-partitionable type, node 9 at SIL 1",isolation,UNSAT,True,,,False,isolation,True,2,,
solution,safedse,m_3app,part_forge,3,"core 10: partitioning on a non-partitionable type, node 20 at SIL 2",isolation,UNSAT,True,,,True,,False,0,,
solution,ext,m_3app,part_forge,3,"core 10: partitioning on a non-partitionable type, node 20 at SIL 2",isolation,UNSAT,True,,,False,isolation,True,2,,
solution,safedse,m_3app,period,0,app 1 period 1079 -> 1078,period,UNSAT,True,,,False,period,True,2,,
solution,ext,m_3app,period,0,app 1 period 1079 -> 1078,period,UNSAT,True,,,False,period,True,2,,
solution,safedse,m_3app,period,1,app 2 period 3323 -> 3322,period,UNSAT,True,,,False,load;period,True,2,,
solution,ext,m_3app,period,1,app 2 period 3323 -> 3322,period,UNSAT,True,,,False,load;period,True,2,,
solution,safedse,m_3app,period,2,app 3 period 1079 -> 1078,period,UNSAT,True,,,False,period,True,2,,
solution,ext,m_3app,period,2,app 3 period 1079 -> 1078,period,UNSAT,True,,,False,period,True,2,,
solution,safedse,m_3app,wcet,10,node 11 WCET 1333 -> 666,wcet,UNSAT,True,,,True,,False,0,,
solution,ext,m_3app,wcet,10,node 11 WCET 1333 -> 666,wcet,UNSAT,True,,,False,wcet,True,2,,
solution,safedse,m_3app,wcet,13,node 19 WCET 141 -> 70,wcet,UNSAT,True,,,True,,False,0,,
solution,ext,m_3app,wcet,13,node 19 WCET 141 -> 70,wcet,UNSAT,True,,,False,wcet,True,2,,
solution,safedse,m_3app,wcet,15,node 21 WCET 376 -> 188,wcet,UNSAT,True,,,True,,False,0,,
solution,ext,m_3app,wcet,15,node 21 WCET 376 -> 188,wcet,UNSAT,True,,,False,wcet,True,2,,
solution,safedse,m_3app,wcet,19,node 25 WCET 213 -> 106,wcet,UNSAT,True,,,True,,False,0,,
solution,ext,m_3app,wcet,19,node 25 WCET 213 -> 106,wcet,UNSAT,True,,,False,wcet,True,2,,
solution,safedse,m_3app,wcet,21,node 38 WCET 51 -> 25,wcet,UNSAT,True,,,True,,False,0,,
solution,ext,m_3app,wcet,21,node 38 WCET 51 -> 25,wcet,UNSAT,True,,,False,wcet,True,2,,
solution,safedse,m_3app,order_split,0,core 7: static order cut after node 1,order,UNSAT,True,,,True,,False,0,,
solution,ext,m_3app,order_split,0,core 7: static order cut after node 1,order,UNSAT,True,,,False,order,True,2,,
solution,safedse,m_3app,order_split,1,core 9: static order cut after node 9,order,UNSAT,True,,,False,load,False,2,,
solution,ext,m_3app,order_split,1,core 9: static order cut after node 9,order,UNSAT,True,,,False,load;order,True,2,,
solution,safedse,m_3app,order_split,3,core 3: static order cut after node 27,order,UNSAT,True,,,True,,False,0,,
solution,ext,m_3app,order_split,3,core 3: static order cut after node 27,order,UNSAT,True,,,False,order,True,2,,
solution,safedse,m_3app,order_split,4,core 1: static order cut after node 19,order,UNSAT,True,,,True,,False,0,,
solution,ext,m_3app,order_split,4,core 1: static order cut after node 19,order,UNSAT,True,,,False,order,True,2,,
solution,safedse,m_3app,order_split,5,core 10: static order cut after node 20,order,UNSAT,True,,,True,,False,0,,
solution,ext,m_3app,order_split,5,core 10: static order cut after node 20,order,UNSAT,True,,,False,order,True,2,,
solution,safedse,m_3app,order_cycle,0,core 7: static order closed into a cycle,order,UNSAT,True,,,True,,False,0,,
solution,ext,m_3app,order_cycle,0,core 7: static order closed into a cycle,order,UNSAT,True,,,False,order,True,2,,
solution,safedse,m_3app,order_cycle,1,core 9: static order closed into a cycle,order,UNSAT,True,,,False,load,False,2,,
solution,ext,m_3app,order_cycle,1,core 9: static order closed into a cycle,order,UNSAT,True,,,False,load;order,True,2,,
solution,safedse,m_3app,order_cycle,2,core 8: static order closed into a cycle,order,UNSAT,True,,,True,,False,0,,
solution,ext,m_3app,order_cycle,2,core 8: static order closed into a cycle,order,UNSAT,True,,,False,order,True,2,,
solution,safedse,m_3app,order_cycle,4,core 1: static order closed into a cycle,order,UNSAT,True,,,True,,False,0,,
solution,ext,m_3app,order_cycle,4,core 1: static order closed into a cycle,order,UNSAT,True,,,False,order,True,2,,
solution,safedse,m_3app,order_cycle,5,core 10: static order closed into a cycle,order,UNSAT,True,,,True,,False,0,,
solution,ext,m_3app,order_cycle,5,core 10: static order closed into a cycle,order,UNSAT,True,,,False,order,True,2,,
solution,safedse,m_3app,order_cross,0,static order of core 3 continues on core 7,order,UNSAT,True,,,True,,False,0,,
solution,ext,m_3app,order_cross,0,static order of core 3 continues on core 7,order,UNSAT,True,,,False,order,True,2,,
solution,safedse,m_3app,order_cross,1,static order of core 8 continues on core 9,order,UNSAT,True,,,True,,False,0,,
solution,ext,m_3app,order_cross,1,static order of core 8 continues on core 9,order,UNSAT,True,,,False,order,True,2,,
solution,safedse,m_3app,order_cross,2,static order of core 9 continues on core 10,order,UNSAT,True,,,True,,False,0,,
solution,ext,m_3app,order_cross,2,static order of core 9 continues on core 10,order,UNSAT,True,,,False,order,True,2,,
solution,safedse,m_3app,deactivate,0,component node 5 (a_sobel.get_pixel~0) deactivated,activation,UNSAT,True,,,True,,False,0,,
solution,ext,m_3app,deactivate,0,component node 5 (a_sobel.get_pixel~0) deactivated,activation,UNSAT,True,,,False,activation,True,2,,
solution,safedse,m_3app,deactivate,1,component node 6 (a_sobel.gx~0) deactivated,activation,UNSAT,True,,,True,,False,0,,
solution,ext,m_3app,deactivate,1,component node 6 (a_sobel.gx~0) deactivated,activation,UNSAT,True,,,False,activation,True,2,,
solution,safedse,m_3app,deactivate,2,component node 7 (a_sobel.gy~0) deactivated,activation,UNSAT,True,,,True,,False,0,,
solution,ext,m_3app,deactivate,2,component node 7 (a_sobel.gy~0) deactivated,activation,UNSAT,True,,,False,activation,True,2,,
solution,safedse,m_3app,deactivate,4,component node 27 (c_rasta.frontEnd~1) deactivated,activation,UNSAT,True,,,True,,False,0,,
solution,ext,m_3app,deactivate,4,component node 27 (c_rasta.frontEnd~1) deactivated,activation,UNSAT,True,,,False,activation,True,2,,
solution,safedse,m_3app,deactivate,5,component node 38 (c_rasta.compJah~1) deactivated,activation,UNSAT,True,,,True,,False,0,,
solution,ext,m_3app,deactivate,5,component node 38 (c_rasta.compJah~1) deactivated,activation,UNSAT,True,,,False,activation,True,2,,
solution,safedse,m_3app,pattern_none,0,actor a_sobel.get_pixel (SIL 2) without pattern,activation,UNSAT,True,,,True,,False,0,,
solution,ext,m_3app,pattern_none,0,actor a_sobel.get_pixel (SIL 2) without pattern,activation,UNSAT,True,,,False,activation,True,2,,
solution,safedse,m_3app,pattern_none,1,actor a_sobel.gx (SIL 2) without pattern,activation,UNSAT,True,,,True,,False,0,,
solution,ext,m_3app,pattern_none,1,actor a_sobel.gx (SIL 2) without pattern,activation,UNSAT,True,,,False,activation,True,2,,
solution,safedse,m_3app,pattern_none,2,actor a_sobel.gy (SIL 2) without pattern,activation,UNSAT,True,,,True,,False,0,,
solution,ext,m_3app,pattern_none,2,actor a_sobel.gy (SIL 2) without pattern,activation,UNSAT,True,,,False,activation,True,2,,
solution,safedse,m_3app,pattern_none,4,actor c_rasta.frontEnd (SIL 3) without pattern,activation,UNSAT,True,,,True,,False,0,,
solution,ext,m_3app,pattern_none,4,actor c_rasta.frontEnd (SIL 3) without pattern,activation,UNSAT,True,,,False,activation,True,2,,
solution,safedse,m_3app,pattern_none,5,actor c_rasta.compJah (SIL 3) without pattern,activation,UNSAT,True,,,True,,False,0,,
solution,ext,m_3app,pattern_none,5,actor c_rasta.compJah (SIL 3) without pattern,activation,UNSAT,True,,,False,activation,True,2,,
solution,safedse,m_3app,drop_field,0,field pat missing from the solution file,input,N/A,by construction,,,True,,False,0,,
solution,ext,m_3app,drop_field,0,field pat missing from the solution file,input,N/A,by construction,,,False,input,True,2,,
solution,safedse,m_3app,drop_field,1,field sil_impl missing from the solution file,input,N/A,by construction,,,False,crash,False,2,,
solution,ext,m_3app,drop_field,1,field sil_impl missing from the solution file,input,N/A,by construction,,,False,input,True,2,,
solution,safedse,m_3app,cost,0,total cost 5665 -> 5664,cost,COSTS,True,,,True,,False,0,,
solution,ext,m_3app,cost,0,total cost 5665 -> 5664,cost,COSTS,True,,,False,cost,True,2,,
generator,safedse,c_pat,control,0,verified base solution,exit 0,,,,,True,,True,0,,
generator,safedse,c_pat,catalog_mismatch,0,catalog without low_sil_doer_checker,exit 4,,,,,True,,True,4,,
generator,safedse,c_pat,catalog_mismatch,1,catalog without two_of_two_high_sil,exit 4,,,,,True,,True,4,,
generator,safedse,c_pat,fault_model,0,"--fault-model both (inferred: random_hw, inferred from pat_allowed)",exit 2,,,,,True,,True,2,,
generator,safedse,c_pat,fault_model,1,"--fault-model systematic_sw (inferred: random_hw, inferred from pat_allowed)",exit 2,,,,,True,,True,2,,
generator,safedse,c_pat,arg_no_evidence,1,Sn2,audit,,,,,True,,True,,True,Sn2 is a Solution citing no verifier check: Independent re-check of the solution: every active copy of frontEnd's 
generator,safedse,c_pat,arg_no_evidence,2,Sn3,audit,,,,,True,,True,,True,Sn3 is a Solution citing no verifier check: Independent re-check of the solution: DIFFERENT_FCR between frontEnd a
generator,safedse,c_pat,arg_no_evidence,7,Sn8,audit,,,,,True,,True,,True,Sn8 is a Solution citing no verifier check: Independent re-check of the solution: every active copy of compJah's c
generator,safedse,c_pat,arg_no_evidence,8,Sn9,audit,,,,,True,,True,,True,Sn9 is a Solution citing no verifier check: Independent re-check of the solution: DIFFERENT_FCR between compJah an
generator,safedse,c_pat,arg_no_evidence,11,Sn12,audit,,,,,True,,True,,True,Sn12 is a Solution citing no verifier check: Independent re-check of the solution: every active copy of backEnd's c
generator,safedse,c_pat,arg_bad_index,3,Sn4,audit,,,,,True,,False,,True,audit passed
generator,safedse,c_pat,arg_bad_index,7,Sn8,audit,,,,,True,,False,,True,audit passed
generator,safedse,c_pat,arg_bad_index,9,Sn10,audit,,,,,True,,False,,True,audit passed
generator,safedse,c_pat,arg_bad_index,10,Sn11,audit,,,,,True,,False,,True,audit passed
generator,safedse,c_pat,arg_bad_index,12,Sn13,audit,,,,,True,,False,,True,audit passed
generator,safedse,c_pat,arg_unmarked,4,G12,audit,,,,,True,,True,,True,G12 is a leaf Goal with neither supporting evidence nor an undeveloped marker: An IEC 61508 method realising Voting is i
generator,safedse,c_pat,arg_unmarked,7,G21,audit,,,,,True,,True,,True,G21 is a leaf Goal with neither supporting evidence nor an undeveloped marker: audspec is developed and verified to SIL 
generator,safedse,c_pat,arg_unmarked,9,G28,audit,,,,,True,,True,,True,G28 is a leaf Goal with neither supporting evidence nor an undeveloped marker: Common-cause failures of these components
generator,safedse,c_pat,arg_unmarked,11,G30,audit,,,,,True,,True,,True,G30 is a leaf Goal with neither supporting evidence nor an undeveloped marker: A systematic fault is not common to both 
generator,safedse,c_pat,arg_unmarked,12,G32,audit,,,,,True,,True,,True,G32 is a leaf Goal with neither supporting evidence nor an undeveloped marker: An IEC 61508 method realising Voting is i
generator,safedse,c_pat,arg_no_reason,5,G15,audit,,,,,True,,True,,True,G15 is marked undeveloped without a reason: rasta is developed and verified to SIL 1 in accordance with IEC 61508-
generator,safedse,c_pat,arg_no_reason,7,G21,audit,,,,,True,,True,,True,G21 is marked undeveloped without a reason: audspec is developed and verified to SIL 1 in accordance with IEC 6150
generator,safedse,c_pat,arg_no_reason,8,G25,audit,,,,,True,,True,,True,"G25 is marked undeveloped without a reason: An IEC 61508 method realising Comparison is implemented in compJah, an"
generator,safedse,c_pat,arg_no_reason,14,G39,audit,,,,,True,,True,,True,"G39 is marked undeveloped without a reason: An IEC 61508 method realising Sanity Check is implemented in backEnd, "
generator,safedse,c_pat,arg_no_reason,17,G46,audit,,,,,True,,True,,True,G46 is marked undeveloped without a reason: Every detected fault brings the function to its safe state within the 
generator,safedse,c_pat,arg_empty_strategy,2,S3,audit,,,,,True,,True,,True,S3 is a Strategy that develops nothing
generator,safedse,c_pat,arg_empty_strategy,3,S4,audit,,,,,True,,True,,True,S4 is a Strategy that develops nothing
generator,safedse,c_pat,arg_empty_strategy,4,S5,audit,,,,,True,,True,,True,S5 is a Strategy that develops nothing
generator,safedse,c_pat,arg_empty_strategy,8,S9,audit,,,,,True,,True,,True,S9 is a Strategy that develops nothing
generator,safedse,c_pat,arg_empty_strategy,14,S15,audit,,,,,True,,True,,True,S15 is a Strategy that develops nothing
generator,safedse,c_pat,arg_detached,1,G7,audit,,,,,True,,True,,True,"G7 is a leaf Goal with neither supporting evidence nor an undeveloped marker: In the deployed mapping, the replicated co"
generator,safedse,c_pat,arg_detached,2,G14,audit,,,,,True,,True,,True,G14 is a leaf Goal with neither supporting evidence nor an undeveloped marker: Every copy of rasta is implemented at SIL
generator,safedse,c_pat,arg_detached,6,G27,audit,,,,,True,,True,,True,"G27 is a leaf Goal with neither supporting evidence nor an undeveloped marker: In the deployed mapping, the replicated c"
generator,safedse,c_pat,arg_detached,8,G37,audit,,,,,True,,True,,True,G37 is a leaf Goal with neither supporting evidence nor an undeveloped marker: Every copy of backEnd and of its checker 
generator,safedse,c_pat,arg_detached,9,G41,audit,,,,,True,,True,,True,"G41 is a leaf Goal with neither supporting evidence nor an undeveloped marker: In the deployed mapping, the replicated c"
generator,safedse,d_random_hw,control,0,verified base solution,exit 0,,,,,True,,True,0,,
generator,safedse,d_random_hw,catalog_mismatch,0,catalog without low_sil_doer_checker,exit 4,,,,,True,,True,4,,
generator,safedse,d_random_hw,fault_model,0,"--fault-model both (inferred: random_hw, inferred from pat_allowed)",exit 2,,,,,True,,True,2,,
generator,safedse,d_random_hw,fault_model,1,"--fault-model systematic_sw (inferred: random_hw, inferred from pat_allowed)",exit 2,,,,,True,,True,2,,
generator,safedse,d_random_hw,arg_no_evidence,3,Sn4,audit,,,,,True,,True,,True,Sn4 is a Solution citing no verifier check: Independent re-check of the solution: every active copy of rasta is im
generator,safedse,d_random_hw,arg_no_evidence,8,Sn9,audit,,,,,True,,True,,True,Sn9 is a Solution citing no verifier check: Independent re-check of the solution: DIFFERENT between compJah and co
generator,safedse,d_random_hw,arg_no_evidence,9,Sn10,audit,,,,,True,,True,,True,Sn10 is a Solution citing no verifier check: Independent re-check of the solution: every active copy of rastaFilter
generator,safedse,d_random_hw,arg_no_evidence,11,Sn12,audit,,,,,True,,True,,True,Sn12 is a Solution citing no verifier check: Independent re-check of the solution: every active copy of backEnd's c
generator,safedse,d_random_hw,arg_no_evidence,15,Sn16,audit,,,,,True,,True,,True,Sn16 is a Solution citing no verifier check: Independent re-check of the solution: the reported period is at least 
generator,safedse,d_random_hw,arg_bad_index,7,Sn8,audit,,,,,True,,False,,True,audit passed
generator,safedse,d_random_hw,arg_bad_index,9,Sn10,audit,,,,,True,,False,,True,audit passed
generator,safedse,d_random_hw,arg_bad_index,10,Sn11,audit,,,,,True,,False,,True,audit passed
generator,safedse,d_random_hw,arg_bad_index,11,Sn12,audit,,,,,True,,False,,True,audit passed
generator,safedse,d_random_hw,arg_bad_index,14,Sn15,audit,,,,,True,,False,,True,audit passed
generator,safedse,d_random_hw,arg_unmarked,0,G5,audit,,,,,True,,True,,True,G5 is a leaf Goal with neither supporting evidence nor an undeveloped marker: An IEC 61508 method realising Sanity Check
generator,safedse,d_random_hw,arg_unmarked,1,G8,audit,,,,,True,,True,,True,G8 is a leaf Goal with neither supporting evidence nor an undeveloped marker: Common-cause failures of these components 
generator,safedse,d_random_hw,arg_unmarked,2,G9,audit,,,,,True,,True,,True,G9 is a leaf Goal with neither supporting evidence nor an undeveloped marker: An IEC 61508 method realising Replication 
generator,safedse,d_random_hw,arg_unmarked,10,G33,audit,,,,,True,,True,,True,G33 is a leaf Goal with neither supporting evidence nor an undeveloped marker: An IEC 61508 method realising Sanity Chec
generator,safedse,d_random_hw,arg_unmarked,13,G40,audit,,,,,True,,True,,True,G40 is a leaf Goal with neither supporting evidence nor an undeveloped marker: Every detected fault brings the function 
generator,safedse,d_random_hw,arg_no_reason,2,G9,audit,,,,,True,,True,,True,G9 is marked undeveloped without a reason: An IEC 61508 method realising Replication Redundancy is implemented in
generator,safedse,d_random_hw,arg_no_reason,7,G25,audit,,,,,True,,True,,True,G25 is marked undeveloped without a reason: Common-cause failures of these components through what the placement d
generator,safedse,d_random_hw,arg_no_reason,11,G36,audit,,,,,True,,True,,True,G36 is marked undeveloped without a reason: Common-cause failures of these components through what the placement d
generator,safedse,d_random_hw,arg_no_reason,12,G37,audit,,,,,True,,True,,True,G37 is marked undeveloped without a reason: An IEC 61508 method realising Replication Redundancy is implemented in
generator,safedse,d_random_hw,arg_no_reason,13,G40,audit,,,,,True,,True,,True,G40 is marked undeveloped without a reason: Every detected fault brings the function to its safe state within the 
generator,safedse,d_random_hw,arg_empty_strategy,2,S3,audit,,,,,True,,True,,True,S3 is a Strategy that develops nothing
generator,safedse,d_random_hw,arg_empty_strategy,4,S5,audit,,,,,True,,True,,True,S5 is a Strategy that develops nothing
generator,safedse,d_random_hw,arg_empty_strategy,5,S6,audit,,,,,True,,True,,True,S6 is a Strategy that develops nothing
generator,safedse,d_random_hw,arg_empty_strategy,7,S8,audit,,,,,True,,True,,True,S8 is a Strategy that develops nothing
generator,safedse,d_random_hw,arg_empty_strategy,10,S11,audit,,,,,True,,True,,True,S11 is a Strategy that develops nothing
generator,safedse,d_random_hw,arg_detached,2,G11,audit,,,,,True,,True,,True,G11 is a leaf Goal with neither supporting evidence nor an undeveloped marker: Every copy of rasta is implemented at SIL
generator,safedse,d_random_hw,arg_detached,4,G17,audit,,,,,True,,True,,True,G17 is a leaf Goal with neither supporting evidence nor an undeveloped marker: Every copy of audspec is implemented at S
generator,safedse,d_random_hw,arg_detached,5,G20,audit,,,,,True,,True,,True,G20 is a leaf Goal with neither supporting evidence nor an undeveloped marker: Every copy of compJah and of its checker 
generator,safedse,d_random_hw,arg_detached,8,G31,audit,,,,,True,,True,,True,G31 is a leaf Goal with neither supporting evidence nor an undeveloped marker: Every copy of backEnd and of its checker 
generator,safedse,d_random_hw,arg_detached,9,G35,audit,,,,,True,,True,,True,"G35 is a leaf Goal with neither supporting evidence nor an undeveloped marker: In the deployed mapping, the replicated c"
generator,safedse,d_systematic_sw,control,0,verified base solution,exit 0,,,,,True,,True,0,,
generator,safedse,d_systematic_sw,catalog_mismatch,0,catalog without same_cpu_doer_checker,exit 4,,,,,True,,True,4,,
generator,safedse,d_systematic_sw,fault_model,0,"--fault-model both (inferred: systematic_sw, inferred from pat_allowed)",exit 2,,,,,True,,True,2,,
generator,safedse,d_systematic_sw,fault_model,1,"--fault-model random_hw (inferred: systematic_sw, inferred from pat_allowed)",exit 2,,,,,True,,True,2,,
generator,safedse,d_systematic_sw,arg_no_evidence,0,Sn1,audit,,,,,True,,True,,True,Sn1 is a Solution citing no verifier check: Independent re-check of the solution: every active copy of frontEnd is
generator,safedse,d_systematic_sw,arg_no_evidence,3,Sn4,audit,,,,,True,,True,,True,Sn4 is a Solution citing no verifier check: Independent re-check of the solution: every active copy of powspec is 
generator,safedse,d_systematic_sw,arg_no_evidence,4,Sn5,audit,,,,,True,,True,,True,Sn5 is a Solution citing no verifier check: Independent re-check of the solution: every active copy of audspec is 
generator,safedse,d_systematic_sw,arg_no_evidence,9,Sn10,audit,,,,,True,,True,,True,Sn10 is a Solution citing no verifier check: Independent re-check of the solution: every active copy of backEnd's c
generator,safedse,d_systematic_sw,arg_no_evidence,11,Sn12,audit,,,,,True,,True,,True,Sn12 is a Solution citing no verifier check: Independent re-check of the solution: SAME between compJah and compJah
generator,safedse,d_systematic_sw,arg_bad_index,1,Sn2,audit,,,,,True,,False,,True,audit passed
generator,safedse,d_systematic_sw,arg_bad_index,3,Sn4,audit,,,,,True,,False,,True,audit passed
generator,safedse,d_systematic_sw,arg_bad_index,4,Sn5,audit,,,,,True,,False,,True,audit passed
generator,safedse,d_systematic_sw,arg_bad_index,6,Sn7,audit,,,,,True,,False,,True,audit passed
generator,safedse,d_systematic_sw,arg_bad_index,13,Sn14,audit,,,,,True,,False,,True,audit passed
generator,safedse,d_systematic_sw,arg_unmarked,0,G5,audit,,,,,True,,True,,True,G5 is a leaf Goal with neither supporting evidence nor an undeveloped marker: An IEC 61508 method realising Sanity Check
generator,safedse,d_systematic_sw,arg_unmarked,1,G8,audit,,,,,True,,True,,True,G8 is a leaf Goal with neither supporting evidence nor an undeveloped marker: rasta is developed and verified to SIL 1 i
generator,safedse,d_systematic_sw,arg_unmarked,3,G14,audit,,,,,True,,True,,True,G14 is a leaf Goal with neither supporting evidence nor an undeveloped marker: audspec is developed and verified to SIL 
generator,safedse,d_systematic_sw,arg_unmarked,4,G18,audit,,,,,True,,True,,True,G18 is a leaf Goal with neither supporting evidence nor an undeveloped marker: An IEC 61508 method realising Sanity Chec
generator,safedse,d_systematic_sw,arg_unmarked,7,G29,audit,,,,,True,,True,,True,G29 is a leaf Goal with neither supporting evidence nor an undeveloped marker: Every detected fault brings the function 
generator,safedse,d_systematic_sw,arg_no_reason,0,G5,audit,,,,,True,,True,,True,"G5 is marked undeveloped without a reason: An IEC 61508 method realising Sanity Check is implemented in frontEnd,"
generator,safedse,d_systematic_sw,arg_no_reason,2,G11,audit,,,,,True,,True,,True,G11 is marked undeveloped without a reason: powspec is developed and verified to SIL 1 in accordance with IEC 6150
generator,safedse,d_systematic_sw,arg_no_reason,4,G18,audit,,,,,True,,True,,True,"G18 is marked undeveloped without a reason: An IEC 61508 method realising Sanity Check is implemented in compJah, "
generator,safedse,d_systematic_sw,arg_no_reason,5,G21,audit,,,,,True,,True,,True,G21 is marked undeveloped without a reason: rastaFilter is developed and verified to SIL 1 in accordance with IEC 
generator,safedse,d_systematic_sw,arg_no_reason,7,G29,audit,,,,,True,,True,,True,G29 is marked undeveloped without a reason: Every detected fault brings the function to its safe state within the 
generator,safedse,d_systematic_sw,arg_empty_strategy,1,S2,audit,,,,,True,,True,,True,S2 is a Strategy that develops nothing
generator,safedse,d_systematic_sw,arg_empty_strategy,3,S4,audit,,,,,True,,True,,True,S4 is a Strategy that develops nothing
generator,safedse,d_systematic_sw,arg_empty_strategy,5,S6,audit,,,,,True,,True,,True,S6 is a Strategy that develops nothing
generator,safedse,d_systematic_sw,arg_empty_strategy,8,S9,audit,,,,,True,,True,,True,S9 is a Strategy that develops nothing
generator,safedse,d_systematic_sw,arg_empty_strategy,10,S11,audit,,,,,True,,True,,True,S11 is a Strategy that develops nothing
generator,safedse,d_systematic_sw,arg_detached,0,G3,audit,,,,,True,,True,,True,G3 is a leaf Goal with neither supporting evidence nor an undeveloped marker: Every copy of frontEnd and of its checker 
generator,safedse,d_systematic_sw,arg_detached,1,G7,audit,,,,,True,,True,,True,G7 is a leaf Goal with neither supporting evidence nor an undeveloped marker: Every copy of rasta is implemented at SIL 
generator,safedse,d_systematic_sw,arg_detached,4,G16,audit,,,,,True,,True,,True,G16 is a leaf Goal with neither supporting evidence nor an undeveloped marker: Every copy of compJah and of its checker 
generator,safedse,d_systematic_sw,arg_detached,5,G20,audit,,,,,True,,True,,True,G20 is a leaf Goal with neither supporting evidence nor an undeveloped marker: Every copy of rastaFilter is implemented 
generator,safedse,d_systematic_sw,arg_detached,7,G26,audit,,,,,True,,True,,True,G26 is a leaf Goal with neither supporting evidence nor an undeveloped marker: The remaining placement constraints impos
generator,safedse,f_both3,control,0,verified base solution,exit 0,,,,,True,,True,0,,
generator,safedse,f_both3,catalog_mismatch,0,catalog without low_sil_diverse_doer_checker,exit 4,,,,,True,,True,4,,
generator,safedse,f_both3,catalog_mismatch,1,catalog without two_of_two_high_sil,exit 4,,,,,True,,True,4,,
generator,safedse,f_both3,fault_model,0,"--fault-model random_hw (inferred: both, inferred from pat_allowed)",exit 2,,,,,True,,True,2,,
generator,safedse,f_both3,fault_model,1,"--fault-model systematic_sw (inferred: both, inferred from pat_allowed)",exit 2,,,,,True,,True,2,,
generator,safedse,f_both3,arg_no_evidence,4,Sn5,audit,,,,,True,,True,,True,Sn5 is a Solution citing no verifier check: Independent re-check of the solution: every active copy of rasta is im
generator,safedse,f_both3,arg_no_evidence,6,Sn7,audit,,,,,True,,True,,True,Sn7 is a Solution citing no verifier check: Independent re-check of the solution: every active copy of audspec is 
generator,safedse,f_both3,arg_no_evidence,13,Sn14,audit,,,,,True,,True,,True,Sn14 is a Solution citing no verifier check: Independent re-check of the solution: every active copy of backEnd's c
generator,safedse,f_both3,arg_no_evidence,15,Sn16,audit,,,,,True,,True,,True,Sn16 is a Solution citing no verifier check: Independent re-check of the solution: DIVERSE between backEnd and back
generator,safedse,f_both3,arg_no_evidence,18,Sn19,audit,,,,,True,,True,,True,Sn19 is a Solution citing no verifier check: Independent re-check of the solution: the reported period is at least 
generator,safedse,f_both3,arg_bad_index,1,Sn2,audit,,,,,True,,False,,True,audit passed
generator,safedse,f_both3,arg_bad_index,10,Sn11,audit,,,,,True,,False,,True,audit passed
generator,safedse,f_both3,arg_bad_index,11,Sn12,audit,,,,,True,,False,,True,audit passed
generator,safedse,f_both3,arg_bad_index,13,Sn14,audit,,,,,True,,False,,True,audit passed
generator,safedse,f_both3,arg_bad_index,15,Sn16,audit,,,,,True,,False,,True,audit passed
generator,safedse,f_both3,arg_unmarked,4,G14,audit,,,,,True,,True,,True,G14 is a leaf Goal with neither supporting evidence nor an undeveloped marker: An IEC 61508 method realising Voting is i
generator,safedse,f_both3,arg_unmarked,7,G23,audit,,,,,True,,True,,True,G23 is a leaf Goal with neither supporting evidence nor an undeveloped marker: audspec is developed and verified to SIL 
generator,safedse,f_both3,arg_unmarked,13,G39,audit,,,,,True,,True,,True,G39 is a leaf Goal with neither supporting evidence nor an undeveloped marker: rastaFilter is developed and verified to 
generator,safedse,f_both3,arg_unmarked,15,G46,audit,,,,,True,,True,,True,G46 is a leaf Goal with neither supporting evidence nor an undeveloped marker: Common-cause failures of these components
generator,safedse,f_both3,arg_unmarked,19,G54,audit,,,,,True,,True,,True,"G54 is a leaf Goal with neither supporting evidence nor an undeveloped marker: Every software component is developed, ve"
generator,safedse,f_both3,arg_no_reason,9,G30,audit,,,,,True,,True,,True,G30 is marked undeveloped without a reason: Common-cause failures of these components through what the placement d
generator,safedse,f_both3,arg_no_reason,10,G31,audit,,,,,True,,True,,True,G31 is marked undeveloped without a reason: An IEC 61508 method realising Replication Redundancy is implemented in
generator,safedse,f_both3,arg_no_reason,14,G43,audit,,,,,True,,True,,True,"G43 is marked undeveloped without a reason: An IEC 61508 method realising Sanity Check is implemented in backEnd, "
generator,safedse,f_both3,arg_no_reason,15,G46,audit,,,,,True,,True,,True,G46 is marked undeveloped without a reason: Common-cause failures of these components through what the placement d
generator,safedse,f_both3,arg_no_reason,18,G53,audit,,,,,True,,True,,True,G53 is marked undeveloped without a reason: Every detected fault brings the function to its safe state within the 
generator,safedse,f_both3,arg_empty_strategy,4,S5,audit,,,,,True,,True,,True,S5 is a Strategy that develops nothing
generator,safedse,f_both3,arg_empty_strategy,6,S7,audit,,,,,True,,True,,True,S7 is a Strategy that develops nothing
generator,safedse,f_both3,arg_empty_strategy,13,S14,audit,,,,,True,,True,,True,S14 is a Strategy that develops nothing
generator,safedse,f_both3,arg_empty_strategy,15,S16,audit,,,,,True,,True,,True,S16 is a Strategy that develops nothing
generator,safedse,f_both3,arg_empty_strategy,16,S17,audit,,,,,True,,True,,True,S17 is a Strategy that develops nothing
generator,safedse,f_both3,arg_detached,5,G22,audit,,,,,True,,True,,True,G22 is a leaf Goal with neither supporting evidence nor an undeveloped marker: Every copy of audspec is implemented at S
generator,safedse,f_both3,arg_detached,6,G25,audit,,,,,True,,True,,True,G25 is a leaf Goal with neither supporting evidence nor an undeveloped marker: Every copy of compJah and of its channel_
generator,safedse,f_both3,arg_detached,7,G29,audit,,,,,True,,True,,True,"G29 is a leaf Goal with neither supporting evidence nor an undeveloped marker: In the deployed mapping, the replicated c"
generator,safedse,f_both3,arg_detached,8,G33,audit,,,,,True,,True,,True,"G33 is a leaf Goal with neither supporting evidence nor an undeveloped marker: In the deployed mapping, the diverse comp"
generator,safedse,f_both3,arg_detached,10,G41,audit,,,,,True,,True,,True,G41 is a leaf Goal with neither supporting evidence nor an undeveloped marker: Every copy of backEnd and of its checker 
generator,safedse,f_random_hw,control,0,verified base solution,exit 0,,,,,True,,True,0,,
generator,safedse,f_random_hw,catalog_mismatch,0,catalog without high_sil_isolated_checker,exit 4,,,,,True,,True,4,,
generator,safedse,f_random_hw,catalog_mismatch,1,catalog without low_sil_doer_checker,exit 4,,,,,True,,True,4,,
generator,safedse,f_random_hw,fault_model,0,"--fault-model both (inferred: random_hw, inferred from pat_allowed)",exit 2,,,,,True,,True,2,,
generator,safedse,f_random_hw,fault_model,1,"--fault-model systematic_sw (inferred: random_hw, inferred from pat_allowed)",exit 2,,,,,True,,True,2,,
generator,safedse,f_random_hw,arg_no_evidence,1,Sn2,audit,,,,,True,,True,,True,Sn2 is a Solution citing no verifier check: Independent re-check of the solution: every active copy of frontEnd's 
generator,safedse,f_random_hw,arg_no_evidence,5,Sn6,audit,,,,,True,,True,,True,Sn6 is a Solution citing no verifier check: Independent re-check of the solution: every active copy of audspec is 
generator,safedse,f_random_hw,arg_no_evidence,7,Sn8,audit,,,,,True,,True,,True,Sn8 is a Solution citing no verifier check: Independent re-check of the solution: every active copy of compJah's c
generator,safedse,f_random_hw,arg_no_evidence,12,Sn13,audit,,,,,True,,True,,True,Sn13 is a Solution citing no verifier check: Independent re-check of the solution: DIFFERENT between backEnd and ba
generator,safedse,f_random_hw,arg_no_evidence,13,Sn14,audit,,,,,True,,True,,True,Sn14 is a Solution citing no verifier check: Independent re-check of the solution: all 22 core slots re-examined ag
generator,safedse,f_random_hw,arg_bad_index,3,Sn4,audit,,,,,True,,False,,True,audit passed
generator,safedse,f_random_hw,arg_bad_index,5,Sn6,audit,,,,,True,,False,,True,audit passed
generator,safedse,f_random_hw,arg_bad_index,10,Sn11,audit,,,,,True,,False,,True,audit passed
generator,safedse,f_random_hw,arg_bad_index,14,Sn15,audit,,,,,True,,False,,True,audit passed
generator,safedse,f_random_hw,arg_bad_index,15,Sn16,audit,,,,,True,,False,,True,audit passed
generator,safedse,f_random_hw,arg_unmarked,4,G15,audit,,,,,True,,True,,True,G15 is a leaf Goal with neither supporting evidence nor an undeveloped marker: powspec is developed and verified to SIL 
generator,safedse,f_random_hw,arg_unmarked,8,G26,audit,,,,,True,,True,,True,G26 is a leaf Goal with neither supporting evidence nor an undeveloped marker: An IEC 61508 method realising Replication
generator,safedse,f_random_hw,arg_unmarked,11,G36,audit,,,,,True,,True,,True,G36 is a leaf Goal with neither supporting evidence nor an undeveloped marker: Common-cause failures of these components
generator,safedse,f_random_hw,arg_unmarked,12,G37,audit,,,,,True,,True,,True,G37 is a leaf Goal with neither supporting evidence nor an undeveloped marker: An IEC 61508 method realising Replication
generator,safedse,f_random_hw,arg_unmarked,13,G40,audit,,,,,True,,True,,True,G40 is a leaf Goal with neither supporting evidence nor an undeveloped marker: Every detected fault brings the function 
generator,safedse,f_random_hw,arg_no_reason,1,G8,audit,,,,,True,,True,,True,G8 is marked undeveloped without a reason: Common-cause failures of these components through what the placement d
generator,safedse,f_random_hw,arg_no_reason,3,G12,audit,,,,,True,,True,,True,G12 is marked undeveloped without a reason: rasta is developed and verified to SIL 1 in accordance with IEC 61508-
generator,safedse,f_random_hw,arg_no_reason,6,G22,audit,,,,,True,,True,,True,"G22 is marked undeveloped without a reason: An IEC 61508 method realising Sanity Check is implemented in compJah, "
generator,safedse,f_random_hw,arg_no_reason,11,G36,audit,,,,,True,,True,,True,G36 is marked undeveloped without a reason: Common-cause failures of these components through what the placement d
generator,safedse,f_random_hw,arg_no_reason,13,G40,audit,,,,,True,,True,,True,G40 is marked undeveloped without a reason: Every detected fault brings the function to its safe state within the 
generator,safedse,f_random_hw,arg_empty_strategy,0,S1,audit,,,,,True,,True,,True,S1 is a Strategy that develops nothing
generator,safedse,f_random_hw,arg_empty_strategy,3,S4,audit,,,,,True,,True,,True,S4 is a Strategy that develops nothing
generator,safedse,f_random_hw,arg_empty_strategy,5,S6,audit,,,,,True,,True,,True,S6 is a Strategy that develops nothing
generator,safedse,f_random_hw,arg_empty_strategy,6,S7,audit,,,,,True,,True,,True,S7 is a Strategy that develops nothing
generator,safedse,f_random_hw,arg_empty_strategy,13,S14,audit,,,,,True,,True,,True,S14 is a Strategy that develops nothing
generator,safedse,f_random_hw,arg_detached,0,G3,audit,,,,,True,,True,,True,G3 is a leaf Goal with neither supporting evidence nor an undeveloped marker: Every copy of frontEnd and of its checker 
generator,safedse,f_random_hw,arg_detached,6,G24,audit,,,,,True,,True,,True,"G24 is a leaf Goal with neither supporting evidence nor an undeveloped marker: In the deployed mapping, the replicated c"
generator,safedse,f_random_hw,arg_detached,7,G28,audit,,,,,True,,True,,True,G28 is a leaf Goal with neither supporting evidence nor an undeveloped marker: Every copy of rastaFilter is implemented 
generator,safedse,f_random_hw,arg_detached,8,G31,audit,,,,,True,,True,,True,G31 is a leaf Goal with neither supporting evidence nor an undeveloped marker: Every copy of backEnd and of its checker 
generator,safedse,f_random_hw,arg_detached,9,G35,audit,,,,,True,,True,,True,"G35 is a leaf Goal with neither supporting evidence nor an undeveloped marker: In the deployed mapping, the replicated c"
generator,safedse,f_sw3,control,0,verified base solution,exit 0,,,,,True,,True,0,,
generator,safedse,f_sw3,catalog_mismatch,0,catalog without same_cpu_doer_checker,exit 4,,,,,True,,True,4,,
generator,safedse,f_sw3,catalog_mismatch,1,catalog without two_of_two_high_sil,exit 4,,,,,True,,True,4,,
generator,safedse,f_sw3,fault_model,0,"--fault-model both (inferred: systematic_sw, inferred from pat_allowed)",exit 2,,,,,True,,True,2,,
generator,safedse,f_sw3,fault_model,1,"--fault-model random_hw (inferred: systematic_sw, inferred from pat_allowed)",exit 2,,,,,True,,True,2,,
generator,safedse,f_sw3,arg_no_evidence,0,Sn1,audit,,,,,True,,True,,True,Sn1 is a Solution citing no verifier check: Independent re-check of the solution: every active copy of frontEnd is
generator,safedse,f_sw3,arg_no_evidence,1,Sn2,audit,,,,,True,,True,,True,Sn2 is a Solution citing no verifier check: Independent re-check of the solution: every active copy of frontEnd's 
generator,safedse,f_sw3,arg_no_evidence,9,Sn10,audit,,,,,True,,True,,True,Sn10 is a Solution citing no verifier check: Independent re-check of the solution: every active copy of rastaFilter
generator,safedse,f_sw3,arg_no_evidence,10,Sn11,audit,,,,,True,,True,,True,Sn11 is a Solution citing no verifier check: Independent re-check of the solution: every active copy of backEnd is 
generator,safedse,f_sw3,arg_no_evidence,15,Sn16,audit,,,,,True,,True,,True,Sn16 is a Solution citing no verifier check: Independent re-check of the solution: the reported period is at least 
generator,safedse,f_sw3,arg_bad_index,2,Sn3,audit,,,,,True,,False,,True,audit passed
generator,safedse,f_sw3,arg_bad_index,3,Sn4,audit,,,,,True,,False,,True,audit passed
generator,safedse,f_sw3,arg_bad_index,4,Sn5,audit,,,,,True,,False,,True,audit passed
generator,safedse,f_sw3,arg_bad_index,14,Sn15,audit,,,,,True,,False,,True,audit passed
generator,safedse,f_sw3,arg_bad_index,15,Sn16,audit,,,,,True,,False,,True,audit passed
generator,safedse,f_sw3,arg_unmarked,3,G11,audit,,,,,True,,True,,True,G11 is a leaf Goal with neither supporting evidence nor an undeveloped marker: An IEC 61508 method realising Voting is i
generator,safedse,f_sw3,arg_unmarked,10,G30,audit,,,,,True,,True,,True,G30 is a leaf Goal with neither supporting evidence nor an undeveloped marker: An IEC 61508 method realising Voting is i
generator,safedse,f_sw3,arg_unmarked,12,G37,audit,,,,,True,,True,,True,G37 is a leaf Goal with neither supporting evidence nor an undeveloped marker: An IEC 61508 method realising Sanity Chec
generator,safedse,f_sw3,arg_unmarked,13,G41,audit,,,,,True,,True,,True,G41 is a leaf Goal with neither supporting evidence nor an undeveloped marker: Every detected fault brings the function 
generator,safedse,f_sw3,arg_unmarked,14,G42,audit,,,,,True,,True,,True,"G42 is a leaf Goal with neither supporting evidence nor an undeveloped marker: Every software component is developed, ve"
generator,safedse,f_sw3,arg_no_reason,0,G5,audit,,,,,True,,True,,True,"G5 is marked undeveloped without a reason: An IEC 61508 method realising Comparison is implemented in frontEnd, a"
generator,safedse,f_sw3,arg_no_reason,3,G11,audit,,,,,True,,True,,True,"G11 is marked undeveloped without a reason: An IEC 61508 method realising Voting is implemented in frontEnd, and i"
generator,safedse,f_sw3,arg_no_reason,10,G30,audit,,,,,True,,True,,True,"G30 is marked undeveloped without a reason: An IEC 61508 method realising Voting is implemented in compJah, and it"
generator,safedse,f_sw3,arg_no_reason,12,G37,audit,,,,,True,,True,,True,"G37 is marked undeveloped without a reason: An IEC 61508 method realising Sanity Check is implemented in backEnd, "
generator,safedse,f_sw3,arg_no_reason,13,G41,audit,,,,,True,,True,,True,G41 is marked undeveloped without a reason: Every detected fault brings the function to its safe state within the 
generator,safedse,f_sw3,arg_empty_strategy,1,S2,audit,,,,,True,,True,,True,S2 is a Strategy that develops nothing
generator,safedse,f_sw3,arg_empty_strategy,8,S9,audit,,,,,True,,True,,True,S9 is a Strategy that develops nothing
generator,safedse,f_sw3,arg_empty_strategy,11,S12,audit,,,,,True,,True,,True,S12 is a Strategy that develops nothing
generator,safedse,f_sw3,arg_empty_strategy,12,S13,audit,,,,,True,,True,,True,S13 is a Strategy that develops nothing
generator,safedse,f_sw3,arg_empty_strategy,13,S14,audit,,,,,True,,True,,True,S14 is a Strategy that develops nothing
generator,safedse,f_sw3,arg_detached,0,G3,audit,,,,,True,,True,,True,G3 is a leaf Goal with neither supporting evidence nor an undeveloped marker: Every copy of frontEnd and of its channel_
generator,safedse,f_sw3,arg_detached,1,G8,audit,,,,,True,,True,,True,"G8 is a leaf Goal with neither supporting evidence nor an undeveloped marker: In the deployed mapping, the diverse compo"
generator,safedse,f_sw3,arg_detached,2,G13,audit,,,,,True,,True,,True,G13 is a leaf Goal with neither supporting evidence nor an undeveloped marker: Every copy of rasta is implemented at SIL
generator,safedse,f_sw3,arg_detached,3,G16,audit,,,,,True,,True,,True,G16 is a leaf Goal with neither supporting evidence nor an undeveloped marker: Every copy of powspec is implemented at S
generator,safedse,f_sw3,arg_detached,4,G19,audit,,,,,True,,True,,True,G19 is a leaf Goal with neither supporting evidence nor an undeveloped marker: Every copy of audspec is implemented at S
generator,safedse,p_rasta,control,0,verified base solution,exit 0,,,,,True,,True,0,,
generator,safedse,p_rasta,catalog_mismatch,0,catalog without high_sil_isolated_checker,exit 4,,,,,True,,True,4,,
generator,safedse,p_rasta,catalog_mismatch,1,catalog without low_sil_doer_checker,exit 4,,,,,True,,True,4,,
generator,safedse,p_rasta,fault_model,0,"--fault-model both (inferred: random_hw, inferred from pat_allowed)",exit 2,,,,,True,,True,2,,
generator,safedse,p_rasta,fault_model,1,"--fault-model systematic_sw (inferred: random_hw, inferred from pat_allowed)",exit 2,,,,,True,,True,2,,
generator,safedse,p_rasta,arg_no_evidence,3,Sn4,audit,,,,,True,,True,,True,Sn4 is a Solution citing no verifier check: Independent re-check of the solution: every active copy of rasta is im
generator,safedse,p_rasta,arg_no_evidence,4,Sn5,audit,,,,,True,,True,,True,Sn5 is a Solution citing no verifier check: Independent re-check of the solution: every active copy of powspec is 
generator,safedse,p_rasta,arg_no_evidence,11,Sn12,audit,,,,,True,,True,,True,Sn12 is a Solution citing no verifier check: Independent re-check of the solution: every active copy of backEnd's c
generator,safedse,p_rasta,arg_no_evidence,13,Sn14,audit,,,,,True,,True,,True,Sn14 is a Solution citing no verifier check: Independent re-check of the solution: all 22 core slots re-examined ag
generator,safedse,p_rasta,arg_no_evidence,14,Sn15,audit,,,,,True,,True,,True,Sn15 is a Solution citing no verifier check: Independent re-check of the solution: the mapping- and scheduling-awar
generator,safedse,p_rasta,arg_bad_index,0,Sn1,audit,,,,,True,,False,,True,audit passed
generator,safedse,p_rasta,arg_bad_index,8,Sn9,audit,,,,,True,,False,,True,audit passed
generator,safedse,p_rasta,arg_bad_index,10,Sn11,audit,,,,,True,,False,,True,audit passed
generator,safedse,p_rasta,arg_bad_index,13,Sn14,audit,,,,,True,,False,,True,audit passed
generator,safedse,p_rasta,arg_bad_index,15,Sn16,audit,,,,,True,,False,,True,audit passed
generator,safedse,p_rasta,arg_unmarked,3,G12,audit,,,,,True,,True,,True,G12 is a leaf Goal with neither supporting evidence nor an undeveloped marker: rasta is developed and verified to SIL 1 
generator,safedse,p_rasta,arg_unmarked,4,G15,audit,,,,,True,,True,,True,G15 is a leaf Goal with neither supporting evidence nor an undeveloped marker: powspec is developed and verified to SIL 
generator,safedse,p_rasta,arg_unmarked,10,G33,audit,,,,,True,,True,,True,G33 is a leaf Goal with neither supporting evidence nor an undeveloped marker: An IEC 61508 method realising Sanity Chec
generator,safedse,p_rasta,arg_unmarked,11,G36,audit,,,,,True,,True,,True,G36 is a leaf Goal with neither supporting evidence nor an undeveloped marker: Common-cause failures of these components
generator,safedse,p_rasta,arg_unmarked,13,G39,audit,,,,,True,,True,,True,"G39 is a leaf Goal with neither supporting evidence nor an undeveloped marker: The partitioning mechanism on core(s) [1,"
generator,safedse,p_rasta,arg_no_reason,1,G8,audit,,,,,True,,True,,True,G8 is marked undeveloped without a reason: Common-cause failures of these components through what the placement d
generator,safedse,p_rasta,arg_no_reason,4,G15,audit,,,,,True,,True,,True,G15 is marked undeveloped without a reason: powspec is developed and verified to SIL 1 in accordance with IEC 6150
generator,safedse,p_rasta,arg_no_reason,11,G36,audit,,,,,True,,True,,True,G36 is marked undeveloped without a reason: Common-cause failures of these components through what the placement d
generator,safedse,p_rasta,arg_no_reason,12,G37,audit,,,,,True,,True,,True,G37 is marked undeveloped without a reason: An IEC 61508 method realising Replication Redundancy is implemented in
generator,safedse,p_rasta,arg_no_reason,15,G42,audit,,,,,True,,True,,True,"G42 is marked undeveloped without a reason: Every software component is developed, verified and validated to its r"
generator,safedse,p_rasta,arg_empty_strategy,1,S2,audit,,,,,True,,True,,True,S2 is a Strategy that develops nothing
generator,safedse,p_rasta,arg_empty_strategy,3,S4,audit,,,,,True,,True,,True,S4 is a Strategy that develops nothing
generator,safedse,p_rasta,arg_empty_strategy,5,S6,audit,,,,,True,,True,,True,S6 is a Strategy that develops nothing
generator,safedse,p_rasta,arg_empty_strategy,6,S7,audit,,,,,True,,True,,True,S7 is a Strategy that develops nothing
generator,safedse,p_rasta,arg_empty_strategy,8,S9,audit,,,,,True,,True,,True,S9 is a Strategy that develops nothing
generator,safedse,p_rasta,arg_detached,1,G7,audit,,,,,True,,True,,True,"G7 is a leaf Goal with neither supporting evidence nor an undeveloped marker: In the deployed mapping, the replicated co"
generator,safedse,p_rasta,arg_detached,4,G17,audit,,,,,True,,True,,True,G17 is a leaf Goal with neither supporting evidence nor an undeveloped marker: Every copy of audspec is implemented at S
generator,safedse,p_rasta,arg_detached,7,G28,audit,,,,,True,,True,,True,G28 is a leaf Goal with neither supporting evidence nor an undeveloped marker: Every copy of rastaFilter is implemented 
generator,safedse,p_rasta,arg_detached,8,G31,audit,,,,,True,,True,,True,G31 is a leaf Goal with neither supporting evidence nor an undeveloped marker: Every copy of backEnd and of its checker 
generator,safedse,p_rasta,arg_detached,10,G40,audit,,,,,True,,True,,True,G40 is a leaf Goal with neither supporting evidence nor an undeveloped marker: The deployed mapping and static order mee
generator,safedse,pc_sobel,control,0,verified base solution,exit 0,,,,,True,,True,0,,
generator,safedse,pc_sobel,catalog_mismatch,0,catalog without high_sil_isolated_checker,exit 4,,,,,True,,True,4,,
generator,safedse,pc_sobel,fault_model,0,"--fault-model both (inferred: random_hw, inferred from pat_allowed)",exit 2,,,,,True,,True,2,,
generator,safedse,pc_sobel,fault_model,1,"--fault-model systematic_sw (inferred: random_hw, inferred from pat_allowed)",exit 2,,,,,True,,True,2,,
generator,safedse,pc_sobel,arg_no_evidence,1,Sn2,audit,,,,,True,,True,,True,Sn2 is a Solution citing no verifier check: Independent re-check of the solution: every active copy of get_pixel's
generator,safedse,pc_sobel,arg_no_evidence,4,Sn5,audit,,,,,True,,True,,True,Sn5 is a Solution citing no verifier check: Independent re-check of the solution: every active copy of gy is imple
generator,safedse,pc_sobel,arg_no_evidence,6,Sn7,audit,,,,,True,,True,,True,Sn7 is a Solution citing no verifier check: Independent re-check of the solution: all 9 core slots re-examined aga
generator,safedse,pc_sobel,arg_no_evidence,7,Sn8,audit,,,,,True,,True,,True,Sn8 is a Solution citing no verifier check: Independent re-check of the solution: the mapping- and scheduling-awar
generator,safedse,pc_sobel,arg_no_evidence,8,Sn9,audit,,,,,True,,True,,True,Sn9 is a Solution citing no verifier check: Independent re-check of the solution: the reported period is at least 
generator,safedse,pc_sobel,arg_bad_index,0,Sn1,audit,,,,,True,,False,,True,audit passed
generator,safedse,pc_sobel,arg_bad_index,1,Sn2,audit,,,,,True,,False,,True,audit passed
generator,safedse,pc_sobel,arg_bad_index,3,Sn4,audit,,,,,True,,False,,True,audit passed
generator,safedse,pc_sobel,arg_bad_index,5,Sn6,audit,,,,,True,,False,,True,audit passed
generator,safedse,pc_sobel,arg_bad_index,7,Sn8,audit,,,,,True,,False,,True,audit passed
generator,safedse,pc_sobel,arg_unmarked,0,G5,audit,,,,,True,,True,,True,G5 is a leaf Goal with neither supporting evidence nor an undeveloped marker: An IEC 61508 method realising Sanity Check
generator,safedse,pc_sobel,arg_unmarked,1,G8,audit,,,,,True,,True,,True,G8 is a leaf Goal with neither supporting evidence nor an undeveloped marker: Common-cause failures of these components 
generator,safedse,pc_sobel,arg_unmarked,4,G15,audit,,,,,True,,True,,True,G15 is a leaf Goal with neither supporting evidence nor an undeveloped marker: gy is developed and verified to SIL 1 in 
generator,safedse,pc_sobel,arg_unmarked,5,G18,audit,,,,,True,,True,,True,G18 is a leaf Goal with neither supporting evidence nor an undeveloped marker: abs is developed and verified to SIL 1 in
generator,safedse,pc_sobel,arg_unmarked,7,G22,audit,,,,,True,,True,,True,"G22 is a leaf Goal with neither supporting evidence nor an undeveloped marker: Every software component is developed, ve"
generator,safedse,pc_sobel,arg_no_reason,1,G8,audit,,,,,True,,True,,True,G8 is marked undeveloped without a reason: Common-cause failures of these components through what the placement d
generator,safedse,pc_sobel,arg_no_reason,2,G9,audit,,,,,True,,True,,True,G9 is marked undeveloped without a reason: An IEC 61508 method realising Replication Redundancy is implemented in
generator,safedse,pc_sobel,arg_no_reason,3,G12,audit,,,,,True,,True,,True,G12 is marked undeveloped without a reason: gx is developed and verified to SIL 1 in accordance with IEC 61508-3.
generator,safedse,pc_sobel,arg_no_reason,5,G18,audit,,,,,True,,True,,True,G18 is marked undeveloped without a reason: abs is developed and verified to SIL 1 in accordance with IEC 61508-3.
generator,safedse,pc_sobel,arg_no_reason,7,G22,audit,,,,,True,,True,,True,"G22 is marked undeveloped without a reason: Every software component is developed, verified and validated to its r"
generator,safedse,pc_sobel,arg_empty_strategy,2,S3,audit,,,,,True,,True,,True,S3 is a Strategy that develops nothing
generator,safedse,pc_sobel,arg_empty_strategy,3,S4,audit,,,,,True,,True,,True,S4 is a Strategy that develops nothing
generator,safedse,pc_sobel,arg_empty_strategy,5,S6,audit,,,,,True,,True,,True,S6 is a Strategy that develops nothing
generator,safedse,pc_sobel,arg_empty_strategy,6,S7,audit,,,,,True,,True,,True,S7 is a Strategy that develops nothing
generator,safedse,pc_sobel,arg_empty_strategy,7,S8,audit,,,,,True,,True,,True,S8 is a Strategy that develops nothing
generator,safedse,pc_sobel,arg_detached,0,G3,audit,,,,,True,,True,,True,G3 is a leaf Goal with neither supporting evidence nor an undeveloped marker: Every copy of get_pixel and of its checker
generator,safedse,pc_sobel,arg_detached,1,G7,audit,,,,,True,,True,,True,"G7 is a leaf Goal with neither supporting evidence nor an undeveloped marker: In the deployed mapping, the replicated co"
generator,safedse,pc_sobel,arg_detached,3,G14,audit,,,,,True,,True,,True,G14 is a leaf Goal with neither supporting evidence nor an undeveloped marker: Every copy of gy is implemented at SIL 1 
generator,safedse,pc_sobel,arg_detached,4,G17,audit,,,,,True,,True,,True,G17 is a leaf Goal with neither supporting evidence nor an undeveloped marker: Every copy of abs is implemented at SIL 1
generator,safedse,pc_sobel,arg_detached,5,G20,audit,,,,,True,,True,,True,G20 is a leaf Goal with neither supporting evidence nor an undeveloped marker: The deployed mapping and static order mee
generator,safedse,v_nvp,control,0,verified base solution,exit 0,,,,,True,,True,0,,
generator,safedse,v_nvp,catalog_mismatch,0,catalog without low_sil_diverse_doer_checker,exit 4,,,,,True,,True,4,,
generator,safedse,v_nvp,catalog_mismatch,1,catalog without nvp_three_version,exit 4,,,,,True,,True,4,,
generator,safedse,v_nvp,fault_model,0,"--fault-model both (inferred: None, ambiguous between ['random_hw', 'systematic_sw', 'both'] (this instance does not distinguish them))",exit 2,,,,,True,,False,0,,inference ambiguous: flag accepted
generator,safedse,v_nvp,fault_model,1,"--fault-model random_hw (inferred: None, ambiguous between ['random_hw', 'systematic_sw', 'both'] (this instance does not distinguish them))",exit 2,,,,,True,,False,0,,inference ambiguous: flag accepted
generator,safedse,v_nvp,fault_model,2,"--fault-model systematic_sw (inferred: None, ambiguous between ['random_hw', 'systematic_sw', 'both'] (this instance does not distinguish them))",exit 2,,,,,True,,False,0,,inference ambiguous: flag accepted
generator,safedse,v_nvp,arg_no_evidence,0,Sn1,audit,,,,,True,,True,,True,Sn1 is a Solution citing no verifier check: Independent re-check of the solution: every active copy of frontEnd is
generator,safedse,v_nvp,arg_no_evidence,2,Sn3,audit,,,,,True,,True,,True,Sn3 is a Solution citing no verifier check: Independent re-check of the solution: every active copy of frontEnd's 
generator,safedse,v_nvp,arg_no_evidence,15,Sn16,audit,,,,,True,,True,,True,Sn16 is a Solution citing no verifier check: Independent re-check of the solution: every active copy of compJah's v
generator,safedse,v_nvp,arg_no_evidence,29,Sn30,audit,,,,,True,,True,,True,Sn30 is a Solution citing no verifier check: Independent re-check of the solution: DIVERSE between backEnd and back
generator,safedse,v_nvp,arg_no_evidence,31,Sn32,audit,,,,,True,,True,,True,Sn32 is a Solution citing no verifier check: Independent re-check of the solution: the mapping- and scheduling-awar
generator,safedse,v_nvp,arg_bad_index,7,Sn8,audit,,,,,True,,False,,True,audit passed
generator,safedse,v_nvp,arg_bad_index,12,Sn13,audit,,,,,True,,False,,True,audit passed
generator,safedse,v_nvp,arg_bad_index,21,Sn22,audit,,,,,True,,False,,True,audit passed
generator,safedse,v_nvp,arg_bad_index,22,Sn23,audit,,,,,True,,False,,True,audit passed
generator,safedse,v_nvp,arg_bad_index,32,Sn33,audit,,,,,True,,False,,True,audit passed
generator,safedse,v_nvp,arg_unmarked,4,G14,audit,,,,,True,,True,,True,G14 is a leaf Goal with neither supporting evidence nor an undeveloped marker: An IEC 61508 method realising Comparison 
generator,safedse,v_nvp,arg_unmarked,7,G23,audit,,,,,True,,True,,True,G23 is a leaf Goal with neither supporting evidence nor an undeveloped marker: audspec is developed and verified to SIL 
generator,safedse,v_nvp,arg_unmarked,10,G31,audit,,,,,True,,True,,True,G31 is a leaf Goal with neither supporting evidence nor an undeveloped marker: An IEC 61508 method realising Replication
generator,safedse,v_nvp,arg_unmarked,15,G46,audit,,,,,True,,True,,True,G46 is a leaf Goal with neither supporting evidence nor an undeveloped marker: Common-cause failures of these components
generator,safedse,v_nvp,arg_unmarked,19,G54,audit,,,,,True,,True,,True,"G54 is a leaf Goal with neither supporting evidence nor an undeveloped marker: Every software component is developed, ve"
generator,safedse,v_nvp,arg_no_reason,0,G5,audit,,,,,True,,True,,True,"G5 is marked undeveloped without a reason: An IEC 61508 method realising Voting is implemented in frontEnd, and i"
generator,safedse,v_nvp,arg_no_reason,2,G9,audit,,,,,True,,True,,True,G9 is marked undeveloped without a reason: An IEC 61508 method realising Replication Redundancy is implemented in
generator,safedse,v_nvp,arg_no_reason,9,G30,audit,,,,,True,,True,,True,G30 is marked undeveloped without a reason: Common-cause failures of these components through what the placement d
generator,safedse,v_nvp,arg_no_reason,12,G36,audit,,,,,True,,True,,True,"G36 is marked undeveloped without a reason: An IEC 61508 method realising Comparison is implemented in compJah, an"
generator,safedse,v_nvp,arg_no_reason,13,G39,audit,,,,,True,,True,,True,G39 is marked undeveloped without a reason: rastaFilter is developed and verified to SIL 1 in accordance with IEC 
generator,safedse,v_nvp,arg_empty_strategy,3,S4,audit,,,,,True,,True,,True,S4 is a Strategy that develops nothing
generator,safedse,v_nvp,arg_empty_strategy,4,S5,audit,,,,,True,,True,,True,S5 is a Strategy that develops nothing
generator,safedse,v_nvp,arg_empty_strategy,9,S10,audit,,,,,True,,True,,True,S10 is a Strategy that develops nothing
generator,safedse,v_nvp,arg_empty_strategy,11,S12,audit,,,,,True,,True,,True,S12 is a Strategy that develops nothing
generator,safedse,v_nvp,arg_empty_strategy,18,S19,audit,,,,,True,,True,,True,S19 is a Strategy that develops nothing
generator,safedse,v_nvp,arg_detached,3,G16,audit,,,,,True,,True,,True,G16 is a leaf Goal with neither supporting evidence nor an undeveloped marker: Every copy of rasta is implemented at SIL
generator,safedse,v_nvp,arg_detached,4,G19,audit,,,,,True,,True,,True,G19 is a leaf Goal with neither supporting evidence nor an undeveloped marker: Every copy of powspec is implemented at S
generator,safedse,v_nvp,arg_detached,5,G22,audit,,,,,True,,True,,True,G22 is a leaf Goal with neither supporting evidence nor an undeveloped marker: Every copy of audspec is implemented at S
generator,safedse,v_nvp,arg_detached,9,G38,audit,,,,,True,,True,,True,G38 is a leaf Goal with neither supporting evidence nor an undeveloped marker: Every copy of rastaFilter is implemented 
generator,safedse,v_nvp,arg_detached,10,G41,audit,,,,,True,,True,,True,G41 is a leaf Goal with neither supporting evidence nor an undeveloped marker: Every copy of backEnd and of its checker 
generator,safedse,m_3app,control,0,verified base solution,exit 0,,,,,True,,True,0,,
generator,safedse,m_3app,catalog_mismatch,0,catalog without high_sil_isolated_checker,exit 4,,,,,True,,True,4,,
generator,safedse,m_3app,catalog_mismatch,1,catalog without low_sil_doer_checker,exit 4,,,,,True,,True,4,,
generator,safedse,m_3app,fault_model,0,"--fault-model both (inferred: random_hw, inferred from pat_allowed)",exit 2,,,,,True,,True,2,,
generator,safedse,m_3app,fault_model,1,"--fault-model systematic_sw (inferred: random_hw, inferred from pat_allowed)",exit 2,,,,,True,,True,2,,
generator,safedse,m_3app,arg_no_evidence,3,Sn4,audit,,,,,True,,True,,True,Sn4 is a Solution citing no verifier check: Independent re-check of the solution: every active copy of gx is imple
generator,safedse,m_3app,arg_no_evidence,7,Sn8,audit,,,,,True,,True,,True,Sn8 is a Solution citing no verifier check: Independent re-check of the solution: every active copy of gy's checke
generator,safedse,m_3app,arg_no_evidence,17,Sn18,audit,,,,,True,,True,,True,Sn18 is a Solution citing no verifier check: Independent re-check of the solution: every active copy of audspec is 
generator,safedse,m_3app,arg_no_evidence,18,Sn19,audit,,,,,True,,True,,True,Sn19 is a Solution citing no verifier check: Independent re-check of the solution: every active copy of compJah is 
generator,safedse,m_3app,arg_no_evidence,20,Sn21,audit,,,,,True,,True,,True,Sn21 is a Solution citing no verifier check: Independent re-check of the solution: DIFFERENT_FCR between compJah an
generator,safedse,m_3app,arg_bad_index,2,Sn3,audit,,,,,True,,False,,True,audit passed
generator,safedse,m_3app,arg_bad_index,3,Sn4,audit,,,,,True,,False,,True,audit passed
generator,safedse,m_3app,arg_bad_index,9,Sn10,audit,,,,,True,,False,,True,audit passed
generator,safedse,m_3app,arg_bad_index,16,Sn17,audit,,,,,True,,False,,True,audit passed
generator,safedse,m_3app,arg_bad_index,19,Sn20,audit,,,,,True,,False,,True,audit passed
generator,safedse,m_3app,arg_unmarked,13,G40,audit,,,,,True,,True,,True,G40 is a leaf Goal with neither supporting evidence nor an undeveloped marker: Common-cause failures of these components
generator,safedse,m_3app,arg_unmarked,17,G50,audit,,,,,True,,True,,True,G50 is a leaf Goal with neither supporting evidence nor an undeveloped marker: audspec is developed and verified to SIL 
generator,safedse,m_3app,arg_unmarked,18,G54,audit,,,,,True,,True,,True,G54 is a leaf Goal with neither supporting evidence nor an undeveloped marker: An IEC 61508 method realising Sanity Chec
generator,safedse,m_3app,arg_unmarked,21,G61,audit,,,,,True,,True,,True,G61 is a leaf Goal with neither supporting evidence nor an undeveloped marker: rastaFilter is developed and verified to 
generator,safedse,m_3app,arg_unmarked,26,G73,audit,,,,,True,,True,,True,"G73 is a leaf Goal with neither supporting evidence nor an undeveloped marker: Every software component is developed, ve"
generator,safedse,m_3app,arg_no_reason,11,G33,audit,,,,,True,,True,,True,G33 is marked undeveloped without a reason: An IEC 61508 method realising Replication Redundancy is implemented in
generator,safedse,m_3app,arg_no_reason,13,G40,audit,,,,,True,,True,,True,G40 is marked undeveloped without a reason: Common-cause failures of these components through what the placement d
generator,safedse,m_3app,arg_no_reason,17,G50,audit,,,,,True,,True,,True,G50 is marked undeveloped without a reason: audspec is developed and verified to SIL 1 in accordance with IEC 6150
generator,safedse,m_3app,arg_no_reason,19,G57,audit,,,,,True,,True,,True,G57 is marked undeveloped without a reason: Common-cause failures of these components through what the placement d
generator,safedse,m_3app,arg_no_reason,26,G73,audit,,,,,True,,True,,True,"G73 is marked undeveloped without a reason: Every software component is developed, verified and validated to its r"
generator,safedse,m_3app,arg_empty_strategy,8,S9,audit,,,,,True,,True,,True,S9 is a Strategy that develops nothing
generator,safedse,m_3app,arg_empty_strategy,12,S13,audit,,,,,True,,True,,True,S13 is a Strategy that develops nothing
generator,safedse,m_3app,arg_empty_strategy,13,S14,audit,,,,,True,,True,,True,S14 is a Strategy that develops nothing
generator,safedse,m_3app,arg_empty_strategy,18,S19,audit,,,,,True,,True,,True,S19 is a Strategy that develops nothing
generator,safedse,m_3app,arg_empty_strategy,25,S26,audit,,,,,True,,True,,True,S26 is a Strategy that develops nothing
generator,safedse,m_3app,arg_detached,4,G19,audit,,,,,True,,True,,True,G19 is a leaf Goal with neither supporting evidence nor an undeveloped marker: Every copy of gy and of its checker is im
generator,safedse,m_3app,arg_detached,9,G39,audit,,,,,True,,True,,True,"G39 is a leaf Goal with neither supporting evidence nor an undeveloped marker: In the deployed mapping, the replicated c"
generator,safedse,m_3app,arg_detached,11,G46,audit,,,,,True,,True,,True,G46 is a leaf Goal with neither supporting evidence nor an undeveloped marker: Every copy of powspec is implemented at S
generator,safedse,m_3app,arg_detached,12,G49,audit,,,,,True,,True,,True,G49 is a leaf Goal with neither supporting evidence nor an undeveloped marker: Every copy of audspec is implemented at S
generator,safedse,m_3app,arg_detached,13,G52,audit,,,,,True,,True,,True,G52 is a leaf Goal with neither supporting evidence nor an undeveloped marker: Every copy of compJah and of its checker 
model,safedse,c_pat,placement,0,lib/activation.mzn,placement,UNSAT,True,OPTIMAL,17.38,False,placement,,2,,
model,ext,c_pat,placement,0,lib/activation.mzn,placement,UNSAT,True,OPTIMAL,17.38,False,placement,,2,,
model,safedse,d_random_hw,placement,0,lib/activation.mzn,placement,UNSAT,True,OPTIMAL,5.93,False,placement,,2,,
model,ext,d_random_hw,placement,0,lib/activation.mzn,placement,UNSAT,True,OPTIMAL,5.93,False,placement,,2,,
model,safedse,d_systematic_sw,placement,0,lib/activation.mzn,placement,OPTIMAL,False,OPTIMAL,3.98,True,,,0,,
model,ext,d_systematic_sw,placement,0,lib/activation.mzn,placement,OPTIMAL,False,OPTIMAL,3.98,True,,,0,,
model,safedse,f_both3,placement,0,lib/activation.mzn,placement,UNSAT,True,OPTIMAL,6.93,False,placement,,2,,
model,ext,f_both3,placement,0,lib/activation.mzn,placement,UNSAT,True,OPTIMAL,6.93,False,placement,,2,,
model,safedse,f_random_hw,placement,0,lib/activation.mzn,placement,UNSAT,True,OPTIMAL,8.83,False,placement,,2,,
model,ext,f_random_hw,placement,0,lib/activation.mzn,placement,UNSAT,True,OPTIMAL,8.83,False,placement,,2,,
model,safedse,f_sw3,placement,0,lib/activation.mzn,placement,UNSAT,True,OPTIMAL,5.95,False,placement,,2,,
model,ext,f_sw3,placement,0,lib/activation.mzn,placement,UNSAT,True,OPTIMAL,5.95,False,placement,,2,,
model,safedse,p_rasta,placement,0,lib/activation.mzn,placement,UNSAT,True,OPTIMAL,9.88,False,placement,,2,,
model,ext,p_rasta,placement,0,lib/activation.mzn,placement,UNSAT,True,OPTIMAL,9.88,False,placement,,2,,
model,safedse,pc_sobel,placement,0,lib/activation.mzn,placement,UNSAT,True,OPTIMAL,3.04,False,placement,,2,,
model,ext,pc_sobel,placement,0,lib/activation.mzn,placement,UNSAT,True,OPTIMAL,3.04,False,placement,,2,,
model,safedse,v_nvp,placement,0,lib/activation.mzn,placement,UNSAT,True,OPTIMAL,5.25,False,placement,,2,,
model,ext,v_nvp,placement,0,lib/activation.mzn,placement,UNSAT,True,OPTIMAL,5.25,False,placement,,2,,
model,safedse,m_3app,placement,0,lib/activation.mzn,placement,UNSAT,True,OPTIMAL,44.78,False,placement,,2,,
model,ext,m_3app,placement,0,lib/activation.mzn,placement,UNSAT,True,OPTIMAL,44.78,False,placement,,2,,
model,safedse,c_pat,sil_required,0,lib/safety.mzn,sil_required,UNSAT,True,OPTIMAL,18.76,False,sil_actor,,2,,
model,ext,c_pat,sil_required,0,lib/safety.mzn,sil_required,UNSAT,True,OPTIMAL,18.76,False,sil_actor,,2,,
model,safedse,d_random_hw,sil_required,0,lib/safety.mzn,sil_required,UNSAT,True,OPTIMAL,3.54,False,sil_actor,,2,,
model,ext,d_random_hw,sil_required,0,lib/safety.mzn,sil_required,UNSAT,True,OPTIMAL,3.54,False,sil_actor,,2,,
model,safedse,d_systematic_sw,sil_required,0,lib/safety.mzn,sil_required,UNSAT,True,OPTIMAL,2.14,False,sil_actor,,2,,
model,ext,d_systematic_sw,sil_required,0,lib/safety.mzn,sil_required,UNSAT,True,OPTIMAL,2.14,False,sil_actor,,2,,
model,safedse,f_both3,sil_required,0,lib/safety.mzn,sil_required,UNSAT,True,OPTIMAL,9.95,False,sil_actor,,2,,
model,ext,f_both3,sil_required,0,lib/safety.mzn,sil_required,UNSAT,True,OPTIMAL,9.95,False,sil_actor,,2,,
model,safedse,f_random_hw,sil_required,0,lib/safety.mzn,sil_required,UNSAT,True,OPTIMAL,13.11,False,sil_actor,,2,,
model,ext,f_random_hw,sil_required,0,lib/safety.mzn,sil_required,UNSAT,True,OPTIMAL,13.11,False,sil_actor,,2,,
model,safedse,f_sw3,sil_required,0,lib/safety.mzn,sil_required,UNSAT,True,OPTIMAL,9.98,False,sil_actor,,2,,
model,ext,f_sw3,sil_required,0,lib/safety.mzn,sil_required,UNSAT,True,OPTIMAL,9.98,False,sil_actor,,2,,
model,safedse,p_rasta,sil_required,0,lib/safety.mzn,sil_required,UNSAT,True,OPTIMAL,13.46,False,sil_actor,,2,,
model,ext,p_rasta,sil_required,0,lib/safety.mzn,sil_required,UNSAT,True,OPTIMAL,13.46,False,sil_actor,,2,,
model,safedse,pc_sobel,sil_required,0,lib/safety.mzn,sil_required,UNSAT,True,OPTIMAL,2.94,False,sil_actor,,2,,
model,ext,pc_sobel,sil_required,0,lib/safety.mzn,sil_required,UNSAT,True,OPTIMAL,2.94,False,sil_actor,,2,,
model,safedse,v_nvp,sil_required,0,lib/safety.mzn,sil_required,UNSAT,True,OPTIMAL,7.6,False,sil_actor,,2,,
model,ext,v_nvp,sil_required,0,lib/safety.mzn,sil_required,UNSAT,True,OPTIMAL,7.6,False,sil_actor,,2,,
model,safedse,m_3app,sil_required,0,lib/safety.mzn,sil_required,UNSAT,True,SAT,120.57,False,sil_actor,,2,,
model,ext,m_3app,sil_required,0,lib/safety.mzn,sil_required,UNSAT,True,SAT,120.57,False,sil_actor,,2,,
model,safedse,c_pat,sil_core,0,lib/safety.mzn,sil_core,OPTIMAL,False,OPTIMAL,16.07,True,,,0,,
model,ext,c_pat,sil_core,0,lib/safety.mzn,sil_core,OPTIMAL,False,OPTIMAL,16.07,True,,,0,,
model,safedse,d_random_hw,sil_core,0,lib/safety.mzn,sil_core,OPTIMAL,False,OPTIMAL,7.88,True,,,0,,
model,ext,d_random_hw,sil_core,0,lib/safety.mzn,sil_core,OPTIMAL,False,OPTIMAL,7.88,True,,,0,,
model,safedse,d_systematic_sw,sil_core,0,lib/safety.mzn,sil_core,OPTIMAL,False,OPTIMAL,3.89,True,,,0,,
model,ext,d_systematic_sw,sil_core,0,lib/safety.mzn,sil_core,OPTIMAL,False,OPTIMAL,3.89,True,,,0,,
model,safedse,f_both3,sil_core,0,lib/safety.mzn,sil_core,OPTIMAL,False,OPTIMAL,6.51,True,,,0,,
model,ext,f_both3,sil_core,0,lib/safety.mzn,sil_core,OPTIMAL,False,OPTIMAL,6.51,True,,,0,,
model,safedse,f_random_hw,sil_core,0,lib/safety.mzn,sil_core,OPTIMAL,False,OPTIMAL,10.0,True,,,0,,
model,ext,f_random_hw,sil_core,0,lib/safety.mzn,sil_core,OPTIMAL,False,OPTIMAL,10.0,True,,,0,,
model,safedse,f_sw3,sil_core,0,lib/safety.mzn,sil_core,OPTIMAL,False,OPTIMAL,6.49,True,,,0,,
model,ext,f_sw3,sil_core,0,lib/safety.mzn,sil_core,OPTIMAL,False,OPTIMAL,6.49,True,,,0,,
model,safedse,p_rasta,sil_core,0,lib/safety.mzn,sil_core,OPTIMAL,False,OPTIMAL,6.81,True,,,0,,
model,ext,p_rasta,sil_core,0,lib/safety.mzn,sil_core,OPTIMAL,False,OPTIMAL,6.81,True,,,0,,
model,safedse,pc_sobel,sil_core,0,lib/safety.mzn,sil_core,OPTIMAL,False,OPTIMAL,3.4,True,,,0,,
model,ext,pc_sobel,sil_core,0,lib/safety.mzn,sil_core,OPTIMAL,False,OPTIMAL,3.4,True,,,0,,
model,safedse,v_nvp,sil_core,0,lib/safety.mzn,sil_core,OPTIMAL,False,OPTIMAL,6.14,True,,,0,,
model,ext,v_nvp,sil_core,0,lib/safety.mzn,sil_core,OPTIMAL,False,OPTIMAL,6.14,True,,,0,,
model,safedse,m_3app,sil_core,0,lib/safety.mzn,sil_core,OPTIMAL,False,OPTIMAL,63.49,True,,,0,,
model,ext,m_3app,sil_core,0,lib/safety.mzn,sil_core,OPTIMAL,False,OPTIMAL,63.49,True,,,0,,
model,safedse,c_pat,type_ceiling,0,lib/safety.mzn,type_ceiling,UNSAT,True,OPTIMAL,18.66,False,isolation,,2,,
model,ext,c_pat,type_ceiling,0,lib/safety.mzn,type_ceiling,UNSAT,True,OPTIMAL,18.66,False,isolation,,2,,
model,safedse,d_random_hw,type_ceiling,0,lib/safety.mzn,type_ceiling,OPTIMAL,False,OPTIMAL,6.15,True,,,0,,
model,ext,d_random_hw,type_ceiling,0,lib/safety.mzn,type_ceiling,OPTIMAL,False,OPTIMAL,6.15,True,,,0,,
model,safedse,d_systematic_sw,type_ceiling,0,lib/safety.mzn,type_ceiling,OPTIMAL,False,OPTIMAL,4.26,True,,,0,,
model,ext,d_systematic_sw,type_ceiling,0,lib/safety.mzn,type_ceiling,OPTIMAL,False,OPTIMAL,4.26,True,,,0,,
model,safedse,f_both3,type_ceiling,0,lib/safety.mzn,type_ceiling,UNSAT,True,OPTIMAL,9.65,False,isolation,,2,,
model,ext,f_both3,type_ceiling,0,lib/safety.mzn,type_ceiling,UNSAT,True,OPTIMAL,9.65,False,isolation,,2,,
model,safedse,f_random_hw,type_ceiling,0,lib/safety.mzn,type_ceiling,UNSAT,True,OPTIMAL,12.07,False,isolation,,2,,
model,ext,f_random_hw,type_ceiling,0,lib/safety.mzn,type_ceiling,UNSAT,True,OPTIMAL,12.07,False,isolation,,2,,
model,safedse,f_sw3,type_ceiling,0,lib/safety.mzn,type_ceiling,UNSAT,True,OPTIMAL,9.43,False,isolation,,2,,
model,ext,f_sw3,type_ceiling,0,lib/safety.mzn,type_ceiling,UNSAT,True,OPTIMAL,9.43,False,isolation,,2,,
model,safedse,p_rasta,type_ceiling,0,lib/safety.mzn,type_ceiling,UNSAT,True,OPTIMAL,12.99,False,isolation,,2,,
model,ext,p_rasta,type_ceiling,0,lib/safety.mzn,type_ceiling,UNSAT,True,OPTIMAL,12.99,False,isolation,,2,,
model,safedse,pc_sobel,type_ceiling,0,lib/safety.mzn,type_ceiling,OPTIMAL,False,OPTIMAL,3.02,True,,,0,,
model,ext,pc_sobel,type_ceiling,0,lib/safety.mzn,type_ceiling,OPTIMAL,False,OPTIMAL,3.02,True,,,0,,
model,safedse,v_nvp,type_ceiling,0,lib/safety.mzn,type_ceiling,UNSAT,True,OPTIMAL,7.62,False,isolation,,2,,
model,ext,v_nvp,type_ceiling,0,lib/safety.mzn,type_ceiling,UNSAT,True,OPTIMAL,7.62,False,isolation,,2,,
model,safedse,m_3app,type_ceiling,0,lib/safety.mzn,type_ceiling,UNSAT,True,OPTIMAL,93.84,False,isolation,,2,,
model,ext,m_3app,type_ceiling,0,lib/safety.mzn,type_ceiling,UNSAT,True,OPTIMAL,93.84,False,isolation,,2,,
model,safedse,c_pat,one_sil_per_core,0,lib/safety.mzn,one_sil_per_core,UNSAT,True,OPTIMAL,14.86,False,isolation,,2,,
model,ext,c_pat,one_sil_per_core,0,lib/safety.mzn,one_sil_per_core,UNSAT,True,OPTIMAL,14.86,False,isolation,,2,,
model,safedse,d_random_hw,one_sil_per_core,0,lib/safety.mzn,one_sil_per_core,UNSAT,True,OPTIMAL,6.8,False,isolation,,2,,
model,ext,d_random_hw,one_sil_per_core,0,lib/safety.mzn,one_sil_per_core,UNSAT,True,OPTIMAL,6.8,False,isolation,,2,,
model,safedse,d_systematic_sw,one_sil_per_core,0,lib/safety.mzn,one_sil_per_core,UNSAT,True,OPTIMAL,3.72,False,isolation,,2,,
model,ext,d_systematic_sw,one_sil_per_core,0,lib/safety.mzn,one_sil_per_core,UNSAT,True,OPTIMAL,3.72,False,isolation,,2,,
model,safedse,f_both3,one_sil_per_core,0,lib/safety.mzn,one_sil_per_core,UNSAT,True,OPTIMAL,5.64,False,isolation,,2,,
model,ext,f_both3,one_sil_per_core,0,lib/safety.mzn,one_sil_per_core,UNSAT,True,OPTIMAL,5.64,False,isolation,,2,,
model,safedse,f_random_hw,one_sil_per_core,0,lib/safety.mzn,one_sil_per_core,UNSAT,True,OPTIMAL,5.73,False,isolation,,2,,
model,ext,f_random_hw,one_sil_per_core,0,lib/safety.mzn,one_sil_per_core,UNSAT,True,OPTIMAL,5.73,False,isolation,,2,,
model,safedse,f_sw3,one_sil_per_core,0,lib/safety.mzn,one_sil_per_core,UNSAT,True,OPTIMAL,5.01,False,isolation,,2,,
model,ext,f_sw3,one_sil_per_core,0,lib/safety.mzn,one_sil_per_core,UNSAT,True,OPTIMAL,5.01,False,isolation,,2,,
model,safedse,p_rasta,one_sil_per_core,0,lib/safety.mzn,one_sil_per_core,UNSAT,True,OPTIMAL,5.64,False,isolation,,2,,
model,ext,p_rasta,one_sil_per_core,0,lib/safety.mzn,one_sil_per_core,UNSAT,True,OPTIMAL,5.64,False,isolation,,2,,
model,safedse,pc_sobel,one_sil_per_core,0,lib/safety.mzn,one_sil_per_core,UNSAT,True,OPTIMAL,2.54,False,isolation,,2,,
model,ext,pc_sobel,one_sil_per_core,0,lib/safety.mzn,one_sil_per_core,UNSAT,True,OPTIMAL,2.54,False,isolation,,2,,
model,safedse,v_nvp,one_sil_per_core,0,lib/safety.mzn,one_sil_per_core,UNSAT,True,OPTIMAL,4.62,False,isolation,,2,,
model,ext,v_nvp,one_sil_per_core,0,lib/safety.mzn,one_sil_per_core,UNSAT,True,OPTIMAL,4.62,False,isolation,,2,,
model,safedse,m_3app,one_sil_per_core,0,lib/safety.mzn,one_sil_per_core,UNSAT,True,SAT,120.59,False,isolation,,2,,
model,ext,m_3app,one_sil_per_core,0,lib/safety.mzn,one_sil_per_core,UNSAT,True,SAT,120.59,False,isolation,,2,,
model,safedse,c_pat,partition_capability,0,lib/safety.mzn,partition_capability,UNSAT,True,OPTIMAL,10.01,True,,,0,,
model,ext,c_pat,partition_capability,0,lib/safety.mzn,partition_capability,UNSAT,True,OPTIMAL,10.01,False,isolation,,2,,
model,safedse,d_random_hw,partition_capability,0,lib/safety.mzn,partition_capability,UNSAT,True,OPTIMAL,6.42,True,,,0,,
model,ext,d_random_hw,partition_capability,0,lib/safety.mzn,partition_capability,UNSAT,True,OPTIMAL,6.42,False,isolation,,2,,
model,safedse,d_systematic_sw,partition_capability,0,lib/safety.mzn,partition_capability,UNSAT,True,OPTIMAL,3.65,True,,,0,,
model,ext,d_systematic_sw,partition_capability,0,lib/safety.mzn,partition_capability,UNSAT,True,OPTIMAL,3.65,False,isolation,,2,,
model,safedse,f_both3,partition_capability,0,lib/safety.mzn,partition_capability,UNSAT,True,OPTIMAL,5.79,True,,,0,,
model,ext,f_both3,partition_capability,0,lib/safety.mzn,partition_capability,UNSAT,True,OPTIMAL,5.79,False,isolation,,2,,
model,safedse,f_random_hw,partition_capability,0,lib/safety.mzn,partition_capability,UNSAT,True,OPTIMAL,5.87,True,,,0,,
model,ext,f_random_hw,partition_capability,0,lib/safety.mzn,partition_capability,UNSAT,True,OPTIMAL,5.87,False,isolation,,2,,
model,safedse,f_sw3,partition_capability,0,lib/safety.mzn,partition_capability,UNSAT,True,OPTIMAL,5.33,True,,,0,,
model,ext,f_sw3,partition_capability,0,lib/safety.mzn,partition_capability,UNSAT,True,OPTIMAL,5.33,False,isolation,,2,,
model,safedse,p_rasta,partition_capability,0,lib/safety.mzn,partition_capability,OPTIMAL,False,OPTIMAL,6.56,True,,,0,,
model,ext,p_rasta,partition_capability,0,lib/safety.mzn,partition_capability,OPTIMAL,False,OPTIMAL,6.56,True,,,0,,
model,safedse,pc_sobel,partition_capability,0,lib/safety.mzn,partition_capability,UNSAT,True,OPTIMAL,2.77,True,,,0,,
model,ext,pc_sobel,partition_capability,0,lib/safety.mzn,partition_capability,UNSAT,True,OPTIMAL,2.77,False,isolation,,2,,
model,safedse,v_nvp,partition_capability,0,lib/safety.mzn,partition_capability,UNSAT,True,OPTIMAL,5.3,True,,,0,,
model,ext,v_nvp,partition_capability,0,lib/safety.mzn,partition_capability,UNSAT,True,OPTIMAL,5.3,False,isolation,,2,,
model,safedse,m_3app,partition_capability,0,lib/safety.mzn,partition_capability,UNSAT,True,SAT,120.59,True,,,0,,
model,ext,m_3app,partition_capability,0,lib/safety.mzn,partition_capability,UNSAT,True,SAT,120.59,False,isolation,,2,,
model,safedse,c_pat,wcet_binding,0,model/dse.mzn,wcet_binding,UNSAT,True,OPTIMAL,11.33,True,,,0,,
model,ext,c_pat,wcet_binding,0,model/dse.mzn,wcet_binding,UNSAT,True,OPTIMAL,11.33,False,wcet,,2,,
model,safedse,d_random_hw,wcet_binding,0,model/dse.mzn,wcet_binding,UNSAT,True,OPTIMAL,5.51,False,deadlock,,2,,
model,ext,d_random_hw,wcet_binding,0,model/dse.mzn,wcet_binding,UNSAT,True,OPTIMAL,5.51,False,deadlock;wcet,,2,,
model,safedse,d_systematic_sw,wcet_binding,0,model/dse.mzn,wcet_binding,UNSAT,True,OPTIMAL,3.49,False,deadlock,,2,,
model,ext,d_systematic_sw,wcet_binding,0,model/dse.mzn,wcet_binding,UNSAT,True,OPTIMAL,3.49,False,deadlock;wcet,,2,,
model,safedse,f_both3,wcet_binding,0,model/dse.mzn,wcet_binding,UNSAT,True,OPTIMAL,5.14,False,deadlock,,2,,
model,ext,f_both3,wcet_binding,0,model/dse.mzn,wcet_binding,UNSAT,True,OPTIMAL,5.14,False,deadlock;wcet,,2,,
model,safedse,f_random_hw,wcet_binding,0,model/dse.mzn,wcet_binding,UNSAT,True,OPTIMAL,8.37,False,deadlock,,2,,
model,ext,f_random_hw,wcet_binding,0,model/dse.mzn,wcet_binding,UNSAT,True,OPTIMAL,8.37,False,deadlock;wcet,,2,,
model,safedse,f_sw3,wcet_binding,0,model/dse.mzn,wcet_binding,UNSAT,True,OPTIMAL,5.23,False,deadlock,,2,,
model,ext,f_sw3,wcet_binding,0,model/dse.mzn,wcet_binding,UNSAT,True,OPTIMAL,5.23,False,deadlock;wcet,,2,,
model,safedse,p_rasta,wcet_binding,0,model/dse.mzn,wcet_binding,UNSAT,True,OPTIMAL,5.59,True,,,0,,
model,ext,p_rasta,wcet_binding,0,model/dse.mzn,wcet_binding,UNSAT,True,OPTIMAL,5.59,False,wcet,,2,,
model,safedse,pc_sobel,wcet_binding,0,model/dse.mzn,wcet_binding,UNSAT,True,OPTIMAL,2.17,False,deadlock,,2,,
model,ext,pc_sobel,wcet_binding,0,model/dse.mzn,wcet_binding,UNSAT,True,OPTIMAL,2.17,False,deadlock;wcet,,2,,
model,safedse,v_nvp,wcet_binding,0,model/dse.mzn,wcet_binding,UNSAT,True,OPTIMAL,5.04,False,deadlock,,2,,
model,ext,v_nvp,wcet_binding,0,model/dse.mzn,wcet_binding,UNSAT,True,OPTIMAL,5.04,False,deadlock;wcet,,2,,
model,safedse,m_3app,wcet_binding,0,model/dse.mzn,wcet_binding,UNSAT,True,OPTIMAL,24.13,False,deadlock,,2,,
model,ext,m_3app,wcet_binding,0,model/dse.mzn,wcet_binding,UNSAT,True,OPTIMAL,24.13,False,deadlock;wcet,,2,,
model,safedse,c_pat,channel_edges,0,lib/mcm.mzn,channel_edges,UNSAT,True,OPTIMAL,14.74,True,,,0,,
model,ext,c_pat,channel_edges,0,lib/mcm.mzn,channel_edges,UNSAT,True,OPTIMAL,14.74,True,,,0,,
model,safedse,d_random_hw,channel_edges,0,lib/mcm.mzn,channel_edges,UNSAT,True,OPTIMAL,6.32,False,deadlock,,2,,
model,ext,d_random_hw,channel_edges,0,lib/mcm.mzn,channel_edges,UNSAT,True,OPTIMAL,6.32,False,deadlock,,2,,
model,safedse,d_systematic_sw,channel_edges,0,lib/mcm.mzn,channel_edges,UNSAT,True,OPTIMAL,3.59,False,deadlock,,2,,
model,ext,d_systematic_sw,channel_edges,0,lib/mcm.mzn,channel_edges,UNSAT,True,OPTIMAL,3.59,False,deadlock,,2,,
model,safedse,f_both3,channel_edges,0,lib/mcm.mzn,channel_edges,UNSAT,True,OPTIMAL,5.74,False,deadlock,,2,,
model,ext,f_both3,channel_edges,0,lib/mcm.mzn,channel_edges,UNSAT,True,OPTIMAL,5.74,False,deadlock,,2,,
model,safedse,f_random_hw,channel_edges,0,lib/mcm.mzn,channel_edges,UNSAT,True,OPTIMAL,9.52,False,deadlock,,2,,
model,ext,f_random_hw,channel_edges,0,lib/mcm.mzn,channel_edges,UNSAT,True,OPTIMAL,9.52,False,deadlock,,2,,
model,safedse,f_sw3,channel_edges,0,lib/mcm.mzn,channel_edges,UNSAT,True,OPTIMAL,7.1,False,deadlock,,2,,
model,ext,f_sw3,channel_edges,0,lib/mcm.mzn,channel_edges,UNSAT,True,OPTIMAL,7.1,False,deadlock,,2,,
model,safedse,p_rasta,channel_edges,0,lib/mcm.mzn,channel_edges,OPTIMAL,False,OPTIMAL,6.14,True,,,0,,
model,ext,p_rasta,channel_edges,0,lib/mcm.mzn,channel_edges,OPTIMAL,False,OPTIMAL,6.14,True,,,0,,
model,safedse,pc_sobel,channel_edges,0,lib/mcm.mzn,channel_edges,UNSAT,True,OPTIMAL,2.89,True,,,0,,
model,ext,pc_sobel,channel_edges,0,lib/mcm.mzn,channel_edges,UNSAT,True,OPTIMAL,2.89,True,,,0,,
model,safedse,v_nvp,channel_edges,0,lib/mcm.mzn,channel_edges,UNSAT,True,OPTIMAL,5.26,False,deadlock,,2,,
model,ext,v_nvp,channel_edges,0,lib/mcm.mzn,channel_edges,UNSAT,True,OPTIMAL,5.26,False,deadlock,,2,,
model,safedse,m_3app,channel_edges,0,lib/mcm.mzn,channel_edges,UNSAT,True,OPTIMAL,34.2,False,deadlock,,2,,
model,ext,m_3app,channel_edges,0,lib/mcm.mzn,channel_edges,UNSAT,True,OPTIMAL,34.2,False,deadlock,,2,,
model,safedse,c_pat,order_edges,0,lib/mcm.mzn,order_edges,UNSAT,True,OPTIMAL,13.71,False,deadlock,,2,,
model,ext,c_pat,order_edges,0,lib/mcm.mzn,order_edges,UNSAT,True,OPTIMAL,13.71,False,deadlock,,2,,
model,safedse,d_random_hw,order_edges,0,lib/mcm.mzn,order_edges,UNSAT,True,OPTIMAL,5.27,False,deadlock,,2,,
model,ext,d_random_hw,order_edges,0,lib/mcm.mzn,order_edges,UNSAT,True,OPTIMAL,5.27,False,deadlock,,2,,
model,safedse,d_systematic_sw,order_edges,0,lib/mcm.mzn,order_edges,UNSAT,True,OPTIMAL,3.48,False,deadlock,,2,,
model,ext,d_systematic_sw,order_edges,0,lib/mcm.mzn,order_edges,UNSAT,True,OPTIMAL,3.48,False,deadlock,,2,,
model,safedse,f_both3,order_edges,0,lib/mcm.mzn,order_edges,UNSAT,True,OPTIMAL,4.96,False,deadlock,,2,,
model,ext,f_both3,order_edges,0,lib/mcm.mzn,order_edges,UNSAT,True,OPTIMAL,4.96,False,deadlock,,2,,
model,safedse,f_random_hw,order_edges,0,lib/mcm.mzn,order_edges,UNSAT,True,OPTIMAL,7.59,False,deadlock,,2,,
model,ext,f_random_hw,order_edges,0,lib/mcm.mzn,order_edges,UNSAT,True,OPTIMAL,7.59,False,deadlock,,2,,
model,safedse,f_sw3,order_edges,0,lib/mcm.mzn,order_edges,UNSAT,True,OPTIMAL,5.34,False,deadlock,,2,,
model,ext,f_sw3,order_edges,0,lib/mcm.mzn,order_edges,UNSAT,True,OPTIMAL,5.34,False,deadlock,,2,,
model,safedse,p_rasta,order_edges,0,lib/mcm.mzn,order_edges,UNSAT,True,OPTIMAL,4.78,False,period,,2,,
model,ext,p_rasta,order_edges,0,lib/mcm.mzn,order_edges,UNSAT,True,OPTIMAL,4.78,False,period,,2,,
model,safedse,pc_sobel,order_edges,0,lib/mcm.mzn,order_edges,UNSAT,True,OPTIMAL,2.52,True,,,0,,
model,ext,pc_sobel,order_edges,0,lib/mcm.mzn,order_edges,UNSAT,True,OPTIMAL,2.52,True,,,0,,
model,safedse,v_nvp,order_edges,0,lib/mcm.mzn,order_edges,UNSAT,True,OPTIMAL,5.03,False,deadlock,,2,,
model,ext,v_nvp,order_edges,0,lib/mcm.mzn,order_edges,UNSAT,True,OPTIMAL,5.03,False,deadlock,,2,,
model,safedse,m_3app,order_edges,0,lib/mcm.mzn,order_edges,UNSAT,True,OPTIMAL,27.22,False,deadlock,,2,,
model,ext,m_3app,order_edges,0,lib/mcm.mzn,order_edges,UNSAT,True,OPTIMAL,27.22,False,deadlock,,2,,
model,safedse,c_pat,wrap_edges,0,lib/mcm.mzn,wrap_edges,OPTIMAL,False,OPTIMAL,15.82,True,,,0,,
model,ext,c_pat,wrap_edges,0,lib/mcm.mzn,wrap_edges,OPTIMAL,False,OPTIMAL,15.82,True,,,0,,
model,safedse,d_random_hw,wrap_edges,0,lib/mcm.mzn,wrap_edges,UNSAT,True,OPTIMAL,6.16,False,period,,2,,
model,ext,d_random_hw,wrap_edges,0,lib/mcm.mzn,wrap_edges,UNSAT,True,OPTIMAL,6.16,False,period,,2,,
model,safedse,d_systematic_sw,wrap_edges,0,lib/mcm.mzn,wrap_edges,UNSAT,True,OPTIMAL,4.15,False,period,,2,,
model,ext,d_systematic_sw,wrap_edges,0,lib/mcm.mzn,wrap_edges,UNSAT,True,OPTIMAL,4.15,False,period,,2,,
model,safedse,f_both3,wrap_edges,0,lib/mcm.mzn,wrap_edges,UNSAT,True,OPTIMAL,3.46,False,period,,2,,
model,ext,f_both3,wrap_edges,0,lib/mcm.mzn,wrap_edges,UNSAT,True,OPTIMAL,3.46,False,period,,2,,
model,safedse,f_random_hw,wrap_edges,0,lib/mcm.mzn,wrap_edges,UNSAT,True,OPTIMAL,9.74,False,period,,2,,
model,ext,f_random_hw,wrap_edges,0,lib/mcm.mzn,wrap_edges,UNSAT,True,OPTIMAL,9.74,False,period,,2,,
model,safedse,f_sw3,wrap_edges,0,lib/mcm.mzn,wrap_edges,UNSAT,True,OPTIMAL,5.72,False,period,,2,,
model,ext,f_sw3,wrap_edges,0,lib/mcm.mzn,wrap_edges,UNSAT,True,OPTIMAL,5.72,False,period,,2,,
model,safedse,p_rasta,wrap_edges,0,lib/mcm.mzn,wrap_edges,OPTIMAL,False,OPTIMAL,5.43,True,,,0,,
model,ext,p_rasta,wrap_edges,0,lib/mcm.mzn,wrap_edges,OPTIMAL,False,OPTIMAL,5.43,True,,,0,,
model,safedse,pc_sobel,wrap_edges,0,lib/mcm.mzn,wrap_edges,OPTIMAL,False,OPTIMAL,2.92,True,,,0,,
model,ext,pc_sobel,wrap_edges,0,lib/mcm.mzn,wrap_edges,OPTIMAL,False,OPTIMAL,2.92,True,,,0,,
model,safedse,v_nvp,wrap_edges,0,lib/mcm.mzn,wrap_edges,OPTIMAL,False,OPTIMAL,5.47,True,,,0,,
model,ext,v_nvp,wrap_edges,0,lib/mcm.mzn,wrap_edges,OPTIMAL,False,OPTIMAL,5.47,True,,,0,,
model,safedse,m_3app,wrap_edges,0,lib/mcm.mzn,wrap_edges,UNSAT,True,OPTIMAL,25.85,False,period,,2,,
model,ext,m_3app,wrap_edges,0,lib/mcm.mzn,wrap_edges,UNSAT,True,OPTIMAL,25.85,False,period,,2,,
model,safedse,c_pat,core_load,0,model/dse.mzn,core_load,OPTIMAL,False,OPTIMAL,16.97,True,,,0,,
model,ext,c_pat,core_load,0,model/dse.mzn,core_load,OPTIMAL,False,OPTIMAL,16.97,True,,,0,,
model,safedse,d_random_hw,core_load,0,model/dse.mzn,core_load,OPTIMAL,False,OPTIMAL,8.24,True,,,0,,
model,ext,d_random_hw,core_load,0,model/dse.mzn,core_load,OPTIMAL,False,OPTIMAL,8.24,True,,,0,,
model,safedse,d_systematic_sw,core_load,0,model/dse.mzn,core_load,OPTIMAL,False,OPTIMAL,4.0,True,,,0,,
model,ext,d_systematic_sw,core_load,0,model/dse.mzn,core_load,OPTIMAL,False,OPTIMAL,4.0,True,,,0,,
model,safedse,f_both3,core_load,0,model/dse.mzn,core_load,OPTIMAL,False,OPTIMAL,5.19,True,,,0,,
model,ext,f_both3,core_load,0,model/dse.mzn,core_load,OPTIMAL,False,OPTIMAL,5.19,True,,,0,,
model,safedse,f_random_hw,core_load,0,model/dse.mzn,core_load,OPTIMAL,False,OPTIMAL,10.38,True,,,0,,
model,ext,f_random_hw,core_load,0,model/dse.mzn,core_load,OPTIMAL,False,OPTIMAL,10.38,True,,,0,,
model,safedse,f_sw3,core_load,0,model/dse.mzn,core_load,OPTIMAL,False,OPTIMAL,6.42,True,,,0,,
model,ext,f_sw3,core_load,0,model/dse.mzn,core_load,OPTIMAL,False,OPTIMAL,6.42,True,,,0,,
model,safedse,p_rasta,core_load,0,model/dse.mzn,core_load,OPTIMAL,False,OPTIMAL,6.29,True,,,0,,
model,ext,p_rasta,core_load,0,model/dse.mzn,core_load,OPTIMAL,False,OPTIMAL,6.29,True,,,0,,
model,safedse,pc_sobel,core_load,0,model/dse.mzn,core_load,OPTIMAL,False,OPTIMAL,3.42,True,,,0,,
model,ext,pc_sobel,core_load,0,model/dse.mzn,core_load,OPTIMAL,False,OPTIMAL,3.42,True,,,0,,
model,safedse,v_nvp,core_load,0,model/dse.mzn,core_load,OPTIMAL,False,OPTIMAL,6.39,True,,,0,,
model,ext,v_nvp,core_load,0,model/dse.mzn,core_load,OPTIMAL,False,OPTIMAL,6.39,True,,,0,,
model,safedse,m_3app,core_load,0,model/dse.mzn,core_load,OPTIMAL,False,OPTIMAL,77.8,True,,,0,,
model,ext,m_3app,core_load,0,model/dse.mzn,core_load,OPTIMAL,False,OPTIMAL,77.8,True,,,0,,
model,safedse,m_3app,shared_period,0,model/dse.mzn,shared_period,UNSAT,True,OPTIMAL,37.05,False,period,,2,,
model,ext,m_3app,shared_period,0,model/dse.mzn,shared_period,UNSAT,True,OPTIMAL,37.05,False,period,,2,,
model,safedse,c_pat,comm_path,0,model/dse.mzn,comm_path,UNSAT,True,OPTIMAL,12.56,False,period,,2,,
model,ext,c_pat,comm_path,0,model/dse.mzn,comm_path,UNSAT,True,OPTIMAL,12.56,False,period,,2,,
model,safedse,pc_sobel,comm_path,0,model/dse.mzn,comm_path,OPTIMAL,False,OPTIMAL,2.58,True,,,0,,
model,ext,pc_sobel,comm_path,0,model/dse.mzn,comm_path,OPTIMAL,False,OPTIMAL,2.58,True,,,0,,
model,safedse,c_pat,activation,0,lib/activation.mzn,activation,UNSAT,True,OPTIMAL,12.55,False,period,,2,,
model,ext,c_pat,activation,0,lib/activation.mzn,activation,UNSAT,True,OPTIMAL,12.55,False,activation;period,,2,,
model,safedse,d_random_hw,activation,0,lib/activation.mzn,activation,UNSAT,True,OPTIMAL,5.66,False,period,,2,,
model,ext,d_random_hw,activation,0,lib/activation.mzn,activation,UNSAT,True,OPTIMAL,5.66,False,activation;period,,2,,
model,safedse,d_systematic_sw,activation,0,lib/activation.mzn,activation,UNSAT,True,OPTIMAL,2.46,True,,,0,,
model,ext,d_systematic_sw,activation,0,lib/activation.mzn,activation,UNSAT,True,OPTIMAL,2.46,False,activation,,2,,
model,safedse,f_both3,activation,0,lib/activation.mzn,activation,UNSAT,True,OPTIMAL,7.68,False,period,,2,,
model,ext,f_both3,activation,0,lib/activation.mzn,activation,UNSAT,True,OPTIMAL,7.68,False,activation;period,,2,,
model,safedse,f_random_hw,activation,0,lib/activation.mzn,activation,UNSAT,True,OPTIMAL,10.04,False,period,,2,,
model,ext,f_random_hw,activation,0,lib/activation.mzn,activation,UNSAT,True,OPTIMAL,10.04,False,activation;period,,2,,
model,safedse,f_sw3,activation,0,lib/activation.mzn,activation,UNSAT,True,OPTIMAL,8.53,False,period,,2,,
model,ext,f_sw3,activation,0,lib/activation.mzn,activation,UNSAT,True,OPTIMAL,8.53,False,activation;period,,2,,
model,safedse,p_rasta,activation,0,lib/activation.mzn,activation,UNSAT,True,OPTIMAL,10.17,False,period,,2,,
model,ext,p_rasta,activation,0,lib/activation.mzn,activation,UNSAT,True,OPTIMAL,10.17,False,activation;period,,2,,
model,safedse,pc_sobel,activation,0,lib/activation.mzn,activation,UNSAT,True,OPTIMAL,2.52,True,,,0,,
model,ext,pc_sobel,activation,0,lib/activation.mzn,activation,UNSAT,True,OPTIMAL,2.52,False,activation,,2,,
model,safedse,v_nvp,activation,0,lib/activation.mzn,activation,UNSAT,True,OPTIMAL,6.13,True,,,0,,
model,ext,v_nvp,activation,0,lib/activation.mzn,activation,UNSAT,True,OPTIMAL,6.13,False,activation,,2,,
model,safedse,m_3app,activation,0,lib/activation.mzn,activation,UNSAT,True,OPTIMAL,30.96,False,period,,2,,
model,ext,m_3app,activation,0,lib/activation.mzn,activation,UNSAT,True,OPTIMAL,30.96,False,activation;period,,2,,
model,safedse,c_pat,admissible_pattern,0,lib/activation.mzn,admissible_pattern,UNSAT,True,OPTIMAL,15.92,True,,,0,,
model,ext,c_pat,admissible_pattern,0,lib/activation.mzn,admissible_pattern,UNSAT,True,OPTIMAL,15.92,False,activation,,2,,
model,safedse,d_random_hw,admissible_pattern,0,lib/activation.mzn,admissible_pattern,UNSAT,True,OPTIMAL,6.42,True,,,0,,
model,ext,d_random_hw,admissible_pattern,0,lib/activation.mzn,admissible_pattern,UNSAT,True,OPTIMAL,6.42,False,activation,,2,,
model,safedse,d_systematic_sw,admissible_pattern,0,lib/activation.mzn,admissible_pattern,UNSAT,True,OPTIMAL,3.81,True,,,0,,
model,ext,d_systematic_sw,admissible_pattern,0,lib/activation.mzn,admissible_pattern,UNSAT,True,OPTIMAL,3.81,False,activation,,2,,
model,safedse,f_both3,admissible_pattern,0,lib/activation.mzn,admissible_pattern,UNSAT,True,OPTIMAL,3.63,True,,,0,,
model,ext,f_both3,admissible_pattern,0,lib/activation.mzn,admissible_pattern,UNSAT,True,OPTIMAL,3.63,False,activation,,2,,
model,safedse,f_random_hw,admissible_pattern,0,lib/activation.mzn,admissible_pattern,UNSAT,True,OPTIMAL,9.99,True,,,0,,
model,ext,f_random_hw,admissible_pattern,0,lib/activation.mzn,admissible_pattern,UNSAT,True,OPTIMAL,9.99,False,activation,,2,,
model,safedse,f_sw3,admissible_pattern,0,lib/activation.mzn,admissible_pattern,UNSAT,True,OPTIMAL,4.18,True,,,0,,
model,ext,f_sw3,admissible_pattern,0,lib/activation.mzn,admissible_pattern,UNSAT,True,OPTIMAL,4.18,False,activation,,2,,
model,safedse,p_rasta,admissible_pattern,0,lib/activation.mzn,admissible_pattern,UNSAT,True,OPTIMAL,4.84,True,,,0,,
model,ext,p_rasta,admissible_pattern,0,lib/activation.mzn,admissible_pattern,UNSAT,True,OPTIMAL,4.84,False,activation,,2,,
model,safedse,pc_sobel,admissible_pattern,0,lib/activation.mzn,admissible_pattern,UNSAT,True,OPTIMAL,3.21,True,,,0,,
model,ext,pc_sobel,admissible_pattern,0,lib/activation.mzn,admissible_pattern,UNSAT,True,OPTIMAL,3.21,False,activation,,2,,
model,safedse,v_nvp,admissible_pattern,0,lib/activation.mzn,admissible_pattern,UNSAT,True,OPTIMAL,5.71,False,period,,2,,
model,ext,v_nvp,admissible_pattern,0,lib/activation.mzn,admissible_pattern,UNSAT,True,OPTIMAL,5.71,False,activation;period,,2,,
model,safedse,m_3app,admissible_pattern,0,lib/activation.mzn,admissible_pattern,UNSAT,True,OPTIMAL,45.65,True,,,0,,
model,ext,m_3app,admissible_pattern,0,lib/activation.mzn,admissible_pattern,UNSAT,True,OPTIMAL,45.65,False,activation,,2,,
model,safedse,c_pat,one_order_per_core,0,lib/order.mzn,one_order_per_core,OPTIMAL,False,OPTIMAL,15.17,True,,,0,,
model,ext,c_pat,one_order_per_core,0,lib/order.mzn,one_order_per_core,OPTIMAL,False,OPTIMAL,15.17,True,,,0,,
model,safedse,d_random_hw,one_order_per_core,0,lib/order.mzn,one_order_per_core,OPTIMAL,False,OPTIMAL,5.09,True,,,0,,
model,ext,d_random_hw,one_order_per_core,0,lib/order.mzn,one_order_per_core,OPTIMAL,False,OPTIMAL,5.09,True,,,0,,
model,safedse,d_systematic_sw,one_order_per_core,0,lib/order.mzn,one_order_per_core,OPTIMAL,False,OPTIMAL,3.04,True,,,0,,
model,ext,d_systematic_sw,one_order_per_core,0,lib/order.mzn,one_order_per_core,OPTIMAL,False,OPTIMAL,3.04,True,,,0,,
model,safedse,f_both3,one_order_per_core,0,lib/order.mzn,one_order_per_core,OPTIMAL,False,OPTIMAL,4.77,True,,,0,,
model,ext,f_both3,one_order_per_core,0,lib/order.mzn,one_order_per_core,OPTIMAL,False,OPTIMAL,4.77,True,,,0,,
model,safedse,f_random_hw,one_order_per_core,0,lib/order.mzn,one_order_per_core,OPTIMAL,False,OPTIMAL,8.24,True,,,0,,
model,ext,f_random_hw,one_order_per_core,0,lib/order.mzn,one_order_per_core,OPTIMAL,False,OPTIMAL,8.24,True,,,0,,
model,safedse,f_sw3,one_order_per_core,0,lib/order.mzn,one_order_per_core,OPTIMAL,False,OPTIMAL,4.92,True,,,0,,
model,ext,f_sw3,one_order_per_core,0,lib/order.mzn,one_order_per_core,OPTIMAL,False,OPTIMAL,4.92,True,,,0,,
model,safedse,p_rasta,one_order_per_core,0,lib/order.mzn,one_order_per_core,OPTIMAL,False,OPTIMAL,8.17,True,,,0,,
model,ext,p_rasta,one_order_per_core,0,lib/order.mzn,one_order_per_core,OPTIMAL,False,OPTIMAL,8.17,True,,,0,,
model,safedse,pc_sobel,one_order_per_core,0,lib/order.mzn,one_order_per_core,OPTIMAL,False,OPTIMAL,2.87,True,,,0,,
model,ext,pc_sobel,one_order_per_core,0,lib/order.mzn,one_order_per_core,OPTIMAL,False,OPTIMAL,2.87,True,,,0,,
model,safedse,v_nvp,one_order_per_core,0,lib/order.mzn,one_order_per_core,OPTIMAL,False,OPTIMAL,4.63,True,,,0,,
model,ext,v_nvp,one_order_per_core,0,lib/order.mzn,one_order_per_core,OPTIMAL,False,OPTIMAL,4.63,True,,,0,,
model,safedse,m_3app,one_order_per_core,0,lib/order.mzn,one_order_per_core,OPTIMAL,False,SAT,120.49,True,,,0,,
model,ext,m_3app,one_order_per_core,0,lib/order.mzn,one_order_per_core,OPTIMAL,False,SAT,120.49,True,,,0,,
model,safedse,c_pat,order_same_core,0,lib/order.mzn,order_same_core,UNSAT,True,OPTIMAL,13.63,False,period,,2,,
model,ext,c_pat,order_same_core,0,lib/order.mzn,order_same_core,UNSAT,True,OPTIMAL,13.63,False,order;period,,2,,
model,safedse,d_random_hw,order_same_core,0,lib/order.mzn,order_same_core,UNSAT,True,OPTIMAL,5.7,True,,,0,,
model,ext,d_random_hw,order_same_core,0,lib/order.mzn,order_same_core,UNSAT,True,OPTIMAL,5.7,False,order,,2,,
model,safedse,d_systematic_sw,order_same_core,0,lib/order.mzn,order_same_core,UNSAT,True,OPTIMAL,3.22,True,,,0,,
model,ext,d_systematic_sw,order_same_core,0,lib/order.mzn,order_same_core,UNSAT,True,OPTIMAL,3.22,False,order,,2,,
model,safedse,f_both3,order_same_core,0,lib/order.mzn,order_same_core,UNSAT,True,OPTIMAL,3.03,True,,,0,,
model,ext,f_both3,order_same_core,0,lib/order.mzn,order_same_core,UNSAT,True,OPTIMAL,3.03,False,order,,2,,
model,safedse,f_random_hw,order_same_core,0,lib/order.mzn,order_same_core,UNSAT,True,OPTIMAL,7.77,True,,,0,,
model,ext,f_random_hw,order_same_core,0,lib/order.mzn,order_same_core,UNSAT,True,OPTIMAL,7.77,False,order,,2,,
model,safedse,f_sw3,order_same_core,0,lib/order.mzn,order_same_core,UNSAT,True,OPTIMAL,4.92,True,,,0,,
model,ext,f_sw3,order_same_core,0,lib/order.mzn,order_same_core,UNSAT,True,OPTIMAL,4.92,False,order,,2,,
model,safedse,p_rasta,order_same_core,0,lib/order.mzn,order_same_core,UNSAT,True,OPTIMAL,5.86,True,,,0,,
model,ext,p_rasta,order_same_core,0,lib/order.mzn,order_same_core,UNSAT,True,OPTIMAL,5.86,False,order,,2,,
model,safedse,pc_sobel,order_same_core,0,lib/order.mzn,order_same_core,OPTIMAL,False,OPTIMAL,2.87,True,,,0,,
model,ext,pc_sobel,order_same_core,0,lib/order.mzn,order_same_core,OPTIMAL,False,OPTIMAL,2.87,True,,,0,,
model,safedse,v_nvp,order_same_core,0,lib/order.mzn,order_same_core,UNSAT,True,OPTIMAL,4.78,False,period,,2,,
model,ext,v_nvp,order_same_core,0,lib/order.mzn,order_same_core,UNSAT,True,OPTIMAL,4.78,False,order;period,,2,,
model,safedse,m_3app,order_same_core,0,lib/order.mzn,order_same_core,UNSAT,True,OPTIMAL,69.71,False,period,,2,,
model,ext,m_3app,order_same_core,0,lib/order.mzn,order_same_core,UNSAT,True,OPTIMAL,69.71,False,order;period,,2,,
model,safedse,c_pat,memory,0,model/dse.mzn,memory,OPTIMAL,False,OPTIMAL,15.52,True,,,0,,
model,ext,c_pat,memory,0,model/dse.mzn,memory,OPTIMAL,False,OPTIMAL,15.52,True,,,0,,
model,safedse,d_random_hw,memory,0,model/dse.mzn,memory,OPTIMAL,False,OPTIMAL,6.22,True,,,0,,
model,ext,d_random_hw,memory,0,model/dse.mzn,memory,OPTIMAL,False,OPTIMAL,6.22,True,,,0,,
model,safedse,d_systematic_sw,memory,0,model/dse.mzn,memory,OPTIMAL,False,OPTIMAL,3.57,True,,,0,,
model,ext,d_systematic_sw,memory,0,model/dse.mzn,memory,OPTIMAL,False,OPTIMAL,3.57,True,,,0,,
model,safedse,f_both3,memory,0,model/dse.mzn,memory,OPTIMAL,False,OPTIMAL,3.38,True,,,0,,
model,ext,f_both3,memory,0,model/dse.mzn,memory,OPTIMAL,False,OPTIMAL,3.38,True,,,0,,
model,safedse,f_random_hw,memory,0,model/dse.mzn,memory,OPTIMAL,False,OPTIMAL,9.25,True,,,0,,
model,ext,f_random_hw,memory,0,model/dse.mzn,memory,OPTIMAL,False,OPTIMAL,9.25,True,,,0,,
model,safedse,f_sw3,memory,0,model/dse.mzn,memory,OPTIMAL,False,OPTIMAL,5.61,True,,,0,,
model,ext,f_sw3,memory,0,model/dse.mzn,memory,OPTIMAL,False,OPTIMAL,5.61,True,,,0,,
model,safedse,p_rasta,memory,0,model/dse.mzn,memory,OPTIMAL,False,OPTIMAL,5.94,True,,,0,,
model,ext,p_rasta,memory,0,model/dse.mzn,memory,OPTIMAL,False,OPTIMAL,5.94,True,,,0,,
model,safedse,pc_sobel,memory,0,model/dse.mzn,memory,OPTIMAL,False,OPTIMAL,3.22,True,,,0,,
model,ext,pc_sobel,memory,0,model/dse.mzn,memory,OPTIMAL,False,OPTIMAL,3.22,True,,,0,,
model,safedse,v_nvp,memory,0,model/dse.mzn,memory,OPTIMAL,False,OPTIMAL,5.37,True,,,0,,
model,ext,v_nvp,memory,0,model/dse.mzn,memory,OPTIMAL,False,OPTIMAL,5.37,True,,,0,,
model,safedse,m_3app,memory,0,model/dse.mzn,memory,OPTIMAL,False,OPTIMAL,41.24,True,,,0,,
model,ext,m_3app,memory,0,model/dse.mzn,memory,OPTIMAL,False,OPTIMAL,41.24,True,,,0,,
solution,artifact,c_pat,place,0,DIFFERENT_FCR node 8 -> core 2 (node 1 on 1),placement,UNSAT,True,,,False,placement,True,2,,
solution,artifact,c_pat,place,1,DIFFERENT_FCR node 19 -> core 4 (node 5 on 3),placement,UNSAT,True,,,False,placement,True,2,,
solution,artifact,c_pat,place,2,DIFFERENT node 26 -> core 8 (node 7 on 8),placement,UNSAT,True,,,False,placement,True,2,,
solution,artifact,c_pat,sil_node,2,node 3 SIL 1 -> 0,sil_actor,UNSAT,True,,,False,isolation;sil_actor,True,2,,
solution,artifact,c_pat,sil_node,4,node 5 SIL 3 -> 2,sil_actor,UNSAT,True,,,False,isolation;sil_actor,True,2,,
solution,artifact,c_pat,sil_node,5,node 6 SIL 1 -> 0,sil_actor,UNSAT,True,,,False,isolation;sil_actor,True,2,,
solution,artifact,c_pat,sil_node,7,node 8 SIL 3 -> 2,sil_actor,UNSAT,True,,,False,isolation;sil_actor,True,2,,
solution,artifact,c_pat,sil_node,8,node 19 SIL 3 -> 2,sil_actor,UNSAT,True,,,False,isolation;sil_actor,True,2,,
solution,artifact,c_pat,sil_core,0,core 1 and its nodes SIL 3 -> 2,sil_actor,UNSAT,True,,,False,sil_actor,True,2,,
solution,artifact,c_pat,sil_core,1,core 3 and its nodes SIL 3 -> 2,sil_actor,UNSAT,True,,,False,sil_actor,True,2,,
solution,artifact,c_pat,sil_core,2,core 7 and its nodes SIL 1 -> 0,sil_actor,UNSAT,True,,,False,sil_actor,True,2,,
solution,artifact,c_pat,sil_core,3,core 8 and its nodes SIL 2 -> 1,sil_actor,UNSAT,True,,,False,sil_actor,True,2,,
solution,artifact,c_pat,sil_core,4,core 9 and its nodes SIL 2 -> 1,sil_actor,UNSAT,True,,,False,sil_actor,True,2,,
solution,artifact,c_pat,ceiling,0,core 7 (type ceiling 2) provisioned to 3,isolation,UNSAT,True,,,False,isolation,True,2,,
solution,artifact,c_pat,ceiling,1,core 8 (type ceiling 2) provisioned to 3,isolation,UNSAT,True,,,False,isolation,True,2,,
solution,artifact,c_pat,ceiling,2,core 9 (type ceiling 2) provisioned to 3,isolation,UNSAT,True,,,False,isolation,True,2,,
solution,artifact,c_pat,mix,0,"core 1: node 1 promoted to 4, others at 3, no partitioning",isolation,UNSAT,True,,,False,isolation,True,2,,
solution,artifact,c_pat,mix,1,"core 3: node 5 promoted to 4, others at 3, no partitioning",isolation,UNSAT,True,,,False,isolation,True,2,,
solution,artifact,c_pat,mix,2,"core 7: node 2 promoted to 2, others at 1, no partitioning",isolation,UNSAT,True,,,False,isolation,True,2,,
solution,artifact,c_pat,part_forge,0,"core 1: partitioning on a non-partitionable type, node 1 at SIL 4",isolation,UNSAT,True,,,False,isolation,True,2,,
solution,artifact,c_pat,part_forge,1,"core 3: partitioning on a non-partitionable type, node 5 at SIL 4",isolation,UNSAT,True,,,False,isolation,True,2,,
solution,artifact,c_pat,part_forge,2,"core 7: partitioning on a non-partitionable type, node 2 at SIL 2",isolation,UNSAT,True,,,False,isolation,True,2,,
solution,artifact,c_pat,period,0,app 1 period 1239 -> 1238,period,UNSAT,True,,,False,period,True,2,,
solution,artifact,c_pat,wcet,5,node 6 WCET 310 -> 155,wcet,UNSAT,True,,,False,wcet,True,2,,
solution,artifact,c_pat,wcet,6,node 7 WCET 213 -> 106,wcet,UNSAT,True,,,False,wcet,True,2,,
solution,artifact,c_pat,wcet,7,node 8 WCET 141 -> 70,wcet,UNSAT,True,,,False,wcet,True,2,,
solution,artifact,c_pat,wcet,8,node 19 WCET 170 -> 85,wcet,UNSAT,True,,,False,wcet,True,2,,
solution,artifact,c_pat,wcet,9,node 26 WCET 64 -> 32,wcet,UNSAT,True,,,False,wcet,True,2,,
solution,artifact,c_pat,order_split,0,core 1: static order cut after node 1,order,UNSAT,True,,,False,order,True,2,,
solution,artifact,c_pat,order_split,1,core 7: static order cut after node 2,order,UNSAT,True,,,False,order,True,2,,
solution,artifact,c_pat,order_split,2,core 3: static order cut after node 5,order,UNSAT,True,,,False,order,True,2,,
solution,artifact,c_pat,order_cycle,0,core 1: static order closed into a cycle,order,UNSAT,True,,,False,order,True,2,,
solution,artifact,c_pat,order_cycle,1,core 7: static order closed into a cycle,order,UNSAT,True,,,False,order,True,2,,
solution,artifact,c_pat,order_cycle,2,core 3: static order closed into a cycle,order,UNSAT,True,,,False,order,True,2,,
solution,artifact,c_pat,order_cross,0,static order of core 7 continues on core 8,order,UNSAT,True,,,False,order,True,2,,
solution,artifact,c_pat,order_cross,1,static order of core 8 continues on core 9,order,UNSAT,True,,,False,order,True,2,,
solution,artifact,c_pat,deactivate,0,component node 8 (c_rasta.frontEnd~0) deactivated,activation,UNSAT,True,,,False,activation,True,2,,
solution,artifact,c_pat,deactivate,1,component node 19 (c_rasta.compJah~0) deactivated,activation,UNSAT,True,,,False,activation,True,2,,
solution,artifact,c_pat,deactivate,2,component node 26 (c_rasta.backEnd~0) deactivated,activation,UNSAT,True,,,False,activation,True,2,,
solution,artifact,c_pat,pattern_none,0,actor c_rasta.frontEnd (SIL 3) without pattern,activation,UNSAT,True,,,False,activation,True,2,,
solution,artifact,c_pat,pattern_none,1,actor c_rasta.compJah (SIL 3) without pattern,activation,UNSAT,True,,,False,activation,True,2,,
solution,artifact,c_pat,pattern_none,2,actor c_rasta.backEnd (SIL 2) without pattern,activation,UNSAT,True,,,False,activation,True,2,,
solution,artifact,c_pat,drop_field,0,field pat missing from the solution file,input,N/A,by construction,,,False,input,True,2,,
solution,artifact,c_pat,drop_field,1,field sil_impl missing from the solution file,input,N/A,by construction,,,False,input,True,2,,
solution,artifact,c_pat,cost,0,total cost 3349 -> 3348,cost,COSTS,True,,,False,cost,True,2,,
solution,artifact,d_random_hw,place,0,DIFFERENT node 8 -> core 7 (node 1 on 7),placement,UNSAT,True,,,False,placement,True,2,,
solution,artifact,d_random_hw,place,1,DIFFERENT node 15 -> core 7 (node 5 on 7),placement,UNSAT,True,,,False,placement,True,2,,
solution,artifact,d_random_hw,place,2,DIFFERENT node 18 -> core 7 (node 7 on 7),placement,UNSAT,True,,,False,placement,True,2,,
solution,artifact,d_random_hw,sil_node,2,node 3 SIL 1 -> 0,sil_actor,UNSAT,True,,,False,isolation;sil_actor,True,2,,
solution,artifact,d_random_hw,sil_node,3,node 4 SIL 1 -> 0,sil_actor,UNSAT,True,,,False,isolation;sil_actor,True,2,,
solution,artifact,d_random_hw,sil_node,6,node 7 SIL 2 -> 1,sil_actor,UNSAT,True,,,False,isolation;sil_actor,True,2,,
solution,artifact,d_random_hw,sil_node,8,node 15 SIL 2 -> 1,sil_actor,UNSAT,True,,,False,isolation;sil_actor,True,2,,
solution,artifact,d_random_hw,sil_node,9,node 18 SIL 2 -> 1,sil_actor,UNSAT,True,,,False,isolation;sil_actor,True,2,,
solution,artifact,d_random_hw,sil_core,0,core 7 and its nodes SIL 2 -> 1,sil_actor,UNSAT,True,,,False,sil_actor,True,2,,
solution,artifact,d_random_hw,sil_core,1,core 8 and its nodes SIL 1 -> 0,sil_actor,UNSAT,True,,,False,sil_actor,True,2,,
solution,artifact,d_random_hw,sil_core,2,core 9 and its nodes SIL 2 -> 1,sil_actor,UNSAT,True,,,False,sil_actor,True,2,,
solution,artifact,d_random_hw,ceiling,0,core 7 (type ceiling 2) provisioned to 3,isolation,UNSAT,True,,,False,isolation,True,2,,
solution,artifact,d_random_hw,ceiling,1,core 8 (type ceiling 2) provisioned to 3,isolation,UNSAT,True,,,False,isolation,True,2,,
solution,artifact,d_random_hw,ceiling,2,core 9 (type ceiling 2) provisioned to 3,isolation,UNSAT,True,,,False,isolation,True,2,,
solution,artifact,d_random_hw,mix,0,"core 8: node 2 promoted to 2, others at 1, no partitioning",isolation,UNSAT,True,,,False,isolation,True,2,,
solution,artifact,d_random_hw,part_forge,0,"core 8: partitioning on a non-partitionable type, node 2 at SIL 2",isolation,UNSAT,True,,,False,isolation,True,2,,
solution,artifact,d_random_hw,period,0,app 1 period 1751 -> 1750,period,UNSAT,True,,,False,period,True,2,,
solution,artifact,d_random_hw,wcet,1,node 2 WCET 50 -> 25,wcet,UNSAT,True,,,False,wcet,True,2,,
solution,artifact,d_random_hw,wcet,3,node 4 WCET 173 -> 86,wcet,UNSAT,True,,,False,wcet,True,2,,
solution,artifact,d_random_hw,wcet,5,node 6 WCET 310 -> 155,wcet,UNSAT,True,,,False,wcet,True,2,,
solution,artifact,d_random_hw,wcet,7,node 8 WCET 67 -> 33,wcet,UNSAT,True,,,False,wcet,True,2,,
solution,artifact,d_random_hw,wcet,9,node 18 WCET 64 -> 32,wcet,UNSAT,True,,,False,wcet,True,2,,
solution,artifact,d_random_hw,order_split,0,core 7: static order cut after node 1,order,UNSAT,True,,,False,order,True,2,,
solution,artifact,d_random_hw,order_split,1,core 8: static order cut after node 2,order,UNSAT,True,,,False,order,True,2,,
solution,artifact,d_random_hw,order_split,2,core 9: static order cut after node 18,order,UNSAT,True,,,False,order,True,2,,
solution,artifact,d_random_hw,order_cycle,0,core 7: static order closed into a cycle,order,UNSAT,True,,,False,order,True,2,,
solution,artifact,d_random_hw,order_cycle,1,core 8: static order closed into a cycle,order,UNSAT,True,,,False,order,True,2,,
solution,artifact,d_random_hw,order_cycle,2,core 9: static order closed into a cycle,order,UNSAT,True,,,False,order,True,2,,
solution,artifact,d_random_hw,order_cross,0,static order of core 8 continues on core 9,order,UNSAT,True,,,False,order,True,2,,
solution,artifact,d_random_hw,deactivate,0,component node 8 (c_rasta.frontEnd~0) deactivated,activation,UNSAT,True,,,False,activation,True,2,,
solution,artifact,d_random_hw,deactivate,1,component node 15 (c_rasta.compJah~0) deactivated,activation,UNSAT,True,,,False,activation,True,2,,
solution,artifact,d_random_hw,deactivate,2,component node 18 (c_rasta.backEnd~0) deactivated,activation,UNSAT,True,,,False,activation,True,2,,
solution,artifact,d_random_hw,pattern_none,0,actor c_rasta.frontEnd (SIL 2) without pattern,activation,UNSAT,True,,,False,activation,True,2,,
solution,artifact,d_random_hw,pattern_none,1,actor c_rasta.compJah (SIL 2) without pattern,activation,UNSAT,True,,,False,activation,True,2,,
solution,artifact,d_random_hw,pattern_none,2,actor c_rasta.backEnd (SIL 2) without pattern,activation,UNSAT,True,,,False,activation,True,2,,
solution,artifact,d_random_hw,drop_field,0,field pat missing from the solution file,input,N/A,by construction,,,False,input,True,2,,
solution,artifact,d_random_hw,drop_field,1,field sil_impl missing from the solution file,input,N/A,by construction,,,False,input,True,2,,
solution,artifact,d_random_hw,cost,0,total cost 1857 -> 1856,cost,COSTS,True,,,False,cost,True,2,,
solution,artifact,d_systematic_sw,place,0,SAME node 8 -> core 8 (node 1 on 7),placement,UNSAT,True,,,False,placement,True,2,,
solution,artifact,d_systematic_sw,place,1,SAME node 12 -> core 8 (node 5 on 7),placement,UNSAT,True,,,False,placement,True,2,,
solution,artifact,d_systematic_sw,place,2,SAME node 14 -> core 8 (node 7 on 7),placement,UNSAT,True,,,False,placement,True,2,,
solution,artifact,d_systematic_sw,sil_node,0,node 1 SIL 2 -> 1,sil_actor,UNSAT,True,,,False,isolation;sil_actor,True,2,,
solution,artifact,d_systematic_sw,sil_node,1,node 2 SIL 1 -> 0,sil_actor,UNSAT,True,,,False,isolation;sil_actor,True,2,,
solution,artifact,d_systematic_sw,sil_node,3,node 4 SIL 1 -> 0,sil_actor,UNSAT,True,,,False,isolation;sil_actor,True,2,,
solution,artifact,d_systematic_sw,sil_node,6,node 7 SIL 2 -> 1,sil_actor,UNSAT,True,,,False,isolation;sil_actor,True,2,,
solution,artifact,d_systematic_sw,sil_node,7,node 8 SIL 2 -> 1,sil_actor,UNSAT,True,,,False,isolation;sil_actor,True,2,,
solution,artifact,d_systematic_sw,sil_core,0,core 7 and its nodes SIL 2 -> 1,sil_actor,UNSAT,True,,,False,sil_actor,True,2,,
solution,artifact,d_systematic_sw,sil_core,1,core 8 and its nodes SIL 1 -> 0,sil_actor,UNSAT,True,,,False,sil_actor,True,2,,
solution,artifact,d_systematic_sw,ceiling,0,core 7 (type ceiling 2) provisioned to 3,isolation,UNSAT,True,,,False,isolation,True,2,,
solution,artifact,d_systematic_sw,ceiling,1,core 8 (type ceiling 2) provisioned to 3,isolation,UNSAT,True,,,False,isolation,True,2,,
solution,artifact,d_systematic_sw,mix,0,"core 8: node 2 promoted to 2, others at 1, no partitioning",isolation,UNSAT,True,,,False,isolation,True,2,,
solution,artifact,d_systematic_sw,part_forge,0,"core 8: partitioning on a non-partitionable type, node 2 at SIL 2",isolation,UNSAT,True,,,False,isolation,True,2,,
solution,artifact,d_systematic_sw,period,0,app 1 period 1751 -> 1750,period,UNSAT,True,,,False,period,True,2,,
solution,artifact,d_systematic_sw,wcet,1,node 2 WCET 50 -> 25,wcet,UNSAT,True,,,False,wcet,True,2,,
solution,artifact,d_systematic_sw,wcet,2,node 3 WCET 376 -> 188,wcet,UNSAT,True,,,False,wcet,True,2,,
solution,artifact,d_systematic_sw,wcet,4,node 5 WCET 272 -> 136,wcet,UNSAT,True,,,False,wcet,True,2,,
solution,artifact,d_systematic_sw,wcet,5,node 6 WCET 310 -> 155,wcet,UNSAT,True,,,False,wcet,True,2,,
solution,artifact,d_systematic_sw,wcet,7,node 8 WCET 67 -> 33,wcet,UNSAT,True,,,False,wcet,True,2,,
solution,artifact,d_systematic_sw,order_split,0,core 7: static order cut after node 1,order,UNSAT,True,,,False,order,True,2,,
solution,artifact,d_systematic_sw,order_split,1,core 8: static order cut after node 2,order,UNSAT,True,,,False,order,True,2,,
solution,artifact,d_systematic_sw,order_cycle,0,core 7: static order closed into a cycle,order,UNSAT,True,,,False,order,True,2,,
solution,artifact,d_systematic_sw,order_cycle,1,core 8: static order closed into a cycle,order,UNSAT,True,,,False,order,True,2,,
solution,artifact,d_systematic_sw,deactivate,0,component node 8 (c_rasta.frontEnd~0) deactivated,activation,UNSAT,True,,,False,activation,True,2,,
solution,artifact,d_systematic_sw,deactivate,1,component node 12 (c_rasta.compJah~0) deactivated,activation,UNSAT,True,,,False,activation,True,2,,
solution,artifact,d_systematic_sw,deactivate,2,component node 14 (c_rasta.backEnd~0) deactivated,activation,UNSAT,True,,,False,activation,True,2,,
solution,artifact,d_systematic_sw,pattern_none,0,actor c_rasta.frontEnd (SIL 2) without pattern,activation,UNSAT,True,,,False,activation,True,2,,
solution,artifact,d_systematic_sw,pattern_none,1,actor c_rasta.compJah (SIL 2) without pattern,activation,UNSAT,True,,,False,activation,True,2,,
solution,artifact,d_systematic_sw,pattern_none,2,actor c_rasta.backEnd (SIL 2) without pattern,activation,UNSAT,True,,,False,activation,True,2,,
solution,artifact,d_systematic_sw,drop_field,0,field pat missing from the solution file,input,N/A,by construction,,,False,input,True,2,,
solution,artifact,d_systematic_sw,drop_field,1,field sil_impl missing from the solution file,input,N/A,by construction,,,False,input,True,2,,
solution,artifact,d_systematic_sw,cost,0,total cost 1846 -> 1845,cost,COSTS,True,,,False,cost,True,2,,
solution,artifact,f_both3,place,0,DIFFERENT_FCR node 8 -> core 2 (node 1 on 1),placement,UNSAT,True,,,False,placement,True,2,,
solution,artifact,f_both3,place,1,DIFFERENT_FCR node 14 -> core 2 (node 5 on 1),placement,UNSAT,True,,,False,placement,True,2,,
solution,artifact,f_both3,place,2,DIFFERENT_FCR node 18 -> core 1 (node 7 on 2),placement,UNSAT,True,,,False,placement,True,2,,
solution,artifact,f_both3,sil_node,0,node 1 SIL 3 -> 2,sil_actor,UNSAT,True,,,False,isolation;sil_actor,True,2,,
solution,artifact,f_both3,sil_node,2,node 3 SIL 1 -> 0,sil_actor,UNSAT,True,,,False,isolation;sil_actor,True,2,,
solution,artifact,f_both3,sil_node,4,node 5 SIL 3 -> 2,sil_actor,UNSAT,True,,,False,isolation;sil_actor,True,2,,
solution,artifact,f_both3,sil_node,5,node 6 SIL 1 -> 0,sil_actor,UNSAT,True,,,False,isolation;sil_actor,True,2,,
solution,artifact,f_both3,sil_node,9,node 18 SIL 2 -> 1,sil_actor,UNSAT,True,,,False,isolation;sil_actor,True,2,,
solution,artifact,f_both3,sil_core,0,core 1 and its nodes SIL 3 -> 2,sil_actor,UNSAT,True,,,False,sil_actor,True,2,,
solution,artifact,f_both3,sil_core,1,core 2 and its nodes SIL 2 -> 1,sil_actor,UNSAT,True,,,False,sil_actor,True,2,,
solution,artifact,f_both3,sil_core,2,core 7 and its nodes SIL 3 -> 2,sil_actor,UNSAT,True,,,False,sil_actor,True,2,,
solution,artifact,f_both3,sil_core,3,core 13 and its nodes SIL 1 -> 0,sil_actor,UNSAT,True,,,False,sil_actor,True,2,,
solution,artifact,f_both3,sil_core,4,core 14 and its nodes SIL 2 -> 1,sil_actor,UNSAT,True,,,False,sil_actor,True,2,,
solution,artifact,f_both3,ceiling,0,core 13 (type ceiling 2) provisioned to 3,isolation,UNSAT,True,,,False,isolation,True,2,,
solution,artifact,f_both3,ceiling,1,core 14 (type ceiling 2) provisioned to 3,isolation,UNSAT,True,,,False,isolation,True,2,,
solution,artifact,f_both3,mix,0,"core 1: node 1 promoted to 4, others at 3, no partitioning",isolation,UNSAT,True,,,False,isolation,True,2,,
solution,artifact,f_both3,mix,1,"core 7: node 8 promoted to 4, others at 3, no partitioning",isolation,UNSAT,True,,,False,isolation,True,2,,
solution,artifact,f_both3,mix,2,"core 13: node 2 promoted to 2, others at 1, no partitioning",isolation,UNSAT,True,,,False,isolation,True,2,,
solution,artifact,f_both3,part_forge,0,"core 1: partitioning on a non-partitionable type, node 1 at SIL 4",isolation,UNSAT,True,,,False,isolation,True,2,,
solution,artifact,f_both3,part_forge,1,"core 7: partitioning on a non-partitionable type, node 8 at SIL 4",isolation,UNSAT,True,,,False,isolation,True,2,,
solution,artifact,f_both3,part_forge,2,"core 13: partitioning on a non-partitionable type, node 2 at SIL 2",isolation,UNSAT,True,,,False,isolation,True,2,,
solution,artifact,f_both3,period,0,app 1 period 1130 -> 1129,period,UNSAT,True,,,False,period,True,2,,
solution,artifact,f_both3,wcet,1,node 2 WCET 50 -> 25,wcet,UNSAT,True,,,False,wcet,True,2,,
solution,artifact,f_both3,wcet,5,node 6 WCET 310 -> 155,wcet,UNSAT,True,,,False,wcet,True,2,,
solution,artifact,f_both3,wcet,6,node 7 WCET 133 -> 66,wcet,UNSAT,True,,,False,wcet,True,2,,
solution,artifact,f_both3,wcet,7,node 8 WCET 162 -> 81,wcet,UNSAT,True,,,False,wcet,True,2,,
solution,artifact,f_both3,wcet,8,node 14 WCET 195 -> 97,wcet,UNSAT,True,,,False,wcet,True,2,,
solution,artifact,f_both3,order_split,0,core 1: static order cut after node 1,order,UNSAT,True,,,False,order,True,2,,
solution,artifact,f_both3,order_split,1,core 13: static order cut after node 2,order,UNSAT,True,,,False,order,True,2,,
solution,artifact,f_both3,order_split,2,core 7: static order cut after node 8,order,UNSAT,True,,,False,order,True,2,,
solution,artifact,f_both3,order_cycle,0,core 1: static order closed into a cycle,order,UNSAT,True,,,False,order,True,2,,
solution,artifact,f_both3,order_cycle,1,core 13: static order closed into a cycle,order,UNSAT,True,,,False,order,True,2,,
solution,artifact,f_both3,order_cycle,2,core 7: static order closed into a cycle,order,UNSAT,True,,,False,order,True,2,,
solution,artifact,f_both3,order_cross,0,static order of core 1 continues on core 2,order,UNSAT,True,,,False,order,True,2,,
solution,artifact,f_both3,order_cross,1,static order of core 2 continues on core 7,order,UNSAT,True,,,False,order,True,2,,
solution,artifact,f_both3,order_cross,2,static order of core 13 continues on core 14,order,UNSAT,True,,,False,order,True,2,,
solution,artifact,f_both3,deactivate,0,component node 8 (c_rasta.frontEnd~0) deactivated,activation,UNSAT,True,,,False,activation,True,2,,
solution,artifact,f_both3,deactivate,1,component node 14 (c_rasta.compJah~0) deactivated,activation,UNSAT,True,,,False,activation,True,2,,
solution,artifact,f_both3,deactivate,2,component node 18 (c_rasta.backEnd~0) deactivated,activation,UNSAT,True,,,False,activation,True,2,,
solution,artifact,f_both3,pattern_none,0,actor c_rasta.frontEnd (SIL 3) without pattern,activation,UNSAT,True,,,False,activation,True,2,,
solution,artifact,f_both3,pattern_none,1,actor c_rasta.compJah (SIL 3) without pattern,activation,UNSAT,True,,,False,activation,True,2,,
solution,artifact,f_both3,pattern_none,2,actor c_rasta.backEnd (SIL 2) without pattern,activation,UNSAT,True,,,False,activation,True,2,,
solution,artifact,f_both3,drop_field,0,field pat missing from the solution file,input,N/A,by construction,,,False,input,True,2,,
solution,artifact,f_both3,drop_field,1,field sil_impl missing from the solution file,input,N/A,by construction,,,False,input,True,2,,
solution,artifact,f_both3,cost,0,total cost 3406 -> 3405,cost,COSTS,True,,,False,cost,True,2,,
solution,artifact,f_random_hw,place,0,DIFFERENT_FCR node 9 -> core 2 (node 1 on 1),placement,UNSAT,True,,,False,placement,True,2,,
solution,artifact,f_random_hw,place,1,DIFFERENT_FCR node 20 -> core 2 (node 5 on 1),placement,UNSAT,True,,,False,placement,True,2,,
solution,artifact,f_random_hw,place,2,DIFFERENT node 26 -> core 8 (node 7 on 8),placement,UNSAT,True,,,False,placement,True,2,,
solution,artifact,f_random_hw,sil_node,2,node 3 SIL 1 -> 0,sil_actor,UNSAT,True,,,False,isolation;sil_actor,True,2,,
solution,artifact,f_random_hw,sil_node,4,node 5 SIL 3 -> 2,sil_actor,UNSAT,True,,,False,isolation;sil_actor,True,2,,
solution,artifact,f_random_hw,sil_node,5,node 6 SIL 1 -> 0,sil_actor,UNSAT,True,,,False,isolation;sil_actor,True,2,,
solution,artifact,f_random_hw,sil_node,7,node 9 SIL 3 -> 2,sil_actor,UNSAT,True,,,False,isolation;sil_actor,True,2,,
solution,artifact,f_random_hw,sil_node,9,node 26 SIL 2 -> 1,sil_actor,UNSAT,True,,,False,isolation;sil_actor,True,2,,
solution,artifact,f_random_hw,sil_core,0,core 1 and its nodes SIL 3 -> 2,sil_actor,UNSAT,True,,,False,sil_actor,True,2,,
solution,artifact,f_random_hw,sil_core,1,core 3 and its nodes SIL 3 -> 2,sil_actor,UNSAT,True,,,False,sil_actor,True,2,,
solution,artifact,f_random_hw,sil_core,2,core 7 and its nodes SIL 1 -> 0,sil_actor,UNSAT,True,,,False,sil_actor,True,2,,
solution,artifact,f_random_hw,sil_core,3,core 8 and its nodes SIL 2 -> 1,sil_actor,UNSAT,True,,,False,sil_actor,True,2,,
solution,artifact,f_random_hw,sil_core,4,core 9 and its nodes SIL 2 -> 1,sil_actor,UNSAT,True,,,False,sil_actor,True,2,,
solution,artifact,f_random_hw,ceiling,0,core 7 (type ceiling 2) provisioned to 3,isolation,UNSAT,True,,,False,isolation,True,2,,
solution,artifact,f_random_hw,ceiling,1,core 8 (type ceiling 2) provisioned to 3,isolation,UNSAT,True,,,False,isolation,True,2,,
solution,artifact,f_random_hw,ceiling,2,core 9 (type ceiling 2) provisioned to 3,isolation,UNSAT,True,,,False,isolation,True,2,,
solution,artifact,f_random_hw,mix,0,"core 1: node 1 promoted to 4, others at 3, no partitioning",isolation,UNSAT,True,,,False,isolation,True,2,,
solution,artifact,f_random_hw,mix,1,"core 3: node 9 promoted to 4, others at 3, no partitioning",isolation,UNSAT,True,,,False,isolation,True,2,,
solution,artifact,f_random_hw,mix,2,"core 7: node 2 promoted to 2, others at 1, no partitioning",isolation,UNSAT,True,,,False,isolation,True,2,,
solution,artifact,f_random_hw,part_forge,0,"core 1: partitioning on a non-partitionable type, node 1 at SIL 4",isolation,UNSAT,True,,,False,isolation,True,2,,
solution,artifact,f_random_hw,part_forge,1,"core 3: partitioning on a non-partitionable type, node 9 at SIL 4",isolation,UNSAT,True,,,False,isolation,True,2,,
solution,artifact,f_random_hw,part_forge,2,"core 7: partitioning on a non-partitionable type, node 2 at SIL 2",isolation,UNSAT,True,,,False,isolation,True,2,,
solution,artifact,f_random_hw,period,0,app 1 period 1079 -> 1078,period,UNSAT,True,,,False,period,True,2,,
solution,artifact,f_random_hw,wcet,1,node 2 WCET 50 -> 25,wcet,UNSAT,True,,,False,wcet,True,2,,
solution,artifact,f_random_hw,wcet,2,node 3 WCET 376 -> 188,wcet,UNSAT,True,,,False,wcet,True,2,,
solution,artifact,f_random_hw,wcet,3,node 4 WCET 173 -> 86,wcet,UNSAT,True,,,False,wcet,True,2,,
solution,artifact,f_random_hw,wcet,5,node 6 WCET 310 -> 155,wcet,UNSAT,True,,,False,wcet,True,2,,
solution,artifact,f_random_hw,wcet,8,node 20 WCET 51 -> 25,wcet,UNSAT,True,,,False,wcet,True,2,,
solution,artifact,f_random_hw,order_split,0,core 1: static order cut after node 1,order,UNSAT,True,,,False,order,True,2,,
solution,artifact,f_random_hw,order_split,1,core 7: static order cut after node 2,order,UNSAT,True,,,False,order,True,2,,
solution,artifact,f_random_hw,order_split,2,core 3: static order cut after node 9,order,UNSAT,True,,,False,order,True,2,,
solution,artifact,f_random_hw,order_cycle,0,core 1: static order closed into a cycle,order,UNSAT,True,,,False,order,True,2,,
solution,artifact,f_random_hw,order_cycle,1,core 7: static order closed into a cycle,order,UNSAT,True,,,False,order,True,2,,
solution,artifact,f_random_hw,order_cycle,2,core 3: static order closed into a cycle,order,UNSAT,True,,,False,order,True,2,,
solution,artifact,f_random_hw,order_cross,0,static order of core 1 continues on core 3,order,UNSAT,True,,,False,order,True,2,,
solution,artifact,f_random_hw,order_cross,1,static order of core 7 continues on core 8,order,UNSAT,True,,,False,order,True,2,,
solution,artifact,f_random_hw,order_cross,2,static order of core 8 continues on core 9,order,UNSAT,True,,,False,order,True,2,,
solution,artifact,f_random_hw,deactivate,0,component node 9 (c_rasta.frontEnd~1) deactivated,activation,UNSAT,True,,,False,activation,True,2,,
solution,artifact,f_random_hw,deactivate,1,component node 20 (c_rasta.compJah~1) deactivated,activation,UNSAT,True,,,False,activation,True,2,,
solution,artifact,f_random_hw,deactivate,2,component node 26 (c_rasta.backEnd~0) deactivated,activation,UNSAT,True,,,False,activation,True,2,,
solution,artifact,f_random_hw,pattern_none,0,actor c_rasta.frontEnd (SIL 3) without pattern,activation,UNSAT,True,,,False,activation,True,2,,
solution,artifact,f_random_hw,pattern_none,1,actor c_rasta.compJah (SIL 3) without pattern,activation,UNSAT,True,,,False,activation,True,2,,
solution,artifact,f_random_hw,pattern_none,2,actor c_rasta.backEnd (SIL 2) without pattern,activation,UNSAT,True,,,False,activation,True,2,,
solution,artifact,f_random_hw,drop_field,0,field pat missing from the solution file,input,N/A,by construction,,,False,input,True,2,,
solution,artifact,f_random_hw,drop_field,1,field sil_impl missing from the solution file,input,N/A,by construction,,,False,input,True,2,,
solution,artifact,f_random_hw,cost,0,total cost 3349 -> 3348,cost,COSTS,True,,,False,cost,True,2,,
solution,artifact,f_sw3,place,0,DIVERSE node 8 -> core 2 (node 1 on 1),placement,UNSAT,True,,,False,placement,True,2,,
solution,artifact,f_sw3,place,1,DIVERSE node 14 -> core 2 (node 5 on 1),placement,UNSAT,True,,,False,placement,True,2,,
solution,artifact,f_sw3,place,2,SAME node 18 -> core 1 (node 7 on 14),placement,UNSAT,True,,,False,placement,True,2,,
solution,artifact,f_sw3,sil_node,2,node 3 SIL 1 -> 0,sil_actor,UNSAT,True,,,False,isolation;sil_actor,True,2,,
solution,artifact,f_sw3,sil_node,4,node 5 SIL 3 -> 2,sil_actor,UNSAT,True,,,False,isolation;sil_actor,True,2,,
solution,artifact,f_sw3,sil_node,7,node 8 SIL 3 -> 2,sil_actor,UNSAT,True,,,False,isolation;sil_actor,True,2,,
solution,artifact,f_sw3,sil_node,8,node 14 SIL 3 -> 2,sil_actor,UNSAT,True,,,False,isolation;sil_actor,True,2,,
solution,artifact,f_sw3,sil_node,9,node 18 SIL 2 -> 1,sil_actor,UNSAT,True,,,False,isolation;sil_actor,True,2,,
solution,artifact,f_sw3,sil_core,0,core 1 and its nodes SIL 3 -> 2,sil_actor,UNSAT,True,,,False,sil_actor,True,2,,
solution,artifact,f_sw3,sil_core,1,core 7 and its nodes SIL 3 -> 2,sil_actor,UNSAT,True,,,False,sil_actor,True,2,,
solution,artifact,f_sw3,sil_core,2,core 13 and its nodes SIL 1 -> 0,sil_actor,UNSAT,True,,,False,sil_actor,True,2,,
solution,artifact,f_sw3,sil_core,3,core 14 and its nodes SIL 2 -> 1,sil_actor,UNSAT,True,,,False,sil_actor,True,2,,
solution,artifact,f_sw3,ceiling,0,core 13 (type ceiling 2) provisioned to 3,isolation,UNSAT,True,,,False,isolation,True,2,,
solution,artifact,f_sw3,ceiling,1,core 14 (type ceiling 2) provisioned to 3,isolation,UNSAT,True,,,False,isolation,True,2,,
solution,artifact,f_sw3,mix,0,"core 1: node 1 promoted to 4, others at 3, no partitioning",isolation,UNSAT,True,,,False,isolation,True,2,,
solution,artifact,f_sw3,mix,1,"core 7: node 8 promoted to 4, others at 3, no partitioning",isolation,UNSAT,True,,,False,isolation,True,2,,
solution,artifact,f_sw3,mix,2,"core 13: node 2 promoted to 2, others at 1, no partitioning",isolation,UNSAT,True,,,False,isolation,True,2,,
solution,artifact,f_sw3,part_forge,0,"core 1: partitioning on a non-partitionable type, node 1 at SIL 4",isolation,UNSAT,True,,,False,isolation,True,2,,
solution,artifact,f_sw3,part_forge,1,"core 7: partitioning on a non-partitionable type, node 8 at SIL 4",isolation,UNSAT,True,,,False,isolation,True,2,,
solution,artifact,f_sw3,part_forge,2,"core 13: partitioning on a non-partitionable type, node 2 at SIL 2",isolation,UNSAT,True,,,False,isolation,True,2,,
solution,artifact,f_sw3,period,0,app 1 period 1079 -> 1078,period,UNSAT,True,,,False,period,True,2,,
solution,artifact,f_sw3,wcet,1,node 2 WCET 50 -> 25,wcet,UNSAT,True,,,False,wcet,True,2,,
solution,artifact,f_sw3,wcet,2,node 3 WCET 376 -> 188,wcet,UNSAT,True,,,False,wcet,True,2,,
solution,artifact,f_sw3,wcet,3,node 4 WCET 173 -> 86,wcet,UNSAT,True,,,False,wcet,True,2,,
solution,artifact,f_sw3,wcet,5,node 6 WCET 310 -> 155,wcet,UNSAT,True,,,False,wcet,True,2,,
solution,artifact,f_sw3,wcet,6,node 7 WCET 213 -> 106,wcet,UNSAT,True,,,False,wcet,True,2,,
solution,artifact,f_sw3,order_split,0,core 1: static order cut after node 1,order,UNSAT,True,,,False,order,True,2,,
solution,artifact,f_sw3,order_split,1,core 13: static order cut after node 2,order,UNSAT,True,,,False,order,True,2,,
solution,artifact,f_sw3,order_split,2,core 14: static order cut after node 7,order,UNSAT,True,,,False,order,True,2,,
solution,artifact,f_sw3,order_split,3,core 7: static order cut after node 8,order,UNSAT,True,,,False,order,True,2,,
solution,artifact,f_sw3,order_cycle,0,core 1: static order closed into a cycle,order,UNSAT,True,,,False,order,True,2,,
solution,artifact,f_sw3,order_cycle,1,core 13: static order closed into a cycle,order,UNSAT,True,,,False,order,True,2,,
solution,artifact,f_sw3,order_cycle,2,core 14: static order closed into a cycle,order,UNSAT,True,,,False,order,True,2,,
solution,artifact,f_sw3,order_cycle,3,core 7: static order closed into a cycle,order,UNSAT,True,,,False,order,True,2,,
solution,artifact,f_sw3,order_cross,0,static order of core 1 continues on core 7,order,UNSAT,True,,,False,order,True,2,,
solution,artifact,f_sw3,order_cross,1,static order of core 13 continues on core 14,order,UNSAT,True,,,False,order,True,2,,
solution,artifact,f_sw3,deactivate,0,component node 8 (c_rasta.frontEnd~0) deactivated,activation,UNSAT,True,,,False,activation,True,2,,
solution,artifact,f_sw3,deactivate,1,component node 14 (c_rasta.compJah~0) deactivated,activation,UNSAT,True,,,False,activation,True,2,,
solution,artifact,f_sw3,deactivate,2,component node 18 (c_rasta.backEnd~0) deactivated,activation,UNSAT,True,,,False,activation,True,2,,
solution,artifact,f_sw3,pattern_none,0,actor c_rasta.frontEnd (SIL 3) without pattern,activation,UNSAT,True,,,False,activation,True,2,,
solution,artifact,f_sw3,pattern_none,1,actor c_rasta.compJah (SIL 3) without pattern,activation,UNSAT,True,,,False,activation,True,2,,
solution,artifact,f_sw3,pattern_none,2,actor c_rasta.backEnd (SIL 2) without pattern,activation,UNSAT,True,,,False,activation,True,2,,
solution,artifact,f_sw3,drop_field,0,field pat missing from the solution file,input,N/A,by construction,,,False,input,True,2,,
solution,artifact,f_sw3,drop_field,1,field sil_impl missing from the solution file,input,N/A,by construction,,,False,input,True,2,,
solution,artifact,f_sw3,cost,0,total cost 3365 -> 3364,cost,COSTS,True,,,False,cost,True,2,,
solution,artifact,p_rasta,place,0,DIFFERENT_FCR node 9 -> core 2 (node 1 on 1),placement,UNSAT,True,,,False,placement,True,2,,
solution,artifact,p_rasta,place,1,DIFFERENT_FCR node 20 -> core 2 (node 5 on 1),placement,UNSAT,True,,,False,placement,True,2,,
solution,artifact,p_rasta,place,2,DIFFERENT node 26 -> core 1 (node 7 on 1),placement,UNSAT,True,,,False,placement,True,2,,
solution,artifact,p_rasta,sil_node,1,node 2 SIL 1 -> 0,sil_actor,UNSAT,True,,,False,sil_actor,True,2,,
solution,artifact,p_rasta,sil_node,3,node 4 SIL 1 -> 0,sil_actor,UNSAT,True,,,False,sil_actor,True,2,,
solution,artifact,p_rasta,sil_node,4,node 5 SIL 3 -> 2,sil_actor,UNSAT,True,,,False,sil_actor,True,2,,
solution,artifact,p_rasta,sil_node,7,node 9 SIL 3 -> 2,sil_actor,UNSAT,True,,,False,sil_actor,True,2,,
solution,artifact,p_rasta,sil_node,9,node 26 SIL 2 -> 1,sil_actor,UNSAT,True,,,False,sil_actor,True,2,,
solution,artifact,p_rasta,sil_core,0,core 1 and its nodes SIL 3 -> 2,sil_actor,UNSAT,True,,,False,sil_actor,True,2,,
solution,artifact,p_rasta,sil_core,1,core 3 and its nodes SIL 3 -> 2,sil_actor,UNSAT,True,,,False,sil_actor,True,2,,
solution,artifact,p_rasta,period,0,app 1 period 1012 -> 1011,period,UNSAT,True,,,False,load;period,True,2,,
solution,artifact,p_rasta,wcet,0,node 1 WCET 141 -> 70,wcet,UNSAT,True,,,False,wcet,True,2,,
solution,artifact,p_rasta,wcet,1,node 2 WCET 31 -> 15,wcet,UNSAT,True,,,False,wcet,True,2,,
solution,artifact,p_rasta,wcet,3,node 4 WCET 108 -> 54,wcet,UNSAT,True,,,False,wcet,True,2,,
solution,artifact,p_rasta,wcet,4,node 5 WCET 170 -> 85,wcet,UNSAT,True,,,False,wcet,True,2,,
solution,artifact,p_rasta,wcet,9,node 26 WCET 40 -> 20,wcet,UNSAT,True,,,False,wcet,True,2,,
solution,artifact,p_rasta,order_split,0,core 1: static order cut after node 1,order,UNSAT,True,,,False,load;order,True,2,,
solution,artifact,p_rasta,order_split,1,core 3: static order cut after node 9,order,UNSAT,True,,,False,order,True,2,,
solution,artifact,p_rasta,order_cycle,0,core 1: static order closed into a cycle,order,UNSAT,True,,,False,load;order,True,2,,
solution,artifact,p_rasta,order_cycle,1,core 3: static order closed into a cycle,order,UNSAT,True,,,False,order,True,2,,
solution,artifact,p_rasta,order_cross,0,static order of core 1 continues on core 3,order,UNSAT,True,,,False,order,True,2,,
solution,artifact,p_rasta,deactivate,0,component node 9 (c_rasta.frontEnd~1) deactivated,activation,UNSAT,True,,,False,activation,True,2,,
solution,artifact,p_rasta,deactivate,1,component node 20 (c_rasta.compJah~1) deactivated,activation,UNSAT,True,,,False,activation,True,2,,
solution,artifact,p_rasta,deactivate,2,component node 26 (c_rasta.backEnd~0) deactivated,activation,UNSAT,True,,,False,activation,True,2,,
solution,artifact,p_rasta,pattern_none,0,actor c_rasta.frontEnd (SIL 3) without pattern,activation,UNSAT,True,,,False,activation,True,2,,
solution,artifact,p_rasta,pattern_none,1,actor c_rasta.compJah (SIL 3) without pattern,activation,UNSAT,True,,,False,activation,True,2,,
solution,artifact,p_rasta,pattern_none,2,actor c_rasta.backEnd (SIL 2) without pattern,activation,UNSAT,True,,,False,activation,True,2,,
solution,artifact,p_rasta,drop_field,0,field pat missing from the solution file,input,N/A,by construction,,,False,input,True,2,,
solution,artifact,p_rasta,drop_field,1,field sil_impl missing from the solution file,input,N/A,by construction,,,False,input,True,2,,
solution,artifact,p_rasta,cost,0,total cost 3330 -> 3329,cost,COSTS,True,,,False,cost,True,2,,
solution,artifact,pc_sobel,place,0,DIFFERENT_FCR node 6 -> core 1 (node 1 on 1),placement,UNSAT,True,,,False,placement,True,2,,
solution,artifact,pc_sobel,sil_node,0,node 1 SIL 3 -> 2,sil_actor,UNSAT,True,,,False,isolation;sil_actor,True,2,,
solution,artifact,pc_sobel,sil_node,1,node 2 SIL 1 -> 0,sil_actor,UNSAT,True,,,False,isolation;sil_actor,True,2,,
solution,artifact,pc_sobel,sil_node,2,node 3 SIL 1 -> 0,sil_actor,UNSAT,True,,,False,isolation;sil_actor,True,2,,
solution,artifact,pc_sobel,sil_node,3,node 4 SIL 1 -> 0,sil_actor,UNSAT,True,,,False,isolation;sil_actor,True,2,,
solution,artifact,pc_sobel,sil_node,4,node 6 SIL 3 -> 2,sil_actor,UNSAT,True,,,False,isolation;sil_actor,True,2,,
solution,artifact,pc_sobel,sil_core,0,core 1 and its nodes SIL 3 -> 2,sil_actor,UNSAT,True,,,False,sil_actor,True,2,,
solution,artifact,pc_sobel,sil_core,1,core 2 and its nodes SIL 1 -> 0,sil_actor,UNSAT,True,,,False,sil_actor,True,2,,
solution,artifact,pc_sobel,sil_core,2,core 3 and its nodes SIL 3 -> 2,sil_actor,UNSAT,True,,,False,sil_actor,True,2,,
solution,artifact,pc_sobel,mix,0,"core 2: node 2 promoted to 2, others at 1, no partitioning",isolation,UNSAT,True,,,False,isolation,True,2,,
solution,artifact,pc_sobel,part_forge,0,"core 2: partitioning on a non-partitionable type, node 2 at SIL 2",isolation,UNSAT,True,,,False,isolation,True,2,,
solution,artifact,pc_sobel,period,0,app 1 period 371 -> 370,period,UNSAT,True,,,False,period,True,2,,
solution,artifact,pc_sobel,wcet,0,node 1 WCET 256 -> 128,wcet,UNSAT,True,,,False,wcet,True,2,,
solution,artifact,pc_sobel,wcet,1,node 2 WCET 93 -> 46,wcet,UNSAT,True,,,False,wcet,True,2,,
solution,artifact,pc_sobel,wcet,2,node 3 WCET 93 -> 46,wcet,UNSAT,True,,,False,wcet,True,2,,
solution,artifact,pc_sobel,wcet,3,node 4 WCET 148 -> 74,wcet,UNSAT,True,,,False,wcet,True,2,,
solution,artifact,pc_sobel,wcet,4,node 6 WCET 115 -> 57,wcet,UNSAT,True,,,False,wcet,True,2,,
solution,artifact,pc_sobel,order_split,0,core 2: static order cut after node 3,order,UNSAT,True,,,False,order,True,2,,
solution,artifact,pc_sobel,order_cycle,0,core 2: static order closed into a cycle,order,UNSAT,True,,,False,order,True,2,,
solution,artifact,pc_sobel,order_cross,0,static order of core 1 continues on core 2,order,UNSAT,True,,,False,order,True,2,,
solution,artifact,pc_sobel,order_cross,1,static order of core 2 continues on core 3,order,UNSAT,True,,,False,order,True,2,,
solution,artifact,pc_sobel,deactivate,0,component node 6 (a_sobel.get_pixel~1) deactivated,activation,UNSAT,True,,,False,activation,True,2,,
solution,artifact,pc_sobel,pattern_none,0,actor a_sobel.get_pixel (SIL 3) without pattern,activation,UNSAT,True,,,False,activation,True,2,,
solution,artifact,pc_sobel,drop_field,0,field pat missing from the solution file,input,N/A,by construction,,,False,input,True,2,,
solution,artifact,pc_sobel,drop_field,1,field sil_impl missing from the solution file,input,N/A,by construction,,,False,input,True,2,,
solution,artifact,pc_sobel,cost,0,total cost 1405 -> 1404,cost,COSTS,True,,,False,cost,True,2,,
solution,artifact,v_nvp,place,0,DIFFERENT_FCR node 8 -> core 8 (node 1 on 7),placement,UNSAT,True,,,False,placement,True,2,,
solution,artifact,v_nvp,place,1,DIFFERENT_FCR node 9 -> core 8 (node 1 on 7),placement,UNSAT,True,,,False,placement,True,2,,
solution,artifact,v_nvp,place,2,DIFFERENT_FCR node 10 -> core 8 (node 1 on 7),placement,UNSAT,True,,,False,placement,True,2,,
solution,artifact,v_nvp,place,3,DIFFERENT_FCR node 15 -> core 8 (node 14 on 7),placement,UNSAT,True,,,False,placement,True,2,,
solution,artifact,v_nvp,place,4,DIFFERENT_FCR node 18 -> core 13 (node 7 on 14),placement,UNSAT,True,,,False,placement,True,2,,
solution,artifact,v_nvp,sil_node,1,node 2 SIL 1 -> 0,sil_actor,UNSAT,True,,,False,isolation;sil_actor,True,2,,
solution,artifact,v_nvp,sil_node,4,node 5 SIL 3 -> 2,sil_actor,UNSAT,True,,,False,isolation;sil_actor,True,2,,
solution,artifact,v_nvp,sil_node,5,node 6 SIL 1 -> 0,sil_actor,UNSAT,True,,,False,isolation;sil_actor,True,2,,
solution,artifact,v_nvp,sil_node,11,node 15 SIL 3 -> 2,sil_actor,UNSAT,True,,,False,isolation;sil_actor,True,2,,
solution,artifact,v_nvp,sil_node,13,node 18 SIL 2 -> 1,sil_actor,UNSAT,True,,,False,isolation;sil_actor,True,2,,
solution,artifact,v_nvp,sil_core,0,core 1 and its nodes SIL 3 -> 2,sil_actor,UNSAT,True,,,False,sil_actor,True,2,,
solution,artifact,v_nvp,sil_core,1,core 2 and its nodes SIL 2 -> 1,sil_actor,UNSAT,True,,,False,sil_actor,True,2,,
solution,artifact,v_nvp,sil_core,2,core 7 and its nodes SIL 3 -> 2,sil_actor,UNSAT,True,,,False,sil_actor,True,2,,
solution,artifact,v_nvp,sil_core,4,core 14 and its nodes SIL 2 -> 1,sil_actor,UNSAT,True,,,False,sil_actor,True,2,,
solution,artifact,v_nvp,sil_core,5,core 29 and its nodes SIL 3 -> 2,sil_actor,UNSAT,True,,,False,sil_actor,True,2,,
solution,artifact,v_nvp,ceiling,0,core 13 (type ceiling 2) provisioned to 3,isolation,UNSAT,True,,,False,isolation,True,2,,
solution,artifact,v_nvp,ceiling,1,core 14 (type ceiling 2) provisioned to 3,isolation,UNSAT,True,,,False,isolation,True,2,,
solution,artifact,v_nvp,mix,0,"core 1: node 5 promoted to 4, others at 3, no partitioning",isolation,UNSAT,True,,,False,isolation,True,2,,
solution,artifact,v_nvp,mix,1,"core 7: node 1 promoted to 4, others at 3, no partitioning",isolation,UNSAT,True,,,False,isolation,True,2,,
solution,artifact,v_nvp,mix,2,"core 13: node 2 promoted to 2, others at 1, no partitioning",isolation,UNSAT,True,,,False,isolation,True,2,,
solution,artifact,v_nvp,mix,3,"core 29: node 9 promoted to 4, others at 3, no partitioning",isolation,UNSAT,True,,,False,isolation,True,2,,
solution,artifact,v_nvp,part_forge,0,"core 1: partitioning on a non-partitionable type, node 5 at SIL 4",isolation,UNSAT,True,,,False,isolation,True,2,,
solution,artifact,v_nvp,part_forge,1,"core 7: partitioning on a non-partitionable type, node 1 at SIL 4",isolation,UNSAT,True,,,False,isolation,True,2,,
solution,artifact,v_nvp,part_forge,2,"core 13: partitioning on a non-partitionable type, node 2 at SIL 2",isolation,UNSAT,True,,,False,isolation,True,2,,
solution,artifact,v_nvp,part_forge,3,"core 29: partitioning on a non-partitionable type, node 9 at SIL 4",isolation,UNSAT,True,,,False,isolation,True,2,,
solution,artifact,v_nvp,period,0,app 1 period 1185 -> 1184,period,UNSAT,True,,,False,period,True,2,,
solution,artifact,v_nvp,wcet,2,node 3 WCET 376 -> 188,wcet,UNSAT,True,,,False,wcet,True,2,,
solution,artifact,v_nvp,wcet,3,node 4 WCET 173 -> 86,wcet,UNSAT,True,,,False,wcet,True,2,,
solution,artifact,v_nvp,wcet,5,node 6 WCET 310 -> 155,wcet,UNSAT,True,,,False,wcet,True,2,,
solution,artifact,v_nvp,wcet,9,node 10 WCET 42 -> 21,wcet,UNSAT,True,,,False,wcet,True,2,,
solution,artifact,v_nvp,wcet,11,node 15 WCET 212 -> 106,wcet,UNSAT,True,,,False,wcet,True,2,,
solution,artifact,v_nvp,order_split,0,core 7: static order cut after node 1,order,UNSAT,True,,,False,order,True,2,,
solution,artifact,v_nvp,order_split,1,core 13: static order cut after node 2,order,UNSAT,True,,,False,order,True,2,,
solution,artifact,v_nvp,order_split,2,core 1: static order cut after node 8,order,UNSAT,True,,,False,order,True,2,,
solution,artifact,v_nvp,order_split,3,core 29: static order cut after node 9,order,UNSAT,True,,,False,order,True,2,,
solution,artifact,v_nvp,order_cycle,0,core 7: static order closed into a cycle,order,UNSAT,True,,,False,order,True,2,,
solution,artifact,v_nvp,order_cycle,1,core 13: static order closed into a cycle,order,UNSAT,True,,,False,order,True,2,,
solution,artifact,v_nvp,order_cycle,2,core 1: static order closed into a cycle,order,UNSAT,True,,,False,order,True,2,,
solution,artifact,v_nvp,order_cycle,3,core 29: static order closed into a cycle,order,UNSAT,True,,,False,order,True,2,,
solution,artifact,v_nvp,order_cross,0,static order of core 1 continues on core 2,order,UNSAT,True,,,False,order,True,2,,
solution,artifact,v_nvp,order_cross,1,static order of core 13 continues on core 14,order,UNSAT,True,,,False,order,True,2,,
solution,artifact,v_nvp,deactivate,1,component node 9 (c_rasta.frontEnd~1) deactivated,activation,UNSAT,True,,,False,activation,True,2,,
solution,artifact,v_nvp,deactivate,2,component node 10 (c_rasta.frontEnd~2) deactivated,activation,UNSAT,True,,,False,activation,True,2,,
solution,artifact,v_nvp,deactivate,3,component node 14 (c_rasta.compJah~0) deactivated,activation,UNSAT,True,,,False,activation,True,2,,
solution,artifact,v_nvp,deactivate,4,component node 15 (c_rasta.compJah~1) deactivated,activation,UNSAT,True,,,False,activation,True,2,,
solution,artifact,v_nvp,deactivate,6,component node 18 (c_rasta.backEnd~0) deactivated,activation,UNSAT,True,,,False,activation,True,2,,
solution,artifact,v_nvp,pattern_none,0,actor c_rasta.frontEnd (SIL 3) without pattern,activation,UNSAT,True,,,False,activation,True,2,,
solution,artifact,v_nvp,pattern_none,1,actor c_rasta.compJah (SIL 3) without pattern,activation,UNSAT,True,,,False,activation,True,2,,
solution,artifact,v_nvp,pattern_none,2,actor c_rasta.backEnd (SIL 2) without pattern,activation,UNSAT,True,,,False,activation,True,2,,
solution,artifact,v_nvp,drop_field,0,field pat missing from the solution file,input,N/A,by construction,,,False,input,True,2,,
solution,artifact,v_nvp,drop_field,1,field sil_impl missing from the solution file,input,N/A,by construction,,,False,input,True,2,,
solution,artifact,v_nvp,cost,0,total cost 5680 -> 5679,cost,COSTS,True,,,False,cost,True,2,,
solution,artifact,m_3app,place,1,DIFFERENT node 6 -> core 7 (node 2 on 7),placement,UNSAT,True,,,False,placement,True,2,,
solution,artifact,m_3app,place,2,DIFFERENT node 7 -> core 7 (node 3 on 7),placement,UNSAT,True,,,False,placement,True,2,,
solution,artifact,m_3app,place,4,DIFFERENT_FCR node 27 -> core 2 (node 19 on 1),placement,UNSAT,True,,,False,placement,True,2,,
solution,artifact,m_3app,place,5,DIFFERENT_FCR node 38 -> core 4 (node 23 on 3),placement,UNSAT,True,,,False,placement,True,2,,
solution,artifact,m_3app,place,6,DIFFERENT node 44 -> core 8 (node 25 on 8),placement,UNSAT,True,,,False,placement,True,2,,
solution,artifact,m_3app,sil_node,2,node 3 SIL 2 -> 1,sil_actor,UNSAT,True,,,False,isolation;sil_actor,True,2,,
solution,artifact,m_3app,sil_node,6,node 7 SIL 2 -> 1,sil_actor,UNSAT,True,,,False,isolation;sil_actor,True,2,,
solution,artifact,m_3app,sil_node,15,node 27 SIL 3 -> 2,sil_actor,UNSAT,True,,,False,isolation;sil_actor,True,2,,
solution,artifact,m_3app,sil_node,16,node 38 SIL 3 -> 2,sil_actor,UNSAT,True,,,False,isolation;sil_actor,True,2,,
solution,artifact,m_3app,sil_node,17,node 44 SIL 2 -> 1,sil_actor,UNSAT,True,,,False,isolation;sil_actor,True,2,,
solution,artifact,m_3app,sil_core,0,core 1 and its nodes SIL 3 -> 2,sil_actor,UNSAT,True,,,False,sil_actor,True,2,,
solution,artifact,m_3app,sil_core,1,core 3 and its nodes SIL 3 -> 2,sil_actor,UNSAT,True,,,False,sil_actor,True,2,,
solution,artifact,m_3app,sil_core,2,core 7 and its nodes SIL 2 -> 1,sil_actor,UNSAT,True,,,False,sil_actor,True,2,,
solution,artifact,m_3app,sil_core,3,core 8 and its nodes SIL 2 -> 1,sil_actor,UNSAT,True,,,False,sil_actor,True,2,,
solution,artifact,m_3app,sil_core,4,core 10 and its nodes SIL 1 -> 0,sil_actor,UNSAT,True,,,False,sil_actor,True,2,,
solution,artifact,m_3app,ceiling,0,core 7 (type ceiling 2) provisioned to 3,isolation,UNSAT,True,,,False,isolation,True,2,,
solution,artifact,m_3app,ceiling,1,core 8 (type ceiling 2) provisioned to 3,isolation,UNSAT,True,,,False,isolation,True,2,,
solution,artifact,m_3app,ceiling,2,core 9 (type ceiling 2) provisioned to 3,isolation,UNSAT,True,,,False,isolation,True,2,,
solution,artifact,m_3app,ceiling,3,core 10 (type ceiling 2) provisioned to 3,isolation,UNSAT,True,,,False,isolation,True,2,,
solution,artifact,m_3app,mix,0,"core 1: node 19 promoted to 4, others at 3, no partitioning",isolation,UNSAT,True,,,False,isolation,True,2,,
solution,artifact,m_3app,mix,1,"core 3: node 23 promoted to 4, others at 3, no partitioning",isolation,UNSAT,True,,,False,isolation,True,2,,
solution,artifact,m_3app,mix,2,"core 9: node 9 promoted to 1, others at 0, no partitioning",isolation,UNSAT,True,,,False,isolation,True,2,,
solution,artifact,m_3app,mix,3,"core 10: node 20 promoted to 2, others at 1, no partitioning",isolation,UNSAT,True,,,False,isolation,True,2,,
solution,artifact,m_3app,part_forge,0,"core 1: partitioning on a non-partitionable type, node 19 at SIL 4",isolation,UNSAT,True,,,False,isolation,True,2,,
solution,artifact,m_3app,part_forge,1,"core 3: partitioning on a non-partitionable type, node 23 at SIL 4",isolation,UNSAT,True,,,False,isolation,True,2,,
solution,artifact,m_3app,part_forge,2,"core 9: partitioning on a non-partitionable type, node 9 at SIL 1",isolation,UNSAT,True,,,False,isolation,True,2,,
solution,artifact,m_3app,part_forge,3,"core 10: partitioning on a non-partitionable type, node 20 at SIL 2",isolation,UNSAT,True,,,False,isolation,True,2,,
solution,artifact,m_3app,period,0,app 1 period 1079 -> 1078,period,UNSAT,True,,,False,period,True,2,,
solution,artifact,m_3app,period,1,app 2 period 3323 -> 3322,period,UNSAT,True,,,False,load;period,True,2,,
solution,artifact,m_3app,period,2,app 3 period 1079 -> 1078,period,UNSAT,True,,,False,period,True,2,,
solution,artifact,m_3app,wcet,10,node 11 WCET 1333 -> 666,wcet,UNSAT,True,,,False,wcet,True,2,,
solution,artifact,m_3app,wcet,13,node 19 WCET 141 -> 70,wcet,UNSAT,True,,,False,wcet,True,2,,
solution,artifact,m_3app,wcet,15,node 21 WCET 376 -> 188,wcet,UNSAT,True,,,False,wcet,True,2,,
solution,artifact,m_3app,wcet,19,node 25 WCET 213 -> 106,wcet,UNSAT,True,,,False,wcet,True,2,,
solution,artifact,m_3app,wcet,21,node 38 WCET 51 -> 25,wcet,UNSAT,True,,,False,wcet,True,2,,
solution,artifact,m_3app,order_split,0,core 7: static order cut after node 1,order,UNSAT,True,,,False,order,True,2,,
solution,artifact,m_3app,order_split,1,core 9: static order cut after node 9,order,UNSAT,True,,,False,load;order,True,2,,
solution,artifact,m_3app,order_split,3,core 3: static order cut after node 27,order,UNSAT,True,,,False,order,True,2,,
solution,artifact,m_3app,order_split,4,core 1: static order cut after node 19,order,UNSAT,True,,,False,order,True,2,,
solution,artifact,m_3app,order_split,5,core 10: static order cut after node 20,order,UNSAT,True,,,False,order,True,2,,
solution,artifact,m_3app,order_cycle,0,core 7: static order closed into a cycle,order,UNSAT,True,,,False,order,True,2,,
solution,artifact,m_3app,order_cycle,1,core 9: static order closed into a cycle,order,UNSAT,True,,,False,load;order,True,2,,
solution,artifact,m_3app,order_cycle,2,core 8: static order closed into a cycle,order,UNSAT,True,,,False,order,True,2,,
solution,artifact,m_3app,order_cycle,4,core 1: static order closed into a cycle,order,UNSAT,True,,,False,order,True,2,,
solution,artifact,m_3app,order_cycle,5,core 10: static order closed into a cycle,order,UNSAT,True,,,False,order,True,2,,
solution,artifact,m_3app,order_cross,0,static order of core 3 continues on core 7,order,UNSAT,True,,,False,order,True,2,,
solution,artifact,m_3app,order_cross,1,static order of core 8 continues on core 9,order,UNSAT,True,,,False,order,True,2,,
solution,artifact,m_3app,order_cross,2,static order of core 9 continues on core 10,order,UNSAT,True,,,False,order,True,2,,
solution,artifact,m_3app,deactivate,0,component node 5 (a_sobel.get_pixel~0) deactivated,activation,UNSAT,True,,,False,activation,True,2,,
solution,artifact,m_3app,deactivate,1,component node 6 (a_sobel.gx~0) deactivated,activation,UNSAT,True,,,False,activation,True,2,,
solution,artifact,m_3app,deactivate,2,component node 7 (a_sobel.gy~0) deactivated,activation,UNSAT,True,,,False,activation,True,2,,
solution,artifact,m_3app,deactivate,4,component node 27 (c_rasta.frontEnd~1) deactivated,activation,UNSAT,True,,,False,activation,True,2,,
solution,artifact,m_3app,deactivate,5,component node 38 (c_rasta.compJah~1) deactivated,activation,UNSAT,True,,,False,activation,True,2,,
solution,artifact,m_3app,pattern_none,0,actor a_sobel.get_pixel (SIL 2) without pattern,activation,UNSAT,True,,,False,activation,True,2,,
solution,artifact,m_3app,pattern_none,1,actor a_sobel.gx (SIL 2) without pattern,activation,UNSAT,True,,,False,activation,True,2,,
solution,artifact,m_3app,pattern_none,2,actor a_sobel.gy (SIL 2) without pattern,activation,UNSAT,True,,,False,activation,True,2,,
solution,artifact,m_3app,pattern_none,4,actor c_rasta.frontEnd (SIL 3) without pattern,activation,UNSAT,True,,,False,activation,True,2,,
solution,artifact,m_3app,pattern_none,5,actor c_rasta.compJah (SIL 3) without pattern,activation,UNSAT,True,,,False,activation,True,2,,
solution,artifact,m_3app,drop_field,0,field pat missing from the solution file,input,N/A,by construction,,,False,input,True,2,,
solution,artifact,m_3app,drop_field,1,field sil_impl missing from the solution file,input,N/A,by construction,,,False,input,True,2,,
solution,artifact,m_3app,cost,0,total cost 5665 -> 5664,cost,COSTS,True,,,False,cost,True,2,,
model,artifact,c_pat,placement,0,lib/activation.mzn,placement,UNSAT,True,OPTIMAL,17.38,False,placement,,2,,
model,artifact,d_random_hw,placement,0,lib/activation.mzn,placement,UNSAT,True,OPTIMAL,5.93,False,placement,,2,,
model,artifact,d_systematic_sw,placement,0,lib/activation.mzn,placement,OPTIMAL,False,OPTIMAL,3.98,True,,,0,,
model,artifact,f_both3,placement,0,lib/activation.mzn,placement,UNSAT,True,OPTIMAL,6.93,False,placement,,2,,
model,artifact,f_random_hw,placement,0,lib/activation.mzn,placement,UNSAT,True,OPTIMAL,8.83,False,placement,,2,,
model,artifact,f_sw3,placement,0,lib/activation.mzn,placement,UNSAT,True,OPTIMAL,5.95,False,placement,,2,,
model,artifact,p_rasta,placement,0,lib/activation.mzn,placement,UNSAT,True,OPTIMAL,9.88,False,placement,,2,,
model,artifact,pc_sobel,placement,0,lib/activation.mzn,placement,UNSAT,True,OPTIMAL,3.04,False,placement,,2,,
model,artifact,v_nvp,placement,0,lib/activation.mzn,placement,UNSAT,True,OPTIMAL,5.25,False,placement,,2,,
model,artifact,m_3app,placement,0,lib/activation.mzn,placement,UNSAT,True,OPTIMAL,44.78,False,placement,,2,,
model,artifact,c_pat,sil_required,0,lib/safety.mzn,sil_required,UNSAT,True,OPTIMAL,18.76,False,sil_actor,,2,,
model,artifact,d_random_hw,sil_required,0,lib/safety.mzn,sil_required,UNSAT,True,OPTIMAL,3.54,False,sil_actor,,2,,
model,artifact,d_systematic_sw,sil_required,0,lib/safety.mzn,sil_required,UNSAT,True,OPTIMAL,2.14,False,sil_actor,,2,,
model,artifact,f_both3,sil_required,0,lib/safety.mzn,sil_required,UNSAT,True,OPTIMAL,9.95,False,sil_actor,,2,,
model,artifact,f_random_hw,sil_required,0,lib/safety.mzn,sil_required,UNSAT,True,OPTIMAL,13.11,False,sil_actor,,2,,
model,artifact,f_sw3,sil_required,0,lib/safety.mzn,sil_required,UNSAT,True,OPTIMAL,9.98,False,sil_actor,,2,,
model,artifact,p_rasta,sil_required,0,lib/safety.mzn,sil_required,UNSAT,True,OPTIMAL,13.46,False,sil_actor,,2,,
model,artifact,pc_sobel,sil_required,0,lib/safety.mzn,sil_required,UNSAT,True,OPTIMAL,2.94,False,sil_actor,,2,,
model,artifact,v_nvp,sil_required,0,lib/safety.mzn,sil_required,UNSAT,True,OPTIMAL,7.6,False,sil_actor,,2,,
model,artifact,m_3app,sil_required,0,lib/safety.mzn,sil_required,UNSAT,True,SAT,120.57,False,sil_actor,,2,,
model,artifact,c_pat,sil_core,0,lib/safety.mzn,sil_core,OPTIMAL,False,OPTIMAL,16.07,True,,,0,,
model,artifact,d_random_hw,sil_core,0,lib/safety.mzn,sil_core,OPTIMAL,False,OPTIMAL,7.88,True,,,0,,
model,artifact,d_systematic_sw,sil_core,0,lib/safety.mzn,sil_core,OPTIMAL,False,OPTIMAL,3.89,True,,,0,,
model,artifact,f_both3,sil_core,0,lib/safety.mzn,sil_core,OPTIMAL,False,OPTIMAL,6.51,True,,,0,,
model,artifact,f_random_hw,sil_core,0,lib/safety.mzn,sil_core,OPTIMAL,False,OPTIMAL,10.0,True,,,0,,
model,artifact,f_sw3,sil_core,0,lib/safety.mzn,sil_core,OPTIMAL,False,OPTIMAL,6.49,True,,,0,,
model,artifact,p_rasta,sil_core,0,lib/safety.mzn,sil_core,OPTIMAL,False,OPTIMAL,6.81,True,,,0,,
model,artifact,pc_sobel,sil_core,0,lib/safety.mzn,sil_core,OPTIMAL,False,OPTIMAL,3.4,True,,,0,,
model,artifact,v_nvp,sil_core,0,lib/safety.mzn,sil_core,OPTIMAL,False,OPTIMAL,6.14,True,,,0,,
model,artifact,m_3app,sil_core,0,lib/safety.mzn,sil_core,OPTIMAL,False,OPTIMAL,63.49,True,,,0,,
model,artifact,c_pat,type_ceiling,0,lib/safety.mzn,type_ceiling,UNSAT,True,OPTIMAL,18.66,False,isolation,,2,,
model,artifact,d_random_hw,type_ceiling,0,lib/safety.mzn,type_ceiling,OPTIMAL,False,OPTIMAL,6.15,True,,,0,,
model,artifact,d_systematic_sw,type_ceiling,0,lib/safety.mzn,type_ceiling,OPTIMAL,False,OPTIMAL,4.26,True,,,0,,
model,artifact,f_both3,type_ceiling,0,lib/safety.mzn,type_ceiling,UNSAT,True,OPTIMAL,9.65,False,isolation,,2,,
model,artifact,f_random_hw,type_ceiling,0,lib/safety.mzn,type_ceiling,UNSAT,True,OPTIMAL,12.07,False,isolation,,2,,
model,artifact,f_sw3,type_ceiling,0,lib/safety.mzn,type_ceiling,UNSAT,True,OPTIMAL,9.43,False,isolation,,2,,
model,artifact,p_rasta,type_ceiling,0,lib/safety.mzn,type_ceiling,UNSAT,True,OPTIMAL,12.99,False,isolation,,2,,
model,artifact,pc_sobel,type_ceiling,0,lib/safety.mzn,type_ceiling,OPTIMAL,False,OPTIMAL,3.02,True,,,0,,
model,artifact,v_nvp,type_ceiling,0,lib/safety.mzn,type_ceiling,UNSAT,True,OPTIMAL,7.62,False,isolation,,2,,
model,artifact,m_3app,type_ceiling,0,lib/safety.mzn,type_ceiling,UNSAT,True,OPTIMAL,93.84,False,isolation,,2,,
model,artifact,c_pat,one_sil_per_core,0,lib/safety.mzn,one_sil_per_core,UNSAT,True,OPTIMAL,14.86,False,isolation,,2,,
model,artifact,d_random_hw,one_sil_per_core,0,lib/safety.mzn,one_sil_per_core,UNSAT,True,OPTIMAL,6.8,False,isolation,,2,,
model,artifact,d_systematic_sw,one_sil_per_core,0,lib/safety.mzn,one_sil_per_core,UNSAT,True,OPTIMAL,3.72,False,isolation,,2,,
model,artifact,f_both3,one_sil_per_core,0,lib/safety.mzn,one_sil_per_core,UNSAT,True,OPTIMAL,5.64,False,isolation,,2,,
model,artifact,f_random_hw,one_sil_per_core,0,lib/safety.mzn,one_sil_per_core,UNSAT,True,OPTIMAL,5.73,False,isolation,,2,,
model,artifact,f_sw3,one_sil_per_core,0,lib/safety.mzn,one_sil_per_core,UNSAT,True,OPTIMAL,5.01,False,isolation,,2,,
model,artifact,p_rasta,one_sil_per_core,0,lib/safety.mzn,one_sil_per_core,UNSAT,True,OPTIMAL,5.64,False,isolation,,2,,
model,artifact,pc_sobel,one_sil_per_core,0,lib/safety.mzn,one_sil_per_core,UNSAT,True,OPTIMAL,2.54,False,isolation,,2,,
model,artifact,v_nvp,one_sil_per_core,0,lib/safety.mzn,one_sil_per_core,UNSAT,True,OPTIMAL,4.62,False,isolation,,2,,
model,artifact,m_3app,one_sil_per_core,0,lib/safety.mzn,one_sil_per_core,UNSAT,True,SAT,120.59,False,isolation,,2,,
model,artifact,c_pat,partition_capability,0,lib/safety.mzn,partition_capability,UNSAT,True,OPTIMAL,10.01,False,isolation,,2,,
model,artifact,d_random_hw,partition_capability,0,lib/safety.mzn,partition_capability,UNSAT,True,OPTIMAL,6.42,False,isolation,,2,,
model,artifact,d_systematic_sw,partition_capability,0,lib/safety.mzn,partition_capability,UNSAT,True,OPTIMAL,3.65,False,isolation,,2,,
model,artifact,f_both3,partition_capability,0,lib/safety.mzn,partition_capability,UNSAT,True,OPTIMAL,5.79,False,isolation,,2,,
model,artifact,f_random_hw,partition_capability,0,lib/safety.mzn,partition_capability,UNSAT,True,OPTIMAL,5.87,False,isolation,,2,,
model,artifact,f_sw3,partition_capability,0,lib/safety.mzn,partition_capability,UNSAT,True,OPTIMAL,5.33,False,isolation,,2,,
model,artifact,p_rasta,partition_capability,0,lib/safety.mzn,partition_capability,OPTIMAL,False,OPTIMAL,6.56,True,,,0,,
model,artifact,pc_sobel,partition_capability,0,lib/safety.mzn,partition_capability,UNSAT,True,OPTIMAL,2.77,False,isolation,,2,,
model,artifact,v_nvp,partition_capability,0,lib/safety.mzn,partition_capability,UNSAT,True,OPTIMAL,5.3,False,isolation,,2,,
model,artifact,m_3app,partition_capability,0,lib/safety.mzn,partition_capability,UNSAT,True,SAT,120.59,False,isolation,,2,,
model,artifact,c_pat,wcet_binding,0,model/dse.mzn,wcet_binding,UNSAT,True,OPTIMAL,11.33,False,wcet,,2,,
model,artifact,d_random_hw,wcet_binding,0,model/dse.mzn,wcet_binding,UNSAT,True,OPTIMAL,5.51,False,deadlock;wcet,,2,,
model,artifact,d_systematic_sw,wcet_binding,0,model/dse.mzn,wcet_binding,UNSAT,True,OPTIMAL,3.49,False,deadlock;wcet,,2,,
model,artifact,f_both3,wcet_binding,0,model/dse.mzn,wcet_binding,UNSAT,True,OPTIMAL,5.14,False,deadlock;wcet,,2,,
model,artifact,f_random_hw,wcet_binding,0,model/dse.mzn,wcet_binding,UNSAT,True,OPTIMAL,8.37,False,deadlock;wcet,,2,,
model,artifact,f_sw3,wcet_binding,0,model/dse.mzn,wcet_binding,UNSAT,True,OPTIMAL,5.23,False,deadlock;wcet,,2,,
model,artifact,p_rasta,wcet_binding,0,model/dse.mzn,wcet_binding,UNSAT,True,OPTIMAL,5.59,False,wcet,,2,,
model,artifact,pc_sobel,wcet_binding,0,model/dse.mzn,wcet_binding,UNSAT,True,OPTIMAL,2.17,False,deadlock;wcet,,2,,
model,artifact,v_nvp,wcet_binding,0,model/dse.mzn,wcet_binding,UNSAT,True,OPTIMAL,5.04,False,deadlock;wcet,,2,,
model,artifact,m_3app,wcet_binding,0,model/dse.mzn,wcet_binding,UNSAT,True,OPTIMAL,24.13,False,deadlock;wcet,,2,,
model,artifact,c_pat,channel_edges,0,lib/mcm.mzn,channel_edges,UNSAT,True,OPTIMAL,14.74,True,,,0,,
model,artifact,d_random_hw,channel_edges,0,lib/mcm.mzn,channel_edges,UNSAT,True,OPTIMAL,6.32,False,deadlock,,2,,
model,artifact,d_systematic_sw,channel_edges,0,lib/mcm.mzn,channel_edges,UNSAT,True,OPTIMAL,3.59,False,deadlock,,2,,
model,artifact,f_both3,channel_edges,0,lib/mcm.mzn,channel_edges,UNSAT,True,OPTIMAL,5.74,False,deadlock,,2,,
model,artifact,f_random_hw,channel_edges,0,lib/mcm.mzn,channel_edges,UNSAT,True,OPTIMAL,9.52,False,deadlock,,2,,
model,artifact,f_sw3,channel_edges,0,lib/mcm.mzn,channel_edges,UNSAT,True,OPTIMAL,7.1,False,deadlock,,2,,
model,artifact,p_rasta,channel_edges,0,lib/mcm.mzn,channel_edges,OPTIMAL,False,OPTIMAL,6.14,True,,,0,,
model,artifact,pc_sobel,channel_edges,0,lib/mcm.mzn,channel_edges,UNSAT,True,OPTIMAL,2.89,True,,,0,,
model,artifact,v_nvp,channel_edges,0,lib/mcm.mzn,channel_edges,UNSAT,True,OPTIMAL,5.26,False,deadlock,,2,,
model,artifact,m_3app,channel_edges,0,lib/mcm.mzn,channel_edges,UNSAT,True,OPTIMAL,34.2,False,deadlock,,2,,
model,artifact,c_pat,order_edges,0,lib/mcm.mzn,order_edges,UNSAT,True,OPTIMAL,13.71,False,deadlock,,2,,
model,artifact,d_random_hw,order_edges,0,lib/mcm.mzn,order_edges,UNSAT,True,OPTIMAL,5.27,False,deadlock,,2,,
model,artifact,d_systematic_sw,order_edges,0,lib/mcm.mzn,order_edges,UNSAT,True,OPTIMAL,3.48,False,deadlock,,2,,
model,artifact,f_both3,order_edges,0,lib/mcm.mzn,order_edges,UNSAT,True,OPTIMAL,4.96,False,deadlock,,2,,
model,artifact,f_random_hw,order_edges,0,lib/mcm.mzn,order_edges,UNSAT,True,OPTIMAL,7.59,False,deadlock,,2,,
model,artifact,f_sw3,order_edges,0,lib/mcm.mzn,order_edges,UNSAT,True,OPTIMAL,5.34,False,deadlock,,2,,
model,artifact,p_rasta,order_edges,0,lib/mcm.mzn,order_edges,UNSAT,True,OPTIMAL,4.78,False,period,,2,,
model,artifact,pc_sobel,order_edges,0,lib/mcm.mzn,order_edges,UNSAT,True,OPTIMAL,2.52,True,,,0,,
model,artifact,v_nvp,order_edges,0,lib/mcm.mzn,order_edges,UNSAT,True,OPTIMAL,5.03,False,deadlock,,2,,
model,artifact,m_3app,order_edges,0,lib/mcm.mzn,order_edges,UNSAT,True,OPTIMAL,27.22,False,deadlock,,2,,
model,artifact,c_pat,wrap_edges,0,lib/mcm.mzn,wrap_edges,OPTIMAL,False,OPTIMAL,15.82,True,,,0,,
model,artifact,d_random_hw,wrap_edges,0,lib/mcm.mzn,wrap_edges,UNSAT,True,OPTIMAL,6.16,False,period,,2,,
model,artifact,d_systematic_sw,wrap_edges,0,lib/mcm.mzn,wrap_edges,UNSAT,True,OPTIMAL,4.15,False,period,,2,,
model,artifact,f_both3,wrap_edges,0,lib/mcm.mzn,wrap_edges,UNSAT,True,OPTIMAL,3.46,False,period,,2,,
model,artifact,f_random_hw,wrap_edges,0,lib/mcm.mzn,wrap_edges,UNSAT,True,OPTIMAL,9.74,False,period,,2,,
model,artifact,f_sw3,wrap_edges,0,lib/mcm.mzn,wrap_edges,UNSAT,True,OPTIMAL,5.72,False,period,,2,,
model,artifact,p_rasta,wrap_edges,0,lib/mcm.mzn,wrap_edges,OPTIMAL,False,OPTIMAL,5.43,True,,,0,,
model,artifact,pc_sobel,wrap_edges,0,lib/mcm.mzn,wrap_edges,OPTIMAL,False,OPTIMAL,2.92,True,,,0,,
model,artifact,v_nvp,wrap_edges,0,lib/mcm.mzn,wrap_edges,OPTIMAL,False,OPTIMAL,5.47,True,,,0,,
model,artifact,m_3app,wrap_edges,0,lib/mcm.mzn,wrap_edges,UNSAT,True,OPTIMAL,25.85,False,period,,2,,
model,artifact,c_pat,core_load,0,model/dse.mzn,core_load,OPTIMAL,False,OPTIMAL,16.97,True,,,0,,
model,artifact,d_random_hw,core_load,0,model/dse.mzn,core_load,OPTIMAL,False,OPTIMAL,8.24,True,,,0,,
model,artifact,d_systematic_sw,core_load,0,model/dse.mzn,core_load,OPTIMAL,False,OPTIMAL,4.0,True,,,0,,
model,artifact,f_both3,core_load,0,model/dse.mzn,core_load,OPTIMAL,False,OPTIMAL,5.19,True,,,0,,
model,artifact,f_random_hw,core_load,0,model/dse.mzn,core_load,OPTIMAL,False,OPTIMAL,10.38,True,,,0,,
model,artifact,f_sw3,core_load,0,model/dse.mzn,core_load,OPTIMAL,False,OPTIMAL,6.42,True,,,0,,
model,artifact,p_rasta,core_load,0,model/dse.mzn,core_load,OPTIMAL,False,OPTIMAL,6.29,True,,,0,,
model,artifact,pc_sobel,core_load,0,model/dse.mzn,core_load,OPTIMAL,False,OPTIMAL,3.42,True,,,0,,
model,artifact,v_nvp,core_load,0,model/dse.mzn,core_load,OPTIMAL,False,OPTIMAL,6.39,True,,,0,,
model,artifact,m_3app,core_load,0,model/dse.mzn,core_load,OPTIMAL,False,OPTIMAL,77.8,True,,,0,,
model,artifact,m_3app,shared_period,0,model/dse.mzn,shared_period,UNSAT,True,OPTIMAL,37.05,False,period,,2,,
model,artifact,c_pat,comm_path,0,model/dse.mzn,comm_path,UNSAT,True,OPTIMAL,12.56,False,period,,2,,
model,artifact,pc_sobel,comm_path,0,model/dse.mzn,comm_path,OPTIMAL,False,OPTIMAL,2.58,True,,,0,,
model,artifact,c_pat,activation,0,lib/activation.mzn,activation,UNSAT,True,OPTIMAL,12.55,False,activation;period,,2,,
model,artifact,d_random_hw,activation,0,lib/activation.mzn,activation,UNSAT,True,OPTIMAL,5.66,False,activation;period,,2,,
model,artifact,d_systematic_sw,activation,0,lib/activation.mzn,activation,UNSAT,True,OPTIMAL,2.46,False,activation,,2,,
model,artifact,f_both3,activation,0,lib/activation.mzn,activation,UNSAT,True,OPTIMAL,7.68,False,activation;period,,2,,
model,artifact,f_random_hw,activation,0,lib/activation.mzn,activation,UNSAT,True,OPTIMAL,10.04,False,activation;period,,2,,
model,artifact,f_sw3,activation,0,lib/activation.mzn,activation,UNSAT,True,OPTIMAL,8.53,False,activation;period,,2,,
model,artifact,p_rasta,activation,0,lib/activation.mzn,activation,UNSAT,True,OPTIMAL,10.17,False,activation;period,,2,,
model,artifact,pc_sobel,activation,0,lib/activation.mzn,activation,UNSAT,True,OPTIMAL,2.52,False,activation,,2,,
model,artifact,v_nvp,activation,0,lib/activation.mzn,activation,UNSAT,True,OPTIMAL,6.13,False,activation,,2,,
model,artifact,m_3app,activation,0,lib/activation.mzn,activation,UNSAT,True,OPTIMAL,30.96,False,activation;period,,2,,
model,artifact,c_pat,admissible_pattern,0,lib/activation.mzn,admissible_pattern,UNSAT,True,OPTIMAL,15.92,False,activation,,2,,
model,artifact,d_random_hw,admissible_pattern,0,lib/activation.mzn,admissible_pattern,UNSAT,True,OPTIMAL,6.42,False,activation,,2,,
model,artifact,d_systematic_sw,admissible_pattern,0,lib/activation.mzn,admissible_pattern,UNSAT,True,OPTIMAL,3.81,False,activation,,2,,
model,artifact,f_both3,admissible_pattern,0,lib/activation.mzn,admissible_pattern,UNSAT,True,OPTIMAL,3.63,False,activation,,2,,
model,artifact,f_random_hw,admissible_pattern,0,lib/activation.mzn,admissible_pattern,UNSAT,True,OPTIMAL,9.99,False,activation,,2,,
model,artifact,f_sw3,admissible_pattern,0,lib/activation.mzn,admissible_pattern,UNSAT,True,OPTIMAL,4.18,False,activation,,2,,
model,artifact,p_rasta,admissible_pattern,0,lib/activation.mzn,admissible_pattern,UNSAT,True,OPTIMAL,4.84,False,activation,,2,,
model,artifact,pc_sobel,admissible_pattern,0,lib/activation.mzn,admissible_pattern,UNSAT,True,OPTIMAL,3.21,False,activation,,2,,
model,artifact,v_nvp,admissible_pattern,0,lib/activation.mzn,admissible_pattern,UNSAT,True,OPTIMAL,5.71,False,activation;period,,2,,
model,artifact,m_3app,admissible_pattern,0,lib/activation.mzn,admissible_pattern,UNSAT,True,OPTIMAL,45.65,False,activation,,2,,
model,artifact,c_pat,one_order_per_core,0,lib/order.mzn,one_order_per_core,OPTIMAL,False,OPTIMAL,15.17,True,,,0,,
model,artifact,d_random_hw,one_order_per_core,0,lib/order.mzn,one_order_per_core,OPTIMAL,False,OPTIMAL,5.09,True,,,0,,
model,artifact,d_systematic_sw,one_order_per_core,0,lib/order.mzn,one_order_per_core,OPTIMAL,False,OPTIMAL,3.04,True,,,0,,
model,artifact,f_both3,one_order_per_core,0,lib/order.mzn,one_order_per_core,OPTIMAL,False,OPTIMAL,4.77,True,,,0,,
model,artifact,f_random_hw,one_order_per_core,0,lib/order.mzn,one_order_per_core,OPTIMAL,False,OPTIMAL,8.24,True,,,0,,
model,artifact,f_sw3,one_order_per_core,0,lib/order.mzn,one_order_per_core,OPTIMAL,False,OPTIMAL,4.92,True,,,0,,
model,artifact,p_rasta,one_order_per_core,0,lib/order.mzn,one_order_per_core,OPTIMAL,False,OPTIMAL,8.17,True,,,0,,
model,artifact,pc_sobel,one_order_per_core,0,lib/order.mzn,one_order_per_core,OPTIMAL,False,OPTIMAL,2.87,True,,,0,,
model,artifact,v_nvp,one_order_per_core,0,lib/order.mzn,one_order_per_core,OPTIMAL,False,OPTIMAL,4.63,True,,,0,,
model,artifact,m_3app,one_order_per_core,0,lib/order.mzn,one_order_per_core,OPTIMAL,False,SAT,120.49,True,,,0,,
model,artifact,c_pat,order_same_core,0,lib/order.mzn,order_same_core,UNSAT,True,OPTIMAL,13.63,False,order;period,,2,,
model,artifact,d_random_hw,order_same_core,0,lib/order.mzn,order_same_core,UNSAT,True,OPTIMAL,5.7,False,order,,2,,
model,artifact,d_systematic_sw,order_same_core,0,lib/order.mzn,order_same_core,UNSAT,True,OPTIMAL,3.22,False,order,,2,,
model,artifact,f_both3,order_same_core,0,lib/order.mzn,order_same_core,UNSAT,True,OPTIMAL,3.03,False,order,,2,,
model,artifact,f_random_hw,order_same_core,0,lib/order.mzn,order_same_core,UNSAT,True,OPTIMAL,7.77,False,order,,2,,
model,artifact,f_sw3,order_same_core,0,lib/order.mzn,order_same_core,UNSAT,True,OPTIMAL,4.92,False,order,,2,,
model,artifact,p_rasta,order_same_core,0,lib/order.mzn,order_same_core,UNSAT,True,OPTIMAL,5.86,False,order,,2,,
model,artifact,pc_sobel,order_same_core,0,lib/order.mzn,order_same_core,OPTIMAL,False,OPTIMAL,2.87,True,,,0,,
model,artifact,v_nvp,order_same_core,0,lib/order.mzn,order_same_core,UNSAT,True,OPTIMAL,4.78,False,order;period,,2,,
model,artifact,m_3app,order_same_core,0,lib/order.mzn,order_same_core,UNSAT,True,OPTIMAL,69.71,False,order;period,,2,,
model,artifact,c_pat,memory,0,model/dse.mzn,memory,OPTIMAL,False,OPTIMAL,15.52,True,,,0,,
model,artifact,d_random_hw,memory,0,model/dse.mzn,memory,OPTIMAL,False,OPTIMAL,6.22,True,,,0,,
model,artifact,d_systematic_sw,memory,0,model/dse.mzn,memory,OPTIMAL,False,OPTIMAL,3.57,True,,,0,,
model,artifact,f_both3,memory,0,model/dse.mzn,memory,OPTIMAL,False,OPTIMAL,3.38,True,,,0,,
model,artifact,f_random_hw,memory,0,model/dse.mzn,memory,OPTIMAL,False,OPTIMAL,9.25,True,,,0,,
model,artifact,f_sw3,memory,0,model/dse.mzn,memory,OPTIMAL,False,OPTIMAL,5.61,True,,,0,,
model,artifact,p_rasta,memory,0,model/dse.mzn,memory,OPTIMAL,False,OPTIMAL,5.94,True,,,0,,
model,artifact,pc_sobel,memory,0,model/dse.mzn,memory,OPTIMAL,False,OPTIMAL,3.22,True,,,0,,
model,artifact,v_nvp,memory,0,model/dse.mzn,memory,OPTIMAL,False,OPTIMAL,5.37,True,,,0,,
model,artifact,m_3app,memory,0,model/dse.mzn,memory,OPTIMAL,False,OPTIMAL,41.24,True,,,0,,
generator,artifact,c_pat,control,0,verified base solution,exit 0,,,,,True,,True,0,,
generator,artifact,c_pat,catalog_mismatch,0,catalog without low_sil_doer_checker,exit 4,,,,,True,,True,4,,
generator,artifact,c_pat,catalog_mismatch,1,catalog without two_of_two_high_sil,exit 4,,,,,True,,True,4,,
generator,artifact,c_pat,fault_model,0,"--fault-model both (inferred: random_hw, inferred from pat_allowed)",exit 2,,,,,True,,True,2,,
generator,artifact,c_pat,fault_model,1,"--fault-model systematic_sw (inferred: random_hw, inferred from pat_allowed)",exit 2,,,,,True,,True,2,,
generator,artifact,c_pat,arg_no_evidence,1,Sn2,audit,,,,,True,,True,,True,Sn2 is a Solution citing no verifier check: Independent re-check of the solution: every active copy of frontEnd's 
generator,artifact,c_pat,arg_no_evidence,2,Sn3,audit,,,,,True,,True,,True,Sn3 is a Solution citing no verifier check: Independent re-check of the solution: DIFFERENT_FCR between frontEnd a
generator,artifact,c_pat,arg_no_evidence,7,Sn8,audit,,,,,True,,True,,True,Sn8 is a Solution citing no verifier check: Independent re-check of the solution: every active copy of compJah's c
generator,artifact,c_pat,arg_no_evidence,8,Sn9,audit,,,,,True,,True,,True,Sn9 is a Solution citing no verifier check: Independent re-check of the solution: DIFFERENT_FCR between compJah an
generator,artifact,c_pat,arg_no_evidence,11,Sn12,audit,,,,,True,,True,,True,Sn12 is a Solution citing no verifier check: Independent re-check of the solution: every active copy of backEnd's c
generator,artifact,c_pat,arg_bad_index,3,Sn4,audit,,,,,True,,True,,True,"Sn4 cites record 49, which is not a passed record of the check log"
generator,artifact,c_pat,arg_bad_index,7,Sn8,audit,,,,,True,,True,,True,"Sn8 cites record 49, which is not a passed record of the check log"
generator,artifact,c_pat,arg_bad_index,9,Sn10,audit,,,,,True,,True,,True,"Sn10 cites record 49, which is not a passed record of the check log"
generator,artifact,c_pat,arg_bad_index,10,Sn11,audit,,,,,True,,True,,True,"Sn11 cites record 49, which is not a passed record of the check log"
generator,artifact,c_pat,arg_bad_index,12,Sn13,audit,,,,,True,,True,,True,"Sn13 cites record 49, which is not a passed record of the check log"
generator,artifact,c_pat,arg_unmarked,4,G12,audit,,,,,True,,True,,True,G12 is a leaf Goal with neither supporting evidence nor an undeveloped marker: An IEC 61508 method realising Voting is i
generator,artifact,c_pat,arg_unmarked,7,G21,audit,,,,,True,,True,,True,G21 is a leaf Goal with neither supporting evidence nor an undeveloped marker: audspec is developed and verified to SIL 
generator,artifact,c_pat,arg_unmarked,9,G28,audit,,,,,True,,True,,True,G28 is a leaf Goal with neither supporting evidence nor an undeveloped marker: Common-cause failures of these components
generator,artifact,c_pat,arg_unmarked,11,G30,audit,,,,,True,,True,,True,G30 is a leaf Goal with neither supporting evidence nor an undeveloped marker: A systematic fault is not common to both 
generator,artifact,c_pat,arg_unmarked,12,G32,audit,,,,,True,,True,,True,G32 is a leaf Goal with neither supporting evidence nor an undeveloped marker: An IEC 61508 method realising Voting is i
generator,artifact,c_pat,arg_no_reason,5,G15,audit,,,,,True,,True,,True,G15 is marked undeveloped without a reason: rasta is developed and verified to SIL 1 in accordance with IEC 61508-
generator,artifact,c_pat,arg_no_reason,7,G21,audit,,,,,True,,True,,True,G21 is marked undeveloped without a reason: audspec is developed and verified to SIL 1 in accordance with IEC 6150
generator,artifact,c_pat,arg_no_reason,8,G25,audit,,,,,True,,True,,True,"G25 is marked undeveloped without a reason: An IEC 61508 method realising Comparison is implemented in compJah, an"
generator,artifact,c_pat,arg_no_reason,14,G39,audit,,,,,True,,True,,True,"G39 is marked undeveloped without a reason: An IEC 61508 method realising Sanity Check is implemented in backEnd, "
generator,artifact,c_pat,arg_no_reason,17,G46,audit,,,,,True,,True,,True,G46 is marked undeveloped without a reason: Every detected fault brings the function to its safe state within the 
generator,artifact,c_pat,arg_empty_strategy,2,S3,audit,,,,,True,,True,,True,S3 is a Strategy that develops nothing
generator,artifact,c_pat,arg_empty_strategy,3,S4,audit,,,,,True,,True,,True,S4 is a Strategy that develops nothing
generator,artifact,c_pat,arg_empty_strategy,4,S5,audit,,,,,True,,True,,True,S5 is a Strategy that develops nothing
generator,artifact,c_pat,arg_empty_strategy,8,S9,audit,,,,,True,,True,,True,S9 is a Strategy that develops nothing
generator,artifact,c_pat,arg_empty_strategy,14,S15,audit,,,,,True,,True,,True,S15 is a Strategy that develops nothing
generator,artifact,c_pat,arg_detached,1,G7,audit,,,,,True,,True,,True,"G7 is a leaf Goal with neither supporting evidence nor an undeveloped marker: In the deployed mapping, the replicated co"
generator,artifact,c_pat,arg_detached,2,G14,audit,,,,,True,,True,,True,G14 is a leaf Goal with neither supporting evidence nor an undeveloped marker: Every copy of rasta is implemented at SIL
generator,artifact,c_pat,arg_detached,6,G27,audit,,,,,True,,True,,True,"G27 is a leaf Goal with neither supporting evidence nor an undeveloped marker: In the deployed mapping, the replicated c"
generator,artifact,c_pat,arg_detached,8,G37,audit,,,,,True,,True,,True,G37 is a leaf Goal with neither supporting evidence nor an undeveloped marker: Every copy of backEnd and of its checker 
generator,artifact,c_pat,arg_detached,9,G41,audit,,,,,True,,True,,True,"G41 is a leaf Goal with neither supporting evidence nor an undeveloped marker: In the deployed mapping, the replicated c"
generator,artifact,d_random_hw,control,0,verified base solution,exit 0,,,,,True,,True,0,,
generator,artifact,d_random_hw,catalog_mismatch,0,catalog without low_sil_doer_checker,exit 4,,,,,True,,True,4,,
generator,artifact,d_random_hw,fault_model,0,"--fault-model both (inferred: random_hw, inferred from pat_allowed)",exit 2,,,,,True,,True,2,,
generator,artifact,d_random_hw,fault_model,1,"--fault-model systematic_sw (inferred: random_hw, inferred from pat_allowed)",exit 2,,,,,True,,True,2,,
generator,artifact,d_random_hw,arg_no_evidence,3,Sn4,audit,,,,,True,,True,,True,Sn4 is a Solution citing no verifier check: Independent re-check of the solution: every active copy of rasta is im
generator,artifact,d_random_hw,arg_no_evidence,8,Sn9,audit,,,,,True,,True,,True,Sn9 is a Solution citing no verifier check: Independent re-check of the solution: DIFFERENT between compJah and co
generator,artifact,d_random_hw,arg_no_evidence,9,Sn10,audit,,,,,True,,True,,True,Sn10 is a Solution citing no verifier check: Independent re-check of the solution: every active copy of rastaFilter
generator,artifact,d_random_hw,arg_no_evidence,11,Sn12,audit,,,,,True,,True,,True,Sn12 is a Solution citing no verifier check: Independent re-check of the solution: every active copy of backEnd's c
generator,artifact,d_random_hw,arg_no_evidence,15,Sn16,audit,,,,,True,,True,,True,Sn16 is a Solution citing no verifier check: Independent re-check of the solution: the reported period is at least 
generator,artifact,d_random_hw,arg_bad_index,7,Sn8,audit,,,,,True,,True,,True,"Sn8 cites record 49, which is not a passed record of the check log"
generator,artifact,d_random_hw,arg_bad_index,9,Sn10,audit,,,,,True,,True,,True,"Sn10 cites record 49, which is not a passed record of the check log"
generator,artifact,d_random_hw,arg_bad_index,10,Sn11,audit,,,,,True,,True,,True,"Sn11 cites record 49, which is not a passed record of the check log"
generator,artifact,d_random_hw,arg_bad_index,11,Sn12,audit,,,,,True,,True,,True,"Sn12 cites record 49, which is not a passed record of the check log"
generator,artifact,d_random_hw,arg_bad_index,14,Sn15,audit,,,,,True,,True,,True,"Sn15 cites record 49, which is not a passed record of the check log"
generator,artifact,d_random_hw,arg_unmarked,0,G5,audit,,,,,True,,True,,True,G5 is a leaf Goal with neither supporting evidence nor an undeveloped marker: An IEC 61508 method realising Sanity Check
generator,artifact,d_random_hw,arg_unmarked,1,G8,audit,,,,,True,,True,,True,G8 is a leaf Goal with neither supporting evidence nor an undeveloped marker: Common-cause failures of these components 
generator,artifact,d_random_hw,arg_unmarked,2,G9,audit,,,,,True,,True,,True,G9 is a leaf Goal with neither supporting evidence nor an undeveloped marker: An IEC 61508 method realising Replication 
generator,artifact,d_random_hw,arg_unmarked,10,G33,audit,,,,,True,,True,,True,G33 is a leaf Goal with neither supporting evidence nor an undeveloped marker: An IEC 61508 method realising Sanity Chec
generator,artifact,d_random_hw,arg_unmarked,13,G40,audit,,,,,True,,True,,True,G40 is a leaf Goal with neither supporting evidence nor an undeveloped marker: Every detected fault brings the function 
generator,artifact,d_random_hw,arg_no_reason,2,G9,audit,,,,,True,,True,,True,G9 is marked undeveloped without a reason: An IEC 61508 method realising Replication Redundancy is implemented in
generator,artifact,d_random_hw,arg_no_reason,7,G25,audit,,,,,True,,True,,True,G25 is marked undeveloped without a reason: Common-cause failures of these components through what the placement d
generator,artifact,d_random_hw,arg_no_reason,11,G36,audit,,,,,True,,True,,True,G36 is marked undeveloped without a reason: Common-cause failures of these components through what the placement d
generator,artifact,d_random_hw,arg_no_reason,12,G37,audit,,,,,True,,True,,True,G37 is marked undeveloped without a reason: An IEC 61508 method realising Replication Redundancy is implemented in
generator,artifact,d_random_hw,arg_no_reason,13,G40,audit,,,,,True,,True,,True,G40 is marked undeveloped without a reason: Every detected fault brings the function to its safe state within the 
generator,artifact,d_random_hw,arg_empty_strategy,2,S3,audit,,,,,True,,True,,True,S3 is a Strategy that develops nothing
generator,artifact,d_random_hw,arg_empty_strategy,4,S5,audit,,,,,True,,True,,True,S5 is a Strategy that develops nothing
generator,artifact,d_random_hw,arg_empty_strategy,5,S6,audit,,,,,True,,True,,True,S6 is a Strategy that develops nothing
generator,artifact,d_random_hw,arg_empty_strategy,7,S8,audit,,,,,True,,True,,True,S8 is a Strategy that develops nothing
generator,artifact,d_random_hw,arg_empty_strategy,10,S11,audit,,,,,True,,True,,True,S11 is a Strategy that develops nothing
generator,artifact,d_random_hw,arg_detached,2,G11,audit,,,,,True,,True,,True,G11 is a leaf Goal with neither supporting evidence nor an undeveloped marker: Every copy of rasta is implemented at SIL
generator,artifact,d_random_hw,arg_detached,4,G17,audit,,,,,True,,True,,True,G17 is a leaf Goal with neither supporting evidence nor an undeveloped marker: Every copy of audspec is implemented at S
generator,artifact,d_random_hw,arg_detached,5,G20,audit,,,,,True,,True,,True,G20 is a leaf Goal with neither supporting evidence nor an undeveloped marker: Every copy of compJah and of its checker 
generator,artifact,d_random_hw,arg_detached,8,G31,audit,,,,,True,,True,,True,G31 is a leaf Goal with neither supporting evidence nor an undeveloped marker: Every copy of backEnd and of its checker 
generator,artifact,d_random_hw,arg_detached,9,G35,audit,,,,,True,,True,,True,"G35 is a leaf Goal with neither supporting evidence nor an undeveloped marker: In the deployed mapping, the replicated c"
generator,artifact,d_systematic_sw,control,0,verified base solution,exit 0,,,,,True,,True,0,,
generator,artifact,d_systematic_sw,catalog_mismatch,0,catalog without same_cpu_doer_checker,exit 4,,,,,True,,True,4,,
generator,artifact,d_systematic_sw,fault_model,0,"--fault-model both (inferred: systematic_sw, inferred from pat_allowed)",exit 2,,,,,True,,True,2,,
generator,artifact,d_systematic_sw,fault_model,1,"--fault-model random_hw (inferred: systematic_sw, inferred from pat_allowed)",exit 2,,,,,True,,True,2,,
generator,artifact,d_systematic_sw,arg_no_evidence,0,Sn1,audit,,,,,True,,True,,True,Sn1 is a Solution citing no verifier check: Independent re-check of the solution: every active copy of frontEnd is
generator,artifact,d_systematic_sw,arg_no_evidence,3,Sn4,audit,,,,,True,,True,,True,Sn4 is a Solution citing no verifier check: Independent re-check of the solution: every active copy of powspec is 
generator,artifact,d_systematic_sw,arg_no_evidence,4,Sn5,audit,,,,,True,,True,,True,Sn5 is a Solution citing no verifier check: Independent re-check of the solution: every active copy of audspec is 
generator,artifact,d_systematic_sw,arg_no_evidence,9,Sn10,audit,,,,,True,,True,,True,Sn10 is a Solution citing no verifier check: Independent re-check of the solution: every active copy of backEnd's c
generator,artifact,d_systematic_sw,arg_no_evidence,11,Sn12,audit,,,,,True,,True,,True,Sn12 is a Solution citing no verifier check: Independent re-check of the solution: SAME between compJah and compJah
generator,artifact,d_systematic_sw,arg_bad_index,1,Sn2,audit,,,,,True,,True,,True,"Sn2 cites record 49, which is not a passed record of the check log"
generator,artifact,d_systematic_sw,arg_bad_index,3,Sn4,audit,,,,,True,,True,,True,"Sn4 cites record 49, which is not a passed record of the check log"
generator,artifact,d_systematic_sw,arg_bad_index,4,Sn5,audit,,,,,True,,True,,True,"Sn5 cites record 49, which is not a passed record of the check log"
generator,artifact,d_systematic_sw,arg_bad_index,6,Sn7,audit,,,,,True,,True,,True,"Sn7 cites record 49, which is not a passed record of the check log"
generator,artifact,d_systematic_sw,arg_bad_index,13,Sn14,audit,,,,,True,,True,,True,"Sn14 cites record 49, which is not a passed record of the check log"
generator,artifact,d_systematic_sw,arg_unmarked,0,G5,audit,,,,,True,,True,,True,G5 is a leaf Goal with neither supporting evidence nor an undeveloped marker: An IEC 61508 method realising Sanity Check
generator,artifact,d_systematic_sw,arg_unmarked,1,G8,audit,,,,,True,,True,,True,G8 is a leaf Goal with neither supporting evidence nor an undeveloped marker: rasta is developed and verified to SIL 1 i
generator,artifact,d_systematic_sw,arg_unmarked,3,G14,audit,,,,,True,,True,,True,G14 is a leaf Goal with neither supporting evidence nor an undeveloped marker: audspec is developed and verified to SIL 
generator,artifact,d_systematic_sw,arg_unmarked,4,G18,audit,,,,,True,,True,,True,G18 is a leaf Goal with neither supporting evidence nor an undeveloped marker: An IEC 61508 method realising Sanity Chec
generator,artifact,d_systematic_sw,arg_unmarked,7,G29,audit,,,,,True,,True,,True,G29 is a leaf Goal with neither supporting evidence nor an undeveloped marker: Every detected fault brings the function 
generator,artifact,d_systematic_sw,arg_no_reason,0,G5,audit,,,,,True,,True,,True,"G5 is marked undeveloped without a reason: An IEC 61508 method realising Sanity Check is implemented in frontEnd,"
generator,artifact,d_systematic_sw,arg_no_reason,2,G11,audit,,,,,True,,True,,True,G11 is marked undeveloped without a reason: powspec is developed and verified to SIL 1 in accordance with IEC 6150
generator,artifact,d_systematic_sw,arg_no_reason,4,G18,audit,,,,,True,,True,,True,"G18 is marked undeveloped without a reason: An IEC 61508 method realising Sanity Check is implemented in compJah, "
generator,artifact,d_systematic_sw,arg_no_reason,5,G21,audit,,,,,True,,True,,True,G21 is marked undeveloped without a reason: rastaFilter is developed and verified to SIL 1 in accordance with IEC 
generator,artifact,d_systematic_sw,arg_no_reason,7,G29,audit,,,,,True,,True,,True,G29 is marked undeveloped without a reason: Every detected fault brings the function to its safe state within the 
generator,artifact,d_systematic_sw,arg_empty_strategy,1,S2,audit,,,,,True,,True,,True,S2 is a Strategy that develops nothing
generator,artifact,d_systematic_sw,arg_empty_strategy,3,S4,audit,,,,,True,,True,,True,S4 is a Strategy that develops nothing
generator,artifact,d_systematic_sw,arg_empty_strategy,5,S6,audit,,,,,True,,True,,True,S6 is a Strategy that develops nothing
generator,artifact,d_systematic_sw,arg_empty_strategy,8,S9,audit,,,,,True,,True,,True,S9 is a Strategy that develops nothing
generator,artifact,d_systematic_sw,arg_empty_strategy,10,S11,audit,,,,,True,,True,,True,S11 is a Strategy that develops nothing
generator,artifact,d_systematic_sw,arg_detached,0,G3,audit,,,,,True,,True,,True,G3 is a leaf Goal with neither supporting evidence nor an undeveloped marker: Every copy of frontEnd and of its checker 
generator,artifact,d_systematic_sw,arg_detached,1,G7,audit,,,,,True,,True,,True,G7 is a leaf Goal with neither supporting evidence nor an undeveloped marker: Every copy of rasta is implemented at SIL 
generator,artifact,d_systematic_sw,arg_detached,4,G16,audit,,,,,True,,True,,True,G16 is a leaf Goal with neither supporting evidence nor an undeveloped marker: Every copy of compJah and of its checker 
generator,artifact,d_systematic_sw,arg_detached,5,G20,audit,,,,,True,,True,,True,G20 is a leaf Goal with neither supporting evidence nor an undeveloped marker: Every copy of rastaFilter is implemented 
generator,artifact,d_systematic_sw,arg_detached,7,G26,audit,,,,,True,,True,,True,G26 is a leaf Goal with neither supporting evidence nor an undeveloped marker: The remaining placement constraints impos
generator,artifact,f_both3,control,0,verified base solution,exit 0,,,,,True,,True,0,,
generator,artifact,f_both3,catalog_mismatch,0,catalog without low_sil_diverse_doer_checker,exit 4,,,,,True,,True,4,,
generator,artifact,f_both3,catalog_mismatch,1,catalog without two_of_two_high_sil,exit 4,,,,,True,,True,4,,
generator,artifact,f_both3,fault_model,0,"--fault-model random_hw (inferred: both, inferred from pat_allowed)",exit 2,,,,,True,,True,2,,
generator,artifact,f_both3,fault_model,1,"--fault-model systematic_sw (inferred: both, inferred from pat_allowed)",exit 2,,,,,True,,True,2,,
generator,artifact,f_both3,arg_no_evidence,4,Sn5,audit,,,,,True,,True,,True,Sn5 is a Solution citing no verifier check: Independent re-check of the solution: every active copy of rasta is im
generator,artifact,f_both3,arg_no_evidence,6,Sn7,audit,,,,,True,,True,,True,Sn7 is a Solution citing no verifier check: Independent re-check of the solution: every active copy of audspec is 
generator,artifact,f_both3,arg_no_evidence,13,Sn14,audit,,,,,True,,True,,True,Sn14 is a Solution citing no verifier check: Independent re-check of the solution: every active copy of backEnd's c
generator,artifact,f_both3,arg_no_evidence,15,Sn16,audit,,,,,True,,True,,True,Sn16 is a Solution citing no verifier check: Independent re-check of the solution: DIVERSE between backEnd and back
generator,artifact,f_both3,arg_no_evidence,18,Sn19,audit,,,,,True,,True,,True,Sn19 is a Solution citing no verifier check: Independent re-check of the solution: the reported period is at least 
generator,artifact,f_both3,arg_bad_index,1,Sn2,audit,,,,,True,,True,,True,"Sn2 cites record 58, which is not a passed record of the check log"
generator,artifact,f_both3,arg_bad_index,10,Sn11,audit,,,,,True,,True,,True,"Sn11 cites record 58, which is not a passed record of the check log"
generator,artifact,f_both3,arg_bad_index,11,Sn12,audit,,,,,True,,True,,True,"Sn12 cites record 58, which is not a passed record of the check log"
generator,artifact,f_both3,arg_bad_index,13,Sn14,audit,,,,,True,,True,,True,"Sn14 cites record 58, which is not a passed record of the check log"
generator,artifact,f_both3,arg_bad_index,15,Sn16,audit,,,,,True,,True,,True,"Sn16 cites record 58, which is not a passed record of the check log"
generator,artifact,f_both3,arg_unmarked,4,G14,audit,,,,,True,,True,,True,G14 is a leaf Goal with neither supporting evidence nor an undeveloped marker: An IEC 61508 method realising Voting is i
generator,artifact,f_both3,arg_unmarked,7,G23,audit,,,,,True,,True,,True,G23 is a leaf Goal with neither supporting evidence nor an undeveloped marker: audspec is developed and verified to SIL 
generator,artifact,f_both3,arg_unmarked,13,G39,audit,,,,,True,,True,,True,G39 is a leaf Goal with neither supporting evidence nor an undeveloped marker: rastaFilter is developed and verified to 
generator,artifact,f_both3,arg_unmarked,15,G46,audit,,,,,True,,True,,True,G46 is a leaf Goal with neither supporting evidence nor an undeveloped marker: Common-cause failures of these components
generator,artifact,f_both3,arg_unmarked,19,G54,audit,,,,,True,,True,,True,"G54 is a leaf Goal with neither supporting evidence nor an undeveloped marker: Every software component is developed, ve"
generator,artifact,f_both3,arg_no_reason,9,G30,audit,,,,,True,,True,,True,G30 is marked undeveloped without a reason: Common-cause failures of these components through what the placement d
generator,artifact,f_both3,arg_no_reason,10,G31,audit,,,,,True,,True,,True,G31 is marked undeveloped without a reason: An IEC 61508 method realising Replication Redundancy is implemented in
generator,artifact,f_both3,arg_no_reason,14,G43,audit,,,,,True,,True,,True,"G43 is marked undeveloped without a reason: An IEC 61508 method realising Sanity Check is implemented in backEnd, "
generator,artifact,f_both3,arg_no_reason,15,G46,audit,,,,,True,,True,,True,G46 is marked undeveloped without a reason: Common-cause failures of these components through what the placement d
generator,artifact,f_both3,arg_no_reason,18,G53,audit,,,,,True,,True,,True,G53 is marked undeveloped without a reason: Every detected fault brings the function to its safe state within the 
generator,artifact,f_both3,arg_empty_strategy,4,S5,audit,,,,,True,,True,,True,S5 is a Strategy that develops nothing
generator,artifact,f_both3,arg_empty_strategy,6,S7,audit,,,,,True,,True,,True,S7 is a Strategy that develops nothing
generator,artifact,f_both3,arg_empty_strategy,13,S14,audit,,,,,True,,True,,True,S14 is a Strategy that develops nothing
generator,artifact,f_both3,arg_empty_strategy,15,S16,audit,,,,,True,,True,,True,S16 is a Strategy that develops nothing
generator,artifact,f_both3,arg_empty_strategy,16,S17,audit,,,,,True,,True,,True,S17 is a Strategy that develops nothing
generator,artifact,f_both3,arg_detached,5,G22,audit,,,,,True,,True,,True,G22 is a leaf Goal with neither supporting evidence nor an undeveloped marker: Every copy of audspec is implemented at S
generator,artifact,f_both3,arg_detached,6,G25,audit,,,,,True,,True,,True,G25 is a leaf Goal with neither supporting evidence nor an undeveloped marker: Every copy of compJah and of its channel_
generator,artifact,f_both3,arg_detached,7,G29,audit,,,,,True,,True,,True,"G29 is a leaf Goal with neither supporting evidence nor an undeveloped marker: In the deployed mapping, the replicated c"
generator,artifact,f_both3,arg_detached,8,G33,audit,,,,,True,,True,,True,"G33 is a leaf Goal with neither supporting evidence nor an undeveloped marker: In the deployed mapping, the diverse comp"
generator,artifact,f_both3,arg_detached,10,G41,audit,,,,,True,,True,,True,G41 is a leaf Goal with neither supporting evidence nor an undeveloped marker: Every copy of backEnd and of its checker 
generator,artifact,f_random_hw,control,0,verified base solution,exit 0,,,,,True,,True,0,,
generator,artifact,f_random_hw,catalog_mismatch,0,catalog without high_sil_isolated_checker,exit 4,,,,,True,,True,4,,
generator,artifact,f_random_hw,catalog_mismatch,1,catalog without low_sil_doer_checker,exit 4,,,,,True,,True,4,,
generator,artifact,f_random_hw,fault_model,0,"--fault-model both (inferred: random_hw, inferred from pat_allowed)",exit 2,,,,,True,,True,2,,
generator,artifact,f_random_hw,fault_model,1,"--fault-model systematic_sw (inferred: random_hw, inferred from pat_allowed)",exit 2,,,,,True,,True,2,,
generator,artifact,f_random_hw,arg_no_evidence,1,Sn2,audit,,,,,True,,True,,True,Sn2 is a Solution citing no verifier check: Independent re-check of the solution: every active copy of frontEnd's 
generator,artifact,f_random_hw,arg_no_evidence,5,Sn6,audit,,,,,True,,True,,True,Sn6 is a Solution citing no verifier check: Independent re-check of the solution: every active copy of audspec is 
generator,artifact,f_random_hw,arg_no_evidence,7,Sn8,audit,,,,,True,,True,,True,Sn8 is a Solution citing no verifier check: Independent re-check of the solution: every active copy of compJah's c
generator,artifact,f_random_hw,arg_no_evidence,12,Sn13,audit,,,,,True,,True,,True,Sn13 is a Solution citing no verifier check: Independent re-check of the solution: DIFFERENT between backEnd and ba
generator,artifact,f_random_hw,arg_no_evidence,13,Sn14,audit,,,,,True,,True,,True,Sn14 is a Solution citing no verifier check: Independent re-check of the solution: all 22 core slots re-examined ag
generator,artifact,f_random_hw,arg_bad_index,3,Sn4,audit,,,,,True,,True,,True,"Sn4 cites record 49, which is not a passed record of the check log"
generator,artifact,f_random_hw,arg_bad_index,5,Sn6,audit,,,,,True,,True,,True,"Sn6 cites record 49, which is not a passed record of the check log"
generator,artifact,f_random_hw,arg_bad_index,10,Sn11,audit,,,,,True,,True,,True,"Sn11 cites record 49, which is not a passed record of the check log"
generator,artifact,f_random_hw,arg_bad_index,14,Sn15,audit,,,,,True,,True,,True,"Sn15 cites record 49, which is not a passed record of the check log"
generator,artifact,f_random_hw,arg_bad_index,15,Sn16,audit,,,,,True,,True,,True,"Sn16 cites record 49, which is not a passed record of the check log"
generator,artifact,f_random_hw,arg_unmarked,4,G15,audit,,,,,True,,True,,True,G15 is a leaf Goal with neither supporting evidence nor an undeveloped marker: powspec is developed and verified to SIL 
generator,artifact,f_random_hw,arg_unmarked,8,G26,audit,,,,,True,,True,,True,G26 is a leaf Goal with neither supporting evidence nor an undeveloped marker: An IEC 61508 method realising Replication
generator,artifact,f_random_hw,arg_unmarked,11,G36,audit,,,,,True,,True,,True,G36 is a leaf Goal with neither supporting evidence nor an undeveloped marker: Common-cause failures of these components
generator,artifact,f_random_hw,arg_unmarked,12,G37,audit,,,,,True,,True,,True,G37 is a leaf Goal with neither supporting evidence nor an undeveloped marker: An IEC 61508 method realising Replication
generator,artifact,f_random_hw,arg_unmarked,13,G40,audit,,,,,True,,True,,True,G40 is a leaf Goal with neither supporting evidence nor an undeveloped marker: Every detected fault brings the function 
generator,artifact,f_random_hw,arg_no_reason,1,G8,audit,,,,,True,,True,,True,G8 is marked undeveloped without a reason: Common-cause failures of these components through what the placement d
generator,artifact,f_random_hw,arg_no_reason,3,G12,audit,,,,,True,,True,,True,G12 is marked undeveloped without a reason: rasta is developed and verified to SIL 1 in accordance with IEC 61508-
generator,artifact,f_random_hw,arg_no_reason,6,G22,audit,,,,,True,,True,,True,"G22 is marked undeveloped without a reason: An IEC 61508 method realising Sanity Check is implemented in compJah, "
generator,artifact,f_random_hw,arg_no_reason,11,G36,audit,,,,,True,,True,,True,G36 is marked undeveloped without a reason: Common-cause failures of these components through what the placement d
generator,artifact,f_random_hw,arg_no_reason,13,G40,audit,,,,,True,,True,,True,G40 is marked undeveloped without a reason: Every detected fault brings the function to its safe state within the 
generator,artifact,f_random_hw,arg_empty_strategy,0,S1,audit,,,,,True,,True,,True,S1 is a Strategy that develops nothing
generator,artifact,f_random_hw,arg_empty_strategy,3,S4,audit,,,,,True,,True,,True,S4 is a Strategy that develops nothing
generator,artifact,f_random_hw,arg_empty_strategy,5,S6,audit,,,,,True,,True,,True,S6 is a Strategy that develops nothing
generator,artifact,f_random_hw,arg_empty_strategy,6,S7,audit,,,,,True,,True,,True,S7 is a Strategy that develops nothing
generator,artifact,f_random_hw,arg_empty_strategy,13,S14,audit,,,,,True,,True,,True,S14 is a Strategy that develops nothing
generator,artifact,f_random_hw,arg_detached,0,G3,audit,,,,,True,,True,,True,G3 is a leaf Goal with neither supporting evidence nor an undeveloped marker: Every copy of frontEnd and of its checker 
generator,artifact,f_random_hw,arg_detached,6,G24,audit,,,,,True,,True,,True,"G24 is a leaf Goal with neither supporting evidence nor an undeveloped marker: In the deployed mapping, the replicated c"
generator,artifact,f_random_hw,arg_detached,7,G28,audit,,,,,True,,True,,True,G28 is a leaf Goal with neither supporting evidence nor an undeveloped marker: Every copy of rastaFilter is implemented 
generator,artifact,f_random_hw,arg_detached,8,G31,audit,,,,,True,,True,,True,G31 is a leaf Goal with neither supporting evidence nor an undeveloped marker: Every copy of backEnd and of its checker 
generator,artifact,f_random_hw,arg_detached,9,G35,audit,,,,,True,,True,,True,"G35 is a leaf Goal with neither supporting evidence nor an undeveloped marker: In the deployed mapping, the replicated c"
generator,artifact,f_sw3,control,0,verified base solution,exit 0,,,,,True,,True,0,,
generator,artifact,f_sw3,catalog_mismatch,0,catalog without same_cpu_doer_checker,exit 4,,,,,True,,True,4,,
generator,artifact,f_sw3,catalog_mismatch,1,catalog without two_of_two_high_sil,exit 4,,,,,True,,True,4,,
generator,artifact,f_sw3,fault_model,0,"--fault-model both (inferred: systematic_sw, inferred from pat_allowed)",exit 2,,,,,True,,True,2,,
generator,artifact,f_sw3,fault_model,1,"--fault-model random_hw (inferred: systematic_sw, inferred from pat_allowed)",exit 2,,,,,True,,True,2,,
generator,artifact,f_sw3,arg_no_evidence,0,Sn1,audit,,,,,True,,True,,True,Sn1 is a Solution citing no verifier check: Independent re-check of the solution: every active copy of frontEnd is
generator,artifact,f_sw3,arg_no_evidence,1,Sn2,audit,,,,,True,,True,,True,Sn2 is a Solution citing no verifier check: Independent re-check of the solution: every active copy of frontEnd's 
generator,artifact,f_sw3,arg_no_evidence,9,Sn10,audit,,,,,True,,True,,True,Sn10 is a Solution citing no verifier check: Independent re-check of the solution: every active copy of rastaFilter
generator,artifact,f_sw3,arg_no_evidence,10,Sn11,audit,,,,,True,,True,,True,Sn11 is a Solution citing no verifier check: Independent re-check of the solution: every active copy of backEnd is 
generator,artifact,f_sw3,arg_no_evidence,15,Sn16,audit,,,,,True,,True,,True,Sn16 is a Solution citing no verifier check: Independent re-check of the solution: the reported period is at least 
generator,artifact,f_sw3,arg_bad_index,2,Sn3,audit,,,,,True,,True,,True,"Sn3 cites record 55, which is not a passed record of the check log"
generator,artifact,f_sw3,arg_bad_index,3,Sn4,audit,,,,,True,,True,,True,"Sn4 cites record 55, which is not a passed record of the check log"
generator,artifact,f_sw3,arg_bad_index,4,Sn5,audit,,,,,True,,True,,True,"Sn5 cites record 55, which is not a passed record of the check log"
generator,artifact,f_sw3,arg_bad_index,14,Sn15,audit,,,,,True,,True,,True,"Sn15 cites record 55, which is not a passed record of the check log"
generator,artifact,f_sw3,arg_bad_index,15,Sn16,audit,,,,,True,,True,,True,"Sn16 cites record 55, which is not a passed record of the check log"
generator,artifact,f_sw3,arg_unmarked,3,G11,audit,,,,,True,,True,,True,G11 is a leaf Goal with neither supporting evidence nor an undeveloped marker: An IEC 61508 method realising Voting is i
generator,artifact,f_sw3,arg_unmarked,10,G30,audit,,,,,True,,True,,True,G30 is a leaf Goal with neither supporting evidence nor an undeveloped marker: An IEC 61508 method realising Voting is i
generator,artifact,f_sw3,arg_unmarked,12,G37,audit,,,,,True,,True,,True,G37 is a leaf Goal with neither supporting evidence nor an undeveloped marker: An IEC 61508 method realising Sanity Chec
generator,artifact,f_sw3,arg_unmarked,13,G41,audit,,,,,True,,True,,True,G41 is a leaf Goal with neither supporting evidence nor an undeveloped marker: Every detected fault brings the function 
generator,artifact,f_sw3,arg_unmarked,14,G42,audit,,,,,True,,True,,True,"G42 is a leaf Goal with neither supporting evidence nor an undeveloped marker: Every software component is developed, ve"
generator,artifact,f_sw3,arg_no_reason,0,G5,audit,,,,,True,,True,,True,"G5 is marked undeveloped without a reason: An IEC 61508 method realising Comparison is implemented in frontEnd, a"
generator,artifact,f_sw3,arg_no_reason,3,G11,audit,,,,,True,,True,,True,"G11 is marked undeveloped without a reason: An IEC 61508 method realising Voting is implemented in frontEnd, and i"
generator,artifact,f_sw3,arg_no_reason,10,G30,audit,,,,,True,,True,,True,"G30 is marked undeveloped without a reason: An IEC 61508 method realising Voting is implemented in compJah, and it"
generator,artifact,f_sw3,arg_no_reason,12,G37,audit,,,,,True,,True,,True,"G37 is marked undeveloped without a reason: An IEC 61508 method realising Sanity Check is implemented in backEnd, "
generator,artifact,f_sw3,arg_no_reason,13,G41,audit,,,,,True,,True,,True,G41 is marked undeveloped without a reason: Every detected fault brings the function to its safe state within the 
generator,artifact,f_sw3,arg_empty_strategy,1,S2,audit,,,,,True,,True,,True,S2 is a Strategy that develops nothing
generator,artifact,f_sw3,arg_empty_strategy,8,S9,audit,,,,,True,,True,,True,S9 is a Strategy that develops nothing
generator,artifact,f_sw3,arg_empty_strategy,11,S12,audit,,,,,True,,True,,True,S12 is a Strategy that develops nothing
generator,artifact,f_sw3,arg_empty_strategy,12,S13,audit,,,,,True,,True,,True,S13 is a Strategy that develops nothing
generator,artifact,f_sw3,arg_empty_strategy,13,S14,audit,,,,,True,,True,,True,S14 is a Strategy that develops nothing
generator,artifact,f_sw3,arg_detached,0,G3,audit,,,,,True,,True,,True,G3 is a leaf Goal with neither supporting evidence nor an undeveloped marker: Every copy of frontEnd and of its channel_
generator,artifact,f_sw3,arg_detached,1,G8,audit,,,,,True,,True,,True,"G8 is a leaf Goal with neither supporting evidence nor an undeveloped marker: In the deployed mapping, the diverse compo"
generator,artifact,f_sw3,arg_detached,2,G13,audit,,,,,True,,True,,True,G13 is a leaf Goal with neither supporting evidence nor an undeveloped marker: Every copy of rasta is implemented at SIL
generator,artifact,f_sw3,arg_detached,3,G16,audit,,,,,True,,True,,True,G16 is a leaf Goal with neither supporting evidence nor an undeveloped marker: Every copy of powspec is implemented at S
generator,artifact,f_sw3,arg_detached,4,G19,audit,,,,,True,,True,,True,G19 is a leaf Goal with neither supporting evidence nor an undeveloped marker: Every copy of audspec is implemented at S
generator,artifact,p_rasta,control,0,verified base solution,exit 0,,,,,True,,True,0,,
generator,artifact,p_rasta,catalog_mismatch,0,catalog without high_sil_isolated_checker,exit 4,,,,,True,,True,4,,
generator,artifact,p_rasta,catalog_mismatch,1,catalog without low_sil_doer_checker,exit 4,,,,,True,,True,4,,
generator,artifact,p_rasta,fault_model,0,"--fault-model both (inferred: random_hw, inferred from pat_allowed)",exit 2,,,,,True,,True,2,,
generator,artifact,p_rasta,fault_model,1,"--fault-model systematic_sw (inferred: random_hw, inferred from pat_allowed)",exit 2,,,,,True,,True,2,,
generator,artifact,p_rasta,arg_no_evidence,3,Sn4,audit,,,,,True,,True,,True,Sn4 is a Solution citing no verifier check: Independent re-check of the solution: every active copy of rasta is im
generator,artifact,p_rasta,arg_no_evidence,4,Sn5,audit,,,,,True,,True,,True,Sn5 is a Solution citing no verifier check: Independent re-check of the solution: every active copy of powspec is 
generator,artifact,p_rasta,arg_no_evidence,11,Sn12,audit,,,,,True,,True,,True,Sn12 is a Solution citing no verifier check: Independent re-check of the solution: every active copy of backEnd's c
generator,artifact,p_rasta,arg_no_evidence,13,Sn14,audit,,,,,True,,True,,True,Sn14 is a Solution citing no verifier check: Independent re-check of the solution: all 22 core slots re-examined ag
generator,artifact,p_rasta,arg_no_evidence,14,Sn15,audit,,,,,True,,True,,True,Sn15 is a Solution citing no verifier check: Independent re-check of the solution: the mapping- and scheduling-awar
generator,artifact,p_rasta,arg_bad_index,0,Sn1,audit,,,,,True,,True,,True,"Sn1 cites record 49, which is not a passed record of the check log"
generator,artifact,p_rasta,arg_bad_index,8,Sn9,audit,,,,,True,,True,,True,"Sn9 cites record 49, which is not a passed record of the check log"
generator,artifact,p_rasta,arg_bad_index,10,Sn11,audit,,,,,True,,True,,True,"Sn11 cites record 49, which is not a passed record of the check log"
generator,artifact,p_rasta,arg_bad_index,13,Sn14,audit,,,,,True,,True,,True,"Sn14 cites record 49, which is not a passed record of the check log"
generator,artifact,p_rasta,arg_bad_index,15,Sn16,audit,,,,,True,,True,,True,"Sn16 cites record 49, which is not a passed record of the check log"
generator,artifact,p_rasta,arg_unmarked,3,G12,audit,,,,,True,,True,,True,G12 is a leaf Goal with neither supporting evidence nor an undeveloped marker: rasta is developed and verified to SIL 1 
generator,artifact,p_rasta,arg_unmarked,4,G15,audit,,,,,True,,True,,True,G15 is a leaf Goal with neither supporting evidence nor an undeveloped marker: powspec is developed and verified to SIL 
generator,artifact,p_rasta,arg_unmarked,10,G33,audit,,,,,True,,True,,True,G33 is a leaf Goal with neither supporting evidence nor an undeveloped marker: An IEC 61508 method realising Sanity Chec
generator,artifact,p_rasta,arg_unmarked,11,G36,audit,,,,,True,,True,,True,G36 is a leaf Goal with neither supporting evidence nor an undeveloped marker: Common-cause failures of these components
generator,artifact,p_rasta,arg_unmarked,13,G39,audit,,,,,True,,True,,True,"G39 is a leaf Goal with neither supporting evidence nor an undeveloped marker: The partitioning mechanism on core(s) [1,"
generator,artifact,p_rasta,arg_no_reason,1,G8,audit,,,,,True,,True,,True,G8 is marked undeveloped without a reason: Common-cause failures of these components through what the placement d
generator,artifact,p_rasta,arg_no_reason,4,G15,audit,,,,,True,,True,,True,G15 is marked undeveloped without a reason: powspec is developed and verified to SIL 1 in accordance with IEC 6150
generator,artifact,p_rasta,arg_no_reason,11,G36,audit,,,,,True,,True,,True,G36 is marked undeveloped without a reason: Common-cause failures of these components through what the placement d
generator,artifact,p_rasta,arg_no_reason,12,G37,audit,,,,,True,,True,,True,G37 is marked undeveloped without a reason: An IEC 61508 method realising Replication Redundancy is implemented in
generator,artifact,p_rasta,arg_no_reason,15,G42,audit,,,,,True,,True,,True,"G42 is marked undeveloped without a reason: Every software component is developed, verified and validated to its r"
generator,artifact,p_rasta,arg_empty_strategy,1,S2,audit,,,,,True,,True,,True,S2 is a Strategy that develops nothing
generator,artifact,p_rasta,arg_empty_strategy,3,S4,audit,,,,,True,,True,,True,S4 is a Strategy that develops nothing
generator,artifact,p_rasta,arg_empty_strategy,5,S6,audit,,,,,True,,True,,True,S6 is a Strategy that develops nothing
generator,artifact,p_rasta,arg_empty_strategy,6,S7,audit,,,,,True,,True,,True,S7 is a Strategy that develops nothing
generator,artifact,p_rasta,arg_empty_strategy,8,S9,audit,,,,,True,,True,,True,S9 is a Strategy that develops nothing
generator,artifact,p_rasta,arg_detached,1,G7,audit,,,,,True,,True,,True,"G7 is a leaf Goal with neither supporting evidence nor an undeveloped marker: In the deployed mapping, the replicated co"
generator,artifact,p_rasta,arg_detached,4,G17,audit,,,,,True,,True,,True,G17 is a leaf Goal with neither supporting evidence nor an undeveloped marker: Every copy of audspec is implemented at S
generator,artifact,p_rasta,arg_detached,7,G28,audit,,,,,True,,True,,True,G28 is a leaf Goal with neither supporting evidence nor an undeveloped marker: Every copy of rastaFilter is implemented 
generator,artifact,p_rasta,arg_detached,8,G31,audit,,,,,True,,True,,True,G31 is a leaf Goal with neither supporting evidence nor an undeveloped marker: Every copy of backEnd and of its checker 
generator,artifact,p_rasta,arg_detached,10,G40,audit,,,,,True,,True,,True,G40 is a leaf Goal with neither supporting evidence nor an undeveloped marker: The deployed mapping and static order mee
generator,artifact,pc_sobel,control,0,verified base solution,exit 0,,,,,True,,True,0,,
generator,artifact,pc_sobel,catalog_mismatch,0,catalog without high_sil_isolated_checker,exit 4,,,,,True,,True,4,,
generator,artifact,pc_sobel,fault_model,0,"--fault-model both (inferred: random_hw, inferred from pat_allowed)",exit 2,,,,,True,,True,2,,
generator,artifact,pc_sobel,fault_model,1,"--fault-model systematic_sw (inferred: random_hw, inferred from pat_allowed)",exit 2,,,,,True,,True,2,,
generator,artifact,pc_sobel,arg_no_evidence,1,Sn2,audit,,,,,True,,True,,True,Sn2 is a Solution citing no verifier check: Independent re-check of the solution: every active copy of get_pixel's
generator,artifact,pc_sobel,arg_no_evidence,4,Sn5,audit,,,,,True,,True,,True,Sn5 is a Solution citing no verifier check: Independent re-check of the solution: every active copy of gy is imple
generator,artifact,pc_sobel,arg_no_evidence,6,Sn7,audit,,,,,True,,True,,True,Sn7 is a Solution citing no verifier check: Independent re-check of the solution: all 9 core slots re-examined aga
generator,artifact,pc_sobel,arg_no_evidence,7,Sn8,audit,,,,,True,,True,,True,Sn8 is a Solution citing no verifier check: Independent re-check of the solution: the mapping- and scheduling-awar
generator,artifact,pc_sobel,arg_no_evidence,8,Sn9,audit,,,,,True,,True,,True,Sn9 is a Solution citing no verifier check: Independent re-check of the solution: the reported period is at least 
generator,artifact,pc_sobel,arg_bad_index,0,Sn1,audit,,,,,True,,True,,True,"Sn1 cites record 29, which is not a passed record of the check log"
generator,artifact,pc_sobel,arg_bad_index,1,Sn2,audit,,,,,True,,True,,True,"Sn2 cites record 29, which is not a passed record of the check log"
generator,artifact,pc_sobel,arg_bad_index,3,Sn4,audit,,,,,True,,True,,True,"Sn4 cites record 29, which is not a passed record of the check log"
generator,artifact,pc_sobel,arg_bad_index,5,Sn6,audit,,,,,True,,True,,True,"Sn6 cites record 29, which is not a passed record of the check log"
generator,artifact,pc_sobel,arg_bad_index,7,Sn8,audit,,,,,True,,True,,True,"Sn8 cites record 29, which is not a passed record of the check log"
generator,artifact,pc_sobel,arg_unmarked,0,G5,audit,,,,,True,,True,,True,G5 is a leaf Goal with neither supporting evidence nor an undeveloped marker: An IEC 61508 method realising Sanity Check
generator,artifact,pc_sobel,arg_unmarked,1,G8,audit,,,,,True,,True,,True,G8 is a leaf Goal with neither supporting evidence nor an undeveloped marker: Common-cause failures of these components 
generator,artifact,pc_sobel,arg_unmarked,4,G15,audit,,,,,True,,True,,True,G15 is a leaf Goal with neither supporting evidence nor an undeveloped marker: gy is developed and verified to SIL 1 in 
generator,artifact,pc_sobel,arg_unmarked,5,G18,audit,,,,,True,,True,,True,G18 is a leaf Goal with neither supporting evidence nor an undeveloped marker: abs is developed and verified to SIL 1 in
generator,artifact,pc_sobel,arg_unmarked,7,G22,audit,,,,,True,,True,,True,"G22 is a leaf Goal with neither supporting evidence nor an undeveloped marker: Every software component is developed, ve"
generator,artifact,pc_sobel,arg_no_reason,1,G8,audit,,,,,True,,True,,True,G8 is marked undeveloped without a reason: Common-cause failures of these components through what the placement d
generator,artifact,pc_sobel,arg_no_reason,2,G9,audit,,,,,True,,True,,True,G9 is marked undeveloped without a reason: An IEC 61508 method realising Replication Redundancy is implemented in
generator,artifact,pc_sobel,arg_no_reason,3,G12,audit,,,,,True,,True,,True,G12 is marked undeveloped without a reason: gx is developed and verified to SIL 1 in accordance with IEC 61508-3.
generator,artifact,pc_sobel,arg_no_reason,5,G18,audit,,,,,True,,True,,True,G18 is marked undeveloped without a reason: abs is developed and verified to SIL 1 in accordance with IEC 61508-3.
generator,artifact,pc_sobel,arg_no_reason,7,G22,audit,,,,,True,,True,,True,"G22 is marked undeveloped without a reason: Every software component is developed, verified and validated to its r"
generator,artifact,pc_sobel,arg_empty_strategy,2,S3,audit,,,,,True,,True,,True,S3 is a Strategy that develops nothing
generator,artifact,pc_sobel,arg_empty_strategy,3,S4,audit,,,,,True,,True,,True,S4 is a Strategy that develops nothing
generator,artifact,pc_sobel,arg_empty_strategy,5,S6,audit,,,,,True,,True,,True,S6 is a Strategy that develops nothing
generator,artifact,pc_sobel,arg_empty_strategy,6,S7,audit,,,,,True,,True,,True,S7 is a Strategy that develops nothing
generator,artifact,pc_sobel,arg_empty_strategy,7,S8,audit,,,,,True,,True,,True,S8 is a Strategy that develops nothing
generator,artifact,pc_sobel,arg_detached,0,G3,audit,,,,,True,,True,,True,G3 is a leaf Goal with neither supporting evidence nor an undeveloped marker: Every copy of get_pixel and of its checker
generator,artifact,pc_sobel,arg_detached,1,G7,audit,,,,,True,,True,,True,"G7 is a leaf Goal with neither supporting evidence nor an undeveloped marker: In the deployed mapping, the replicated co"
generator,artifact,pc_sobel,arg_detached,3,G14,audit,,,,,True,,True,,True,G14 is a leaf Goal with neither supporting evidence nor an undeveloped marker: Every copy of gy is implemented at SIL 1 
generator,artifact,pc_sobel,arg_detached,4,G17,audit,,,,,True,,True,,True,G17 is a leaf Goal with neither supporting evidence nor an undeveloped marker: Every copy of abs is implemented at SIL 1
generator,artifact,pc_sobel,arg_detached,5,G20,audit,,,,,True,,True,,True,G20 is a leaf Goal with neither supporting evidence nor an undeveloped marker: The deployed mapping and static order mee
generator,artifact,v_nvp,control,0,verified base solution,exit 0,,,,,True,,True,0,,
generator,artifact,v_nvp,catalog_mismatch,0,catalog without low_sil_diverse_doer_checker,exit 4,,,,,True,,True,4,,
generator,artifact,v_nvp,catalog_mismatch,1,catalog without nvp_three_version,exit 4,,,,,True,,True,4,,
generator,artifact,v_nvp,fault_model,0,"--fault-model both (inferred: None, ambiguous between ['random_hw', 'systematic_sw', 'both'] (this instance does not distinguish them))",exit 2,,,,,True,,False,0,,inference ambiguous: flag accepted
generator,artifact,v_nvp,fault_model,1,"--fault-model random_hw (inferred: None, ambiguous between ['random_hw', 'systematic_sw', 'both'] (this instance does not distinguish them))",exit 2,,,,,True,,False,0,,inference ambiguous: flag accepted
generator,artifact,v_nvp,fault_model,2,"--fault-model systematic_sw (inferred: None, ambiguous between ['random_hw', 'systematic_sw', 'both'] (this instance does not distinguish them))",exit 2,,,,,True,,False,0,,inference ambiguous: flag accepted
generator,artifact,v_nvp,arg_no_evidence,0,Sn1,audit,,,,,True,,True,,True,Sn1 is a Solution citing no verifier check: Independent re-check of the solution: every active copy of frontEnd is
generator,artifact,v_nvp,arg_no_evidence,2,Sn3,audit,,,,,True,,True,,True,Sn3 is a Solution citing no verifier check: Independent re-check of the solution: every active copy of frontEnd's 
generator,artifact,v_nvp,arg_no_evidence,15,Sn16,audit,,,,,True,,True,,True,Sn16 is a Solution citing no verifier check: Independent re-check of the solution: every active copy of compJah's v
generator,artifact,v_nvp,arg_no_evidence,29,Sn30,audit,,,,,True,,True,,True,Sn30 is a Solution citing no verifier check: Independent re-check of the solution: DIVERSE between backEnd and back
generator,artifact,v_nvp,arg_no_evidence,31,Sn32,audit,,,,,True,,True,,True,Sn32 is a Solution citing no verifier check: Independent re-check of the solution: the mapping- and scheduling-awar
generator,artifact,v_nvp,arg_bad_index,7,Sn8,audit,,,,,True,,True,,True,"Sn8 cites record 78, which is not a passed record of the check log"
generator,artifact,v_nvp,arg_bad_index,12,Sn13,audit,,,,,True,,True,,True,"Sn13 cites record 78, which is not a passed record of the check log"
generator,artifact,v_nvp,arg_bad_index,21,Sn22,audit,,,,,True,,True,,True,"Sn22 cites record 78, which is not a passed record of the check log"
generator,artifact,v_nvp,arg_bad_index,22,Sn23,audit,,,,,True,,True,,True,"Sn23 cites record 78, which is not a passed record of the check log"
generator,artifact,v_nvp,arg_bad_index,32,Sn33,audit,,,,,True,,True,,True,"Sn33 cites record 78, which is not a passed record of the check log"
generator,artifact,v_nvp,arg_unmarked,4,G14,audit,,,,,True,,True,,True,G14 is a leaf Goal with neither supporting evidence nor an undeveloped marker: An IEC 61508 method realising Comparison 
generator,artifact,v_nvp,arg_unmarked,7,G23,audit,,,,,True,,True,,True,G23 is a leaf Goal with neither supporting evidence nor an undeveloped marker: audspec is developed and verified to SIL 
generator,artifact,v_nvp,arg_unmarked,10,G31,audit,,,,,True,,True,,True,G31 is a leaf Goal with neither supporting evidence nor an undeveloped marker: An IEC 61508 method realising Replication
generator,artifact,v_nvp,arg_unmarked,15,G46,audit,,,,,True,,True,,True,G46 is a leaf Goal with neither supporting evidence nor an undeveloped marker: Common-cause failures of these components
generator,artifact,v_nvp,arg_unmarked,19,G54,audit,,,,,True,,True,,True,"G54 is a leaf Goal with neither supporting evidence nor an undeveloped marker: Every software component is developed, ve"
generator,artifact,v_nvp,arg_no_reason,0,G5,audit,,,,,True,,True,,True,"G5 is marked undeveloped without a reason: An IEC 61508 method realising Voting is implemented in frontEnd, and i"
generator,artifact,v_nvp,arg_no_reason,2,G9,audit,,,,,True,,True,,True,G9 is marked undeveloped without a reason: An IEC 61508 method realising Replication Redundancy is implemented in
generator,artifact,v_nvp,arg_no_reason,9,G30,audit,,,,,True,,True,,True,G30 is marked undeveloped without a reason: Common-cause failures of these components through what the placement d
generator,artifact,v_nvp,arg_no_reason,12,G36,audit,,,,,True,,True,,True,"G36 is marked undeveloped without a reason: An IEC 61508 method realising Comparison is implemented in compJah, an"
generator,artifact,v_nvp,arg_no_reason,13,G39,audit,,,,,True,,True,,True,G39 is marked undeveloped without a reason: rastaFilter is developed and verified to SIL 1 in accordance with IEC 
generator,artifact,v_nvp,arg_empty_strategy,3,S4,audit,,,,,True,,True,,True,S4 is a Strategy that develops nothing
generator,artifact,v_nvp,arg_empty_strategy,4,S5,audit,,,,,True,,True,,True,S5 is a Strategy that develops nothing
generator,artifact,v_nvp,arg_empty_strategy,9,S10,audit,,,,,True,,True,,True,S10 is a Strategy that develops nothing
generator,artifact,v_nvp,arg_empty_strategy,11,S12,audit,,,,,True,,True,,True,S12 is a Strategy that develops nothing
generator,artifact,v_nvp,arg_empty_strategy,18,S19,audit,,,,,True,,True,,True,S19 is a Strategy that develops nothing
generator,artifact,v_nvp,arg_detached,3,G16,audit,,,,,True,,True,,True,G16 is a leaf Goal with neither supporting evidence nor an undeveloped marker: Every copy of rasta is implemented at SIL
generator,artifact,v_nvp,arg_detached,4,G19,audit,,,,,True,,True,,True,G19 is a leaf Goal with neither supporting evidence nor an undeveloped marker: Every copy of powspec is implemented at S
generator,artifact,v_nvp,arg_detached,5,G22,audit,,,,,True,,True,,True,G22 is a leaf Goal with neither supporting evidence nor an undeveloped marker: Every copy of audspec is implemented at S
generator,artifact,v_nvp,arg_detached,9,G38,audit,,,,,True,,True,,True,G38 is a leaf Goal with neither supporting evidence nor an undeveloped marker: Every copy of rastaFilter is implemented 
generator,artifact,v_nvp,arg_detached,10,G41,audit,,,,,True,,True,,True,G41 is a leaf Goal with neither supporting evidence nor an undeveloped marker: Every copy of backEnd and of its checker 
generator,artifact,m_3app,control,0,verified base solution,exit 0,,,,,True,,True,0,,
generator,artifact,m_3app,catalog_mismatch,0,catalog without high_sil_isolated_checker,exit 4,,,,,True,,True,4,,
generator,artifact,m_3app,catalog_mismatch,1,catalog without low_sil_doer_checker,exit 4,,,,,True,,True,4,,
generator,artifact,m_3app,fault_model,0,"--fault-model both (inferred: random_hw, inferred from pat_allowed)",exit 2,,,,,True,,True,2,,
generator,artifact,m_3app,fault_model,1,"--fault-model systematic_sw (inferred: random_hw, inferred from pat_allowed)",exit 2,,,,,True,,True,2,,
generator,artifact,m_3app,arg_no_evidence,3,Sn4,audit,,,,,True,,True,,True,Sn4 is a Solution citing no verifier check: Independent re-check of the solution: every active copy of gx is imple
generator,artifact,m_3app,arg_no_evidence,7,Sn8,audit,,,,,True,,True,,True,Sn8 is a Solution citing no verifier check: Independent re-check of the solution: every active copy of gy's checke
generator,artifact,m_3app,arg_no_evidence,17,Sn18,audit,,,,,True,,True,,True,Sn18 is a Solution citing no verifier check: Independent re-check of the solution: every active copy of audspec is 
generator,artifact,m_3app,arg_no_evidence,18,Sn19,audit,,,,,True,,True,,True,Sn19 is a Solution citing no verifier check: Independent re-check of the solution: every active copy of compJah is 
generator,artifact,m_3app,arg_no_evidence,20,Sn21,audit,,,,,True,,True,,True,Sn21 is a Solution citing no verifier check: Independent re-check of the solution: DIFFERENT_FCR between compJah an
generator,artifact,m_3app,arg_bad_index,2,Sn3,audit,,,,,True,,True,,True,"Sn3 cites record 67, which is not a passed record of the check log"
generator,artifact,m_3app,arg_bad_index,3,Sn4,audit,,,,,True,,True,,True,"Sn4 cites record 67, which is not a passed record of the check log"
generator,artifact,m_3app,arg_bad_index,9,Sn10,audit,,,,,True,,True,,True,"Sn10 cites record 67, which is not a passed record of the check log"
generator,artifact,m_3app,arg_bad_index,16,Sn17,audit,,,,,True,,True,,True,"Sn17 cites record 67, which is not a passed record of the check log"
generator,artifact,m_3app,arg_bad_index,19,Sn20,audit,,,,,True,,True,,True,"Sn20 cites record 67, which is not a passed record of the check log"
generator,artifact,m_3app,arg_unmarked,13,G40,audit,,,,,True,,True,,True,G40 is a leaf Goal with neither supporting evidence nor an undeveloped marker: Common-cause failures of these components
generator,artifact,m_3app,arg_unmarked,17,G50,audit,,,,,True,,True,,True,G50 is a leaf Goal with neither supporting evidence nor an undeveloped marker: audspec is developed and verified to SIL 
generator,artifact,m_3app,arg_unmarked,18,G54,audit,,,,,True,,True,,True,G54 is a leaf Goal with neither supporting evidence nor an undeveloped marker: An IEC 61508 method realising Sanity Chec
generator,artifact,m_3app,arg_unmarked,21,G61,audit,,,,,True,,True,,True,G61 is a leaf Goal with neither supporting evidence nor an undeveloped marker: rastaFilter is developed and verified to 
generator,artifact,m_3app,arg_unmarked,26,G73,audit,,,,,True,,True,,True,"G73 is a leaf Goal with neither supporting evidence nor an undeveloped marker: Every software component is developed, ve"
generator,artifact,m_3app,arg_no_reason,11,G33,audit,,,,,True,,True,,True,G33 is marked undeveloped without a reason: An IEC 61508 method realising Replication Redundancy is implemented in
generator,artifact,m_3app,arg_no_reason,13,G40,audit,,,,,True,,True,,True,G40 is marked undeveloped without a reason: Common-cause failures of these components through what the placement d
generator,artifact,m_3app,arg_no_reason,17,G50,audit,,,,,True,,True,,True,G50 is marked undeveloped without a reason: audspec is developed and verified to SIL 1 in accordance with IEC 6150
generator,artifact,m_3app,arg_no_reason,19,G57,audit,,,,,True,,True,,True,G57 is marked undeveloped without a reason: Common-cause failures of these components through what the placement d
generator,artifact,m_3app,arg_no_reason,26,G73,audit,,,,,True,,True,,True,"G73 is marked undeveloped without a reason: Every software component is developed, verified and validated to its r"
generator,artifact,m_3app,arg_empty_strategy,8,S9,audit,,,,,True,,True,,True,S9 is a Strategy that develops nothing
generator,artifact,m_3app,arg_empty_strategy,12,S13,audit,,,,,True,,True,,True,S13 is a Strategy that develops nothing
generator,artifact,m_3app,arg_empty_strategy,13,S14,audit,,,,,True,,True,,True,S14 is a Strategy that develops nothing
generator,artifact,m_3app,arg_empty_strategy,18,S19,audit,,,,,True,,True,,True,S19 is a Strategy that develops nothing
generator,artifact,m_3app,arg_empty_strategy,25,S26,audit,,,,,True,,True,,True,S26 is a Strategy that develops nothing
generator,artifact,m_3app,arg_detached,4,G19,audit,,,,,True,,True,,True,G19 is a leaf Goal with neither supporting evidence nor an undeveloped marker: Every copy of gy and of its checker is im
generator,artifact,m_3app,arg_detached,9,G39,audit,,,,,True,,True,,True,"G39 is a leaf Goal with neither supporting evidence nor an undeveloped marker: In the deployed mapping, the replicated c"
generator,artifact,m_3app,arg_detached,11,G46,audit,,,,,True,,True,,True,G46 is a leaf Goal with neither supporting evidence nor an undeveloped marker: Every copy of powspec is implemented at S
generator,artifact,m_3app,arg_detached,12,G49,audit,,,,,True,,True,,True,G49 is a leaf Goal with neither supporting evidence nor an undeveloped marker: Every copy of audspec is implemented at S
generator,artifact,m_3app,arg_detached,13,G52,audit,,,,,True,,True,,True,G52 is a leaf Goal with neither supporting evidence nor an undeveloped marker: Every copy of compJah and of its checker 
