solution,dzn,safedse_ok,ext_ok,ext_kinds,ext_messages
results/tmp/e1_r_a_sobel_0.sol.json,safedse/out/r_a_sobel.dzn,True,True,,
results/tmp/e1_r_a_sobel_1.sol.json,safedse/out/r_a_sobel.dzn,True,True,,
results/tmp/e1_r_a_sobel_2.sol.json,safedse/out/r_a_sobel.dzn,True,True,,
results/tmp/e1_r_a_sobel_3.sol.json,safedse/out/r_a_sobel.dzn,True,True,,
results/tmp/e1_r_a_sobel_4.sol.json,safedse/out/r_a_sobel.dzn,True,True,,
results/tmp/e1_r_all_onestep_0.sol.json,safedse/out/r_all.dzn,True,True,,
results/tmp/e1_r_all_onestep_1.sol.json,safedse/out/r_all.dzn,True,True,,
results/tmp/e1_r_all_onestep_2.sol.json,safedse/out/r_all.dzn,True,True,,
results/tmp/e1_r_all_onestep_3.sol.json,safedse/out/r_all.dzn,True,True,,
results/tmp/e1_r_all_onestep_4.sol.json,safedse/out/r_all.dzn,True,True,,
results/tmp/e1_r_all_twostep_0.sol.json,safedse/out/r_all.dzn,True,True,,
results/tmp/e1_r_all_twostep_1.sol.json,safedse/out/r_all.dzn,True,True,,
results/tmp/e1_r_all_twostep_2.sol.json,safedse/out/r_all.dzn,True,True,,
results/tmp/e1_r_all_twostep_3.sol.json,safedse/out/r_all.dzn,True,True,,
results/tmp/e1_r_all_twostep_4.sol.json,safedse/out/r_all.dzn,True,True,,
results/tmp/e1_r_b_susan_0.sol.json,safedse/out/r_b_susan.dzn,True,True,,
results/tmp/e1_r_b_susan_1.sol.json,safedse/out/r_b_susan.dzn,True,True,,
results/tmp/e1_r_b_susan_2.sol.json,safedse/out/r_b_susan.dzn,True,True,,
results/tmp/e1_r_b_susan_3.sol.json,safedse/out/r_b_susan.dzn,True,True,,
results/tmp/e1_r_b_susan_4.sol.json,safedse/out/r_b_susan.dzn,True,True,,
results/tmp/e1_r_c_rasta_0.sol.json,safedse/out/r_c_rasta.dzn,True,True,,
results/tmp/e1_r_c_rasta_1.sol.json,safedse/out/r_c_rasta.dzn,True,True,,
results/tmp/e1_r_c_rasta_2.sol.json,safedse/out/r_c_rasta.dzn,True,True,,
results/tmp/e1_r_c_rasta_3.sol.json,safedse/out/r_c_rasta.dzn,True,True,,
results/tmp/e1_r_c_rasta_4.sol.json,safedse/out/r_c_rasta.dzn,True,True,,
results/tmp/e2_c_pat_NP.sol.json,results/tmp/e2/c_pat_nopromo.dzn,True,True,,
results/tmp/e2_c_pat_PFcheap.sol.json,results/tmp/e2/c_pat.dzn,True,True,,
results/tmp/e2_c_pat_PFlight.sol.json,results/tmp/e2/c_pat.dzn,True,True,,
results/tmp/e2_c_pat_PFmax.sol.json,results/tmp/e2/c_pat.dzn,True,True,,
results/tmp/e2_c_pat_PFmin.sol.json,results/tmp/e2/c_pat.dzn,True,True,,
results/tmp/e2_c_pat_SL.sol.json,results/tmp/e2/c_pat.dzn,True,True,,
results/tmp/e2_c_pat_SL_step1.sol.json,results/tmp/e2/c_pat_nopat.dzn,True,True,,
results/tmp/e2_c_pat_joint.sol.json,results/tmp/e2/c_pat.dzn,True,True,,
results/tmp/e2_d_random_hw_NP.sol.json,results/tmp/e2/d_random_hw_nopromo.dzn,True,True,,
results/tmp/e2_d_random_hw_PFcheap.sol.json,results/tmp/e2/d_random_hw.dzn,True,True,,
results/tmp/e2_d_random_hw_PFlight.sol.json,results/tmp/e2/d_random_hw.dzn,True,True,,
results/tmp/e2_d_random_hw_PFmax.sol.json,results/tmp/e2/d_random_hw.dzn,True,True,,
results/tmp/e2_d_random_hw_PFmin.sol.json,results/tmp/e2/d_random_hw.dzn,True,True,,
results/tmp/e2_d_random_hw_SL.sol.json,results/tmp/e2/d_random_hw.dzn,True,True,,
results/tmp/e2_d_random_hw_SL_step1.sol.json,results/tmp/e2/d_random_hw_nopat.dzn,True,True,,
results/tmp/e2_d_random_hw_joint.sol.json,results/tmp/e2/d_random_hw.dzn,True,True,,
results/tmp/e2_d_systematic_sw_NP.sol.json,results/tmp/e2/d_systematic_sw_nopromo.dzn,True,True,,
results/tmp/e2_d_systematic_sw_PFcheap.sol.json,results/tmp/e2/d_systematic_sw.dzn,True,True,,
results/tmp/e2_d_systematic_sw_PFlight.sol.json,results/tmp/e2/d_systematic_sw.dzn,True,True,,
results/tmp/e2_d_systematic_sw_PFmax.sol.json,results/tmp/e2/d_systematic_sw.dzn,True,True,,
results/tmp/e2_d_systematic_sw_PFmin.sol.json,results/tmp/e2/d_systematic_sw.dzn,True,True,,
results/tmp/e2_d_systematic_sw_SL.sol.json,results/tmp/e2/d_systematic_sw.dzn,True,True,,
results/tmp/e2_d_systematic_sw_SL_step1.sol.json,results/tmp/e2/d_systematic_sw_nopat.dzn,True,True,,
results/tmp/e2_d_systematic_sw_joint.sol.json,results/tmp/e2/d_systematic_sw.dzn,True,True,,
results/tmp/e2_f_both3_NP.sol.json,results/tmp/e2/f_both3_nopromo.dzn,True,True,,
results/tmp/e2_f_both3_PFcheap.sol.json,results/tmp/e2/f_both3.dzn,True,True,,
results/tmp/e2_f_both3_PFlight.sol.json,results/tmp/e2/f_both3.dzn,True,True,,
results/tmp/e2_f_both3_PFmax.sol.json,results/tmp/e2/f_both3.dzn,True,True,,
results/tmp/e2_f_both3_PFmin.sol.json,results/tmp/e2/f_both3.dzn,True,True,,
results/tmp/e2_f_both3_SL.sol.json,results/tmp/e2/f_both3.dzn,True,True,,
results/tmp/e2_f_both3_SL_step1.sol.json,results/tmp/e2/f_both3_nopat.dzn,True,True,,
results/tmp/e2_f_both3_joint.sol.json,results/tmp/e2/f_both3.dzn,True,True,,
results/tmp/e2_f_random_hw_NP.sol.json,results/tmp/e2/f_random_hw_nopromo.dzn,True,True,,
results/tmp/e2_f_random_hw_PFcheap.sol.json,results/tmp/e2/f_random_hw.dzn,True,True,,
results/tmp/e2_f_random_hw_PFlight.sol.json,results/tmp/e2/f_random_hw.dzn,True,True,,
results/tmp/e2_f_random_hw_PFmax.sol.json,results/tmp/e2/f_random_hw.dzn,True,True,,
results/tmp/e2_f_random_hw_PFmin.sol.json,results/tmp/e2/f_random_hw.dzn,True,True,,
results/tmp/e2_f_random_hw_SL.sol.json,results/tmp/e2/f_random_hw.dzn,True,True,,
results/tmp/e2_f_random_hw_SL_step1.sol.json,results/tmp/e2/f_random_hw_nopat.dzn,True,True,,
results/tmp/e2_f_random_hw_joint.sol.json,results/tmp/e2/f_random_hw.dzn,True,True,,
results/tmp/e2_f_sw3_NP.sol.json,results/tmp/e2/f_sw3_nopromo.dzn,True,True,,
results/tmp/e2_f_sw3_PFcheap.sol.json,results/tmp/e2/f_sw3.dzn,True,True,,
results/tmp/e2_f_sw3_PFlight.sol.json,results/tmp/e2/f_sw3.dzn,True,True,,
results/tmp/e2_f_sw3_PFmax.sol.json,results/tmp/e2/f_sw3.dzn,True,True,,
results/tmp/e2_f_sw3_PFmin.sol.json,results/tmp/e2/f_sw3.dzn,True,True,,
results/tmp/e2_f_sw3_SL.sol.json,results/tmp/e2/f_sw3.dzn,True,True,,
results/tmp/e2_f_sw3_SL_step1.sol.json,results/tmp/e2/f_sw3_nopat.dzn,True,True,,
results/tmp/e2_f_sw3_joint.sol.json,results/tmp/e2/f_sw3.dzn,True,True,,
results/tmp/e2_p_rasta_NP.sol.json,results/tmp/e2/p_rasta_nopromo.dzn,True,True,,
results/tmp/e2_p_rasta_PFcheap.sol.json,results/tmp/e2/p_rasta.dzn,True,True,,
results/tmp/e2_p_rasta_PFlight.sol.json,results/tmp/e2/p_rasta.dzn,True,True,,
results/tmp/e2_p_rasta_PFmax.sol.json,results/tmp/e2/p_rasta.dzn,True,True,,
results/tmp/e2_p_rasta_PFmin.sol.json,results/tmp/e2/p_rasta.dzn,True,True,,
results/tmp/e2_p_rasta_SL.sol.json,results/tmp/e2/p_rasta.dzn,True,True,,
results/tmp/e2_p_rasta_SL_step1.sol.json,results/tmp/e2/p_rasta_nopat.dzn,True,True,,
results/tmp/e2_p_rasta_joint.sol.json,results/tmp/e2/p_rasta.dzn,True,True,,
results/tmp/e2_pc_sobel_NP.sol.json,results/tmp/e2/pc_sobel_nopromo.dzn,True,True,,
results/tmp/e2_pc_sobel_PFcheap.sol.json,results/tmp/e2/pc_sobel_loose.dzn,True,True,,
results/tmp/e2_pc_sobel_PFlight.sol.json,results/tmp/e2/pc_sobel_loose.dzn,True,True,,
results/tmp/e2_pc_sobel_PFmax.sol.json,results/tmp/e2/pc_sobel_loose.dzn,True,True,,
results/tmp/e2_pc_sobel_PFmin.sol.json,results/tmp/e2/pc_sobel_loose.dzn,True,True,,
results/tmp/e2_pc_sobel_SL.sol.json,results/tmp/e2/pc_sobel_loose.dzn,True,True,,
results/tmp/e2_pc_sobel_SL_step1.sol.json,results/tmp/e2/pc_sobel_nopat.dzn,True,True,,
results/tmp/e2_pc_sobel_joint.sol.json,results/tmp/e2/pc_sobel_loose.dzn,True,True,,
results/tmp/e2_v_nvp_NP.sol.json,results/tmp/e2/v_nvp_nopromo.dzn,True,True,,
results/tmp/e2_v_nvp_PFcheap.sol.json,results/tmp/e2/v_nvp.dzn,True,True,,
results/tmp/e2_v_nvp_PFlight.sol.json,results/tmp/e2/v_nvp.dzn,True,True,,
results/tmp/e2_v_nvp_PFmax.sol.json,results/tmp/e2/v_nvp.dzn,True,True,,
results/tmp/e2_v_nvp_PFmin.sol.json,results/tmp/e2/v_nvp.dzn,True,True,,
results/tmp/e2_v_nvp_SL.sol.json,results/tmp/e2/v_nvp.dzn,True,True,,
results/tmp/e2_v_nvp_SL_step1.sol.json,results/tmp/e2/v_nvp_nopat.dzn,True,True,,
results/tmp/e2_v_nvp_joint.sol.json,results/tmp/e2/v_nvp.dzn,True,True,,
results/tmp/e2r_c_pat_1.00_1.sol.json,results/tmp/e2/c_pat_t1.00_loose.dzn,True,True,,
results/tmp/e2r_c_pat_1.00_2.sol.json,results/tmp/e2/c_pat_t1.00_loose.dzn,True,True,,
results/tmp/e2r_c_pat_1.00_3.sol.json,results/tmp/e2/c_pat_t1.00_loose.dzn,True,True,,
results/tmp/e2r_c_pat_1.00_4.sol.json,results/tmp/e2/c_pat_t1.00_loose.dzn,True,True,,
results/tmp/e2r_c_pat_1.00_5.sol.json,results/tmp/e2/c_pat_t1.00_loose.dzn,True,True,,
results/tmp/e2r_c_pat_1.10_1.sol.json,results/tmp/e2/c_pat_t1.10_loose.dzn,True,True,,
results/tmp/e2r_c_pat_1.10_2.sol.json,results/tmp/e2/c_pat_t1.10_loose.dzn,True,True,,
results/tmp/e2r_c_pat_1.10_3.sol.json,results/tmp/e2/c_pat_t1.10_loose.dzn,True,True,,
results/tmp/e2r_c_pat_1.10_4.sol.json,results/tmp/e2/c_pat_t1.10_loose.dzn,True,True,,
results/tmp/e2r_c_pat_1.10_5.sol.json,results/tmp/e2/c_pat_t1.10_loose.dzn,True,True,,
results/tmp/e2r_c_pat_1.25_1.sol.json,results/tmp/e2/c_pat_t1.25_loose.dzn,True,True,,
results/tmp/e2r_c_pat_1.25_2.sol.json,results/tmp/e2/c_pat_t1.25_loose.dzn,True,True,,
results/tmp/e2r_c_pat_1.25_3.sol.json,results/tmp/e2/c_pat_t1.25_loose.dzn,True,True,,
results/tmp/e2r_c_pat_1.25_4.sol.json,results/tmp/e2/c_pat_t1.25_loose.dzn,True,True,,
results/tmp/e2r_c_pat_1.25_5.sol.json,results/tmp/e2/c_pat_t1.25_loose.dzn,True,True,,
results/tmp/e2r_c_pat_1.50_1.sol.json,results/tmp/e2/c_pat_t1.50_loose.dzn,True,True,,
results/tmp/e2r_c_pat_1.50_2.sol.json,results/tmp/e2/c_pat_t1.50_loose.dzn,True,True,,
results/tmp/e2r_c_pat_1.50_3.sol.json,results/tmp/e2/c_pat_t1.50_loose.dzn,True,True,,
results/tmp/e2r_c_pat_1.50_4.sol.json,results/tmp/e2/c_pat_t1.50_loose.dzn,True,True,,
results/tmp/e2r_c_pat_1.50_5.sol.json,results/tmp/e2/c_pat_t1.50_loose.dzn,True,True,,
results/tmp/e2r_c_pat_2.00_1.sol.json,results/tmp/e2/c_pat_t2.00_loose.dzn,True,True,,
results/tmp/e2r_c_pat_2.00_2.sol.json,results/tmp/e2/c_pat_t2.00_loose.dzn,True,True,,
results/tmp/e2r_c_pat_2.00_3.sol.json,results/tmp/e2/c_pat_t2.00_loose.dzn,True,True,,
results/tmp/e2r_c_pat_2.00_4.sol.json,results/tmp/e2/c_pat_t2.00_loose.dzn,True,True,,
results/tmp/e2r_c_pat_2.00_5.sol.json,results/tmp/e2/c_pat_t2.00_loose.dzn,True,True,,
results/tmp/e2r_c_pat_none_1.sol.json,results/tmp/e2/c_pat.dzn,True,True,,
results/tmp/e2r_c_pat_none_2.sol.json,results/tmp/e2/c_pat.dzn,True,True,,
results/tmp/e2r_c_pat_none_3.sol.json,results/tmp/e2/c_pat.dzn,True,True,,
results/tmp/e2r_c_pat_none_4.sol.json,results/tmp/e2/c_pat.dzn,True,True,,
results/tmp/e2r_c_pat_none_5.sol.json,results/tmp/e2/c_pat.dzn,True,True,,
results/tmp/e2r_d_random_hw_1.00_1.sol.json,results/tmp/e2/d_random_hw_t1.00_loose.dzn,True,True,,
results/tmp/e2r_d_random_hw_1.00_2.sol.json,results/tmp/e2/d_random_hw_t1.00_loose.dzn,True,True,,
results/tmp/e2r_d_random_hw_1.00_3.sol.json,results/tmp/e2/d_random_hw_t1.00_loose.dzn,True,True,,
results/tmp/e2r_d_random_hw_1.00_4.sol.json,results/tmp/e2/d_random_hw_t1.00_loose.dzn,True,True,,
results/tmp/e2r_d_random_hw_1.00_5.sol.json,results/tmp/e2/d_random_hw_t1.00_loose.dzn,True,True,,
results/tmp/e2r_d_random_hw_1.10_1.sol.json,results/tmp/e2/d_random_hw_t1.10_loose.dzn,True,True,,
results/tmp/e2r_d_random_hw_1.10_2.sol.json,results/tmp/e2/d_random_hw_t1.10_loose.dzn,True,True,,
results/tmp/e2r_d_random_hw_1.10_3.sol.json,results/tmp/e2/d_random_hw_t1.10_loose.dzn,True,True,,
results/tmp/e2r_d_random_hw_1.10_4.sol.json,results/tmp/e2/d_random_hw_t1.10_loose.dzn,True,True,,
results/tmp/e2r_d_random_hw_1.10_5.sol.json,results/tmp/e2/d_random_hw_t1.10_loose.dzn,True,True,,
results/tmp/e2r_d_random_hw_1.25_1.sol.json,results/tmp/e2/d_random_hw_t1.25_loose.dzn,True,True,,
results/tmp/e2r_d_random_hw_1.25_2.sol.json,results/tmp/e2/d_random_hw_t1.25_loose.dzn,True,True,,
results/tmp/e2r_d_random_hw_1.25_3.sol.json,results/tmp/e2/d_random_hw_t1.25_loose.dzn,True,True,,
results/tmp/e2r_d_random_hw_1.25_4.sol.json,results/tmp/e2/d_random_hw_t1.25_loose.dzn,True,True,,
results/tmp/e2r_d_random_hw_1.25_5.sol.json,results/tmp/e2/d_random_hw_t1.25_loose.dzn,True,True,,
results/tmp/e2r_d_random_hw_1.50_1.sol.json,results/tmp/e2/d_random_hw_t1.50_loose.dzn,True,True,,
results/tmp/e2r_d_random_hw_1.50_2.sol.json,results/tmp/e2/d_random_hw_t1.50_loose.dzn,True,True,,
results/tmp/e2r_d_random_hw_1.50_3.sol.json,results/tmp/e2/d_random_hw_t1.50_loose.dzn,True,True,,
results/tmp/e2r_d_random_hw_1.50_4.sol.json,results/tmp/e2/d_random_hw_t1.50_loose.dzn,True,True,,
results/tmp/e2r_d_random_hw_1.50_5.sol.json,results/tmp/e2/d_random_hw_t1.50_loose.dzn,True,True,,
results/tmp/e2r_d_random_hw_2.00_1.sol.json,results/tmp/e2/d_random_hw_t2.00_loose.dzn,True,True,,
results/tmp/e2r_d_random_hw_2.00_2.sol.json,results/tmp/e2/d_random_hw_t2.00_loose.dzn,True,True,,
results/tmp/e2r_d_random_hw_2.00_3.sol.json,results/tmp/e2/d_random_hw_t2.00_loose.dzn,True,True,,
results/tmp/e2r_d_random_hw_2.00_4.sol.json,results/tmp/e2/d_random_hw_t2.00_loose.dzn,True,True,,
results/tmp/e2r_d_random_hw_2.00_5.sol.json,results/tmp/e2/d_random_hw_t2.00_loose.dzn,True,True,,
results/tmp/e2r_d_random_hw_none_1.sol.json,results/tmp/e2/d_random_hw.dzn,True,True,,
results/tmp/e2r_d_random_hw_none_2.sol.json,results/tmp/e2/d_random_hw.dzn,True,True,,
results/tmp/e2r_d_random_hw_none_3.sol.json,results/tmp/e2/d_random_hw.dzn,True,True,,
results/tmp/e2r_d_random_hw_none_4.sol.json,results/tmp/e2/d_random_hw.dzn,True,True,,
results/tmp/e2r_d_random_hw_none_5.sol.json,results/tmp/e2/d_random_hw.dzn,True,True,,
results/tmp/e2r_d_systematic_sw_1.00_1.sol.json,results/tmp/e2/d_systematic_sw_t1.00_loose.dzn,True,True,,
results/tmp/e2r_d_systematic_sw_1.00_2.sol.json,results/tmp/e2/d_systematic_sw_t1.00_loose.dzn,True,True,,
results/tmp/e2r_d_systematic_sw_1.00_3.sol.json,results/tmp/e2/d_systematic_sw_t1.00_loose.dzn,True,True,,
results/tmp/e2r_d_systematic_sw_1.00_4.sol.json,results/tmp/e2/d_systematic_sw_t1.00_loose.dzn,True,True,,
results/tmp/e2r_d_systematic_sw_1.00_5.sol.json,results/tmp/e2/d_systematic_sw_t1.00_loose.dzn,True,True,,
results/tmp/e2r_d_systematic_sw_1.10_1.sol.json,results/tmp/e2/d_systematic_sw_t1.10_loose.dzn,True,True,,
results/tmp/e2r_d_systematic_sw_1.10_2.sol.json,results/tmp/e2/d_systematic_sw_t1.10_loose.dzn,True,True,,
results/tmp/e2r_d_systematic_sw_1.10_3.sol.json,results/tmp/e2/d_systematic_sw_t1.10_loose.dzn,True,True,,
results/tmp/e2r_d_systematic_sw_1.10_4.sol.json,results/tmp/e2/d_systematic_sw_t1.10_loose.dzn,True,True,,
results/tmp/e2r_d_systematic_sw_1.10_5.sol.json,results/tmp/e2/d_systematic_sw_t1.10_loose.dzn,True,True,,
results/tmp/e2r_d_systematic_sw_1.25_1.sol.json,results/tmp/e2/d_systematic_sw_t1.25_loose.dzn,True,True,,
results/tmp/e2r_d_systematic_sw_1.25_2.sol.json,results/tmp/e2/d_systematic_sw_t1.25_loose.dzn,True,True,,
results/tmp/e2r_d_systematic_sw_1.25_3.sol.json,results/tmp/e2/d_systematic_sw_t1.25_loose.dzn,True,True,,
results/tmp/e2r_d_systematic_sw_1.25_4.sol.json,results/tmp/e2/d_systematic_sw_t1.25_loose.dzn,True,True,,
results/tmp/e2r_d_systematic_sw_1.25_5.sol.json,results/tmp/e2/d_systematic_sw_t1.25_loose.dzn,True,True,,
results/tmp/e2r_d_systematic_sw_1.50_1.sol.json,results/tmp/e2/d_systematic_sw_t1.50_loose.dzn,True,True,,
results/tmp/e2r_d_systematic_sw_1.50_2.sol.json,results/tmp/e2/d_systematic_sw_t1.50_loose.dzn,True,True,,
results/tmp/e2r_d_systematic_sw_1.50_3.sol.json,results/tmp/e2/d_systematic_sw_t1.50_loose.dzn,True,True,,
results/tmp/e2r_d_systematic_sw_1.50_4.sol.json,results/tmp/e2/d_systematic_sw_t1.50_loose.dzn,True,True,,
results/tmp/e2r_d_systematic_sw_1.50_5.sol.json,results/tmp/e2/d_systematic_sw_t1.50_loose.dzn,True,True,,
results/tmp/e2r_d_systematic_sw_2.00_1.sol.json,results/tmp/e2/d_systematic_sw_t2.00_loose.dzn,True,True,,
results/tmp/e2r_d_systematic_sw_2.00_2.sol.json,results/tmp/e2/d_systematic_sw_t2.00_loose.dzn,True,True,,
results/tmp/e2r_d_systematic_sw_2.00_3.sol.json,results/tmp/e2/d_systematic_sw_t2.00_loose.dzn,True,True,,
results/tmp/e2r_d_systematic_sw_2.00_4.sol.json,results/tmp/e2/d_systematic_sw_t2.00_loose.dzn,True,True,,
results/tmp/e2r_d_systematic_sw_2.00_5.sol.json,results/tmp/e2/d_systematic_sw_t2.00_loose.dzn,True,True,,
results/tmp/e2r_d_systematic_sw_none_1.sol.json,results/tmp/e2/d_systematic_sw.dzn,True,True,,
results/tmp/e2r_d_systematic_sw_none_2.sol.json,results/tmp/e2/d_systematic_sw.dzn,True,True,,
results/tmp/e2r_d_systematic_sw_none_3.sol.json,results/tmp/e2/d_systematic_sw.dzn,True,True,,
results/tmp/e2r_d_systematic_sw_none_4.sol.json,results/tmp/e2/d_systematic_sw.dzn,True,True,,
results/tmp/e2r_d_systematic_sw_none_5.sol.json,results/tmp/e2/d_systematic_sw.dzn,True,True,,
results/tmp/e2r_f_both3_1.00_1.sol.json,results/tmp/e2/f_both3_t1.00_loose.dzn,True,True,,
results/tmp/e2r_f_both3_1.00_2.sol.json,results/tmp/e2/f_both3_t1.00_loose.dzn,True,True,,
results/tmp/e2r_f_both3_1.00_3.sol.json,results/tmp/e2/f_both3_t1.00_loose.dzn,True,True,,
results/tmp/e2r_f_both3_1.00_4.sol.json,results/tmp/e2/f_both3_t1.00_loose.dzn,True,True,,
results/tmp/e2r_f_both3_1.00_5.sol.json,results/tmp/e2/f_both3_t1.00_loose.dzn,True,True,,
results/tmp/e2r_f_both3_1.10_1.sol.json,results/tmp/e2/f_both3_t1.10_loose.dzn,True,True,,
results/tmp/e2r_f_both3_1.10_2.sol.json,results/tmp/e2/f_both3_t1.10_loose.dzn,True,True,,
results/tmp/e2r_f_both3_1.10_3.sol.json,results/tmp/e2/f_both3_t1.10_loose.dzn,True,True,,
results/tmp/e2r_f_both3_1.10_4.sol.json,results/tmp/e2/f_both3_t1.10_loose.dzn,True,True,,
results/tmp/e2r_f_both3_1.10_5.sol.json,results/tmp/e2/f_both3_t1.10_loose.dzn,True,True,,
results/tmp/e2r_f_both3_1.25_1.sol.json,results/tmp/e2/f_both3_t1.25_loose.dzn,True,True,,
results/tmp/e2r_f_both3_1.25_2.sol.json,results/tmp/e2/f_both3_t1.25_loose.dzn,True,True,,
results/tmp/e2r_f_both3_1.25_3.sol.json,results/tmp/e2/f_both3_t1.25_loose.dzn,True,True,,
results/tmp/e2r_f_both3_1.25_4.sol.json,results/tmp/e2/f_both3_t1.25_loose.dzn,True,True,,
results/tmp/e2r_f_both3_1.25_5.sol.json,results/tmp/e2/f_both3_t1.25_loose.dzn,True,True,,
results/tmp/e2r_f_both3_1.50_1.sol.json,results/tmp/e2/f_both3_t1.50_loose.dzn,True,True,,
results/tmp/e2r_f_both3_1.50_2.sol.json,results/tmp/e2/f_both3_t1.50_loose.dzn,True,True,,
results/tmp/e2r_f_both3_1.50_3.sol.json,results/tmp/e2/f_both3_t1.50_loose.dzn,True,True,,
results/tmp/e2r_f_both3_1.50_4.sol.json,results/tmp/e2/f_both3_t1.50_loose.dzn,True,True,,
results/tmp/e2r_f_both3_1.50_5.sol.json,results/tmp/e2/f_both3_t1.50_loose.dzn,True,True,,
results/tmp/e2r_f_both3_2.00_1.sol.json,results/tmp/e2/f_both3_t2.00_loose.dzn,True,True,,
results/tmp/e2r_f_both3_2.00_2.sol.json,results/tmp/e2/f_both3_t2.00_loose.dzn,True,True,,
results/tmp/e2r_f_both3_2.00_3.sol.json,results/tmp/e2/f_both3_t2.00_loose.dzn,True,True,,
results/tmp/e2r_f_both3_2.00_4.sol.json,results/tmp/e2/f_both3_t2.00_loose.dzn,True,True,,
results/tmp/e2r_f_both3_2.00_5.sol.json,results/tmp/e2/f_both3_t2.00_loose.dzn,True,True,,
results/tmp/e2r_f_both3_none_1.sol.json,results/tmp/e2/f_both3.dzn,True,True,,
results/tmp/e2r_f_both3_none_2.sol.json,results/tmp/e2/f_both3.dzn,True,True,,
results/tmp/e2r_f_both3_none_3.sol.json,results/tmp/e2/f_both3.dzn,True,True,,
results/tmp/e2r_f_both3_none_4.sol.json,results/tmp/e2/f_both3.dzn,True,True,,
results/tmp/e2r_f_both3_none_5.sol.json,results/tmp/e2/f_both3.dzn,True,True,,
results/tmp/e2r_f_random_hw_1.00_1.sol.json,results/tmp/e2/f_random_hw_t1.00_loose.dzn,True,True,,
results/tmp/e2r_f_random_hw_1.00_2.sol.json,results/tmp/e2/f_random_hw_t1.00_loose.dzn,True,True,,
results/tmp/e2r_f_random_hw_1.00_3.sol.json,results/tmp/e2/f_random_hw_t1.00_loose.dzn,True,True,,
results/tmp/e2r_f_random_hw_1.00_4.sol.json,results/tmp/e2/f_random_hw_t1.00_loose.dzn,True,True,,
results/tmp/e2r_f_random_hw_1.00_5.sol.json,results/tmp/e2/f_random_hw_t1.00_loose.dzn,True,True,,
results/tmp/e2r_f_random_hw_1.10_1.sol.json,results/tmp/e2/f_random_hw_t1.10_loose.dzn,True,True,,
results/tmp/e2r_f_random_hw_1.10_2.sol.json,results/tmp/e2/f_random_hw_t1.10_loose.dzn,True,True,,
results/tmp/e2r_f_random_hw_1.10_3.sol.json,results/tmp/e2/f_random_hw_t1.10_loose.dzn,True,True,,
results/tmp/e2r_f_random_hw_1.10_4.sol.json,results/tmp/e2/f_random_hw_t1.10_loose.dzn,True,True,,
results/tmp/e2r_f_random_hw_1.10_5.sol.json,results/tmp/e2/f_random_hw_t1.10_loose.dzn,True,True,,
results/tmp/e2r_f_random_hw_1.25_1.sol.json,results/tmp/e2/f_random_hw_t1.25_loose.dzn,True,True,,
results/tmp/e2r_f_random_hw_1.25_2.sol.json,results/tmp/e2/f_random_hw_t1.25_loose.dzn,True,True,,
results/tmp/e2r_f_random_hw_1.25_3.sol.json,results/tmp/e2/f_random_hw_t1.25_loose.dzn,True,True,,
results/tmp/e2r_f_random_hw_1.25_4.sol.json,results/tmp/e2/f_random_hw_t1.25_loose.dzn,True,True,,
results/tmp/e2r_f_random_hw_1.25_5.sol.json,results/tmp/e2/f_random_hw_t1.25_loose.dzn,True,True,,
results/tmp/e2r_f_random_hw_1.50_1.sol.json,results/tmp/e2/f_random_hw_t1.50_loose.dzn,True,True,,
results/tmp/e2r_f_random_hw_1.50_2.sol.json,results/tmp/e2/f_random_hw_t1.50_loose.dzn,True,True,,
results/tmp/e2r_f_random_hw_1.50_3.sol.json,results/tmp/e2/f_random_hw_t1.50_loose.dzn,True,True,,
results/tmp/e2r_f_random_hw_1.50_4.sol.json,results/tmp/e2/f_random_hw_t1.50_loose.dzn,True,True,,
results/tmp/e2r_f_random_hw_1.50_5.sol.json,results/tmp/e2/f_random_hw_t1.50_loose.dzn,True,True,,
results/tmp/e2r_f_random_hw_2.00_1.sol.json,results/tmp/e2/f_random_hw_t2.00_loose.dzn,True,True,,
results/tmp/e2r_f_random_hw_2.00_2.sol.json,results/tmp/e2/f_random_hw_t2.00_loose.dzn,True,True,,
results/tmp/e2r_f_random_hw_2.00_3.sol.json,results/tmp/e2/f_random_hw_t2.00_loose.dzn,True,True,,
results/tmp/e2r_f_random_hw_2.00_4.sol.json,results/tmp/e2/f_random_hw_t2.00_loose.dzn,True,True,,
results/tmp/e2r_f_random_hw_2.00_5.sol.json,results/tmp/e2/f_random_hw_t2.00_loose.dzn,True,True,,
results/tmp/e2r_f_random_hw_none_1.sol.json,results/tmp/e2/f_random_hw.dzn,True,True,,
results/tmp/e2r_f_random_hw_none_2.sol.json,results/tmp/e2/f_random_hw.dzn,True,True,,
results/tmp/e2r_f_random_hw_none_3.sol.json,results/tmp/e2/f_random_hw.dzn,True,True,,
results/tmp/e2r_f_random_hw_none_4.sol.json,results/tmp/e2/f_random_hw.dzn,True,True,,
results/tmp/e2r_f_random_hw_none_5.sol.json,results/tmp/e2/f_random_hw.dzn,True,True,,
results/tmp/e2r_f_sw3_1.00_1.sol.json,results/tmp/e2/f_sw3_t1.00_loose.dzn,True,True,,
results/tmp/e2r_f_sw3_1.00_2.sol.json,results/tmp/e2/f_sw3_t1.00_loose.dzn,True,True,,
results/tmp/e2r_f_sw3_1.00_3.sol.json,results/tmp/e2/f_sw3_t1.00_loose.dzn,True,True,,
results/tmp/e2r_f_sw3_1.00_4.sol.json,results/tmp/e2/f_sw3_t1.00_loose.dzn,True,True,,
results/tmp/e2r_f_sw3_1.00_5.sol.json,results/tmp/e2/f_sw3_t1.00_loose.dzn,True,True,,
results/tmp/e2r_f_sw3_1.10_1.sol.json,results/tmp/e2/f_sw3_t1.10_loose.dzn,True,True,,
results/tmp/e2r_f_sw3_1.10_2.sol.json,results/tmp/e2/f_sw3_t1.10_loose.dzn,True,True,,
results/tmp/e2r_f_sw3_1.10_3.sol.json,results/tmp/e2/f_sw3_t1.10_loose.dzn,True,True,,
results/tmp/e2r_f_sw3_1.10_4.sol.json,results/tmp/e2/f_sw3_t1.10_loose.dzn,True,True,,
results/tmp/e2r_f_sw3_1.10_5.sol.json,results/tmp/e2/f_sw3_t1.10_loose.dzn,True,True,,
results/tmp/e2r_f_sw3_1.25_1.sol.json,results/tmp/e2/f_sw3_t1.25_loose.dzn,True,True,,
results/tmp/e2r_f_sw3_1.25_2.sol.json,results/tmp/e2/f_sw3_t1.25_loose.dzn,True,True,,
results/tmp/e2r_f_sw3_1.25_3.sol.json,results/tmp/e2/f_sw3_t1.25_loose.dzn,True,True,,
results/tmp/e2r_f_sw3_1.25_4.sol.json,results/tmp/e2/f_sw3_t1.25_loose.dzn,True,True,,
results/tmp/e2r_f_sw3_1.25_5.sol.json,results/tmp/e2/f_sw3_t1.25_loose.dzn,True,True,,
results/tmp/e2r_f_sw3_1.50_1.sol.json,results/tmp/e2/f_sw3_t1.50_loose.dzn,True,True,,
results/tmp/e2r_f_sw3_1.50_2.sol.json,results/tmp/e2/f_sw3_t1.50_loose.dzn,True,True,,
results/tmp/e2r_f_sw3_1.50_3.sol.json,results/tmp/e2/f_sw3_t1.50_loose.dzn,True,True,,
results/tmp/e2r_f_sw3_1.50_4.sol.json,results/tmp/e2/f_sw3_t1.50_loose.dzn,True,True,,
results/tmp/e2r_f_sw3_1.50_5.sol.json,results/tmp/e2/f_sw3_t1.50_loose.dzn,True,True,,
results/tmp/e2r_f_sw3_2.00_1.sol.json,results/tmp/e2/f_sw3_t2.00_loose.dzn,True,True,,
results/tmp/e2r_f_sw3_2.00_2.sol.json,results/tmp/e2/f_sw3_t2.00_loose.dzn,True,True,,
results/tmp/e2r_f_sw3_2.00_3.sol.json,results/tmp/e2/f_sw3_t2.00_loose.dzn,True,True,,
results/tmp/e2r_f_sw3_2.00_4.sol.json,results/tmp/e2/f_sw3_t2.00_loose.dzn,True,True,,
results/tmp/e2r_f_sw3_2.00_5.sol.json,results/tmp/e2/f_sw3_t2.00_loose.dzn,True,True,,
results/tmp/e2r_f_sw3_none_1.sol.json,results/tmp/e2/f_sw3.dzn,True,True,,
results/tmp/e2r_f_sw3_none_2.sol.json,results/tmp/e2/f_sw3.dzn,True,True,,
results/tmp/e2r_f_sw3_none_3.sol.json,results/tmp/e2/f_sw3.dzn,True,True,,
results/tmp/e2r_f_sw3_none_4.sol.json,results/tmp/e2/f_sw3.dzn,True,True,,
results/tmp/e2r_f_sw3_none_5.sol.json,results/tmp/e2/f_sw3.dzn,True,True,,
results/tmp/e2r_p_rasta_1.00_1.sol.json,results/tmp/e2/p_rasta_t1.00_loose.dzn,True,True,,
results/tmp/e2r_p_rasta_1.00_2.sol.json,results/tmp/e2/p_rasta_t1.00_loose.dzn,True,True,,
results/tmp/e2r_p_rasta_1.00_3.sol.json,results/tmp/e2/p_rasta_t1.00_loose.dzn,True,True,,
results/tmp/e2r_p_rasta_1.00_4.sol.json,results/tmp/e2/p_rasta_t1.00_loose.dzn,True,True,,
results/tmp/e2r_p_rasta_1.00_5.sol.json,results/tmp/e2/p_rasta_t1.00_loose.dzn,True,True,,
results/tmp/e2r_p_rasta_1.10_1.sol.json,results/tmp/e2/p_rasta_t1.10_loose.dzn,True,True,,
results/tmp/e2r_p_rasta_1.10_2.sol.json,results/tmp/e2/p_rasta_t1.10_loose.dzn,True,True,,
results/tmp/e2r_p_rasta_1.10_3.sol.json,results/tmp/e2/p_rasta_t1.10_loose.dzn,True,True,,
results/tmp/e2r_p_rasta_1.10_4.sol.json,results/tmp/e2/p_rasta_t1.10_loose.dzn,True,True,,
results/tmp/e2r_p_rasta_1.10_5.sol.json,results/tmp/e2/p_rasta_t1.10_loose.dzn,True,True,,
results/tmp/e2r_p_rasta_1.25_1.sol.json,results/tmp/e2/p_rasta_t1.25_loose.dzn,True,True,,
results/tmp/e2r_p_rasta_1.25_2.sol.json,results/tmp/e2/p_rasta_t1.25_loose.dzn,True,True,,
results/tmp/e2r_p_rasta_1.25_3.sol.json,results/tmp/e2/p_rasta_t1.25_loose.dzn,True,True,,
results/tmp/e2r_p_rasta_1.25_4.sol.json,results/tmp/e2/p_rasta_t1.25_loose.dzn,True,True,,
results/tmp/e2r_p_rasta_1.25_5.sol.json,results/tmp/e2/p_rasta_t1.25_loose.dzn,True,True,,
results/tmp/e2r_p_rasta_1.50_1.sol.json,results/tmp/e2/p_rasta_t1.50_loose.dzn,True,True,,
results/tmp/e2r_p_rasta_1.50_2.sol.json,results/tmp/e2/p_rasta_t1.50_loose.dzn,True,True,,
results/tmp/e2r_p_rasta_1.50_3.sol.json,results/tmp/e2/p_rasta_t1.50_loose.dzn,True,True,,
results/tmp/e2r_p_rasta_1.50_4.sol.json,results/tmp/e2/p_rasta_t1.50_loose.dzn,True,True,,
results/tmp/e2r_p_rasta_1.50_5.sol.json,results/tmp/e2/p_rasta_t1.50_loose.dzn,True,True,,
results/tmp/e2r_p_rasta_2.00_1.sol.json,results/tmp/e2/p_rasta_t2.00_loose.dzn,True,True,,
results/tmp/e2r_p_rasta_2.00_2.sol.json,results/tmp/e2/p_rasta_t2.00_loose.dzn,True,True,,
results/tmp/e2r_p_rasta_2.00_3.sol.json,results/tmp/e2/p_rasta_t2.00_loose.dzn,True,True,,
results/tmp/e2r_p_rasta_2.00_4.sol.json,results/tmp/e2/p_rasta_t2.00_loose.dzn,True,True,,
results/tmp/e2r_p_rasta_2.00_5.sol.json,results/tmp/e2/p_rasta_t2.00_loose.dzn,True,True,,
results/tmp/e2r_p_rasta_none_1.sol.json,results/tmp/e2/p_rasta.dzn,True,True,,
results/tmp/e2r_p_rasta_none_2.sol.json,results/tmp/e2/p_rasta.dzn,True,True,,
results/tmp/e2r_p_rasta_none_3.sol.json,results/tmp/e2/p_rasta.dzn,True,True,,
results/tmp/e2r_p_rasta_none_4.sol.json,results/tmp/e2/p_rasta.dzn,True,True,,
results/tmp/e2r_p_rasta_none_5.sol.json,results/tmp/e2/p_rasta.dzn,True,True,,
results/tmp/e2r_pc_sobel_1.00_1.sol.json,results/tmp/e2/pc_sobel_t1.00_loose.dzn,True,True,,
results/tmp/e2r_pc_sobel_1.00_2.sol.json,results/tmp/e2/pc_sobel_t1.00_loose.dzn,True,True,,
results/tmp/e2r_pc_sobel_1.00_3.sol.json,results/tmp/e2/pc_sobel_t1.00_loose.dzn,True,True,,
results/tmp/e2r_pc_sobel_1.00_4.sol.json,results/tmp/e2/pc_sobel_t1.00_loose.dzn,True,True,,
results/tmp/e2r_pc_sobel_1.00_5.sol.json,results/tmp/e2/pc_sobel_t1.00_loose.dzn,True,True,,
results/tmp/e2r_pc_sobel_1.10_1.sol.json,results/tmp/e2/pc_sobel_t1.10_loose.dzn,True,True,,
results/tmp/e2r_pc_sobel_1.10_2.sol.json,results/tmp/e2/pc_sobel_t1.10_loose.dzn,True,True,,
results/tmp/e2r_pc_sobel_1.10_3.sol.json,results/tmp/e2/pc_sobel_t1.10_loose.dzn,True,True,,
results/tmp/e2r_pc_sobel_1.10_4.sol.json,results/tmp/e2/pc_sobel_t1.10_loose.dzn,True,True,,
results/tmp/e2r_pc_sobel_1.10_5.sol.json,results/tmp/e2/pc_sobel_t1.10_loose.dzn,True,True,,
results/tmp/e2r_pc_sobel_1.25_1.sol.json,results/tmp/e2/pc_sobel_t1.25_loose.dzn,True,True,,
results/tmp/e2r_pc_sobel_1.25_2.sol.json,results/tmp/e2/pc_sobel_t1.25_loose.dzn,True,True,,
results/tmp/e2r_pc_sobel_1.25_3.sol.json,results/tmp/e2/pc_sobel_t1.25_loose.dzn,True,True,,
results/tmp/e2r_pc_sobel_1.25_4.sol.json,results/tmp/e2/pc_sobel_t1.25_loose.dzn,True,True,,
results/tmp/e2r_pc_sobel_1.25_5.sol.json,results/tmp/e2/pc_sobel_t1.25_loose.dzn,True,True,,
results/tmp/e2r_pc_sobel_1.50_1.sol.json,results/tmp/e2/pc_sobel_t1.50_loose.dzn,True,True,,
results/tmp/e2r_pc_sobel_1.50_2.sol.json,results/tmp/e2/pc_sobel_t1.50_loose.dzn,True,True,,
results/tmp/e2r_pc_sobel_1.50_3.sol.json,results/tmp/e2/pc_sobel_t1.50_loose.dzn,True,True,,
results/tmp/e2r_pc_sobel_1.50_4.sol.json,results/tmp/e2/pc_sobel_t1.50_loose.dzn,True,True,,
results/tmp/e2r_pc_sobel_1.50_5.sol.json,results/tmp/e2/pc_sobel_t1.50_loose.dzn,True,True,,
results/tmp/e2r_pc_sobel_2.00_1.sol.json,results/tmp/e2/pc_sobel_t2.00_loose.dzn,True,True,,
results/tmp/e2r_pc_sobel_2.00_2.sol.json,results/tmp/e2/pc_sobel_t2.00_loose.dzn,True,True,,
results/tmp/e2r_pc_sobel_2.00_3.sol.json,results/tmp/e2/pc_sobel_t2.00_loose.dzn,True,True,,
results/tmp/e2r_pc_sobel_2.00_4.sol.json,results/tmp/e2/pc_sobel_t2.00_loose.dzn,True,True,,
results/tmp/e2r_pc_sobel_2.00_5.sol.json,results/tmp/e2/pc_sobel_t2.00_loose.dzn,True,True,,
results/tmp/e2r_pc_sobel_none_1.sol.json,results/tmp/e2/pc_sobel_loose.dzn,True,True,,
results/tmp/e2r_pc_sobel_none_2.sol.json,results/tmp/e2/pc_sobel_loose.dzn,True,True,,
results/tmp/e2r_pc_sobel_none_3.sol.json,results/tmp/e2/pc_sobel_loose.dzn,True,True,,
results/tmp/e2r_pc_sobel_none_4.sol.json,results/tmp/e2/pc_sobel_loose.dzn,True,True,,
results/tmp/e2r_pc_sobel_none_5.sol.json,results/tmp/e2/pc_sobel_loose.dzn,True,True,,
results/tmp/e2r_v_nvp_1.00_1.sol.json,results/tmp/e2/v_nvp_t1.00_loose.dzn,True,True,,
results/tmp/e2r_v_nvp_1.00_2.sol.json,results/tmp/e2/v_nvp_t1.00_loose.dzn,True,True,,
results/tmp/e2r_v_nvp_1.00_3.sol.json,results/tmp/e2/v_nvp_t1.00_loose.dzn,True,True,,
results/tmp/e2r_v_nvp_1.00_4.sol.json,results/tmp/e2/v_nvp_t1.00_loose.dzn,True,True,,
results/tmp/e2r_v_nvp_1.00_5.sol.json,results/tmp/e2/v_nvp_t1.00_loose.dzn,True,True,,
results/tmp/e2r_v_nvp_1.10_1.sol.json,results/tmp/e2/v_nvp_t1.10_loose.dzn,True,True,,
results/tmp/e2r_v_nvp_1.10_2.sol.json,results/tmp/e2/v_nvp_t1.10_loose.dzn,True,True,,
results/tmp/e2r_v_nvp_1.10_3.sol.json,results/tmp/e2/v_nvp_t1.10_loose.dzn,True,True,,
results/tmp/e2r_v_nvp_1.10_4.sol.json,results/tmp/e2/v_nvp_t1.10_loose.dzn,True,True,,
results/tmp/e2r_v_nvp_1.10_5.sol.json,results/tmp/e2/v_nvp_t1.10_loose.dzn,True,True,,
results/tmp/e2r_v_nvp_1.25_1.sol.json,results/tmp/e2/v_nvp_t1.25_loose.dzn,True,True,,
results/tmp/e2r_v_nvp_1.25_2.sol.json,results/tmp/e2/v_nvp_t1.25_loose.dzn,True,True,,
results/tmp/e2r_v_nvp_1.25_3.sol.json,results/tmp/e2/v_nvp_t1.25_loose.dzn,True,True,,
results/tmp/e2r_v_nvp_1.25_4.sol.json,results/tmp/e2/v_nvp_t1.25_loose.dzn,True,True,,
results/tmp/e2r_v_nvp_1.25_5.sol.json,results/tmp/e2/v_nvp_t1.25_loose.dzn,True,True,,
results/tmp/e2r_v_nvp_1.50_1.sol.json,results/tmp/e2/v_nvp_t1.50_loose.dzn,True,True,,
results/tmp/e2r_v_nvp_1.50_2.sol.json,results/tmp/e2/v_nvp_t1.50_loose.dzn,True,True,,
results/tmp/e2r_v_nvp_1.50_3.sol.json,results/tmp/e2/v_nvp_t1.50_loose.dzn,True,True,,
results/tmp/e2r_v_nvp_1.50_4.sol.json,results/tmp/e2/v_nvp_t1.50_loose.dzn,True,True,,
results/tmp/e2r_v_nvp_1.50_5.sol.json,results/tmp/e2/v_nvp_t1.50_loose.dzn,True,True,,
results/tmp/e2r_v_nvp_2.00_1.sol.json,results/tmp/e2/v_nvp_t2.00_loose.dzn,True,True,,
results/tmp/e2r_v_nvp_2.00_2.sol.json,results/tmp/e2/v_nvp_t2.00_loose.dzn,True,True,,
results/tmp/e2r_v_nvp_2.00_3.sol.json,results/tmp/e2/v_nvp_t2.00_loose.dzn,True,True,,
results/tmp/e2r_v_nvp_2.00_4.sol.json,results/tmp/e2/v_nvp_t2.00_loose.dzn,True,True,,
results/tmp/e2r_v_nvp_2.00_5.sol.json,results/tmp/e2/v_nvp_t2.00_loose.dzn,True,True,,
results/tmp/e2r_v_nvp_none_1.sol.json,results/tmp/e2/v_nvp.dzn,True,True,,
results/tmp/e2r_v_nvp_none_2.sol.json,results/tmp/e2/v_nvp.dzn,True,True,,
results/tmp/e2r_v_nvp_none_3.sol.json,results/tmp/e2/v_nvp.dzn,True,True,,
results/tmp/e2r_v_nvp_none_4.sol.json,results/tmp/e2/v_nvp.dzn,True,True,,
results/tmp/e2r_v_nvp_none_5.sol.json,results/tmp/e2/v_nvp.dzn,True,True,,
results/tmp/e2t_c_pat_1.00_NP.sol.json,results/tmp/e2/c_pat_t1.00_nopromo.dzn,True,True,,
results/tmp/e2t_c_pat_1.00_PFcheap.sol.json,results/tmp/e2/c_pat_t1.00_loose.dzn,True,True,,
results/tmp/e2t_c_pat_1.00_PFlight.sol.json,results/tmp/e2/c_pat_t1.00_loose.dzn,True,True,,
results/tmp/e2t_c_pat_1.00_PFmax.sol.json,results/tmp/e2/c_pat_t1.00_loose.dzn,True,True,,
results/tmp/e2t_c_pat_1.00_PFmin.sol.json,results/tmp/e2/c_pat_t1.00_loose.dzn,True,True,,
results/tmp/e2t_c_pat_1.00_SL.sol.json,results/tmp/e2/c_pat_t1.00_loose.dzn,True,True,,
results/tmp/e2t_c_pat_1.00_SL_step1.sol.json,results/tmp/e2/c_pat_t1.00_nopat.dzn,True,True,,
results/tmp/e2t_c_pat_1.00_joint.sol.json,results/tmp/e2/c_pat_t1.00_loose.dzn,True,True,,
results/tmp/e2t_c_pat_1.10_NP.sol.json,results/tmp/e2/c_pat_t1.10_nopromo.dzn,True,True,,
results/tmp/e2t_c_pat_1.10_PFcheap.sol.json,results/tmp/e2/c_pat_t1.10_loose.dzn,True,True,,
results/tmp/e2t_c_pat_1.10_PFlight.sol.json,results/tmp/e2/c_pat_t1.10_loose.dzn,True,True,,
results/tmp/e2t_c_pat_1.10_PFmax.sol.json,results/tmp/e2/c_pat_t1.10_loose.dzn,True,True,,
results/tmp/e2t_c_pat_1.10_PFmin.sol.json,results/tmp/e2/c_pat_t1.10_loose.dzn,True,True,,
results/tmp/e2t_c_pat_1.10_SL.sol.json,results/tmp/e2/c_pat_t1.10_loose.dzn,True,True,,
results/tmp/e2t_c_pat_1.10_SL_step1.sol.json,results/tmp/e2/c_pat_t1.10_nopat.dzn,True,True,,
results/tmp/e2t_c_pat_1.10_joint.sol.json,results/tmp/e2/c_pat_t1.10_loose.dzn,True,True,,
results/tmp/e2t_c_pat_1.25_NP.sol.json,results/tmp/e2/c_pat_t1.25_nopromo.dzn,True,True,,
results/tmp/e2t_c_pat_1.25_PFcheap.sol.json,results/tmp/e2/c_pat_t1.25_loose.dzn,True,True,,
results/tmp/e2t_c_pat_1.25_PFlight.sol.json,results/tmp/e2/c_pat_t1.25_loose.dzn,True,True,,
results/tmp/e2t_c_pat_1.25_PFmax.sol.json,results/tmp/e2/c_pat_t1.25_loose.dzn,True,True,,
results/tmp/e2t_c_pat_1.25_PFmin.sol.json,results/tmp/e2/c_pat_t1.25_loose.dzn,True,True,,
results/tmp/e2t_c_pat_1.25_SL.sol.json,results/tmp/e2/c_pat_t1.25_loose.dzn,True,True,,
results/tmp/e2t_c_pat_1.25_SL_step1.sol.json,results/tmp/e2/c_pat_t1.25_nopat.dzn,True,True,,
results/tmp/e2t_c_pat_1.25_joint.sol.json,results/tmp/e2/c_pat_t1.25_loose.dzn,True,True,,
results/tmp/e2t_c_pat_1.50_NP.sol.json,results/tmp/e2/c_pat_t1.50_nopromo.dzn,True,True,,
results/tmp/e2t_c_pat_1.50_PFcheap.sol.json,results/tmp/e2/c_pat_t1.50_loose.dzn,True,True,,
results/tmp/e2t_c_pat_1.50_PFlight.sol.json,results/tmp/e2/c_pat_t1.50_loose.dzn,True,True,,
results/tmp/e2t_c_pat_1.50_PFmax.sol.json,results/tmp/e2/c_pat_t1.50_loose.dzn,True,True,,
results/tmp/e2t_c_pat_1.50_PFmin.sol.json,results/tmp/e2/c_pat_t1.50_loose.dzn,True,True,,
results/tmp/e2t_c_pat_1.50_SL.sol.json,results/tmp/e2/c_pat_t1.50_loose.dzn,True,True,,
results/tmp/e2t_c_pat_1.50_SL_step1.sol.json,results/tmp/e2/c_pat_t1.50_nopat.dzn,True,True,,
results/tmp/e2t_c_pat_1.50_joint.sol.json,results/tmp/e2/c_pat_t1.50_loose.dzn,True,True,,
results/tmp/e2t_c_pat_2.00_NP.sol.json,results/tmp/e2/c_pat_t2.00_nopromo.dzn,True,True,,
results/tmp/e2t_c_pat_2.00_PFcheap.sol.json,results/tmp/e2/c_pat_t2.00_loose.dzn,True,True,,
results/tmp/e2t_c_pat_2.00_PFlight.sol.json,results/tmp/e2/c_pat_t2.00_loose.dzn,True,True,,
results/tmp/e2t_c_pat_2.00_PFmax.sol.json,results/tmp/e2/c_pat_t2.00_loose.dzn,True,True,,
results/tmp/e2t_c_pat_2.00_PFmin.sol.json,results/tmp/e2/c_pat_t2.00_loose.dzn,True,True,,
results/tmp/e2t_c_pat_2.00_SL.sol.json,results/tmp/e2/c_pat_t2.00_loose.dzn,True,True,,
results/tmp/e2t_c_pat_2.00_SL_step1.sol.json,results/tmp/e2/c_pat_t2.00_nopat.dzn,True,True,,
results/tmp/e2t_c_pat_2.00_joint.sol.json,results/tmp/e2/c_pat_t2.00_loose.dzn,True,True,,
results/tmp/e2t_c_pat_min_period.sol.json,results/tmp/e2/c_pat.dzn,True,True,,
results/tmp/e2t_d_random_hw_1.00_NP.sol.json,results/tmp/e2/d_random_hw_t1.00_nopromo.dzn,True,True,,
results/tmp/e2t_d_random_hw_1.00_PFcheap.sol.json,results/tmp/e2/d_random_hw_t1.00_loose.dzn,True,True,,
results/tmp/e2t_d_random_hw_1.00_PFlight.sol.json,results/tmp/e2/d_random_hw_t1.00_loose.dzn,True,True,,
results/tmp/e2t_d_random_hw_1.00_PFmax.sol.json,results/tmp/e2/d_random_hw_t1.00_loose.dzn,True,True,,
results/tmp/e2t_d_random_hw_1.00_PFmin.sol.json,results/tmp/e2/d_random_hw_t1.00_loose.dzn,True,True,,
results/tmp/e2t_d_random_hw_1.00_SL_step1.sol.json,results/tmp/e2/d_random_hw_t1.00_nopat.dzn,True,True,,
results/tmp/e2t_d_random_hw_1.00_joint.sol.json,results/tmp/e2/d_random_hw_t1.00_loose.dzn,True,True,,
results/tmp/e2t_d_random_hw_1.10_NP.sol.json,results/tmp/e2/d_random_hw_t1.10_nopromo.dzn,True,True,,
results/tmp/e2t_d_random_hw_1.10_PFcheap.sol.json,results/tmp/e2/d_random_hw_t1.10_loose.dzn,True,True,,
results/tmp/e2t_d_random_hw_1.10_PFlight.sol.json,results/tmp/e2/d_random_hw_t1.10_loose.dzn,True,True,,
results/tmp/e2t_d_random_hw_1.10_PFmax.sol.json,results/tmp/e2/d_random_hw_t1.10_loose.dzn,True,True,,
results/tmp/e2t_d_random_hw_1.10_PFmin.sol.json,results/tmp/e2/d_random_hw_t1.10_loose.dzn,True,True,,
results/tmp/e2t_d_random_hw_1.10_SL.sol.json,results/tmp/e2/d_random_hw_t1.10_loose.dzn,True,True,,
results/tmp/e2t_d_random_hw_1.10_SL_step1.sol.json,results/tmp/e2/d_random_hw_t1.10_nopat.dzn,True,True,,
results/tmp/e2t_d_random_hw_1.10_joint.sol.json,results/tmp/e2/d_random_hw_t1.10_loose.dzn,True,True,,
results/tmp/e2t_d_random_hw_1.25_NP.sol.json,results/tmp/e2/d_random_hw_t1.25_nopromo.dzn,True,True,,
results/tmp/e2t_d_random_hw_1.25_PFcheap.sol.json,results/tmp/e2/d_random_hw_t1.25_loose.dzn,True,True,,
results/tmp/e2t_d_random_hw_1.25_PFlight.sol.json,results/tmp/e2/d_random_hw_t1.25_loose.dzn,True,True,,
results/tmp/e2t_d_random_hw_1.25_PFmax.sol.json,results/tmp/e2/d_random_hw_t1.25_loose.dzn,True,True,,
results/tmp/e2t_d_random_hw_1.25_PFmin.sol.json,results/tmp/e2/d_random_hw_t1.25_loose.dzn,True,True,,
results/tmp/e2t_d_random_hw_1.25_SL.sol.json,results/tmp/e2/d_random_hw_t1.25_loose.dzn,True,True,,
results/tmp/e2t_d_random_hw_1.25_SL_step1.sol.json,results/tmp/e2/d_random_hw_t1.25_nopat.dzn,True,True,,
results/tmp/e2t_d_random_hw_1.25_joint.sol.json,results/tmp/e2/d_random_hw_t1.25_loose.dzn,True,True,,
results/tmp/e2t_d_random_hw_1.50_NP.sol.json,results/tmp/e2/d_random_hw_t1.50_nopromo.dzn,True,True,,
results/tmp/e2t_d_random_hw_1.50_PFcheap.sol.json,results/tmp/e2/d_random_hw_t1.50_loose.dzn,True,True,,
results/tmp/e2t_d_random_hw_1.50_PFlight.sol.json,results/tmp/e2/d_random_hw_t1.50_loose.dzn,True,True,,
results/tmp/e2t_d_random_hw_1.50_PFmax.sol.json,results/tmp/e2/d_random_hw_t1.50_loose.dzn,True,True,,
results/tmp/e2t_d_random_hw_1.50_PFmin.sol.json,results/tmp/e2/d_random_hw_t1.50_loose.dzn,True,True,,
results/tmp/e2t_d_random_hw_1.50_SL.sol.json,results/tmp/e2/d_random_hw_t1.50_loose.dzn,True,True,,
results/tmp/e2t_d_random_hw_1.50_SL_step1.sol.json,results/tmp/e2/d_random_hw_t1.50_nopat.dzn,True,True,,
results/tmp/e2t_d_random_hw_1.50_joint.sol.json,results/tmp/e2/d_random_hw_t1.50_loose.dzn,True,True,,
results/tmp/e2t_d_random_hw_2.00_NP.sol.json,results/tmp/e2/d_random_hw_t2.00_nopromo.dzn,True,True,,
results/tmp/e2t_d_random_hw_2.00_PFcheap.sol.json,results/tmp/e2/d_random_hw_t2.00_loose.dzn,True,True,,
results/tmp/e2t_d_random_hw_2.00_PFlight.sol.json,results/tmp/e2/d_random_hw_t2.00_loose.dzn,True,True,,
results/tmp/e2t_d_random_hw_2.00_PFmax.sol.json,results/tmp/e2/d_random_hw_t2.00_loose.dzn,True,True,,
results/tmp/e2t_d_random_hw_2.00_PFmin.sol.json,results/tmp/e2/d_random_hw_t2.00_loose.dzn,True,True,,
results/tmp/e2t_d_random_hw_2.00_SL.sol.json,results/tmp/e2/d_random_hw_t2.00_loose.dzn,True,True,,
results/tmp/e2t_d_random_hw_2.00_SL_step1.sol.json,results/tmp/e2/d_random_hw_t2.00_nopat.dzn,True,True,,
results/tmp/e2t_d_random_hw_2.00_joint.sol.json,results/tmp/e2/d_random_hw_t2.00_loose.dzn,True,True,,
results/tmp/e2t_d_random_hw_min_period.sol.json,results/tmp/e2/d_random_hw.dzn,True,True,,
results/tmp/e2t_d_systematic_sw_1.00_NP.sol.json,results/tmp/e2/d_systematic_sw_t1.00_nopromo.dzn,True,True,,
results/tmp/e2t_d_systematic_sw_1.00_PFcheap.sol.json,results/tmp/e2/d_systematic_sw_t1.00_loose.dzn,True,True,,
results/tmp/e2t_d_systematic_sw_1.00_PFlight.sol.json,results/tmp/e2/d_systematic_sw_t1.00_loose.dzn,True,True,,
results/tmp/e2t_d_systematic_sw_1.00_PFmax.sol.json,results/tmp/e2/d_systematic_sw_t1.00_loose.dzn,True,True,,
results/tmp/e2t_d_systematic_sw_1.00_PFmin.sol.json,results/tmp/e2/d_systematic_sw_t1.00_loose.dzn,True,True,,
results/tmp/e2t_d_systematic_sw_1.00_SL_step1.sol.json,results/tmp/e2/d_systematic_sw_t1.00_nopat.dzn,True,True,,
results/tmp/e2t_d_systematic_sw_1.00_joint.sol.json,results/tmp/e2/d_systematic_sw_t1.00_loose.dzn,True,True,,
results/tmp/e2t_d_systematic_sw_1.10_NP.sol.json,results/tmp/e2/d_systematic_sw_t1.10_nopromo.dzn,True,True,,
results/tmp/e2t_d_systematic_sw_1.10_PFcheap.sol.json,results/tmp/e2/d_systematic_sw_t1.10_loose.dzn,True,True,,
results/tmp/e2t_d_systematic_sw_1.10_PFlight.sol.json,results/tmp/e2/d_systematic_sw_t1.10_loose.dzn,True,True,,
results/tmp/e2t_d_systematic_sw_1.10_PFmax.sol.json,results/tmp/e2/d_systematic_sw_t1.10_loose.dzn,True,True,,
results/tmp/e2t_d_systematic_sw_1.10_PFmin.sol.json,results/tmp/e2/d_systematic_sw_t1.10_loose.dzn,True,True,,
results/tmp/e2t_d_systematic_sw_1.10_SL.sol.json,results/tmp/e2/d_systematic_sw_t1.10_loose.dzn,True,True,,
results/tmp/e2t_d_systematic_sw_1.10_SL_step1.sol.json,results/tmp/e2/d_systematic_sw_t1.10_nopat.dzn,True,True,,
results/tmp/e2t_d_systematic_sw_1.10_joint.sol.json,results/tmp/e2/d_systematic_sw_t1.10_loose.dzn,True,True,,
results/tmp/e2t_d_systematic_sw_1.25_NP.sol.json,results/tmp/e2/d_systematic_sw_t1.25_nopromo.dzn,True,True,,
results/tmp/e2t_d_systematic_sw_1.25_PFcheap.sol.json,results/tmp/e2/d_systematic_sw_t1.25_loose.dzn,True,True,,
results/tmp/e2t_d_systematic_sw_1.25_PFlight.sol.json,results/tmp/e2/d_systematic_sw_t1.25_loose.dzn,True,True,,
results/tmp/e2t_d_systematic_sw_1.25_PFmax.sol.json,results/tmp/e2/d_systematic_sw_t1.25_loose.dzn,True,True,,
results/tmp/e2t_d_systematic_sw_1.25_PFmin.sol.json,results/tmp/e2/d_systematic_sw_t1.25_loose.dzn,True,True,,
results/tmp/e2t_d_systematic_sw_1.25_SL.sol.json,results/tmp/e2/d_systematic_sw_t1.25_loose.dzn,True,True,,
results/tmp/e2t_d_systematic_sw_1.25_SL_step1.sol.json,results/tmp/e2/d_systematic_sw_t1.25_nopat.dzn,True,True,,
results/tmp/e2t_d_systematic_sw_1.25_joint.sol.json,results/tmp/e2/d_systematic_sw_t1.25_loose.dzn,True,True,,
results/tmp/e2t_d_systematic_sw_1.50_NP.sol.json,results/tmp/e2/d_systematic_sw_t1.50_nopromo.dzn,True,True,,
results/tmp/e2t_d_systematic_sw_1.50_PFcheap.sol.json,results/tmp/e2/d_systematic_sw_t1.50_loose.dzn,True,True,,
results/tmp/e2t_d_systematic_sw_1.50_PFlight.sol.json,results/tmp/e2/d_systematic_sw_t1.50_loose.dzn,True,True,,
results/tmp/e2t_d_systematic_sw_1.50_PFmax.sol.json,results/tmp/e2/d_systematic_sw_t1.50_loose.dzn,True,True,,
results/tmp/e2t_d_systematic_sw_1.50_PFmin.sol.json,results/tmp/e2/d_systematic_sw_t1.50_loose.dzn,True,True,,
results/tmp/e2t_d_systematic_sw_1.50_SL.sol.json,results/tmp/e2/d_systematic_sw_t1.50_loose.dzn,True,True,,
results/tmp/e2t_d_systematic_sw_1.50_SL_step1.sol.json,results/tmp/e2/d_systematic_sw_t1.50_nopat.dzn,True,True,,
results/tmp/e2t_d_systematic_sw_1.50_joint.sol.json,results/tmp/e2/d_systematic_sw_t1.50_loose.dzn,True,True,,
results/tmp/e2t_d_systematic_sw_2.00_NP.sol.json,results/tmp/e2/d_systematic_sw_t2.00_nopromo.dzn,True,True,,
results/tmp/e2t_d_systematic_sw_2.00_PFcheap.sol.json,results/tmp/e2/d_systematic_sw_t2.00_loose.dzn,True,True,,
results/tmp/e2t_d_systematic_sw_2.00_PFlight.sol.json,results/tmp/e2/d_systematic_sw_t2.00_loose.dzn,True,True,,
results/tmp/e2t_d_systematic_sw_2.00_PFmax.sol.json,results/tmp/e2/d_systematic_sw_t2.00_loose.dzn,True,True,,
results/tmp/e2t_d_systematic_sw_2.00_PFmin.sol.json,results/tmp/e2/d_systematic_sw_t2.00_loose.dzn,True,True,,
results/tmp/e2t_d_systematic_sw_2.00_SL.sol.json,results/tmp/e2/d_systematic_sw_t2.00_loose.dzn,True,True,,
results/tmp/e2t_d_systematic_sw_2.00_SL_step1.sol.json,results/tmp/e2/d_systematic_sw_t2.00_nopat.dzn,True,True,,
results/tmp/e2t_d_systematic_sw_2.00_joint.sol.json,results/tmp/e2/d_systematic_sw_t2.00_loose.dzn,True,True,,
results/tmp/e2t_d_systematic_sw_min_period.sol.json,results/tmp/e2/d_systematic_sw.dzn,True,True,,
results/tmp/e2t_f_both3_1.00_NP.sol.json,results/tmp/e2/f_both3_t1.00_nopromo.dzn,True,True,,
results/tmp/e2t_f_both3_1.00_PFlight.sol.json,results/tmp/e2/f_both3_t1.00_loose.dzn,True,True,,
results/tmp/e2t_f_both3_1.00_SL.sol.json,results/tmp/e2/f_both3_t1.00_loose.dzn,True,True,,
results/tmp/e2t_f_both3_1.00_SL_step1.sol.json,results/tmp/e2/f_both3_t1.00_nopat.dzn,True,True,,
results/tmp/e2t_f_both3_1.00_joint.sol.json,results/tmp/e2/f_both3_t1.00_loose.dzn,True,True,,
results/tmp/e2t_f_both3_1.10_NP.sol.json,results/tmp/e2/f_both3_t1.10_nopromo.dzn,True,True,,
results/tmp/e2t_f_both3_1.10_PFlight.sol.json,results/tmp/e2/f_both3_t1.10_loose.dzn,True,True,,
results/tmp/e2t_f_both3_1.10_PFmax.sol.json,results/tmp/e2/f_both3_t1.10_loose.dzn,True,True,,
results/tmp/e2t_f_both3_1.10_PFmin.sol.json,results/tmp/e2/f_both3_t1.10_loose.dzn,True,True,,
results/tmp/e2t_f_both3_1.10_SL.sol.json,results/tmp/e2/f_both3_t1.10_loose.dzn,True,True,,
results/tmp/e2t_f_both3_1.10_SL_step1.sol.json,results/tmp/e2/f_both3_t1.10_nopat.dzn,True,True,,
results/tmp/e2t_f_both3_1.10_joint.sol.json,results/tmp/e2/f_both3_t1.10_loose.dzn,True,True,,
results/tmp/e2t_f_both3_1.25_NP.sol.json,results/tmp/e2/f_both3_t1.25_nopromo.dzn,True,True,,
results/tmp/e2t_f_both3_1.25_PFlight.sol.json,results/tmp/e2/f_both3_t1.25_loose.dzn,True,True,,
results/tmp/e2t_f_both3_1.25_PFmax.sol.json,results/tmp/e2/f_both3_t1.25_loose.dzn,True,True,,
results/tmp/e2t_f_both3_1.25_PFmin.sol.json,results/tmp/e2/f_both3_t1.25_loose.dzn,True,True,,
results/tmp/e2t_f_both3_1.25_SL.sol.json,results/tmp/e2/f_both3_t1.25_loose.dzn,True,True,,
results/tmp/e2t_f_both3_1.25_SL_step1.sol.json,results/tmp/e2/f_both3_t1.25_nopat.dzn,True,True,,
results/tmp/e2t_f_both3_1.25_joint.sol.json,results/tmp/e2/f_both3_t1.25_loose.dzn,True,True,,
results/tmp/e2t_f_both3_1.50_NP.sol.json,results/tmp/e2/f_both3_t1.50_nopromo.dzn,True,True,,
results/tmp/e2t_f_both3_1.50_PFlight.sol.json,results/tmp/e2/f_both3_t1.50_loose.dzn,True,True,,
results/tmp/e2t_f_both3_1.50_SL.sol.json,results/tmp/e2/f_both3_t1.50_loose.dzn,True,True,,
results/tmp/e2t_f_both3_1.50_SL_step1.sol.json,results/tmp/e2/f_both3_t1.50_nopat.dzn,True,True,,
results/tmp/e2t_f_both3_1.50_joint.sol.json,results/tmp/e2/f_both3_t1.50_loose.dzn,True,True,,
results/tmp/e2t_f_both3_2.00_NP.sol.json,results/tmp/e2/f_both3_t2.00_nopromo.dzn,True,True,,
results/tmp/e2t_f_both3_2.00_PFcheap.sol.json,results/tmp/e2/f_both3_t2.00_loose.dzn,True,True,,
results/tmp/e2t_f_both3_2.00_PFlight.sol.json,results/tmp/e2/f_both3_t2.00_loose.dzn,True,True,,
results/tmp/e2t_f_both3_2.00_PFmax.sol.json,results/tmp/e2/f_both3_t2.00_loose.dzn,True,True,,
results/tmp/e2t_f_both3_2.00_PFmin.sol.json,results/tmp/e2/f_both3_t2.00_loose.dzn,True,True,,
results/tmp/e2t_f_both3_2.00_SL.sol.json,results/tmp/e2/f_both3_t2.00_loose.dzn,True,True,,
results/tmp/e2t_f_both3_2.00_SL_step1.sol.json,results/tmp/e2/f_both3_t2.00_nopat.dzn,True,True,,
results/tmp/e2t_f_both3_2.00_joint.sol.json,results/tmp/e2/f_both3_t2.00_loose.dzn,True,True,,
results/tmp/e2t_f_both3_min_period.sol.json,results/tmp/e2/f_both3.dzn,True,True,,
results/tmp/e2t_f_random_hw_1.00_NP.sol.json,results/tmp/e2/f_random_hw_t1.00_nopromo.dzn,True,True,,
results/tmp/e2t_f_random_hw_1.00_PFcheap.sol.json,results/tmp/e2/f_random_hw_t1.00_loose.dzn,True,True,,
results/tmp/e2t_f_random_hw_1.00_PFlight.sol.json,results/tmp/e2/f_random_hw_t1.00_loose.dzn,True,True,,
results/tmp/e2t_f_random_hw_1.00_PFmax.sol.json,results/tmp/e2/f_random_hw_t1.00_loose.dzn,True,True,,
results/tmp/e2t_f_random_hw_1.00_PFmin.sol.json,results/tmp/e2/f_random_hw_t1.00_loose.dzn,True,True,,
results/tmp/e2t_f_random_hw_1.00_SL.sol.json,results/tmp/e2/f_random_hw_t1.00_loose.dzn,True,True,,
results/tmp/e2t_f_random_hw_1.00_SL_step1.sol.json,results/tmp/e2/f_random_hw_t1.00_nopat.dzn,True,True,,
results/tmp/e2t_f_random_hw_1.00_joint.sol.json,results/tmp/e2/f_random_hw_t1.00_loose.dzn,True,True,,
results/tmp/e2t_f_random_hw_1.10_NP.sol.json,results/tmp/e2/f_random_hw_t1.10_nopromo.dzn,True,True,,
results/tmp/e2t_f_random_hw_1.10_PFcheap.sol.json,results/tmp/e2/f_random_hw_t1.10_loose.dzn,True,True,,
results/tmp/e2t_f_random_hw_1.10_PFlight.sol.json,results/tmp/e2/f_random_hw_t1.10_loose.dzn,True,True,,
results/tmp/e2t_f_random_hw_1.10_PFmax.sol.json,results/tmp/e2/f_random_hw_t1.10_loose.dzn,True,True,,
results/tmp/e2t_f_random_hw_1.10_PFmin.sol.json,results/tmp/e2/f_random_hw_t1.10_loose.dzn,True,True,,
results/tmp/e2t_f_random_hw_1.10_SL.sol.json,results/tmp/e2/f_random_hw_t1.10_loose.dzn,True,True,,
results/tmp/e2t_f_random_hw_1.10_SL_step1.sol.json,results/tmp/e2/f_random_hw_t1.10_nopat.dzn,True,True,,
results/tmp/e2t_f_random_hw_1.10_joint.sol.json,results/tmp/e2/f_random_hw_t1.10_loose.dzn,True,True,,
results/tmp/e2t_f_random_hw_1.25_NP.sol.json,results/tmp/e2/f_random_hw_t1.25_nopromo.dzn,True,True,,
results/tmp/e2t_f_random_hw_1.25_PFcheap.sol.json,results/tmp/e2/f_random_hw_t1.25_loose.dzn,True,True,,
results/tmp/e2t_f_random_hw_1.25_PFlight.sol.json,results/tmp/e2/f_random_hw_t1.25_loose.dzn,True,True,,
results/tmp/e2t_f_random_hw_1.25_PFmax.sol.json,results/tmp/e2/f_random_hw_t1.25_loose.dzn,True,True,,
results/tmp/e2t_f_random_hw_1.25_PFmin.sol.json,results/tmp/e2/f_random_hw_t1.25_loose.dzn,True,True,,
results/tmp/e2t_f_random_hw_1.25_SL.sol.json,results/tmp/e2/f_random_hw_t1.25_loose.dzn,True,True,,
results/tmp/e2t_f_random_hw_1.25_SL_step1.sol.json,results/tmp/e2/f_random_hw_t1.25_nopat.dzn,True,True,,
results/tmp/e2t_f_random_hw_1.25_joint.sol.json,results/tmp/e2/f_random_hw_t1.25_loose.dzn,True,True,,
results/tmp/e2t_f_random_hw_1.50_NP.sol.json,results/tmp/e2/f_random_hw_t1.50_nopromo.dzn,True,True,,
results/tmp/e2t_f_random_hw_1.50_PFcheap.sol.json,results/tmp/e2/f_random_hw_t1.50_loose.dzn,True,True,,
results/tmp/e2t_f_random_hw_1.50_PFlight.sol.json,results/tmp/e2/f_random_hw_t1.50_loose.dzn,True,True,,
results/tmp/e2t_f_random_hw_1.50_PFmax.sol.json,results/tmp/e2/f_random_hw_t1.50_loose.dzn,True,True,,
results/tmp/e2t_f_random_hw_1.50_PFmin.sol.json,results/tmp/e2/f_random_hw_t1.50_loose.dzn,True,True,,
results/tmp/e2t_f_random_hw_1.50_SL.sol.json,results/tmp/e2/f_random_hw_t1.50_loose.dzn,True,True,,
results/tmp/e2t_f_random_hw_1.50_SL_step1.sol.json,results/tmp/e2/f_random_hw_t1.50_nopat.dzn,True,True,,
results/tmp/e2t_f_random_hw_1.50_joint.sol.json,results/tmp/e2/f_random_hw_t1.50_loose.dzn,True,True,,
results/tmp/e2t_f_random_hw_2.00_NP.sol.json,results/tmp/e2/f_random_hw_t2.00_nopromo.dzn,True,True,,
results/tmp/e2t_f_random_hw_2.00_PFcheap.sol.json,results/tmp/e2/f_random_hw_t2.00_loose.dzn,True,True,,
results/tmp/e2t_f_random_hw_2.00_PFlight.sol.json,results/tmp/e2/f_random_hw_t2.00_loose.dzn,True,True,,
results/tmp/e2t_f_random_hw_2.00_PFmax.sol.json,results/tmp/e2/f_random_hw_t2.00_loose.dzn,True,True,,
results/tmp/e2t_f_random_hw_2.00_PFmin.sol.json,results/tmp/e2/f_random_hw_t2.00_loose.dzn,True,True,,
results/tmp/e2t_f_random_hw_2.00_SL.sol.json,results/tmp/e2/f_random_hw_t2.00_loose.dzn,True,True,,
results/tmp/e2t_f_random_hw_2.00_SL_step1.sol.json,results/tmp/e2/f_random_hw_t2.00_nopat.dzn,True,True,,
results/tmp/e2t_f_random_hw_2.00_joint.sol.json,results/tmp/e2/f_random_hw_t2.00_loose.dzn,True,True,,
results/tmp/e2t_f_random_hw_min_period.sol.json,results/tmp/e2/f_random_hw.dzn,True,True,,
results/tmp/e2t_f_sw3_1.00_NP.sol.json,results/tmp/e2/f_sw3_t1.00_nopromo.dzn,True,True,,
results/tmp/e2t_f_sw3_1.00_PFlight.sol.json,results/tmp/e2/f_sw3_t1.00_loose.dzn,True,True,,
results/tmp/e2t_f_sw3_1.00_SL.sol.json,results/tmp/e2/f_sw3_t1.00_loose.dzn,True,True,,
results/tmp/e2t_f_sw3_1.00_SL_step1.sol.json,results/tmp/e2/f_sw3_t1.00_nopat.dzn,True,True,,
results/tmp/e2t_f_sw3_1.00_joint.sol.json,results/tmp/e2/f_sw3_t1.00_loose.dzn,True,True,,
results/tmp/e2t_f_sw3_1.10_NP.sol.json,results/tmp/e2/f_sw3_t1.10_nopromo.dzn,True,True,,
results/tmp/e2t_f_sw3_1.10_PFlight.sol.json,results/tmp/e2/f_sw3_t1.10_loose.dzn,True,True,,
results/tmp/e2t_f_sw3_1.10_PFmax.sol.json,results/tmp/e2/f_sw3_t1.10_loose.dzn,True,True,,
results/tmp/e2t_f_sw3_1.10_PFmin.sol.json,results/tmp/e2/f_sw3_t1.10_loose.dzn,True,True,,
results/tmp/e2t_f_sw3_1.10_SL.sol.json,results/tmp/e2/f_sw3_t1.10_loose.dzn,True,True,,
results/tmp/e2t_f_sw3_1.10_SL_step1.sol.json,results/tmp/e2/f_sw3_t1.10_nopat.dzn,True,True,,
results/tmp/e2t_f_sw3_1.10_joint.sol.json,results/tmp/e2/f_sw3_t1.10_loose.dzn,True,True,,
results/tmp/e2t_f_sw3_1.25_NP.sol.json,results/tmp/e2/f_sw3_t1.25_nopromo.dzn,True,True,,
results/tmp/e2t_f_sw3_1.25_PFlight.sol.json,results/tmp/e2/f_sw3_t1.25_loose.dzn,True,True,,
results/tmp/e2t_f_sw3_1.25_PFmax.sol.json,results/tmp/e2/f_sw3_t1.25_loose.dzn,True,True,,
results/tmp/e2t_f_sw3_1.25_PFmin.sol.json,results/tmp/e2/f_sw3_t1.25_loose.dzn,True,True,,
results/tmp/e2t_f_sw3_1.25_SL.sol.json,results/tmp/e2/f_sw3_t1.25_loose.dzn,True,True,,
results/tmp/e2t_f_sw3_1.25_SL_step1.sol.json,results/tmp/e2/f_sw3_t1.25_nopat.dzn,True,True,,
results/tmp/e2t_f_sw3_1.25_joint.sol.json,results/tmp/e2/f_sw3_t1.25_loose.dzn,True,True,,
results/tmp/e2t_f_sw3_1.50_NP.sol.json,results/tmp/e2/f_sw3_t1.50_nopromo.dzn,True,True,,
results/tmp/e2t_f_sw3_1.50_PFlight.sol.json,results/tmp/e2/f_sw3_t1.50_loose.dzn,True,True,,
results/tmp/e2t_f_sw3_1.50_SL.sol.json,results/tmp/e2/f_sw3_t1.50_loose.dzn,True,True,,
results/tmp/e2t_f_sw3_1.50_SL_step1.sol.json,results/tmp/e2/f_sw3_t1.50_nopat.dzn,True,True,,
results/tmp/e2t_f_sw3_1.50_joint.sol.json,results/tmp/e2/f_sw3_t1.50_loose.dzn,True,True,,
results/tmp/e2t_f_sw3_2.00_NP.sol.json,results/tmp/e2/f_sw3_t2.00_nopromo.dzn,True,True,,
results/tmp/e2t_f_sw3_2.00_PFcheap.sol.json,results/tmp/e2/f_sw3_t2.00_loose.dzn,True,True,,
results/tmp/e2t_f_sw3_2.00_PFlight.sol.json,results/tmp/e2/f_sw3_t2.00_loose.dzn,True,True,,
results/tmp/e2t_f_sw3_2.00_PFmax.sol.json,results/tmp/e2/f_sw3_t2.00_loose.dzn,True,True,,
results/tmp/e2t_f_sw3_2.00_PFmin.sol.json,results/tmp/e2/f_sw3_t2.00_loose.dzn,True,True,,
results/tmp/e2t_f_sw3_2.00_SL.sol.json,results/tmp/e2/f_sw3_t2.00_loose.dzn,True,True,,
results/tmp/e2t_f_sw3_2.00_SL_step1.sol.json,results/tmp/e2/f_sw3_t2.00_nopat.dzn,True,True,,
results/tmp/e2t_f_sw3_2.00_joint.sol.json,results/tmp/e2/f_sw3_t2.00_loose.dzn,True,True,,
results/tmp/e2t_f_sw3_min_period.sol.json,results/tmp/e2/f_sw3.dzn,True,True,,
results/tmp/e2t_p_rasta_1.00_NP.sol.json,results/tmp/e2/p_rasta_t1.00_nopromo.dzn,True,True,,
results/tmp/e2t_p_rasta_1.00_PFcheap.sol.json,results/tmp/e2/p_rasta_t1.00_loose.dzn,True,True,,
results/tmp/e2t_p_rasta_1.00_PFlight.sol.json,results/tmp/e2/p_rasta_t1.00_loose.dzn,True,True,,
results/tmp/e2t_p_rasta_1.00_PFmax.sol.json,results/tmp/e2/p_rasta_t1.00_loose.dzn,True,True,,
results/tmp/e2t_p_rasta_1.00_PFmin.sol.json,results/tmp/e2/p_rasta_t1.00_loose.dzn,True,True,,
results/tmp/e2t_p_rasta_1.00_SL.sol.json,results/tmp/e2/p_rasta_t1.00_loose.dzn,True,True,,
results/tmp/e2t_p_rasta_1.00_SL_step1.sol.json,results/tmp/e2/p_rasta_t1.00_nopat.dzn,True,True,,
results/tmp/e2t_p_rasta_1.00_joint.sol.json,results/tmp/e2/p_rasta_t1.00_loose.dzn,True,True,,
results/tmp/e2t_p_rasta_1.10_NP.sol.json,results/tmp/e2/p_rasta_t1.10_nopromo.dzn,True,True,,
results/tmp/e2t_p_rasta_1.10_PFcheap.sol.json,results/tmp/e2/p_rasta_t1.10_loose.dzn,True,True,,
results/tmp/e2t_p_rasta_1.10_PFlight.sol.json,results/tmp/e2/p_rasta_t1.10_loose.dzn,True,True,,
results/tmp/e2t_p_rasta_1.10_PFmax.sol.json,results/tmp/e2/p_rasta_t1.10_loose.dzn,True,True,,
results/tmp/e2t_p_rasta_1.10_PFmin.sol.json,results/tmp/e2/p_rasta_t1.10_loose.dzn,True,True,,
results/tmp/e2t_p_rasta_1.10_SL.sol.json,results/tmp/e2/p_rasta_t1.10_loose.dzn,True,True,,
results/tmp/e2t_p_rasta_1.10_SL_step1.sol.json,results/tmp/e2/p_rasta_t1.10_nopat.dzn,True,True,,
results/tmp/e2t_p_rasta_1.10_joint.sol.json,results/tmp/e2/p_rasta_t1.10_loose.dzn,True,True,,
results/tmp/e2t_p_rasta_1.25_NP.sol.json,results/tmp/e2/p_rasta_t1.25_nopromo.dzn,True,True,,
results/tmp/e2t_p_rasta_1.25_PFcheap.sol.json,results/tmp/e2/p_rasta_t1.25_loose.dzn,True,True,,
results/tmp/e2t_p_rasta_1.25_PFlight.sol.json,results/tmp/e2/p_rasta_t1.25_loose.dzn,True,True,,
results/tmp/e2t_p_rasta_1.25_PFmax.sol.json,results/tmp/e2/p_rasta_t1.25_loose.dzn,True,True,,
results/tmp/e2t_p_rasta_1.25_PFmin.sol.json,results/tmp/e2/p_rasta_t1.25_loose.dzn,True,True,,
results/tmp/e2t_p_rasta_1.25_SL.sol.json,results/tmp/e2/p_rasta_t1.25_loose.dzn,True,True,,
results/tmp/e2t_p_rasta_1.25_SL_step1.sol.json,results/tmp/e2/p_rasta_t1.25_nopat.dzn,True,True,,
results/tmp/e2t_p_rasta_1.25_joint.sol.json,results/tmp/e2/p_rasta_t1.25_loose.dzn,True,True,,
results/tmp/e2t_p_rasta_1.50_NP.sol.json,results/tmp/e2/p_rasta_t1.50_nopromo.dzn,True,True,,
results/tmp/e2t_p_rasta_1.50_PFcheap.sol.json,results/tmp/e2/p_rasta_t1.50_loose.dzn,True,True,,
results/tmp/e2t_p_rasta_1.50_PFlight.sol.json,results/tmp/e2/p_rasta_t1.50_loose.dzn,True,True,,
results/tmp/e2t_p_rasta_1.50_PFmax.sol.json,results/tmp/e2/p_rasta_t1.50_loose.dzn,True,True,,
results/tmp/e2t_p_rasta_1.50_PFmin.sol.json,results/tmp/e2/p_rasta_t1.50_loose.dzn,True,True,,
results/tmp/e2t_p_rasta_1.50_SL.sol.json,results/tmp/e2/p_rasta_t1.50_loose.dzn,True,True,,
results/tmp/e2t_p_rasta_1.50_SL_step1.sol.json,results/tmp/e2/p_rasta_t1.50_nopat.dzn,True,True,,
results/tmp/e2t_p_rasta_1.50_joint.sol.json,results/tmp/e2/p_rasta_t1.50_loose.dzn,True,True,,
results/tmp/e2t_p_rasta_2.00_NP.sol.json,results/tmp/e2/p_rasta_t2.00_nopromo.dzn,True,True,,
results/tmp/e2t_p_rasta_2.00_PFcheap.sol.json,results/tmp/e2/p_rasta_t2.00_loose.dzn,True,True,,
results/tmp/e2t_p_rasta_2.00_PFlight.sol.json,results/tmp/e2/p_rasta_t2.00_loose.dzn,True,True,,
results/tmp/e2t_p_rasta_2.00_PFmax.sol.json,results/tmp/e2/p_rasta_t2.00_loose.dzn,True,True,,
results/tmp/e2t_p_rasta_2.00_PFmin.sol.json,results/tmp/e2/p_rasta_t2.00_loose.dzn,True,True,,
results/tmp/e2t_p_rasta_2.00_SL.sol.json,results/tmp/e2/p_rasta_t2.00_loose.dzn,True,True,,
results/tmp/e2t_p_rasta_2.00_SL_step1.sol.json,results/tmp/e2/p_rasta_t2.00_nopat.dzn,True,True,,
results/tmp/e2t_p_rasta_2.00_joint.sol.json,results/tmp/e2/p_rasta_t2.00_loose.dzn,True,True,,
results/tmp/e2t_p_rasta_min_period.sol.json,results/tmp/e2/p_rasta.dzn,True,True,,
results/tmp/e2t_pc_sobel_1.00_NP.sol.json,results/tmp/e2/pc_sobel_t1.00_nopromo.dzn,True,True,,
results/tmp/e2t_pc_sobel_1.00_PFcheap.sol.json,results/tmp/e2/pc_sobel_t1.00_loose.dzn,True,True,,
results/tmp/e2t_pc_sobel_1.00_PFlight.sol.json,results/tmp/e2/pc_sobel_t1.00_loose.dzn,True,True,,
results/tmp/e2t_pc_sobel_1.00_PFmax.sol.json,results/tmp/e2/pc_sobel_t1.00_loose.dzn,True,True,,
results/tmp/e2t_pc_sobel_1.00_PFmin.sol.json,results/tmp/e2/pc_sobel_t1.00_loose.dzn,True,True,,
results/tmp/e2t_pc_sobel_1.00_SL.sol.json,results/tmp/e2/pc_sobel_t1.00_loose.dzn,True,True,,
results/tmp/e2t_pc_sobel_1.00_SL_step1.sol.json,results/tmp/e2/pc_sobel_t1.00_nopat.dzn,True,True,,
results/tmp/e2t_pc_sobel_1.00_joint.sol.json,results/tmp/e2/pc_sobel_t1.00_loose.dzn,True,True,,
results/tmp/e2t_pc_sobel_1.10_NP.sol.json,results/tmp/e2/pc_sobel_t1.10_nopromo.dzn,True,True,,
results/tmp/e2t_pc_sobel_1.10_PFcheap.sol.json,results/tmp/e2/pc_sobel_t1.10_loose.dzn,True,True,,
results/tmp/e2t_pc_sobel_1.10_PFlight.sol.json,results/tmp/e2/pc_sobel_t1.10_loose.dzn,True,True,,
results/tmp/e2t_pc_sobel_1.10_PFmax.sol.json,results/tmp/e2/pc_sobel_t1.10_loose.dzn,True,True,,
results/tmp/e2t_pc_sobel_1.10_PFmin.sol.json,results/tmp/e2/pc_sobel_t1.10_loose.dzn,True,True,,
results/tmp/e2t_pc_sobel_1.10_SL.sol.json,results/tmp/e2/pc_sobel_t1.10_loose.dzn,True,True,,
results/tmp/e2t_pc_sobel_1.10_SL_step1.sol.json,results/tmp/e2/pc_sobel_t1.10_nopat.dzn,True,True,,
results/tmp/e2t_pc_sobel_1.10_joint.sol.json,results/tmp/e2/pc_sobel_t1.10_loose.dzn,True,True,,
results/tmp/e2t_pc_sobel_1.25_NP.sol.json,results/tmp/e2/pc_sobel_t1.25_nopromo.dzn,True,True,,
results/tmp/e2t_pc_sobel_1.25_PFcheap.sol.json,results/tmp/e2/pc_sobel_t1.25_loose.dzn,True,True,,
results/tmp/e2t_pc_sobel_1.25_PFlight.sol.json,results/tmp/e2/pc_sobel_t1.25_loose.dzn,True,True,,
results/tmp/e2t_pc_sobel_1.25_PFmax.sol.json,results/tmp/e2/pc_sobel_t1.25_loose.dzn,True,True,,
results/tmp/e2t_pc_sobel_1.25_PFmin.sol.json,results/tmp/e2/pc_sobel_t1.25_loose.dzn,True,True,,
results/tmp/e2t_pc_sobel_1.25_SL.sol.json,results/tmp/e2/pc_sobel_t1.25_loose.dzn,True,True,,
results/tmp/e2t_pc_sobel_1.25_SL_step1.sol.json,results/tmp/e2/pc_sobel_t1.25_nopat.dzn,True,True,,
results/tmp/e2t_pc_sobel_1.25_joint.sol.json,results/tmp/e2/pc_sobel_t1.25_loose.dzn,True,True,,
results/tmp/e2t_pc_sobel_1.50_NP.sol.json,results/tmp/e2/pc_sobel_t1.50_nopromo.dzn,True,True,,
results/tmp/e2t_pc_sobel_1.50_PFcheap.sol.json,results/tmp/e2/pc_sobel_t1.50_loose.dzn,True,True,,
results/tmp/e2t_pc_sobel_1.50_PFlight.sol.json,results/tmp/e2/pc_sobel_t1.50_loose.dzn,True,True,,
results/tmp/e2t_pc_sobel_1.50_SL.sol.json,results/tmp/e2/pc_sobel_t1.50_loose.dzn,True,True,,
results/tmp/e2t_pc_sobel_1.50_SL_step1.sol.json,results/tmp/e2/pc_sobel_t1.50_nopat.dzn,True,True,,
results/tmp/e2t_pc_sobel_1.50_joint.sol.json,results/tmp/e2/pc_sobel_t1.50_loose.dzn,True,True,,
results/tmp/e2t_pc_sobel_2.00_NP.sol.json,results/tmp/e2/pc_sobel_t2.00_nopromo.dzn,True,True,,
results/tmp/e2t_pc_sobel_2.00_PFcheap.sol.json,results/tmp/e2/pc_sobel_t2.00_loose.dzn,True,True,,
results/tmp/e2t_pc_sobel_2.00_PFlight.sol.json,results/tmp/e2/pc_sobel_t2.00_loose.dzn,True,True,,
results/tmp/e2t_pc_sobel_2.00_PFmax.sol.json,results/tmp/e2/pc_sobel_t2.00_loose.dzn,True,True,,
results/tmp/e2t_pc_sobel_2.00_PFmin.sol.json,results/tmp/e2/pc_sobel_t2.00_loose.dzn,True,True,,
results/tmp/e2t_pc_sobel_2.00_SL.sol.json,results/tmp/e2/pc_sobel_t2.00_loose.dzn,True,True,,
results/tmp/e2t_pc_sobel_2.00_SL_step1.sol.json,results/tmp/e2/pc_sobel_t2.00_nopat.dzn,True,True,,
results/tmp/e2t_pc_sobel_2.00_joint.sol.json,results/tmp/e2/pc_sobel_t2.00_loose.dzn,True,True,,
results/tmp/e2t_pc_sobel_min_period.sol.json,results/tmp/e2/pc_sobel_loose.dzn,True,True,,
results/tmp/e2t_v_nvp_1.00_NP.sol.json,results/tmp/e2/v_nvp_t1.00_nopromo.dzn,True,True,,
results/tmp/e2t_v_nvp_1.00_PFcheap.sol.json,results/tmp/e2/v_nvp_t1.00_loose.dzn,True,True,,
results/tmp/e2t_v_nvp_1.00_PFlight.sol.json,results/tmp/e2/v_nvp_t1.00_loose.dzn,True,True,,
results/tmp/e2t_v_nvp_1.00_PFmax.sol.json,results/tmp/e2/v_nvp_t1.00_loose.dzn,True,True,,
results/tmp/e2t_v_nvp_1.00_PFmin.sol.json,results/tmp/e2/v_nvp_t1.00_loose.dzn,True,True,,
results/tmp/e2t_v_nvp_1.00_SL.sol.json,results/tmp/e2/v_nvp_t1.00_loose.dzn,True,True,,
results/tmp/e2t_v_nvp_1.00_SL_step1.sol.json,results/tmp/e2/v_nvp_t1.00_nopat.dzn,True,True,,
results/tmp/e2t_v_nvp_1.00_joint.sol.json,results/tmp/e2/v_nvp_t1.00_loose.dzn,True,True,,
results/tmp/e2t_v_nvp_1.10_NP.sol.json,results/tmp/e2/v_nvp_t1.10_nopromo.dzn,True,True,,
results/tmp/e2t_v_nvp_1.10_PFcheap.sol.json,results/tmp/e2/v_nvp_t1.10_loose.dzn,True,True,,
results/tmp/e2t_v_nvp_1.10_PFlight.sol.json,results/tmp/e2/v_nvp_t1.10_loose.dzn,True,True,,
results/tmp/e2t_v_nvp_1.10_PFmax.sol.json,results/tmp/e2/v_nvp_t1.10_loose.dzn,True,True,,
results/tmp/e2t_v_nvp_1.10_PFmin.sol.json,results/tmp/e2/v_nvp_t1.10_loose.dzn,True,True,,
results/tmp/e2t_v_nvp_1.10_SL.sol.json,results/tmp/e2/v_nvp_t1.10_loose.dzn,True,True,,
results/tmp/e2t_v_nvp_1.10_SL_step1.sol.json,results/tmp/e2/v_nvp_t1.10_nopat.dzn,True,True,,
results/tmp/e2t_v_nvp_1.10_joint.sol.json,results/tmp/e2/v_nvp_t1.10_loose.dzn,True,True,,
results/tmp/e2t_v_nvp_1.25_NP.sol.json,results/tmp/e2/v_nvp_t1.25_nopromo.dzn,True,True,,
results/tmp/e2t_v_nvp_1.25_PFcheap.sol.json,results/tmp/e2/v_nvp_t1.25_loose.dzn,True,True,,
results/tmp/e2t_v_nvp_1.25_PFlight.sol.json,results/tmp/e2/v_nvp_t1.25_loose.dzn,True,True,,
results/tmp/e2t_v_nvp_1.25_PFmax.sol.json,results/tmp/e2/v_nvp_t1.25_loose.dzn,True,True,,
results/tmp/e2t_v_nvp_1.25_PFmin.sol.json,results/tmp/e2/v_nvp_t1.25_loose.dzn,True,True,,
results/tmp/e2t_v_nvp_1.25_SL.sol.json,results/tmp/e2/v_nvp_t1.25_loose.dzn,True,True,,
results/tmp/e2t_v_nvp_1.25_SL_step1.sol.json,results/tmp/e2/v_nvp_t1.25_nopat.dzn,True,True,,
results/tmp/e2t_v_nvp_1.25_joint.sol.json,results/tmp/e2/v_nvp_t1.25_loose.dzn,True,True,,
results/tmp/e2t_v_nvp_1.50_NP.sol.json,results/tmp/e2/v_nvp_t1.50_nopromo.dzn,True,True,,
results/tmp/e2t_v_nvp_1.50_PFcheap.sol.json,results/tmp/e2/v_nvp_t1.50_loose.dzn,True,True,,
results/tmp/e2t_v_nvp_1.50_PFlight.sol.json,results/tmp/e2/v_nvp_t1.50_loose.dzn,True,True,,
results/tmp/e2t_v_nvp_1.50_PFmax.sol.json,results/tmp/e2/v_nvp_t1.50_loose.dzn,True,True,,
results/tmp/e2t_v_nvp_1.50_PFmin.sol.json,results/tmp/e2/v_nvp_t1.50_loose.dzn,True,True,,
results/tmp/e2t_v_nvp_1.50_SL.sol.json,results/tmp/e2/v_nvp_t1.50_loose.dzn,True,True,,
results/tmp/e2t_v_nvp_1.50_SL_step1.sol.json,results/tmp/e2/v_nvp_t1.50_nopat.dzn,True,True,,
results/tmp/e2t_v_nvp_1.50_joint.sol.json,results/tmp/e2/v_nvp_t1.50_loose.dzn,True,True,,
results/tmp/e2t_v_nvp_2.00_NP.sol.json,results/tmp/e2/v_nvp_t2.00_nopromo.dzn,True,True,,
results/tmp/e2t_v_nvp_2.00_PFcheap.sol.json,results/tmp/e2/v_nvp_t2.00_loose.dzn,True,True,,
results/tmp/e2t_v_nvp_2.00_PFlight.sol.json,results/tmp/e2/v_nvp_t2.00_loose.dzn,True,True,,
results/tmp/e2t_v_nvp_2.00_PFmax.sol.json,results/tmp/e2/v_nvp_t2.00_loose.dzn,True,True,,
results/tmp/e2t_v_nvp_2.00_PFmin.sol.json,results/tmp/e2/v_nvp_t2.00_loose.dzn,True,True,,
results/tmp/e2t_v_nvp_2.00_SL.sol.json,results/tmp/e2/v_nvp_t2.00_loose.dzn,True,True,,
results/tmp/e2t_v_nvp_2.00_SL_step1.sol.json,results/tmp/e2/v_nvp_t2.00_nopat.dzn,True,True,,
results/tmp/e2t_v_nvp_2.00_joint.sol.json,results/tmp/e2/v_nvp_t2.00_loose.dzn,True,True,,
results/tmp/e2t_v_nvp_min_period.sol.json,results/tmp/e2/v_nvp.dzn,True,True,,
results/tmp/e2thr_base_c_pat_NP.sol.json,results/tmp/e2/c_pat_nopromo.dzn,True,True,,
results/tmp/e2thr_base_c_pat_PFcheap.sol.json,results/tmp/e2/c_pat.dzn,True,True,,
results/tmp/e2thr_base_c_pat_PFlight.sol.json,results/tmp/e2/c_pat.dzn,True,True,,
results/tmp/e2thr_base_c_pat_PFmax.sol.json,results/tmp/e2/c_pat.dzn,True,True,,
results/tmp/e2thr_base_c_pat_PFmin.sol.json,results/tmp/e2/c_pat.dzn,True,True,,
results/tmp/e2thr_base_c_pat_SL.sol.json,results/tmp/e2/c_pat.dzn,True,True,,
results/tmp/e2thr_base_c_pat_SL_step1.sol.json,results/tmp/e2/c_pat_nopat.dzn,True,True,,
results/tmp/e2thr_base_c_pat_joint.sol.json,results/tmp/e2/c_pat.dzn,True,True,,
results/tmp/e2thr_base_d_random_hw_NP.sol.json,results/tmp/e2/d_random_hw_nopromo.dzn,True,True,,
results/tmp/e2thr_base_d_random_hw_PFcheap.sol.json,results/tmp/e2/d_random_hw.dzn,True,True,,
results/tmp/e2thr_base_d_random_hw_PFlight.sol.json,results/tmp/e2/d_random_hw.dzn,True,True,,
results/tmp/e2thr_base_d_random_hw_PFmax.sol.json,results/tmp/e2/d_random_hw.dzn,True,True,,
results/tmp/e2thr_base_d_random_hw_PFmin.sol.json,results/tmp/e2/d_random_hw.dzn,True,True,,
results/tmp/e2thr_base_d_random_hw_SL.sol.json,results/tmp/e2/d_random_hw.dzn,True,True,,
results/tmp/e2thr_base_d_random_hw_SL_step1.sol.json,results/tmp/e2/d_random_hw_nopat.dzn,True,True,,
results/tmp/e2thr_base_d_random_hw_joint.sol.json,results/tmp/e2/d_random_hw.dzn,True,True,,
results/tmp/e2thr_base_d_systematic_sw_NP.sol.json,results/tmp/e2/d_systematic_sw_nopromo.dzn,True,True,,
results/tmp/e2thr_base_d_systematic_sw_PFcheap.sol.json,results/tmp/e2/d_systematic_sw.dzn,True,True,,
results/tmp/e2thr_base_d_systematic_sw_PFlight.sol.json,results/tmp/e2/d_systematic_sw.dzn,True,True,,
results/tmp/e2thr_base_d_systematic_sw_PFmax.sol.json,results/tmp/e2/d_systematic_sw.dzn,True,True,,
results/tmp/e2thr_base_d_systematic_sw_PFmin.sol.json,results/tmp/e2/d_systematic_sw.dzn,True,True,,
results/tmp/e2thr_base_d_systematic_sw_SL.sol.json,results/tmp/e2/d_systematic_sw.dzn,True,True,,
results/tmp/e2thr_base_d_systematic_sw_SL_step1.sol.json,results/tmp/e2/d_systematic_sw_nopat.dzn,True,True,,
results/tmp/e2thr_base_d_systematic_sw_joint.sol.json,results/tmp/e2/d_systematic_sw.dzn,True,True,,
results/tmp/e2thr_base_f_both3_NP.sol.json,results/tmp/e2/f_both3_nopromo.dzn,True,True,,
results/tmp/e2thr_base_f_both3_PFcheap.sol.json,results/tmp/e2/f_both3.dzn,True,True,,
results/tmp/e2thr_base_f_both3_PFlight.sol.json,results/tmp/e2/f_both3.dzn,True,True,,
results/tmp/e2thr_base_f_both3_PFmax.sol.json,results/tmp/e2/f_both3.dzn,True,True,,
results/tmp/e2thr_base_f_both3_PFmin.sol.json,results/tmp/e2/f_both3.dzn,True,True,,
results/tmp/e2thr_base_f_both3_SL.sol.json,results/tmp/e2/f_both3.dzn,True,True,,
results/tmp/e2thr_base_f_both3_SL_step1.sol.json,results/tmp/e2/f_both3_nopat.dzn,True,True,,
results/tmp/e2thr_base_f_both3_joint.sol.json,results/tmp/e2/f_both3.dzn,True,True,,
results/tmp/e2thr_base_f_random_hw_NP.sol.json,results/tmp/e2/f_random_hw_nopromo.dzn,True,True,,
results/tmp/e2thr_base_f_random_hw_PFcheap.sol.json,results/tmp/e2/f_random_hw.dzn,True,True,,
results/tmp/e2thr_base_f_random_hw_PFlight.sol.json,results/tmp/e2/f_random_hw.dzn,True,True,,
results/tmp/e2thr_base_f_random_hw_PFmax.sol.json,results/tmp/e2/f_random_hw.dzn,True,True,,
results/tmp/e2thr_base_f_random_hw_PFmin.sol.json,results/tmp/e2/f_random_hw.dzn,True,True,,
results/tmp/e2thr_base_f_random_hw_SL.sol.json,results/tmp/e2/f_random_hw.dzn,True,True,,
results/tmp/e2thr_base_f_random_hw_SL_step1.sol.json,results/tmp/e2/f_random_hw_nopat.dzn,True,True,,
results/tmp/e2thr_base_f_random_hw_joint.sol.json,results/tmp/e2/f_random_hw.dzn,True,True,,
results/tmp/e2thr_base_f_sw3_NP.sol.json,results/tmp/e2/f_sw3_nopromo.dzn,True,True,,
results/tmp/e2thr_base_f_sw3_PFcheap.sol.json,results/tmp/e2/f_sw3.dzn,True,True,,
results/tmp/e2thr_base_f_sw3_PFlight.sol.json,results/tmp/e2/f_sw3.dzn,True,True,,
results/tmp/e2thr_base_f_sw3_PFmax.sol.json,results/tmp/e2/f_sw3.dzn,True,True,,
results/tmp/e2thr_base_f_sw3_PFmin.sol.json,results/tmp/e2/f_sw3.dzn,True,True,,
results/tmp/e2thr_base_f_sw3_SL.sol.json,results/tmp/e2/f_sw3.dzn,True,True,,
results/tmp/e2thr_base_f_sw3_SL_step1.sol.json,results/tmp/e2/f_sw3_nopat.dzn,True,True,,
results/tmp/e2thr_base_f_sw3_joint.sol.json,results/tmp/e2/f_sw3.dzn,True,True,,
results/tmp/e2thr_base_p_rasta_NP.sol.json,results/tmp/e2/p_rasta_nopromo.dzn,True,True,,
results/tmp/e2thr_base_p_rasta_PFcheap.sol.json,results/tmp/e2/p_rasta.dzn,True,True,,
results/tmp/e2thr_base_p_rasta_PFlight.sol.json,results/tmp/e2/p_rasta.dzn,True,True,,
results/tmp/e2thr_base_p_rasta_PFmax.sol.json,results/tmp/e2/p_rasta.dzn,True,True,,
results/tmp/e2thr_base_p_rasta_PFmin.sol.json,results/tmp/e2/p_rasta.dzn,True,True,,
results/tmp/e2thr_base_p_rasta_SL.sol.json,results/tmp/e2/p_rasta.dzn,True,True,,
results/tmp/e2thr_base_p_rasta_SL_step1.sol.json,results/tmp/e2/p_rasta_nopat.dzn,True,True,,
results/tmp/e2thr_base_p_rasta_joint.sol.json,results/tmp/e2/p_rasta.dzn,True,True,,
results/tmp/e2thr_base_pc_sobel_NP.sol.json,results/tmp/e2/pc_sobel_nopromo.dzn,True,True,,
results/tmp/e2thr_base_pc_sobel_PFcheap.sol.json,results/tmp/e2/pc_sobel_loose.dzn,True,True,,
results/tmp/e2thr_base_pc_sobel_PFlight.sol.json,results/tmp/e2/pc_sobel_loose.dzn,True,True,,
results/tmp/e2thr_base_pc_sobel_PFmax.sol.json,results/tmp/e2/pc_sobel_loose.dzn,True,True,,
results/tmp/e2thr_base_pc_sobel_PFmin.sol.json,results/tmp/e2/pc_sobel_loose.dzn,True,True,,
results/tmp/e2thr_base_pc_sobel_SL.sol.json,results/tmp/e2/pc_sobel_loose.dzn,True,True,,
results/tmp/e2thr_base_pc_sobel_SL_step1.sol.json,results/tmp/e2/pc_sobel_nopat.dzn,True,True,,
results/tmp/e2thr_base_pc_sobel_joint.sol.json,results/tmp/e2/pc_sobel_loose.dzn,True,True,,
results/tmp/e2thr_base_v_nvp_NP.sol.json,results/tmp/e2/v_nvp_nopromo.dzn,True,True,,
results/tmp/e2thr_base_v_nvp_PFcheap.sol.json,results/tmp/e2/v_nvp.dzn,True,True,,
results/tmp/e2thr_base_v_nvp_PFlight.sol.json,results/tmp/e2/v_nvp.dzn,True,True,,
results/tmp/e2thr_base_v_nvp_PFmax.sol.json,results/tmp/e2/v_nvp.dzn,True,True,,
results/tmp/e2thr_base_v_nvp_PFmin.sol.json,results/tmp/e2/v_nvp.dzn,True,True,,
results/tmp/e2thr_base_v_nvp_SL.sol.json,results/tmp/e2/v_nvp.dzn,True,True,,
results/tmp/e2thr_base_v_nvp_SL_step1.sol.json,results/tmp/e2/v_nvp_nopat.dzn,True,True,,
results/tmp/e2thr_base_v_nvp_joint.sol.json,results/tmp/e2/v_nvp.dzn,True,True,,
results/tmp/e2thr_chk10_c_pat_NP.sol.json,results/tmp/e2/c_pat_chk10_nopromo.dzn,True,True,,
results/tmp/e2thr_chk10_c_pat_PFcheap.sol.json,results/tmp/e2/c_pat_chk10.dzn,True,True,,
results/tmp/e2thr_chk10_c_pat_PFlight.sol.json,results/tmp/e2/c_pat_chk10.dzn,True,True,,
results/tmp/e2thr_chk10_c_pat_PFmax.sol.json,results/tmp/e2/c_pat_chk10.dzn,True,True,,
results/tmp/e2thr_chk10_c_pat_PFmin.sol.json,results/tmp/e2/c_pat_chk10.dzn,True,True,,
results/tmp/e2thr_chk10_c_pat_SL.sol.json,results/tmp/e2/c_pat_chk10.dzn,True,True,,
results/tmp/e2thr_chk10_c_pat_SL_step1.sol.json,results/tmp/e2/c_pat_chk10_nopat.dzn,True,True,,
results/tmp/e2thr_chk10_c_pat_joint.sol.json,results/tmp/e2/c_pat_chk10.dzn,True,True,,
results/tmp/e2thr_chk10_d_random_hw_NP.sol.json,results/tmp/e2/d_random_hw_chk10_nopromo.dzn,True,True,,
results/tmp/e2thr_chk10_d_random_hw_PFcheap.sol.json,results/tmp/e2/d_random_hw_chk10.dzn,True,True,,
results/tmp/e2thr_chk10_d_random_hw_PFlight.sol.json,results/tmp/e2/d_random_hw_chk10.dzn,True,True,,
results/tmp/e2thr_chk10_d_random_hw_PFmax.sol.json,results/tmp/e2/d_random_hw_chk10.dzn,True,True,,
results/tmp/e2thr_chk10_d_random_hw_PFmin.sol.json,results/tmp/e2/d_random_hw_chk10.dzn,True,True,,
results/tmp/e2thr_chk10_d_random_hw_SL.sol.json,results/tmp/e2/d_random_hw_chk10.dzn,True,True,,
results/tmp/e2thr_chk10_d_random_hw_SL_step1.sol.json,results/tmp/e2/d_random_hw_chk10_nopat.dzn,True,True,,
results/tmp/e2thr_chk10_d_random_hw_joint.sol.json,results/tmp/e2/d_random_hw_chk10.dzn,True,True,,
results/tmp/e2thr_chk10_d_systematic_sw_NP.sol.json,results/tmp/e2/d_systematic_sw_chk10_nopromo.dzn,True,True,,
results/tmp/e2thr_chk10_d_systematic_sw_PFcheap.sol.json,results/tmp/e2/d_systematic_sw_chk10.dzn,True,True,,
results/tmp/e2thr_chk10_d_systematic_sw_PFlight.sol.json,results/tmp/e2/d_systematic_sw_chk10.dzn,True,True,,
results/tmp/e2thr_chk10_d_systematic_sw_PFmax.sol.json,results/tmp/e2/d_systematic_sw_chk10.dzn,True,True,,
results/tmp/e2thr_chk10_d_systematic_sw_PFmin.sol.json,results/tmp/e2/d_systematic_sw_chk10.dzn,True,True,,
results/tmp/e2thr_chk10_d_systematic_sw_SL.sol.json,results/tmp/e2/d_systematic_sw_chk10.dzn,True,True,,
results/tmp/e2thr_chk10_d_systematic_sw_SL_step1.sol.json,results/tmp/e2/d_systematic_sw_chk10_nopat.dzn,True,True,,
results/tmp/e2thr_chk10_d_systematic_sw_joint.sol.json,results/tmp/e2/d_systematic_sw_chk10.dzn,True,True,,
results/tmp/e2thr_chk10_f_both3_NP.sol.json,results/tmp/e2/f_both3_chk10_nopromo.dzn,True,True,,
results/tmp/e2thr_chk10_f_both3_PFcheap.sol.json,results/tmp/e2/f_both3_chk10.dzn,True,True,,
results/tmp/e2thr_chk10_f_both3_PFlight.sol.json,results/tmp/e2/f_both3_chk10.dzn,True,True,,
results/tmp/e2thr_chk10_f_both3_PFmax.sol.json,results/tmp/e2/f_both3_chk10.dzn,True,True,,
results/tmp/e2thr_chk10_f_both3_PFmin.sol.json,results/tmp/e2/f_both3_chk10.dzn,True,True,,
results/tmp/e2thr_chk10_f_both3_SL.sol.json,results/tmp/e2/f_both3_chk10.dzn,True,True,,
results/tmp/e2thr_chk10_f_both3_SL_step1.sol.json,results/tmp/e2/f_both3_chk10_nopat.dzn,True,True,,
results/tmp/e2thr_chk10_f_both3_joint.sol.json,results/tmp/e2/f_both3_chk10.dzn,True,True,,
results/tmp/e2thr_chk10_f_random_hw_NP.sol.json,results/tmp/e2/f_random_hw_chk10_nopromo.dzn,True,True,,
results/tmp/e2thr_chk10_f_random_hw_PFcheap.sol.json,results/tmp/e2/f_random_hw_chk10.dzn,True,True,,
results/tmp/e2thr_chk10_f_random_hw_PFlight.sol.json,results/tmp/e2/f_random_hw_chk10.dzn,True,True,,
results/tmp/e2thr_chk10_f_random_hw_PFmax.sol.json,results/tmp/e2/f_random_hw_chk10.dzn,True,True,,
results/tmp/e2thr_chk10_f_random_hw_PFmin.sol.json,results/tmp/e2/f_random_hw_chk10.dzn,True,True,,
results/tmp/e2thr_chk10_f_random_hw_SL.sol.json,results/tmp/e2/f_random_hw_chk10.dzn,True,True,,
results/tmp/e2thr_chk10_f_random_hw_SL_step1.sol.json,results/tmp/e2/f_random_hw_chk10_nopat.dzn,True,True,,
results/tmp/e2thr_chk10_f_random_hw_joint.sol.json,results/tmp/e2/f_random_hw_chk10.dzn,True,True,,
results/tmp/e2thr_chk10_f_sw3_NP.sol.json,results/tmp/e2/f_sw3_chk10_nopromo.dzn,True,True,,
results/tmp/e2thr_chk10_f_sw3_PFcheap.sol.json,results/tmp/e2/f_sw3_chk10.dzn,True,True,,
results/tmp/e2thr_chk10_f_sw3_PFlight.sol.json,results/tmp/e2/f_sw3_chk10.dzn,True,True,,
results/tmp/e2thr_chk10_f_sw3_PFmax.sol.json,results/tmp/e2/f_sw3_chk10.dzn,True,True,,
results/tmp/e2thr_chk10_f_sw3_PFmin.sol.json,results/tmp/e2/f_sw3_chk10.dzn,True,True,,
results/tmp/e2thr_chk10_f_sw3_SL.sol.json,results/tmp/e2/f_sw3_chk10.dzn,True,True,,
results/tmp/e2thr_chk10_f_sw3_SL_step1.sol.json,results/tmp/e2/f_sw3_chk10_nopat.dzn,True,True,,
results/tmp/e2thr_chk10_f_sw3_joint.sol.json,results/tmp/e2/f_sw3_chk10.dzn,True,True,,
results/tmp/e2thr_chk10_p_rasta_NP.sol.json,results/tmp/e2/p_rasta_chk10_nopromo.dzn,True,True,,
results/tmp/e2thr_chk10_p_rasta_PFcheap.sol.json,results/tmp/e2/p_rasta_chk10.dzn,True,True,,
results/tmp/e2thr_chk10_p_rasta_PFlight.sol.json,results/tmp/e2/p_rasta_chk10.dzn,True,True,,
results/tmp/e2thr_chk10_p_rasta_PFmax.sol.json,results/tmp/e2/p_rasta_chk10.dzn,True,True,,
results/tmp/e2thr_chk10_p_rasta_PFmin.sol.json,results/tmp/e2/p_rasta_chk10.dzn,True,True,,
results/tmp/e2thr_chk10_p_rasta_SL.sol.json,results/tmp/e2/p_rasta_chk10.dzn,True,True,,
results/tmp/e2thr_chk10_p_rasta_SL_step1.sol.json,results/tmp/e2/p_rasta_chk10_nopat.dzn,True,True,,
results/tmp/e2thr_chk10_p_rasta_joint.sol.json,results/tmp/e2/p_rasta_chk10.dzn,True,True,,
results/tmp/e2thr_chk10_pc_sobel_NP.sol.json,results/tmp/e2/pc_sobel_chk10_nopromo.dzn,True,True,,
results/tmp/e2thr_chk10_pc_sobel_PFcheap.sol.json,results/tmp/e2/pc_sobel_chk10_loose.dzn,True,True,,
results/tmp/e2thr_chk10_pc_sobel_PFlight.sol.json,results/tmp/e2/pc_sobel_chk10_loose.dzn,True,True,,
results/tmp/e2thr_chk10_pc_sobel_PFmax.sol.json,results/tmp/e2/pc_sobel_chk10_loose.dzn,True,True,,
results/tmp/e2thr_chk10_pc_sobel_PFmin.sol.json,results/tmp/e2/pc_sobel_chk10_loose.dzn,True,True,,
results/tmp/e2thr_chk10_pc_sobel_SL.sol.json,results/tmp/e2/pc_sobel_chk10_loose.dzn,True,True,,
results/tmp/e2thr_chk10_pc_sobel_SL_step1.sol.json,results/tmp/e2/pc_sobel_chk10_nopat.dzn,True,True,,
results/tmp/e2thr_chk10_pc_sobel_joint.sol.json,results/tmp/e2/pc_sobel_chk10_loose.dzn,True,True,,
results/tmp/e2thr_chk10_v_nvp_NP.sol.json,results/tmp/e2/v_nvp_chk10_nopromo.dzn,True,True,,
results/tmp/e2thr_chk10_v_nvp_PFcheap.sol.json,results/tmp/e2/v_nvp_chk10.dzn,True,True,,
results/tmp/e2thr_chk10_v_nvp_PFlight.sol.json,results/tmp/e2/v_nvp_chk10.dzn,True,True,,
results/tmp/e2thr_chk10_v_nvp_PFmax.sol.json,results/tmp/e2/v_nvp_chk10.dzn,True,True,,
results/tmp/e2thr_chk10_v_nvp_PFmin.sol.json,results/tmp/e2/v_nvp_chk10.dzn,True,True,,
results/tmp/e2thr_chk10_v_nvp_SL.sol.json,results/tmp/e2/v_nvp_chk10.dzn,True,True,,
results/tmp/e2thr_chk10_v_nvp_SL_step1.sol.json,results/tmp/e2/v_nvp_chk10_nopat.dzn,True,True,,
results/tmp/e2thr_chk10_v_nvp_joint.sol.json,results/tmp/e2/v_nvp_chk10.dzn,True,True,,
results/tmp/e2thr_chk50_c_pat_NP.sol.json,results/tmp/e2/c_pat_chk50_nopromo.dzn,True,True,,
results/tmp/e2thr_chk50_c_pat_PFcheap.sol.json,results/tmp/e2/c_pat_chk50.dzn,True,True,,
results/tmp/e2thr_chk50_c_pat_PFlight.sol.json,results/tmp/e2/c_pat_chk50.dzn,True,True,,
results/tmp/e2thr_chk50_c_pat_PFmax.sol.json,results/tmp/e2/c_pat_chk50.dzn,True,True,,
results/tmp/e2thr_chk50_c_pat_PFmin.sol.json,results/tmp/e2/c_pat_chk50.dzn,True,True,,
results/tmp/e2thr_chk50_c_pat_SL.sol.json,results/tmp/e2/c_pat_chk50.dzn,True,True,,
results/tmp/e2thr_chk50_c_pat_SL_step1.sol.json,results/tmp/e2/c_pat_chk50_nopat.dzn,True,True,,
results/tmp/e2thr_chk50_c_pat_joint.sol.json,results/tmp/e2/c_pat_chk50.dzn,True,True,,
results/tmp/e2thr_chk50_d_random_hw_NP.sol.json,results/tmp/e2/d_random_hw_chk50_nopromo.dzn,True,True,,
results/tmp/e2thr_chk50_d_random_hw_PFcheap.sol.json,results/tmp/e2/d_random_hw_chk50.dzn,True,True,,
results/tmp/e2thr_chk50_d_random_hw_PFlight.sol.json,results/tmp/e2/d_random_hw_chk50.dzn,True,True,,
results/tmp/e2thr_chk50_d_random_hw_PFmax.sol.json,results/tmp/e2/d_random_hw_chk50.dzn,True,True,,
results/tmp/e2thr_chk50_d_random_hw_PFmin.sol.json,results/tmp/e2/d_random_hw_chk50.dzn,True,True,,
results/tmp/e2thr_chk50_d_random_hw_SL.sol.json,results/tmp/e2/d_random_hw_chk50.dzn,True,True,,
results/tmp/e2thr_chk50_d_random_hw_SL_step1.sol.json,results/tmp/e2/d_random_hw_chk50_nopat.dzn,True,True,,
results/tmp/e2thr_chk50_d_random_hw_joint.sol.json,results/tmp/e2/d_random_hw_chk50.dzn,True,True,,
results/tmp/e2thr_chk50_d_systematic_sw_NP.sol.json,results/tmp/e2/d_systematic_sw_chk50_nopromo.dzn,True,True,,
results/tmp/e2thr_chk50_d_systematic_sw_PFcheap.sol.json,results/tmp/e2/d_systematic_sw_chk50.dzn,True,True,,
results/tmp/e2thr_chk50_d_systematic_sw_PFlight.sol.json,results/tmp/e2/d_systematic_sw_chk50.dzn,True,True,,
results/tmp/e2thr_chk50_d_systematic_sw_PFmax.sol.json,results/tmp/e2/d_systematic_sw_chk50.dzn,True,True,,
results/tmp/e2thr_chk50_d_systematic_sw_PFmin.sol.json,results/tmp/e2/d_systematic_sw_chk50.dzn,True,True,,
results/tmp/e2thr_chk50_d_systematic_sw_SL.sol.json,results/tmp/e2/d_systematic_sw_chk50.dzn,True,True,,
results/tmp/e2thr_chk50_d_systematic_sw_SL_step1.sol.json,results/tmp/e2/d_systematic_sw_chk50_nopat.dzn,True,True,,
results/tmp/e2thr_chk50_d_systematic_sw_joint.sol.json,results/tmp/e2/d_systematic_sw_chk50.dzn,True,True,,
results/tmp/e2thr_chk50_f_both3_NP.sol.json,results/tmp/e2/f_both3_chk50_nopromo.dzn,True,True,,
results/tmp/e2thr_chk50_f_both3_PFcheap.sol.json,results/tmp/e2/f_both3_chk50.dzn,True,True,,
results/tmp/e2thr_chk50_f_both3_PFlight.sol.json,results/tmp/e2/f_both3_chk50.dzn,True,True,,
results/tmp/e2thr_chk50_f_both3_PFmax.sol.json,results/tmp/e2/f_both3_chk50.dzn,True,True,,
results/tmp/e2thr_chk50_f_both3_PFmin.sol.json,results/tmp/e2/f_both3_chk50.dzn,True,True,,
results/tmp/e2thr_chk50_f_both3_SL.sol.json,results/tmp/e2/f_both3_chk50.dzn,True,True,,
results/tmp/e2thr_chk50_f_both3_SL_step1.sol.json,results/tmp/e2/f_both3_chk50_nopat.dzn,True,True,,
results/tmp/e2thr_chk50_f_both3_joint.sol.json,results/tmp/e2/f_both3_chk50.dzn,True,True,,
results/tmp/e2thr_chk50_f_random_hw_NP.sol.json,results/tmp/e2/f_random_hw_chk50_nopromo.dzn,True,True,,
results/tmp/e2thr_chk50_f_random_hw_PFcheap.sol.json,results/tmp/e2/f_random_hw_chk50.dzn,True,True,,
results/tmp/e2thr_chk50_f_random_hw_PFlight.sol.json,results/tmp/e2/f_random_hw_chk50.dzn,True,True,,
results/tmp/e2thr_chk50_f_random_hw_PFmax.sol.json,results/tmp/e2/f_random_hw_chk50.dzn,True,True,,
results/tmp/e2thr_chk50_f_random_hw_PFmin.sol.json,results/tmp/e2/f_random_hw_chk50.dzn,True,True,,
results/tmp/e2thr_chk50_f_random_hw_SL.sol.json,results/tmp/e2/f_random_hw_chk50.dzn,True,True,,
results/tmp/e2thr_chk50_f_random_hw_SL_step1.sol.json,results/tmp/e2/f_random_hw_chk50_nopat.dzn,True,True,,
results/tmp/e2thr_chk50_f_random_hw_joint.sol.json,results/tmp/e2/f_random_hw_chk50.dzn,True,True,,
results/tmp/e2thr_chk50_f_sw3_NP.sol.json,results/tmp/e2/f_sw3_chk50_nopromo.dzn,True,True,,
results/tmp/e2thr_chk50_f_sw3_PFcheap.sol.json,results/tmp/e2/f_sw3_chk50.dzn,True,True,,
results/tmp/e2thr_chk50_f_sw3_PFlight.sol.json,results/tmp/e2/f_sw3_chk50.dzn,True,True,,
results/tmp/e2thr_chk50_f_sw3_PFmax.sol.json,results/tmp/e2/f_sw3_chk50.dzn,True,True,,
results/tmp/e2thr_chk50_f_sw3_PFmin.sol.json,results/tmp/e2/f_sw3_chk50.dzn,True,True,,
results/tmp/e2thr_chk50_f_sw3_SL.sol.json,results/tmp/e2/f_sw3_chk50.dzn,True,True,,
results/tmp/e2thr_chk50_f_sw3_SL_step1.sol.json,results/tmp/e2/f_sw3_chk50_nopat.dzn,True,True,,
results/tmp/e2thr_chk50_f_sw3_joint.sol.json,results/tmp/e2/f_sw3_chk50.dzn,True,True,,
results/tmp/e2thr_chk50_p_rasta_NP.sol.json,results/tmp/e2/p_rasta_chk50_nopromo.dzn,True,True,,
results/tmp/e2thr_chk50_p_rasta_PFcheap.sol.json,results/tmp/e2/p_rasta_chk50.dzn,True,True,,
results/tmp/e2thr_chk50_p_rasta_PFlight.sol.json,results/tmp/e2/p_rasta_chk50.dzn,True,True,,
results/tmp/e2thr_chk50_p_rasta_PFmax.sol.json,results/tmp/e2/p_rasta_chk50.dzn,True,True,,
results/tmp/e2thr_chk50_p_rasta_PFmin.sol.json,results/tmp/e2/p_rasta_chk50.dzn,True,True,,
results/tmp/e2thr_chk50_p_rasta_SL.sol.json,results/tmp/e2/p_rasta_chk50.dzn,True,True,,
results/tmp/e2thr_chk50_p_rasta_SL_step1.sol.json,results/tmp/e2/p_rasta_chk50_nopat.dzn,True,True,,
results/tmp/e2thr_chk50_p_rasta_joint.sol.json,results/tmp/e2/p_rasta_chk50.dzn,True,True,,
results/tmp/e2thr_chk50_pc_sobel_NP.sol.json,results/tmp/e2/pc_sobel_chk50_nopromo.dzn,True,True,,
results/tmp/e2thr_chk50_pc_sobel_PFcheap.sol.json,results/tmp/e2/pc_sobel_chk50_loose.dzn,True,True,,
results/tmp/e2thr_chk50_pc_sobel_PFlight.sol.json,results/tmp/e2/pc_sobel_chk50_loose.dzn,True,True,,
results/tmp/e2thr_chk50_pc_sobel_PFmax.sol.json,results/tmp/e2/pc_sobel_chk50_loose.dzn,True,True,,
results/tmp/e2thr_chk50_pc_sobel_PFmin.sol.json,results/tmp/e2/pc_sobel_chk50_loose.dzn,True,True,,
results/tmp/e2thr_chk50_pc_sobel_SL.sol.json,results/tmp/e2/pc_sobel_chk50_loose.dzn,True,True,,
results/tmp/e2thr_chk50_pc_sobel_SL_step1.sol.json,results/tmp/e2/pc_sobel_chk50_nopat.dzn,True,True,,
results/tmp/e2thr_chk50_pc_sobel_joint.sol.json,results/tmp/e2/pc_sobel_chk50_loose.dzn,True,True,,
results/tmp/e2thr_chk50_v_nvp_NP.sol.json,results/tmp/e2/v_nvp_chk50_nopromo.dzn,True,True,,
results/tmp/e2thr_chk50_v_nvp_PFcheap.sol.json,results/tmp/e2/v_nvp_chk50.dzn,True,True,,
results/tmp/e2thr_chk50_v_nvp_PFlight.sol.json,results/tmp/e2/v_nvp_chk50.dzn,True,True,,
results/tmp/e2thr_chk50_v_nvp_PFmax.sol.json,results/tmp/e2/v_nvp_chk50.dzn,True,True,,
results/tmp/e2thr_chk50_v_nvp_PFmin.sol.json,results/tmp/e2/v_nvp_chk50.dzn,True,True,,
results/tmp/e2thr_chk50_v_nvp_SL.sol.json,results/tmp/e2/v_nvp_chk50.dzn,True,True,,
results/tmp/e2thr_chk50_v_nvp_SL_step1.sol.json,results/tmp/e2/v_nvp_chk50_nopat.dzn,True,True,,
results/tmp/e2thr_chk50_v_nvp_joint.sol.json,results/tmp/e2/v_nvp_chk50.dzn,True,True,,
results/tmp/e2thr_tok2_c_pat_NP.sol.json,results/tmp/e2/c_pat_tok2_nopromo.dzn,True,True,,
results/tmp/e2thr_tok2_c_pat_PFcheap.sol.json,results/tmp/e2/c_pat_tok2.dzn,True,True,,
results/tmp/e2thr_tok2_c_pat_PFlight.sol.json,results/tmp/e2/c_pat_tok2.dzn,True,True,,
results/tmp/e2thr_tok2_c_pat_PFmax.sol.json,results/tmp/e2/c_pat_tok2.dzn,True,True,,
results/tmp/e2thr_tok2_c_pat_PFmin.sol.json,results/tmp/e2/c_pat_tok2.dzn,True,True,,
results/tmp/e2thr_tok2_c_pat_SL.sol.json,results/tmp/e2/c_pat_tok2.dzn,True,True,,
results/tmp/e2thr_tok2_c_pat_SL_step1.sol.json,results/tmp/e2/c_pat_tok2_nopat.dzn,True,True,,
results/tmp/e2thr_tok2_c_pat_joint.sol.json,results/tmp/e2/c_pat_tok2.dzn,True,True,,
results/tmp/e2thr_tok2_d_random_hw_NP.sol.json,results/tmp/e2/d_random_hw_tok2_nopromo.dzn,True,True,,
results/tmp/e2thr_tok2_d_random_hw_PFcheap.sol.json,results/tmp/e2/d_random_hw_tok2.dzn,True,True,,
results/tmp/e2thr_tok2_d_random_hw_PFlight.sol.json,results/tmp/e2/d_random_hw_tok2.dzn,True,True,,
results/tmp/e2thr_tok2_d_random_hw_PFmax.sol.json,results/tmp/e2/d_random_hw_tok2.dzn,True,True,,
results/tmp/e2thr_tok2_d_random_hw_PFmin.sol.json,results/tmp/e2/d_random_hw_tok2.dzn,True,True,,
results/tmp/e2thr_tok2_d_random_hw_SL.sol.json,results/tmp/e2/d_random_hw_tok2.dzn,True,True,,
results/tmp/e2thr_tok2_d_random_hw_SL_step1.sol.json,results/tmp/e2/d_random_hw_tok2_nopat.dzn,True,True,,
results/tmp/e2thr_tok2_d_random_hw_joint.sol.json,results/tmp/e2/d_random_hw_tok2.dzn,True,True,,
results/tmp/e2thr_tok2_d_systematic_sw_NP.sol.json,results/tmp/e2/d_systematic_sw_tok2_nopromo.dzn,True,True,,
results/tmp/e2thr_tok2_d_systematic_sw_PFcheap.sol.json,results/tmp/e2/d_systematic_sw_tok2.dzn,True,True,,
results/tmp/e2thr_tok2_d_systematic_sw_PFlight.sol.json,results/tmp/e2/d_systematic_sw_tok2.dzn,True,True,,
results/tmp/e2thr_tok2_d_systematic_sw_PFmax.sol.json,results/tmp/e2/d_systematic_sw_tok2.dzn,True,True,,
results/tmp/e2thr_tok2_d_systematic_sw_PFmin.sol.json,results/tmp/e2/d_systematic_sw_tok2.dzn,True,True,,
results/tmp/e2thr_tok2_d_systematic_sw_SL.sol.json,results/tmp/e2/d_systematic_sw_tok2.dzn,True,True,,
results/tmp/e2thr_tok2_d_systematic_sw_SL_step1.sol.json,results/tmp/e2/d_systematic_sw_tok2_nopat.dzn,True,True,,
results/tmp/e2thr_tok2_d_systematic_sw_joint.sol.json,results/tmp/e2/d_systematic_sw_tok2.dzn,True,True,,
results/tmp/e2thr_tok2_f_both3_NP.sol.json,results/tmp/e2/f_both3_tok2_nopromo.dzn,True,True,,
results/tmp/e2thr_tok2_f_both3_PFcheap.sol.json,results/tmp/e2/f_both3_tok2.dzn,True,True,,
results/tmp/e2thr_tok2_f_both3_PFlight.sol.json,results/tmp/e2/f_both3_tok2.dzn,True,True,,
results/tmp/e2thr_tok2_f_both3_PFmax.sol.json,results/tmp/e2/f_both3_tok2.dzn,True,True,,
results/tmp/e2thr_tok2_f_both3_PFmin.sol.json,results/tmp/e2/f_both3_tok2.dzn,True,True,,
results/tmp/e2thr_tok2_f_both3_SL.sol.json,results/tmp/e2/f_both3_tok2.dzn,True,True,,
results/tmp/e2thr_tok2_f_both3_SL_step1.sol.json,results/tmp/e2/f_both3_tok2_nopat.dzn,True,True,,
results/tmp/e2thr_tok2_f_both3_joint.sol.json,results/tmp/e2/f_both3_tok2.dzn,True,True,,
results/tmp/e2thr_tok2_f_random_hw_NP.sol.json,results/tmp/e2/f_random_hw_tok2_nopromo.dzn,True,True,,
results/tmp/e2thr_tok2_f_random_hw_PFcheap.sol.json,results/tmp/e2/f_random_hw_tok2.dzn,True,True,,
results/tmp/e2thr_tok2_f_random_hw_PFlight.sol.json,results/tmp/e2/f_random_hw_tok2.dzn,True,True,,
results/tmp/e2thr_tok2_f_random_hw_PFmax.sol.json,results/tmp/e2/f_random_hw_tok2.dzn,True,True,,
results/tmp/e2thr_tok2_f_random_hw_PFmin.sol.json,results/tmp/e2/f_random_hw_tok2.dzn,True,True,,
results/tmp/e2thr_tok2_f_random_hw_SL.sol.json,results/tmp/e2/f_random_hw_tok2.dzn,True,True,,
results/tmp/e2thr_tok2_f_random_hw_SL_step1.sol.json,results/tmp/e2/f_random_hw_tok2_nopat.dzn,True,True,,
results/tmp/e2thr_tok2_f_random_hw_joint.sol.json,results/tmp/e2/f_random_hw_tok2.dzn,True,True,,
results/tmp/e2thr_tok2_f_sw3_NP.sol.json,results/tmp/e2/f_sw3_tok2_nopromo.dzn,True,True,,
results/tmp/e2thr_tok2_f_sw3_PFcheap.sol.json,results/tmp/e2/f_sw3_tok2.dzn,True,True,,
results/tmp/e2thr_tok2_f_sw3_PFlight.sol.json,results/tmp/e2/f_sw3_tok2.dzn,True,True,,
results/tmp/e2thr_tok2_f_sw3_PFmax.sol.json,results/tmp/e2/f_sw3_tok2.dzn,True,True,,
results/tmp/e2thr_tok2_f_sw3_PFmin.sol.json,results/tmp/e2/f_sw3_tok2.dzn,True,True,,
results/tmp/e2thr_tok2_f_sw3_SL.sol.json,results/tmp/e2/f_sw3_tok2.dzn,True,True,,
results/tmp/e2thr_tok2_f_sw3_SL_step1.sol.json,results/tmp/e2/f_sw3_tok2_nopat.dzn,True,True,,
results/tmp/e2thr_tok2_f_sw3_joint.sol.json,results/tmp/e2/f_sw3_tok2.dzn,True,True,,
results/tmp/e2thr_tok2_p_rasta_NP.sol.json,results/tmp/e2/p_rasta_tok2_nopromo.dzn,True,True,,
results/tmp/e2thr_tok2_p_rasta_PFcheap.sol.json,results/tmp/e2/p_rasta_tok2.dzn,True,True,,
results/tmp/e2thr_tok2_p_rasta_PFlight.sol.json,results/tmp/e2/p_rasta_tok2.dzn,True,True,,
results/tmp/e2thr_tok2_p_rasta_PFmax.sol.json,results/tmp/e2/p_rasta_tok2.dzn,True,True,,
results/tmp/e2thr_tok2_p_rasta_PFmin.sol.json,results/tmp/e2/p_rasta_tok2.dzn,True,True,,
results/tmp/e2thr_tok2_p_rasta_SL.sol.json,results/tmp/e2/p_rasta_tok2.dzn,True,True,,
results/tmp/e2thr_tok2_p_rasta_SL_step1.sol.json,results/tmp/e2/p_rasta_tok2_nopat.dzn,True,True,,
results/tmp/e2thr_tok2_p_rasta_joint.sol.json,results/tmp/e2/p_rasta_tok2.dzn,True,True,,
results/tmp/e2thr_tok2_pc_sobel_NP.sol.json,results/tmp/e2/pc_sobel_tok2_nopromo.dzn,True,True,,
results/tmp/e2thr_tok2_pc_sobel_PFcheap.sol.json,results/tmp/e2/pc_sobel_tok2_loose.dzn,True,True,,
results/tmp/e2thr_tok2_pc_sobel_PFlight.sol.json,results/tmp/e2/pc_sobel_tok2_loose.dzn,True,True,,
results/tmp/e2thr_tok2_pc_sobel_PFmax.sol.json,results/tmp/e2/pc_sobel_tok2_loose.dzn,True,True,,
results/tmp/e2thr_tok2_pc_sobel_PFmin.sol.json,results/tmp/e2/pc_sobel_tok2_loose.dzn,True,True,,
results/tmp/e2thr_tok2_pc_sobel_SL.sol.json,results/tmp/e2/pc_sobel_tok2_loose.dzn,True,True,,
results/tmp/e2thr_tok2_pc_sobel_SL_step1.sol.json,results/tmp/e2/pc_sobel_tok2_nopat.dzn,True,True,,
results/tmp/e2thr_tok2_pc_sobel_joint.sol.json,results/tmp/e2/pc_sobel_tok2_loose.dzn,True,True,,
results/tmp/e2thr_tok2_v_nvp_NP.sol.json,results/tmp/e2/v_nvp_tok2_nopromo.dzn,True,True,,
results/tmp/e2thr_tok2_v_nvp_PFcheap.sol.json,results/tmp/e2/v_nvp_tok2.dzn,True,True,,
results/tmp/e2thr_tok2_v_nvp_PFlight.sol.json,results/tmp/e2/v_nvp_tok2.dzn,True,True,,
results/tmp/e2thr_tok2_v_nvp_PFmax.sol.json,results/tmp/e2/v_nvp_tok2.dzn,True,True,,
results/tmp/e2thr_tok2_v_nvp_PFmin.sol.json,results/tmp/e2/v_nvp_tok2.dzn,True,True,,
results/tmp/e2thr_tok2_v_nvp_SL.sol.json,results/tmp/e2/v_nvp_tok2.dzn,True,True,,
results/tmp/e2thr_tok2_v_nvp_SL_step1.sol.json,results/tmp/e2/v_nvp_tok2_nopat.dzn,True,True,,
results/tmp/e2thr_tok2_v_nvp_joint.sol.json,results/tmp/e2/v_nvp_tok2.dzn,True,True,,
results/tmp/e2v_chk10_c_pat_1.00_PFcheap.sol.json,results/tmp/e2/c_pat_chk10_t1.00_loose.dzn,True,True,,
results/tmp/e2v_chk10_c_pat_1.00_PFlight.sol.json,results/tmp/e2/c_pat_chk10_t1.00_loose.dzn,True,True,,
results/tmp/e2v_chk10_c_pat_1.00_SL.sol.json,results/tmp/e2/c_pat_chk10_t1.00_loose.dzn,True,True,,
results/tmp/e2v_chk10_c_pat_1.00_SL_step1.sol.json,results/tmp/e2/c_pat_chk10_t1.00_nopat.dzn,True,True,,
results/tmp/e2v_chk10_c_pat_1.00_joint.sol.json,results/tmp/e2/c_pat_chk10_t1.00_loose.dzn,True,True,,
results/tmp/e2v_chk10_c_pat_1.10_PFcheap.sol.json,results/tmp/e2/c_pat_chk10_t1.10_loose.dzn,True,True,,
results/tmp/e2v_chk10_c_pat_1.10_PFlight.sol.json,results/tmp/e2/c_pat_chk10_t1.10_loose.dzn,True,True,,
results/tmp/e2v_chk10_c_pat_1.10_SL.sol.json,results/tmp/e2/c_pat_chk10_t1.10_loose.dzn,True,True,,
results/tmp/e2v_chk10_c_pat_1.10_SL_step1.sol.json,results/tmp/e2/c_pat_chk10_t1.10_nopat.dzn,True,True,,
results/tmp/e2v_chk10_c_pat_1.10_joint.sol.json,results/tmp/e2/c_pat_chk10_t1.10_loose.dzn,True,True,,
results/tmp/e2v_chk10_c_pat_1.25_PFcheap.sol.json,results/tmp/e2/c_pat_chk10_t1.25_loose.dzn,True,True,,
results/tmp/e2v_chk10_c_pat_1.25_PFlight.sol.json,results/tmp/e2/c_pat_chk10_t1.25_loose.dzn,True,True,,
results/tmp/e2v_chk10_c_pat_1.25_SL.sol.json,results/tmp/e2/c_pat_chk10_t1.25_loose.dzn,True,True,,
results/tmp/e2v_chk10_c_pat_1.25_SL_step1.sol.json,results/tmp/e2/c_pat_chk10_t1.25_nopat.dzn,True,True,,
results/tmp/e2v_chk10_c_pat_1.25_joint.sol.json,results/tmp/e2/c_pat_chk10_t1.25_loose.dzn,True,True,,
results/tmp/e2v_chk10_c_pat_1.50_PFcheap.sol.json,results/tmp/e2/c_pat_chk10_t1.50_loose.dzn,True,True,,
results/tmp/e2v_chk10_c_pat_1.50_PFlight.sol.json,results/tmp/e2/c_pat_chk10_t1.50_loose.dzn,True,True,,
results/tmp/e2v_chk10_c_pat_1.50_PFmax.sol.json,results/tmp/e2/c_pat_chk10_t1.50_loose.dzn,True,True,,
results/tmp/e2v_chk10_c_pat_1.50_PFmin.sol.json,results/tmp/e2/c_pat_chk10_t1.50_loose.dzn,True,True,,
results/tmp/e2v_chk10_c_pat_1.50_SL.sol.json,results/tmp/e2/c_pat_chk10_t1.50_loose.dzn,True,True,,
results/tmp/e2v_chk10_c_pat_1.50_SL_step1.sol.json,results/tmp/e2/c_pat_chk10_t1.50_nopat.dzn,True,True,,
results/tmp/e2v_chk10_c_pat_1.50_joint.sol.json,results/tmp/e2/c_pat_chk10_t1.50_loose.dzn,True,True,,
results/tmp/e2v_chk10_c_pat_2.00_PFcheap.sol.json,results/tmp/e2/c_pat_chk10_t2.00_loose.dzn,True,True,,
results/tmp/e2v_chk10_c_pat_2.00_PFlight.sol.json,results/tmp/e2/c_pat_chk10_t2.00_loose.dzn,True,True,,
results/tmp/e2v_chk10_c_pat_2.00_PFmax.sol.json,results/tmp/e2/c_pat_chk10_t2.00_loose.dzn,True,True,,
results/tmp/e2v_chk10_c_pat_2.00_PFmin.sol.json,results/tmp/e2/c_pat_chk10_t2.00_loose.dzn,True,True,,
results/tmp/e2v_chk10_c_pat_2.00_SL.sol.json,results/tmp/e2/c_pat_chk10_t2.00_loose.dzn,True,True,,
results/tmp/e2v_chk10_c_pat_2.00_SL_step1.sol.json,results/tmp/e2/c_pat_chk10_t2.00_nopat.dzn,True,True,,
results/tmp/e2v_chk10_c_pat_2.00_joint.sol.json,results/tmp/e2/c_pat_chk10_t2.00_loose.dzn,True,True,,
results/tmp/e2v_chk10_c_pat_min_period.sol.json,results/tmp/e2/c_pat_chk10.dzn,True,True,,
results/tmp/e2v_chk10_c_pat_none_PFcheap.sol.json,results/tmp/e2/c_pat_chk10.dzn,True,True,,
results/tmp/e2v_chk10_c_pat_none_PFlight.sol.json,results/tmp/e2/c_pat_chk10.dzn,True,True,,
results/tmp/e2v_chk10_c_pat_none_PFmax.sol.json,results/tmp/e2/c_pat_chk10.dzn,True,True,,
results/tmp/e2v_chk10_c_pat_none_PFmin.sol.json,results/tmp/e2/c_pat_chk10.dzn,True,True,,
results/tmp/e2v_chk10_c_pat_none_SL.sol.json,results/tmp/e2/c_pat_chk10.dzn,True,True,,
results/tmp/e2v_chk10_c_pat_none_SL_step1.sol.json,results/tmp/e2/c_pat_chk10_tnone_nopat.dzn,True,True,,
results/tmp/e2v_chk10_c_pat_none_joint.sol.json,results/tmp/e2/c_pat_chk10.dzn,True,True,,
results/tmp/e2v_chk10_d_random_hw_1.00_PFcheap.sol.json,results/tmp/e2/d_random_hw_chk10_t1.00_loose.dzn,True,True,,
results/tmp/e2v_chk10_d_random_hw_1.00_PFlight.sol.json,results/tmp/e2/d_random_hw_chk10_t1.00_loose.dzn,True,True,,
results/tmp/e2v_chk10_d_random_hw_1.00_PFmax.sol.json,results/tmp/e2/d_random_hw_chk10_t1.00_loose.dzn,True,True,,
results/tmp/e2v_chk10_d_random_hw_1.00_PFmin.sol.json,results/tmp/e2/d_random_hw_chk10_t1.00_loose.dzn,True,True,,
results/tmp/e2v_chk10_d_random_hw_1.00_SL.sol.json,results/tmp/e2/d_random_hw_chk10_t1.00_loose.dzn,True,True,,
results/tmp/e2v_chk10_d_random_hw_1.00_SL_step1.sol.json,results/tmp/e2/d_random_hw_chk10_t1.00_nopat.dzn,True,True,,
results/tmp/e2v_chk10_d_random_hw_1.00_joint.sol.json,results/tmp/e2/d_random_hw_chk10_t1.00_loose.dzn,True,True,,
results/tmp/e2v_chk10_d_random_hw_1.10_PFcheap.sol.json,results/tmp/e2/d_random_hw_chk10_t1.10_loose.dzn,True,True,,
results/tmp/e2v_chk10_d_random_hw_1.10_PFlight.sol.json,results/tmp/e2/d_random_hw_chk10_t1.10_loose.dzn,True,True,,
results/tmp/e2v_chk10_d_random_hw_1.10_PFmax.sol.json,results/tmp/e2/d_random_hw_chk10_t1.10_loose.dzn,True,True,,
results/tmp/e2v_chk10_d_random_hw_1.10_PFmin.sol.json,results/tmp/e2/d_random_hw_chk10_t1.10_loose.dzn,True,True,,
results/tmp/e2v_chk10_d_random_hw_1.10_SL.sol.json,results/tmp/e2/d_random_hw_chk10_t1.10_loose.dzn,True,True,,
results/tmp/e2v_chk10_d_random_hw_1.10_SL_step1.sol.json,results/tmp/e2/d_random_hw_chk10_t1.10_nopat.dzn,True,True,,
results/tmp/e2v_chk10_d_random_hw_1.10_joint.sol.json,results/tmp/e2/d_random_hw_chk10_t1.10_loose.dzn,True,True,,
results/tmp/e2v_chk10_d_random_hw_1.25_PFcheap.sol.json,results/tmp/e2/d_random_hw_chk10_t1.25_loose.dzn,True,True,,
results/tmp/e2v_chk10_d_random_hw_1.25_PFlight.sol.json,results/tmp/e2/d_random_hw_chk10_t1.25_loose.dzn,True,True,,
results/tmp/e2v_chk10_d_random_hw_1.25_PFmax.sol.json,results/tmp/e2/d_random_hw_chk10_t1.25_loose.dzn,True,True,,
results/tmp/e2v_chk10_d_random_hw_1.25_PFmin.sol.json,results/tmp/e2/d_random_hw_chk10_t1.25_loose.dzn,True,True,,
results/tmp/e2v_chk10_d_random_hw_1.25_SL.sol.json,results/tmp/e2/d_random_hw_chk10_t1.25_loose.dzn,True,True,,
results/tmp/e2v_chk10_d_random_hw_1.25_SL_step1.sol.json,results/tmp/e2/d_random_hw_chk10_t1.25_nopat.dzn,True,True,,
results/tmp/e2v_chk10_d_random_hw_1.25_joint.sol.json,results/tmp/e2/d_random_hw_chk10_t1.25_loose.dzn,True,True,,
results/tmp/e2v_chk10_d_random_hw_1.50_PFcheap.sol.json,results/tmp/e2/d_random_hw_chk10_t1.50_loose.dzn,True,True,,
results/tmp/e2v_chk10_d_random_hw_1.50_PFlight.sol.json,results/tmp/e2/d_random_hw_chk10_t1.50_loose.dzn,True,True,,
results/tmp/e2v_chk10_d_random_hw_1.50_PFmax.sol.json,results/tmp/e2/d_random_hw_chk10_t1.50_loose.dzn,True,True,,
results/tmp/e2v_chk10_d_random_hw_1.50_PFmin.sol.json,results/tmp/e2/d_random_hw_chk10_t1.50_loose.dzn,True,True,,
results/tmp/e2v_chk10_d_random_hw_1.50_SL.sol.json,results/tmp/e2/d_random_hw_chk10_t1.50_loose.dzn,True,True,,
results/tmp/e2v_chk10_d_random_hw_1.50_SL_step1.sol.json,results/tmp/e2/d_random_hw_chk10_t1.50_nopat.dzn,True,True,,
results/tmp/e2v_chk10_d_random_hw_1.50_joint.sol.json,results/tmp/e2/d_random_hw_chk10_t1.50_loose.dzn,True,True,,
results/tmp/e2v_chk10_d_random_hw_2.00_PFcheap.sol.json,results/tmp/e2/d_random_hw_chk10_t2.00_loose.dzn,True,True,,
results/tmp/e2v_chk10_d_random_hw_2.00_PFlight.sol.json,results/tmp/e2/d_random_hw_chk10_t2.00_loose.dzn,True,True,,
results/tmp/e2v_chk10_d_random_hw_2.00_PFmax.sol.json,results/tmp/e2/d_random_hw_chk10_t2.00_loose.dzn,True,True,,
results/tmp/e2v_chk10_d_random_hw_2.00_PFmin.sol.json,results/tmp/e2/d_random_hw_chk10_t2.00_loose.dzn,True,True,,
results/tmp/e2v_chk10_d_random_hw_2.00_SL.sol.json,results/tmp/e2/d_random_hw_chk10_t2.00_loose.dzn,True,True,,
results/tmp/e2v_chk10_d_random_hw_2.00_SL_step1.sol.json,results/tmp/e2/d_random_hw_chk10_t2.00_nopat.dzn,True,True,,
results/tmp/e2v_chk10_d_random_hw_2.00_joint.sol.json,results/tmp/e2/d_random_hw_chk10_t2.00_loose.dzn,True,True,,
results/tmp/e2v_chk10_d_random_hw_min_period.sol.json,results/tmp/e2/d_random_hw_chk10.dzn,True,True,,
results/tmp/e2v_chk10_d_random_hw_none_PFcheap.sol.json,results/tmp/e2/d_random_hw_chk10.dzn,True,True,,
results/tmp/e2v_chk10_d_random_hw_none_PFlight.sol.json,results/tmp/e2/d_random_hw_chk10.dzn,True,True,,
results/tmp/e2v_chk10_d_random_hw_none_PFmax.sol.json,results/tmp/e2/d_random_hw_chk10.dzn,True,True,,
results/tmp/e2v_chk10_d_random_hw_none_PFmin.sol.json,results/tmp/e2/d_random_hw_chk10.dzn,True,True,,
results/tmp/e2v_chk10_d_random_hw_none_SL.sol.json,results/tmp/e2/d_random_hw_chk10.dzn,True,True,,
results/tmp/e2v_chk10_d_random_hw_none_SL_step1.sol.json,results/tmp/e2/d_random_hw_chk10_tnone_nopat.dzn,True,True,,
results/tmp/e2v_chk10_d_random_hw_none_joint.sol.json,results/tmp/e2/d_random_hw_chk10.dzn,True,True,,
results/tmp/e2v_chk10_d_systematic_sw_1.00_PFcheap.sol.json,results/tmp/e2/d_systematic_sw_chk10_t1.00_loose.dzn,True,True,,
results/tmp/e2v_chk10_d_systematic_sw_1.00_PFlight.sol.json,results/tmp/e2/d_systematic_sw_chk10_t1.00_loose.dzn,True,True,,
results/tmp/e2v_chk10_d_systematic_sw_1.00_PFmax.sol.json,results/tmp/e2/d_systematic_sw_chk10_t1.00_loose.dzn,True,True,,
results/tmp/e2v_chk10_d_systematic_sw_1.00_PFmin.sol.json,results/tmp/e2/d_systematic_sw_chk10_t1.00_loose.dzn,True,True,,
results/tmp/e2v_chk10_d_systematic_sw_1.00_SL.sol.json,results/tmp/e2/d_systematic_sw_chk10_t1.00_loose.dzn,True,True,,
results/tmp/e2v_chk10_d_systematic_sw_1.00_SL_step1.sol.json,results/tmp/e2/d_systematic_sw_chk10_t1.00_nopat.dzn,True,True,,
results/tmp/e2v_chk10_d_systematic_sw_1.00_joint.sol.json,results/tmp/e2/d_systematic_sw_chk10_t1.00_loose.dzn,True,True,,
results/tmp/e2v_chk10_d_systematic_sw_1.10_PFcheap.sol.json,results/tmp/e2/d_systematic_sw_chk10_t1.10_loose.dzn,True,True,,
results/tmp/e2v_chk10_d_systematic_sw_1.10_PFlight.sol.json,results/tmp/e2/d_systematic_sw_chk10_t1.10_loose.dzn,True,True,,
results/tmp/e2v_chk10_d_systematic_sw_1.10_PFmax.sol.json,results/tmp/e2/d_systematic_sw_chk10_t1.10_loose.dzn,True,True,,
results/tmp/e2v_chk10_d_systematic_sw_1.10_PFmin.sol.json,results/tmp/e2/d_systematic_sw_chk10_t1.10_loose.dzn,True,True,,
results/tmp/e2v_chk10_d_systematic_sw_1.10_SL.sol.json,results/tmp/e2/d_systematic_sw_chk10_t1.10_loose.dzn,True,True,,
results/tmp/e2v_chk10_d_systematic_sw_1.10_SL_step1.sol.json,results/tmp/e2/d_systematic_sw_chk10_t1.10_nopat.dzn,True,True,,
results/tmp/e2v_chk10_d_systematic_sw_1.10_joint.sol.json,results/tmp/e2/d_systematic_sw_chk10_t1.10_loose.dzn,True,True,,
results/tmp/e2v_chk10_d_systematic_sw_1.25_PFcheap.sol.json,results/tmp/e2/d_systematic_sw_chk10_t1.25_loose.dzn,True,True,,
results/tmp/e2v_chk10_d_systematic_sw_1.25_PFlight.sol.json,results/tmp/e2/d_systematic_sw_chk10_t1.25_loose.dzn,True,True,,
results/tmp/e2v_chk10_d_systematic_sw_1.25_PFmax.sol.json,results/tmp/e2/d_systematic_sw_chk10_t1.25_loose.dzn,True,True,,
results/tmp/e2v_chk10_d_systematic_sw_1.25_PFmin.sol.json,results/tmp/e2/d_systematic_sw_chk10_t1.25_loose.dzn,True,True,,
results/tmp/e2v_chk10_d_systematic_sw_1.25_SL.sol.json,results/tmp/e2/d_systematic_sw_chk10_t1.25_loose.dzn,True,True,,
results/tmp/e2v_chk10_d_systematic_sw_1.25_SL_step1.sol.json,results/tmp/e2/d_systematic_sw_chk10_t1.25_nopat.dzn,True,True,,
results/tmp/e2v_chk10_d_systematic_sw_1.25_joint.sol.json,results/tmp/e2/d_systematic_sw_chk10_t1.25_loose.dzn,True,True,,
results/tmp/e2v_chk10_d_systematic_sw_1.50_PFcheap.sol.json,results/tmp/e2/d_systematic_sw_chk10_t1.50_loose.dzn,True,True,,
results/tmp/e2v_chk10_d_systematic_sw_1.50_PFlight.sol.json,results/tmp/e2/d_systematic_sw_chk10_t1.50_loose.dzn,True,True,,
results/tmp/e2v_chk10_d_systematic_sw_1.50_PFmax.sol.json,results/tmp/e2/d_systematic_sw_chk10_t1.50_loose.dzn,True,True,,
results/tmp/e2v_chk10_d_systematic_sw_1.50_PFmin.sol.json,results/tmp/e2/d_systematic_sw_chk10_t1.50_loose.dzn,True,True,,
results/tmp/e2v_chk10_d_systematic_sw_1.50_SL.sol.json,results/tmp/e2/d_systematic_sw_chk10_t1.50_loose.dzn,True,True,,
results/tmp/e2v_chk10_d_systematic_sw_1.50_SL_step1.sol.json,results/tmp/e2/d_systematic_sw_chk10_t1.50_nopat.dzn,True,True,,
results/tmp/e2v_chk10_d_systematic_sw_1.50_joint.sol.json,results/tmp/e2/d_systematic_sw_chk10_t1.50_loose.dzn,True,True,,
results/tmp/e2v_chk10_d_systematic_sw_2.00_PFcheap.sol.json,results/tmp/e2/d_systematic_sw_chk10_t2.00_loose.dzn,True,True,,
results/tmp/e2v_chk10_d_systematic_sw_2.00_PFlight.sol.json,results/tmp/e2/d_systematic_sw_chk10_t2.00_loose.dzn,True,True,,
results/tmp/e2v_chk10_d_systematic_sw_2.00_PFmax.sol.json,results/tmp/e2/d_systematic_sw_chk10_t2.00_loose.dzn,True,True,,
results/tmp/e2v_chk10_d_systematic_sw_2.00_PFmin.sol.json,results/tmp/e2/d_systematic_sw_chk10_t2.00_loose.dzn,True,True,,
results/tmp/e2v_chk10_d_systematic_sw_2.00_SL.sol.json,results/tmp/e2/d_systematic_sw_chk10_t2.00_loose.dzn,True,True,,
results/tmp/e2v_chk10_d_systematic_sw_2.00_SL_step1.sol.json,results/tmp/e2/d_systematic_sw_chk10_t2.00_nopat.dzn,True,True,,
results/tmp/e2v_chk10_d_systematic_sw_2.00_joint.sol.json,results/tmp/e2/d_systematic_sw_chk10_t2.00_loose.dzn,True,True,,
results/tmp/e2v_chk10_d_systematic_sw_min_period.sol.json,results/tmp/e2/d_systematic_sw_chk10.dzn,True,True,,
results/tmp/e2v_chk10_d_systematic_sw_none_PFcheap.sol.json,results/tmp/e2/d_systematic_sw_chk10.dzn,True,True,,
results/tmp/e2v_chk10_d_systematic_sw_none_PFlight.sol.json,results/tmp/e2/d_systematic_sw_chk10.dzn,True,True,,
results/tmp/e2v_chk10_d_systematic_sw_none_PFmax.sol.json,results/tmp/e2/d_systematic_sw_chk10.dzn,True,True,,
results/tmp/e2v_chk10_d_systematic_sw_none_PFmin.sol.json,results/tmp/e2/d_systematic_sw_chk10.dzn,True,True,,
results/tmp/e2v_chk10_d_systematic_sw_none_SL.sol.json,results/tmp/e2/d_systematic_sw_chk10.dzn,True,True,,
results/tmp/e2v_chk10_d_systematic_sw_none_SL_step1.sol.json,results/tmp/e2/d_systematic_sw_chk10_tnone_nopat.dzn,True,True,,
results/tmp/e2v_chk10_d_systematic_sw_none_joint.sol.json,results/tmp/e2/d_systematic_sw_chk10.dzn,True,True,,
results/tmp/e2v_chk10_f_both3_1.00_PFlight.sol.json,results/tmp/e2/f_both3_chk10_t1.00_loose.dzn,True,True,,
results/tmp/e2v_chk10_f_both3_1.00_SL.sol.json,results/tmp/e2/f_both3_chk10_t1.00_loose.dzn,True,True,,
results/tmp/e2v_chk10_f_both3_1.00_SL_step1.sol.json,results/tmp/e2/f_both3_chk10_t1.00_nopat.dzn,True,True,,
results/tmp/e2v_chk10_f_both3_1.00_joint.sol.json,results/tmp/e2/f_both3_chk10_t1.00_loose.dzn,True,True,,
results/tmp/e2v_chk10_f_both3_1.10_PFlight.sol.json,results/tmp/e2/f_both3_chk10_t1.10_loose.dzn,True,True,,
results/tmp/e2v_chk10_f_both3_1.10_SL.sol.json,results/tmp/e2/f_both3_chk10_t1.10_loose.dzn,True,True,,
results/tmp/e2v_chk10_f_both3_1.10_SL_step1.sol.json,results/tmp/e2/f_both3_chk10_t1.10_nopat.dzn,True,True,,
results/tmp/e2v_chk10_f_both3_1.10_joint.sol.json,results/tmp/e2/f_both3_chk10_t1.10_loose.dzn,True,True,,
results/tmp/e2v_chk10_f_both3_1.25_PFlight.sol.json,results/tmp/e2/f_both3_chk10_t1.25_loose.dzn,True,True,,
results/tmp/e2v_chk10_f_both3_1.25_SL.sol.json,results/tmp/e2/f_both3_chk10_t1.25_loose.dzn,True,True,,
results/tmp/e2v_chk10_f_both3_1.25_SL_step1.sol.json,results/tmp/e2/f_both3_chk10_t1.25_nopat.dzn,True,True,,
results/tmp/e2v_chk10_f_both3_1.25_joint.sol.json,results/tmp/e2/f_both3_chk10_t1.25_loose.dzn,True,True,,
results/tmp/e2v_chk10_f_both3_1.50_PFlight.sol.json,results/tmp/e2/f_both3_chk10_t1.50_loose.dzn,True,True,,
results/tmp/e2v_chk10_f_both3_1.50_SL.sol.json,results/tmp/e2/f_both3_chk10_t1.50_loose.dzn,True,True,,
results/tmp/e2v_chk10_f_both3_1.50_SL_step1.sol.json,results/tmp/e2/f_both3_chk10_t1.50_nopat.dzn,True,True,,
results/tmp/e2v_chk10_f_both3_1.50_joint.sol.json,results/tmp/e2/f_both3_chk10_t1.50_loose.dzn,True,True,,
results/tmp/e2v_chk10_f_both3_2.00_PFcheap.sol.json,results/tmp/e2/f_both3_chk10_t2.00_loose.dzn,True,True,,
results/tmp/e2v_chk10_f_both3_2.00_PFlight.sol.json,results/tmp/e2/f_both3_chk10_t2.00_loose.dzn,True,True,,
results/tmp/e2v_chk10_f_both3_2.00_PFmax.sol.json,results/tmp/e2/f_both3_chk10_t2.00_loose.dzn,True,True,,
results/tmp/e2v_chk10_f_both3_2.00_PFmin.sol.json,results/tmp/e2/f_both3_chk10_t2.00_loose.dzn,True,True,,
results/tmp/e2v_chk10_f_both3_2.00_SL.sol.json,results/tmp/e2/f_both3_chk10_t2.00_loose.dzn,True,True,,
results/tmp/e2v_chk10_f_both3_2.00_SL_step1.sol.json,results/tmp/e2/f_both3_chk10_t2.00_nopat.dzn,True,True,,
results/tmp/e2v_chk10_f_both3_2.00_joint.sol.json,results/tmp/e2/f_both3_chk10_t2.00_loose.dzn,True,True,,
results/tmp/e2v_chk10_f_both3_min_period.sol.json,results/tmp/e2/f_both3_chk10.dzn,True,True,,
results/tmp/e2v_chk10_f_both3_none_PFcheap.sol.json,results/tmp/e2/f_both3_chk10.dzn,True,True,,
results/tmp/e2v_chk10_f_both3_none_PFlight.sol.json,results/tmp/e2/f_both3_chk10.dzn,True,True,,
results/tmp/e2v_chk10_f_both3_none_PFmax.sol.json,results/tmp/e2/f_both3_chk10.dzn,True,True,,
results/tmp/e2v_chk10_f_both3_none_PFmin.sol.json,results/tmp/e2/f_both3_chk10.dzn,True,True,,
results/tmp/e2v_chk10_f_both3_none_SL.sol.json,results/tmp/e2/f_both3_chk10.dzn,True,True,,
results/tmp/e2v_chk10_f_both3_none_SL_step1.sol.json,results/tmp/e2/f_both3_chk10_tnone_nopat.dzn,True,True,,
results/tmp/e2v_chk10_f_both3_none_joint.sol.json,results/tmp/e2/f_both3_chk10.dzn,True,True,,
results/tmp/e2v_chk10_f_random_hw_1.00_PFcheap.sol.json,results/tmp/e2/f_random_hw_chk10_t1.00_loose.dzn,True,True,,
results/tmp/e2v_chk10_f_random_hw_1.00_PFlight.sol.json,results/tmp/e2/f_random_hw_chk10_t1.00_loose.dzn,True,True,,
results/tmp/e2v_chk10_f_random_hw_1.00_SL.sol.json,results/tmp/e2/f_random_hw_chk10_t1.00_loose.dzn,True,True,,
results/tmp/e2v_chk10_f_random_hw_1.00_SL_step1.sol.json,results/tmp/e2/f_random_hw_chk10_t1.00_nopat.dzn,True,True,,
results/tmp/e2v_chk10_f_random_hw_1.00_joint.sol.json,results/tmp/e2/f_random_hw_chk10_t1.00_loose.dzn,True,True,,
results/tmp/e2v_chk10_f_random_hw_1.10_PFcheap.sol.json,results/tmp/e2/f_random_hw_chk10_t1.10_loose.dzn,True,True,,
results/tmp/e2v_chk10_f_random_hw_1.10_PFlight.sol.json,results/tmp/e2/f_random_hw_chk10_t1.10_loose.dzn,True,True,,
results/tmp/e2v_chk10_f_random_hw_1.10_SL.sol.json,results/tmp/e2/f_random_hw_chk10_t1.10_loose.dzn,True,True,,
results/tmp/e2v_chk10_f_random_hw_1.10_SL_step1.sol.json,results/tmp/e2/f_random_hw_chk10_t1.10_nopat.dzn,True,True,,
results/tmp/e2v_chk10_f_random_hw_1.10_joint.sol.json,results/tmp/e2/f_random_hw_chk10_t1.10_loose.dzn,True,True,,
results/tmp/e2v_chk10_f_random_hw_1.25_PFcheap.sol.json,results/tmp/e2/f_random_hw_chk10_t1.25_loose.dzn,True,True,,
results/tmp/e2v_chk10_f_random_hw_1.25_PFlight.sol.json,results/tmp/e2/f_random_hw_chk10_t1.25_loose.dzn,True,True,,
results/tmp/e2v_chk10_f_random_hw_1.25_SL.sol.json,results/tmp/e2/f_random_hw_chk10_t1.25_loose.dzn,True,True,,
results/tmp/e2v_chk10_f_random_hw_1.25_SL_step1.sol.json,results/tmp/e2/f_random_hw_chk10_t1.25_nopat.dzn,True,True,,
results/tmp/e2v_chk10_f_random_hw_1.25_joint.sol.json,results/tmp/e2/f_random_hw_chk10_t1.25_loose.dzn,True,True,,
results/tmp/e2v_chk10_f_random_hw_1.50_PFcheap.sol.json,results/tmp/e2/f_random_hw_chk10_t1.50_loose.dzn,True,True,,
results/tmp/e2v_chk10_f_random_hw_1.50_PFlight.sol.json,results/tmp/e2/f_random_hw_chk10_t1.50_loose.dzn,True,True,,
results/tmp/e2v_chk10_f_random_hw_1.50_PFmax.sol.json,results/tmp/e2/f_random_hw_chk10_t1.50_loose.dzn,True,True,,
results/tmp/e2v_chk10_f_random_hw_1.50_PFmin.sol.json,results/tmp/e2/f_random_hw_chk10_t1.50_loose.dzn,True,True,,
results/tmp/e2v_chk10_f_random_hw_1.50_SL.sol.json,results/tmp/e2/f_random_hw_chk10_t1.50_loose.dzn,True,True,,
results/tmp/e2v_chk10_f_random_hw_1.50_SL_step1.sol.json,results/tmp/e2/f_random_hw_chk10_t1.50_nopat.dzn,True,True,,
results/tmp/e2v_chk10_f_random_hw_1.50_joint.sol.json,results/tmp/e2/f_random_hw_chk10_t1.50_loose.dzn,True,True,,
results/tmp/e2v_chk10_f_random_hw_2.00_PFcheap.sol.json,results/tmp/e2/f_random_hw_chk10_t2.00_loose.dzn,True,True,,
results/tmp/e2v_chk10_f_random_hw_2.00_PFlight.sol.json,results/tmp/e2/f_random_hw_chk10_t2.00_loose.dzn,True,True,,
results/tmp/e2v_chk10_f_random_hw_2.00_PFmax.sol.json,results/tmp/e2/f_random_hw_chk10_t2.00_loose.dzn,True,True,,
results/tmp/e2v_chk10_f_random_hw_2.00_PFmin.sol.json,results/tmp/e2/f_random_hw_chk10_t2.00_loose.dzn,True,True,,
results/tmp/e2v_chk10_f_random_hw_2.00_SL.sol.json,results/tmp/e2/f_random_hw_chk10_t2.00_loose.dzn,True,True,,
results/tmp/e2v_chk10_f_random_hw_2.00_SL_step1.sol.json,results/tmp/e2/f_random_hw_chk10_t2.00_nopat.dzn,True,True,,
results/tmp/e2v_chk10_f_random_hw_2.00_joint.sol.json,results/tmp/e2/f_random_hw_chk10_t2.00_loose.dzn,True,True,,
results/tmp/e2v_chk10_f_random_hw_min_period.sol.json,results/tmp/e2/f_random_hw_chk10.dzn,True,True,,
results/tmp/e2v_chk10_f_random_hw_none_PFcheap.sol.json,results/tmp/e2/f_random_hw_chk10.dzn,True,True,,
results/tmp/e2v_chk10_f_random_hw_none_PFlight.sol.json,results/tmp/e2/f_random_hw_chk10.dzn,True,True,,
results/tmp/e2v_chk10_f_random_hw_none_PFmax.sol.json,results/tmp/e2/f_random_hw_chk10.dzn,True,True,,
results/tmp/e2v_chk10_f_random_hw_none_PFmin.sol.json,results/tmp/e2/f_random_hw_chk10.dzn,True,True,,
results/tmp/e2v_chk10_f_random_hw_none_SL.sol.json,results/tmp/e2/f_random_hw_chk10.dzn,True,True,,
results/tmp/e2v_chk10_f_random_hw_none_SL_step1.sol.json,results/tmp/e2/f_random_hw_chk10_tnone_nopat.dzn,True,True,,
results/tmp/e2v_chk10_f_random_hw_none_joint.sol.json,results/tmp/e2/f_random_hw_chk10.dzn,True,True,,
results/tmp/e2v_chk10_f_sw3_1.00_PFlight.sol.json,results/tmp/e2/f_sw3_chk10_t1.00_loose.dzn,True,True,,
results/tmp/e2v_chk10_f_sw3_1.00_SL.sol.json,results/tmp/e2/f_sw3_chk10_t1.00_loose.dzn,True,True,,
results/tmp/e2v_chk10_f_sw3_1.00_SL_step1.sol.json,results/tmp/e2/f_sw3_chk10_t1.00_nopat.dzn,True,True,,
results/tmp/e2v_chk10_f_sw3_1.00_joint.sol.json,results/tmp/e2/f_sw3_chk10_t1.00_loose.dzn,True,True,,
results/tmp/e2v_chk10_f_sw3_1.10_PFlight.sol.json,results/tmp/e2/f_sw3_chk10_t1.10_loose.dzn,True,True,,
results/tmp/e2v_chk10_f_sw3_1.10_SL.sol.json,results/tmp/e2/f_sw3_chk10_t1.10_loose.dzn,True,True,,
results/tmp/e2v_chk10_f_sw3_1.10_SL_step1.sol.json,results/tmp/e2/f_sw3_chk10_t1.10_nopat.dzn,True,True,,
results/tmp/e2v_chk10_f_sw3_1.10_joint.sol.json,results/tmp/e2/f_sw3_chk10_t1.10_loose.dzn,True,True,,
results/tmp/e2v_chk10_f_sw3_1.25_PFlight.sol.json,results/tmp/e2/f_sw3_chk10_t1.25_loose.dzn,True,True,,
results/tmp/e2v_chk10_f_sw3_1.25_SL.sol.json,results/tmp/e2/f_sw3_chk10_t1.25_loose.dzn,True,True,,
results/tmp/e2v_chk10_f_sw3_1.25_SL_step1.sol.json,results/tmp/e2/f_sw3_chk10_t1.25_nopat.dzn,True,True,,
results/tmp/e2v_chk10_f_sw3_1.25_joint.sol.json,results/tmp/e2/f_sw3_chk10_t1.25_loose.dzn,True,True,,
results/tmp/e2v_chk10_f_sw3_1.50_PFlight.sol.json,results/tmp/e2/f_sw3_chk10_t1.50_loose.dzn,True,True,,
results/tmp/e2v_chk10_f_sw3_1.50_SL.sol.json,results/tmp/e2/f_sw3_chk10_t1.50_loose.dzn,True,True,,
results/tmp/e2v_chk10_f_sw3_1.50_SL_step1.sol.json,results/tmp/e2/f_sw3_chk10_t1.50_nopat.dzn,True,True,,
results/tmp/e2v_chk10_f_sw3_1.50_joint.sol.json,results/tmp/e2/f_sw3_chk10_t1.50_loose.dzn,True,True,,
results/tmp/e2v_chk10_f_sw3_2.00_PFcheap.sol.json,results/tmp/e2/f_sw3_chk10_t2.00_loose.dzn,True,True,,
results/tmp/e2v_chk10_f_sw3_2.00_PFlight.sol.json,results/tmp/e2/f_sw3_chk10_t2.00_loose.dzn,True,True,,
results/tmp/e2v_chk10_f_sw3_2.00_PFmax.sol.json,results/tmp/e2/f_sw3_chk10_t2.00_loose.dzn,True,True,,
results/tmp/e2v_chk10_f_sw3_2.00_PFmin.sol.json,results/tmp/e2/f_sw3_chk10_t2.00_loose.dzn,True,True,,
results/tmp/e2v_chk10_f_sw3_2.00_SL.sol.json,results/tmp/e2/f_sw3_chk10_t2.00_loose.dzn,True,True,,
results/tmp/e2v_chk10_f_sw3_2.00_SL_step1.sol.json,results/tmp/e2/f_sw3_chk10_t2.00_nopat.dzn,True,True,,
results/tmp/e2v_chk10_f_sw3_2.00_joint.sol.json,results/tmp/e2/f_sw3_chk10_t2.00_loose.dzn,True,True,,
results/tmp/e2v_chk10_f_sw3_min_period.sol.json,results/tmp/e2/f_sw3_chk10.dzn,True,True,,
results/tmp/e2v_chk10_f_sw3_none_PFcheap.sol.json,results/tmp/e2/f_sw3_chk10.dzn,True,True,,
results/tmp/e2v_chk10_f_sw3_none_PFlight.sol.json,results/tmp/e2/f_sw3_chk10.dzn,True,True,,
results/tmp/e2v_chk10_f_sw3_none_PFmax.sol.json,results/tmp/e2/f_sw3_chk10.dzn,True,True,,
results/tmp/e2v_chk10_f_sw3_none_PFmin.sol.json,results/tmp/e2/f_sw3_chk10.dzn,True,True,,
results/tmp/e2v_chk10_f_sw3_none_SL.sol.json,results/tmp/e2/f_sw3_chk10.dzn,True,True,,
results/tmp/e2v_chk10_f_sw3_none_SL_step1.sol.json,results/tmp/e2/f_sw3_chk10_tnone_nopat.dzn,True,True,,
results/tmp/e2v_chk10_f_sw3_none_joint.sol.json,results/tmp/e2/f_sw3_chk10.dzn,True,True,,
results/tmp/e2v_chk10_p_rasta_1.00_PFcheap.sol.json,results/tmp/e2/p_rasta_chk10_t1.00_loose.dzn,True,True,,
results/tmp/e2v_chk10_p_rasta_1.00_PFlight.sol.json,results/tmp/e2/p_rasta_chk10_t1.00_loose.dzn,True,True,,
results/tmp/e2v_chk10_p_rasta_1.00_SL.sol.json,results/tmp/e2/p_rasta_chk10_t1.00_loose.dzn,True,True,,
results/tmp/e2v_chk10_p_rasta_1.00_SL_step1.sol.json,results/tmp/e2/p_rasta_chk10_t1.00_nopat.dzn,True,True,,
results/tmp/e2v_chk10_p_rasta_1.00_joint.sol.json,results/tmp/e2/p_rasta_chk10_t1.00_loose.dzn,True,True,,
results/tmp/e2v_chk10_p_rasta_1.10_PFcheap.sol.json,results/tmp/e2/p_rasta_chk10_t1.10_loose.dzn,True,True,,
results/tmp/e2v_chk10_p_rasta_1.10_PFlight.sol.json,results/tmp/e2/p_rasta_chk10_t1.10_loose.dzn,True,True,,
results/tmp/e2v_chk10_p_rasta_1.10_SL.sol.json,results/tmp/e2/p_rasta_chk10_t1.10_loose.dzn,True,True,,
results/tmp/e2v_chk10_p_rasta_1.10_SL_step1.sol.json,results/tmp/e2/p_rasta_chk10_t1.10_nopat.dzn,True,True,,
results/tmp/e2v_chk10_p_rasta_1.10_joint.sol.json,results/tmp/e2/p_rasta_chk10_t1.10_loose.dzn,True,True,,
results/tmp/e2v_chk10_p_rasta_1.25_PFcheap.sol.json,results/tmp/e2/p_rasta_chk10_t1.25_loose.dzn,True,True,,
results/tmp/e2v_chk10_p_rasta_1.25_PFlight.sol.json,results/tmp/e2/p_rasta_chk10_t1.25_loose.dzn,True,True,,
results/tmp/e2v_chk10_p_rasta_1.25_SL.sol.json,results/tmp/e2/p_rasta_chk10_t1.25_loose.dzn,True,True,,
results/tmp/e2v_chk10_p_rasta_1.25_SL_step1.sol.json,results/tmp/e2/p_rasta_chk10_t1.25_nopat.dzn,True,True,,
results/tmp/e2v_chk10_p_rasta_1.25_joint.sol.json,results/tmp/e2/p_rasta_chk10_t1.25_loose.dzn,True,True,,
results/tmp/e2v_chk10_p_rasta_1.50_PFcheap.sol.json,results/tmp/e2/p_rasta_chk10_t1.50_loose.dzn,True,True,,
results/tmp/e2v_chk10_p_rasta_1.50_PFlight.sol.json,results/tmp/e2/p_rasta_chk10_t1.50_loose.dzn,True,True,,
results/tmp/e2v_chk10_p_rasta_1.50_PFmax.sol.json,results/tmp/e2/p_rasta_chk10_t1.50_loose.dzn,True,True,,
results/tmp/e2v_chk10_p_rasta_1.50_PFmin.sol.json,results/tmp/e2/p_rasta_chk10_t1.50_loose.dzn,True,True,,
results/tmp/e2v_chk10_p_rasta_1.50_SL.sol.json,results/tmp/e2/p_rasta_chk10_t1.50_loose.dzn,True,True,,
results/tmp/e2v_chk10_p_rasta_1.50_SL_step1.sol.json,results/tmp/e2/p_rasta_chk10_t1.50_nopat.dzn,True,True,,
results/tmp/e2v_chk10_p_rasta_1.50_joint.sol.json,results/tmp/e2/p_rasta_chk10_t1.50_loose.dzn,True,True,,
results/tmp/e2v_chk10_p_rasta_2.00_PFcheap.sol.json,results/tmp/e2/p_rasta_chk10_t2.00_loose.dzn,True,True,,
results/tmp/e2v_chk10_p_rasta_2.00_PFlight.sol.json,results/tmp/e2/p_rasta_chk10_t2.00_loose.dzn,True,True,,
results/tmp/e2v_chk10_p_rasta_2.00_PFmax.sol.json,results/tmp/e2/p_rasta_chk10_t2.00_loose.dzn,True,True,,
results/tmp/e2v_chk10_p_rasta_2.00_PFmin.sol.json,results/tmp/e2/p_rasta_chk10_t2.00_loose.dzn,True,True,,
results/tmp/e2v_chk10_p_rasta_2.00_SL.sol.json,results/tmp/e2/p_rasta_chk10_t2.00_loose.dzn,True,True,,
results/tmp/e2v_chk10_p_rasta_2.00_SL_step1.sol.json,results/tmp/e2/p_rasta_chk10_t2.00_nopat.dzn,True,True,,
results/tmp/e2v_chk10_p_rasta_2.00_joint.sol.json,results/tmp/e2/p_rasta_chk10_t2.00_loose.dzn,True,True,,
results/tmp/e2v_chk10_p_rasta_min_period.sol.json,results/tmp/e2/p_rasta_chk10.dzn,True,True,,
results/tmp/e2v_chk10_p_rasta_none_PFcheap.sol.json,results/tmp/e2/p_rasta_chk10.dzn,True,True,,
results/tmp/e2v_chk10_p_rasta_none_PFlight.sol.json,results/tmp/e2/p_rasta_chk10.dzn,True,True,,
results/tmp/e2v_chk10_p_rasta_none_PFmax.sol.json,results/tmp/e2/p_rasta_chk10.dzn,True,True,,
results/tmp/e2v_chk10_p_rasta_none_PFmin.sol.json,results/tmp/e2/p_rasta_chk10.dzn,True,True,,
results/tmp/e2v_chk10_p_rasta_none_SL.sol.json,results/tmp/e2/p_rasta_chk10.dzn,True,True,,
results/tmp/e2v_chk10_p_rasta_none_SL_step1.sol.json,results/tmp/e2/p_rasta_chk10_tnone_nopat.dzn,True,True,,
results/tmp/e2v_chk10_p_rasta_none_joint.sol.json,results/tmp/e2/p_rasta_chk10.dzn,True,True,,
results/tmp/e2v_chk10_pc_sobel_1.00_PFcheap.sol.json,results/tmp/e2/pc_sobel_chk10_t1.00_loose.dzn,True,True,,
results/tmp/e2v_chk10_pc_sobel_1.00_PFlight.sol.json,results/tmp/e2/pc_sobel_chk10_t1.00_loose.dzn,True,True,,
results/tmp/e2v_chk10_pc_sobel_1.00_SL.sol.json,results/tmp/e2/pc_sobel_chk10_t1.00_loose.dzn,True,True,,
results/tmp/e2v_chk10_pc_sobel_1.00_SL_step1.sol.json,results/tmp/e2/pc_sobel_chk10_t1.00_nopat.dzn,True,True,,
results/tmp/e2v_chk10_pc_sobel_1.00_joint.sol.json,results/tmp/e2/pc_sobel_chk10_t1.00_loose.dzn,True,True,,
results/tmp/e2v_chk10_pc_sobel_1.10_PFcheap.sol.json,results/tmp/e2/pc_sobel_chk10_t1.10_loose.dzn,True,True,,
results/tmp/e2v_chk10_pc_sobel_1.10_PFlight.sol.json,results/tmp/e2/pc_sobel_chk10_t1.10_loose.dzn,True,True,,
results/tmp/e2v_chk10_pc_sobel_1.10_SL.sol.json,results/tmp/e2/pc_sobel_chk10_t1.10_loose.dzn,True,True,,
results/tmp/e2v_chk10_pc_sobel_1.10_SL_step1.sol.json,results/tmp/e2/pc_sobel_chk10_t1.10_nopat.dzn,True,True,,
results/tmp/e2v_chk10_pc_sobel_1.10_joint.sol.json,results/tmp/e2/pc_sobel_chk10_t1.10_loose.dzn,True,True,,
results/tmp/e2v_chk10_pc_sobel_1.25_PFcheap.sol.json,results/tmp/e2/pc_sobel_chk10_t1.25_loose.dzn,True,True,,
results/tmp/e2v_chk10_pc_sobel_1.25_PFlight.sol.json,results/tmp/e2/pc_sobel_chk10_t1.25_loose.dzn,True,True,,
results/tmp/e2v_chk10_pc_sobel_1.25_SL.sol.json,results/tmp/e2/pc_sobel_chk10_t1.25_loose.dzn,True,True,,
results/tmp/e2v_chk10_pc_sobel_1.25_SL_step1.sol.json,results/tmp/e2/pc_sobel_chk10_t1.25_nopat.dzn,True,True,,
results/tmp/e2v_chk10_pc_sobel_1.25_joint.sol.json,results/tmp/e2/pc_sobel_chk10_t1.25_loose.dzn,True,True,,
results/tmp/e2v_chk10_pc_sobel_1.50_PFcheap.sol.json,results/tmp/e2/pc_sobel_chk10_t1.50_loose.dzn,True,True,,
results/tmp/e2v_chk10_pc_sobel_1.50_PFlight.sol.json,results/tmp/e2/pc_sobel_chk10_t1.50_loose.dzn,True,True,,
results/tmp/e2v_chk10_pc_sobel_1.50_SL.sol.json,results/tmp/e2/pc_sobel_chk10_t1.50_loose.dzn,True,True,,
results/tmp/e2v_chk10_pc_sobel_1.50_SL_step1.sol.json,results/tmp/e2/pc_sobel_chk10_t1.50_nopat.dzn,True,True,,
results/tmp/e2v_chk10_pc_sobel_1.50_joint.sol.json,results/tmp/e2/pc_sobel_chk10_t1.50_loose.dzn,True,True,,
results/tmp/e2v_chk10_pc_sobel_2.00_PFcheap.sol.json,results/tmp/e2/pc_sobel_chk10_t2.00_loose.dzn,True,True,,
results/tmp/e2v_chk10_pc_sobel_2.00_PFlight.sol.json,results/tmp/e2/pc_sobel_chk10_t2.00_loose.dzn,True,True,,
results/tmp/e2v_chk10_pc_sobel_2.00_PFmax.sol.json,results/tmp/e2/pc_sobel_chk10_t2.00_loose.dzn,True,True,,
results/tmp/e2v_chk10_pc_sobel_2.00_PFmin.sol.json,results/tmp/e2/pc_sobel_chk10_t2.00_loose.dzn,True,True,,
results/tmp/e2v_chk10_pc_sobel_2.00_SL.sol.json,results/tmp/e2/pc_sobel_chk10_t2.00_loose.dzn,True,True,,
results/tmp/e2v_chk10_pc_sobel_2.00_SL_step1.sol.json,results/tmp/e2/pc_sobel_chk10_t2.00_nopat.dzn,True,True,,
results/tmp/e2v_chk10_pc_sobel_2.00_joint.sol.json,results/tmp/e2/pc_sobel_chk10_t2.00_loose.dzn,True,True,,
results/tmp/e2v_chk10_pc_sobel_min_period.sol.json,results/tmp/e2/pc_sobel_chk10_loose.dzn,True,True,,
results/tmp/e2v_chk10_pc_sobel_none_PFcheap.sol.json,results/tmp/e2/pc_sobel_chk10_tnone_loose.dzn,True,True,,
results/tmp/e2v_chk10_pc_sobel_none_PFlight.sol.json,results/tmp/e2/pc_sobel_chk10_tnone_loose.dzn,True,True,,
results/tmp/e2v_chk10_pc_sobel_none_PFmax.sol.json,results/tmp/e2/pc_sobel_chk10_tnone_loose.dzn,True,True,,
results/tmp/e2v_chk10_pc_sobel_none_PFmin.sol.json,results/tmp/e2/pc_sobel_chk10_tnone_loose.dzn,True,True,,
results/tmp/e2v_chk10_pc_sobel_none_SL.sol.json,results/tmp/e2/pc_sobel_chk10_tnone_loose.dzn,True,True,,
results/tmp/e2v_chk10_pc_sobel_none_SL_step1.sol.json,results/tmp/e2/pc_sobel_chk10_tnone_nopat.dzn,True,True,,
results/tmp/e2v_chk10_pc_sobel_none_joint.sol.json,results/tmp/e2/pc_sobel_chk10_tnone_loose.dzn,True,True,,
results/tmp/e2v_chk10_v_nvp_1.00_PFcheap.sol.json,results/tmp/e2/v_nvp_chk10_t1.00_loose.dzn,True,True,,
results/tmp/e2v_chk10_v_nvp_1.00_PFlight.sol.json,results/tmp/e2/v_nvp_chk10_t1.00_loose.dzn,True,True,,
results/tmp/e2v_chk10_v_nvp_1.00_PFmax.sol.json,results/tmp/e2/v_nvp_chk10_t1.00_loose.dzn,True,True,,
results/tmp/e2v_chk10_v_nvp_1.00_PFmin.sol.json,results/tmp/e2/v_nvp_chk10_t1.00_loose.dzn,True,True,,
results/tmp/e2v_chk10_v_nvp_1.00_SL.sol.json,results/tmp/e2/v_nvp_chk10_t1.00_loose.dzn,True,True,,
results/tmp/e2v_chk10_v_nvp_1.00_SL_step1.sol.json,results/tmp/e2/v_nvp_chk10_t1.00_nopat.dzn,True,True,,
results/tmp/e2v_chk10_v_nvp_1.00_joint.sol.json,results/tmp/e2/v_nvp_chk10_t1.00_loose.dzn,True,True,,
results/tmp/e2v_chk10_v_nvp_1.10_PFcheap.sol.json,results/tmp/e2/v_nvp_chk10_t1.10_loose.dzn,True,True,,
results/tmp/e2v_chk10_v_nvp_1.10_PFlight.sol.json,results/tmp/e2/v_nvp_chk10_t1.10_loose.dzn,True,True,,
results/tmp/e2v_chk10_v_nvp_1.10_PFmax.sol.json,results/tmp/e2/v_nvp_chk10_t1.10_loose.dzn,True,True,,
results/tmp/e2v_chk10_v_nvp_1.10_PFmin.sol.json,results/tmp/e2/v_nvp_chk10_t1.10_loose.dzn,True,True,,
results/tmp/e2v_chk10_v_nvp_1.10_SL.sol.json,results/tmp/e2/v_nvp_chk10_t1.10_loose.dzn,True,True,,
results/tmp/e2v_chk10_v_nvp_1.10_SL_step1.sol.json,results/tmp/e2/v_nvp_chk10_t1.10_nopat.dzn,True,True,,
results/tmp/e2v_chk10_v_nvp_1.10_joint.sol.json,results/tmp/e2/v_nvp_chk10_t1.10_loose.dzn,True,True,,
results/tmp/e2v_chk10_v_nvp_1.25_PFcheap.sol.json,results/tmp/e2/v_nvp_chk10_t1.25_loose.dzn,True,True,,
results/tmp/e2v_chk10_v_nvp_1.25_PFlight.sol.json,results/tmp/e2/v_nvp_chk10_t1.25_loose.dzn,True,True,,
results/tmp/e2v_chk10_v_nvp_1.25_PFmax.sol.json,results/tmp/e2/v_nvp_chk10_t1.25_loose.dzn,True,True,,
results/tmp/e2v_chk10_v_nvp_1.25_PFmin.sol.json,results/tmp/e2/v_nvp_chk10_t1.25_loose.dzn,True,True,,
results/tmp/e2v_chk10_v_nvp_1.25_SL.sol.json,results/tmp/e2/v_nvp_chk10_t1.25_loose.dzn,True,True,,
results/tmp/e2v_chk10_v_nvp_1.25_SL_step1.sol.json,results/tmp/e2/v_nvp_chk10_t1.25_nopat.dzn,True,True,,
results/tmp/e2v_chk10_v_nvp_1.25_joint.sol.json,results/tmp/e2/v_nvp_chk10_t1.25_loose.dzn,True,True,,
results/tmp/e2v_chk10_v_nvp_1.50_PFcheap.sol.json,results/tmp/e2/v_nvp_chk10_t1.50_loose.dzn,True,True,,
results/tmp/e2v_chk10_v_nvp_1.50_PFlight.sol.json,results/tmp/e2/v_nvp_chk10_t1.50_loose.dzn,True,True,,
results/tmp/e2v_chk10_v_nvp_1.50_PFmax.sol.json,results/tmp/e2/v_nvp_chk10_t1.50_loose.dzn,True,True,,
results/tmp/e2v_chk10_v_nvp_1.50_PFmin.sol.json,results/tmp/e2/v_nvp_chk10_t1.50_loose.dzn,True,True,,
results/tmp/e2v_chk10_v_nvp_1.50_SL.sol.json,results/tmp/e2/v_nvp_chk10_t1.50_loose.dzn,True,True,,
results/tmp/e2v_chk10_v_nvp_1.50_SL_step1.sol.json,results/tmp/e2/v_nvp_chk10_t1.50_nopat.dzn,True,True,,
results/tmp/e2v_chk10_v_nvp_1.50_joint.sol.json,results/tmp/e2/v_nvp_chk10_t1.50_loose.dzn,True,True,,
results/tmp/e2v_chk10_v_nvp_2.00_PFcheap.sol.json,results/tmp/e2/v_nvp_chk10_t2.00_loose.dzn,True,True,,
results/tmp/e2v_chk10_v_nvp_2.00_PFlight.sol.json,results/tmp/e2/v_nvp_chk10_t2.00_loose.dzn,True,True,,
results/tmp/e2v_chk10_v_nvp_2.00_PFmax.sol.json,results/tmp/e2/v_nvp_chk10_t2.00_loose.dzn,True,True,,
results/tmp/e2v_chk10_v_nvp_2.00_PFmin.sol.json,results/tmp/e2/v_nvp_chk10_t2.00_loose.dzn,True,True,,
results/tmp/e2v_chk10_v_nvp_2.00_SL.sol.json,results/tmp/e2/v_nvp_chk10_t2.00_loose.dzn,True,True,,
results/tmp/e2v_chk10_v_nvp_2.00_SL_step1.sol.json,results/tmp/e2/v_nvp_chk10_t2.00_nopat.dzn,True,True,,
results/tmp/e2v_chk10_v_nvp_2.00_joint.sol.json,results/tmp/e2/v_nvp_chk10_t2.00_loose.dzn,True,True,,
results/tmp/e2v_chk10_v_nvp_min_period.sol.json,results/tmp/e2/v_nvp_chk10.dzn,True,True,,
results/tmp/e2v_chk10_v_nvp_none_PFcheap.sol.json,results/tmp/e2/v_nvp_chk10.dzn,True,True,,
results/tmp/e2v_chk10_v_nvp_none_PFlight.sol.json,results/tmp/e2/v_nvp_chk10.dzn,True,True,,
results/tmp/e2v_chk10_v_nvp_none_PFmax.sol.json,results/tmp/e2/v_nvp_chk10.dzn,True,True,,
results/tmp/e2v_chk10_v_nvp_none_PFmin.sol.json,results/tmp/e2/v_nvp_chk10.dzn,True,True,,
results/tmp/e2v_chk10_v_nvp_none_SL.sol.json,results/tmp/e2/v_nvp_chk10.dzn,True,True,,
results/tmp/e2v_chk10_v_nvp_none_SL_step1.sol.json,results/tmp/e2/v_nvp_chk10_tnone_nopat.dzn,True,True,,
results/tmp/e2v_chk10_v_nvp_none_joint.sol.json,results/tmp/e2/v_nvp_chk10.dzn,True,True,,
results/tmp/e2v_chk50_c_pat_1.00_PFcheap.sol.json,results/tmp/e2/c_pat_chk50_t1.00_loose.dzn,True,True,,
results/tmp/e2v_chk50_c_pat_1.00_PFlight.sol.json,results/tmp/e2/c_pat_chk50_t1.00_loose.dzn,True,True,,
results/tmp/e2v_chk50_c_pat_1.00_SL.sol.json,results/tmp/e2/c_pat_chk50_t1.00_loose.dzn,True,True,,
results/tmp/e2v_chk50_c_pat_1.00_SL_step1.sol.json,results/tmp/e2/c_pat_chk50_t1.00_nopat.dzn,True,True,,
results/tmp/e2v_chk50_c_pat_1.00_joint.sol.json,results/tmp/e2/c_pat_chk50_t1.00_loose.dzn,True,True,,
results/tmp/e2v_chk50_c_pat_1.10_PFcheap.sol.json,results/tmp/e2/c_pat_chk50_t1.10_loose.dzn,True,True,,
results/tmp/e2v_chk50_c_pat_1.10_PFlight.sol.json,results/tmp/e2/c_pat_chk50_t1.10_loose.dzn,True,True,,
results/tmp/e2v_chk50_c_pat_1.10_SL.sol.json,results/tmp/e2/c_pat_chk50_t1.10_loose.dzn,True,True,,
results/tmp/e2v_chk50_c_pat_1.10_SL_step1.sol.json,results/tmp/e2/c_pat_chk50_t1.10_nopat.dzn,True,True,,
results/tmp/e2v_chk50_c_pat_1.10_joint.sol.json,results/tmp/e2/c_pat_chk50_t1.10_loose.dzn,True,True,,
results/tmp/e2v_chk50_c_pat_1.25_PFcheap.sol.json,results/tmp/e2/c_pat_chk50_t1.25_loose.dzn,True,True,,
results/tmp/e2v_chk50_c_pat_1.25_PFlight.sol.json,results/tmp/e2/c_pat_chk50_t1.25_loose.dzn,True,True,,
results/tmp/e2v_chk50_c_pat_1.25_SL.sol.json,results/tmp/e2/c_pat_chk50_t1.25_loose.dzn,True,True,,
results/tmp/e2v_chk50_c_pat_1.25_SL_step1.sol.json,results/tmp/e2/c_pat_chk50_t1.25_nopat.dzn,True,True,,
results/tmp/e2v_chk50_c_pat_1.25_joint.sol.json,results/tmp/e2/c_pat_chk50_t1.25_loose.dzn,True,True,,
results/tmp/e2v_chk50_c_pat_1.50_PFcheap.sol.json,results/tmp/e2/c_pat_chk50_t1.50_loose.dzn,True,True,,
results/tmp/e2v_chk50_c_pat_1.50_PFlight.sol.json,results/tmp/e2/c_pat_chk50_t1.50_loose.dzn,True,True,,
results/tmp/e2v_chk50_c_pat_1.50_PFmax.sol.json,results/tmp/e2/c_pat_chk50_t1.50_loose.dzn,True,True,,
results/tmp/e2v_chk50_c_pat_1.50_PFmin.sol.json,results/tmp/e2/c_pat_chk50_t1.50_loose.dzn,True,True,,
results/tmp/e2v_chk50_c_pat_1.50_SL.sol.json,results/tmp/e2/c_pat_chk50_t1.50_loose.dzn,True,True,,
results/tmp/e2v_chk50_c_pat_1.50_SL_step1.sol.json,results/tmp/e2/c_pat_chk50_t1.50_nopat.dzn,True,True,,
results/tmp/e2v_chk50_c_pat_1.50_joint.sol.json,results/tmp/e2/c_pat_chk50_t1.50_loose.dzn,True,True,,
results/tmp/e2v_chk50_c_pat_2.00_PFcheap.sol.json,results/tmp/e2/c_pat_chk50_t2.00_loose.dzn,True,True,,
results/tmp/e2v_chk50_c_pat_2.00_PFlight.sol.json,results/tmp/e2/c_pat_chk50_t2.00_loose.dzn,True,True,,
results/tmp/e2v_chk50_c_pat_2.00_PFmax.sol.json,results/tmp/e2/c_pat_chk50_t2.00_loose.dzn,True,True,,
results/tmp/e2v_chk50_c_pat_2.00_PFmin.sol.json,results/tmp/e2/c_pat_chk50_t2.00_loose.dzn,True,True,,
results/tmp/e2v_chk50_c_pat_2.00_SL.sol.json,results/tmp/e2/c_pat_chk50_t2.00_loose.dzn,True,True,,
results/tmp/e2v_chk50_c_pat_2.00_SL_step1.sol.json,results/tmp/e2/c_pat_chk50_t2.00_nopat.dzn,True,True,,
results/tmp/e2v_chk50_c_pat_2.00_joint.sol.json,results/tmp/e2/c_pat_chk50_t2.00_loose.dzn,True,True,,
results/tmp/e2v_chk50_c_pat_min_period.sol.json,results/tmp/e2/c_pat_chk50.dzn,True,True,,
results/tmp/e2v_chk50_c_pat_none_PFcheap.sol.json,results/tmp/e2/c_pat_chk50.dzn,True,True,,
results/tmp/e2v_chk50_c_pat_none_PFlight.sol.json,results/tmp/e2/c_pat_chk50.dzn,True,True,,
results/tmp/e2v_chk50_c_pat_none_PFmax.sol.json,results/tmp/e2/c_pat_chk50.dzn,True,True,,
results/tmp/e2v_chk50_c_pat_none_PFmin.sol.json,results/tmp/e2/c_pat_chk50.dzn,True,True,,
results/tmp/e2v_chk50_c_pat_none_SL.sol.json,results/tmp/e2/c_pat_chk50.dzn,True,True,,
results/tmp/e2v_chk50_c_pat_none_SL_step1.sol.json,results/tmp/e2/c_pat_chk50_tnone_nopat.dzn,True,True,,
results/tmp/e2v_chk50_c_pat_none_joint.sol.json,results/tmp/e2/c_pat_chk50.dzn,True,True,,
results/tmp/e2v_chk50_d_random_hw_1.00_PFcheap.sol.json,results/tmp/e2/d_random_hw_chk50_t1.00_loose.dzn,True,True,,
results/tmp/e2v_chk50_d_random_hw_1.00_PFlight.sol.json,results/tmp/e2/d_random_hw_chk50_t1.00_loose.dzn,True,True,,
results/tmp/e2v_chk50_d_random_hw_1.00_PFmax.sol.json,results/tmp/e2/d_random_hw_chk50_t1.00_loose.dzn,True,True,,
results/tmp/e2v_chk50_d_random_hw_1.00_PFmin.sol.json,results/tmp/e2/d_random_hw_chk50_t1.00_loose.dzn,True,True,,
results/tmp/e2v_chk50_d_random_hw_1.00_SL_step1.sol.json,results/tmp/e2/d_random_hw_chk50_t1.00_nopat.dzn,True,True,,
results/tmp/e2v_chk50_d_random_hw_1.00_joint.sol.json,results/tmp/e2/d_random_hw_chk50_t1.00_loose.dzn,True,True,,
results/tmp/e2v_chk50_d_random_hw_1.10_PFcheap.sol.json,results/tmp/e2/d_random_hw_chk50_t1.10_loose.dzn,True,True,,
results/tmp/e2v_chk50_d_random_hw_1.10_PFlight.sol.json,results/tmp/e2/d_random_hw_chk50_t1.10_loose.dzn,True,True,,
results/tmp/e2v_chk50_d_random_hw_1.10_PFmax.sol.json,results/tmp/e2/d_random_hw_chk50_t1.10_loose.dzn,True,True,,
results/tmp/e2v_chk50_d_random_hw_1.10_PFmin.sol.json,results/tmp/e2/d_random_hw_chk50_t1.10_loose.dzn,True,True,,
results/tmp/e2v_chk50_d_random_hw_1.10_SL_step1.sol.json,results/tmp/e2/d_random_hw_chk50_t1.10_nopat.dzn,True,True,,
results/tmp/e2v_chk50_d_random_hw_1.10_joint.sol.json,results/tmp/e2/d_random_hw_chk50_t1.10_loose.dzn,True,True,,
results/tmp/e2v_chk50_d_random_hw_1.25_PFcheap.sol.json,results/tmp/e2/d_random_hw_chk50_t1.25_loose.dzn,True,True,,
results/tmp/e2v_chk50_d_random_hw_1.25_PFlight.sol.json,results/tmp/e2/d_random_hw_chk50_t1.25_loose.dzn,True,True,,
results/tmp/e2v_chk50_d_random_hw_1.25_PFmax.sol.json,results/tmp/e2/d_random_hw_chk50_t1.25_loose.dzn,True,True,,
results/tmp/e2v_chk50_d_random_hw_1.25_PFmin.sol.json,results/tmp/e2/d_random_hw_chk50_t1.25_loose.dzn,True,True,,
results/tmp/e2v_chk50_d_random_hw_1.25_SL.sol.json,results/tmp/e2/d_random_hw_chk50_t1.25_loose.dzn,True,True,,
results/tmp/e2v_chk50_d_random_hw_1.25_SL_step1.sol.json,results/tmp/e2/d_random_hw_chk50_t1.25_nopat.dzn,True,True,,
results/tmp/e2v_chk50_d_random_hw_1.25_joint.sol.json,results/tmp/e2/d_random_hw_chk50_t1.25_loose.dzn,True,True,,
results/tmp/e2v_chk50_d_random_hw_1.50_PFcheap.sol.json,results/tmp/e2/d_random_hw_chk50_t1.50_loose.dzn,True,True,,
results/tmp/e2v_chk50_d_random_hw_1.50_PFlight.sol.json,results/tmp/e2/d_random_hw_chk50_t1.50_loose.dzn,True,True,,
results/tmp/e2v_chk50_d_random_hw_1.50_PFmax.sol.json,results/tmp/e2/d_random_hw_chk50_t1.50_loose.dzn,True,True,,
results/tmp/e2v_chk50_d_random_hw_1.50_PFmin.sol.json,results/tmp/e2/d_random_hw_chk50_t1.50_loose.dzn,True,True,,
results/tmp/e2v_chk50_d_random_hw_1.50_SL.sol.json,results/tmp/e2/d_random_hw_chk50_t1.50_loose.dzn,True,True,,
results/tmp/e2v_chk50_d_random_hw_1.50_SL_step1.sol.json,results/tmp/e2/d_random_hw_chk50_t1.50_nopat.dzn,True,True,,
results/tmp/e2v_chk50_d_random_hw_1.50_joint.sol.json,results/tmp/e2/d_random_hw_chk50_t1.50_loose.dzn,True,True,,
results/tmp/e2v_chk50_d_random_hw_2.00_PFcheap.sol.json,results/tmp/e2/d_random_hw_chk50_t2.00_loose.dzn,True,True,,
results/tmp/e2v_chk50_d_random_hw_2.00_PFlight.sol.json,results/tmp/e2/d_random_hw_chk50_t2.00_loose.dzn,True,True,,
results/tmp/e2v_chk50_d_random_hw_2.00_PFmax.sol.json,results/tmp/e2/d_random_hw_chk50_t2.00_loose.dzn,True,True,,
results/tmp/e2v_chk50_d_random_hw_2.00_PFmin.sol.json,results/tmp/e2/d_random_hw_chk50_t2.00_loose.dzn,True,True,,
results/tmp/e2v_chk50_d_random_hw_2.00_SL.sol.json,results/tmp/e2/d_random_hw_chk50_t2.00_loose.dzn,True,True,,
results/tmp/e2v_chk50_d_random_hw_2.00_SL_step1.sol.json,results/tmp/e2/d_random_hw_chk50_t2.00_nopat.dzn,True,True,,
results/tmp/e2v_chk50_d_random_hw_2.00_joint.sol.json,results/tmp/e2/d_random_hw_chk50_t2.00_loose.dzn,True,True,,
results/tmp/e2v_chk50_d_random_hw_min_period.sol.json,results/tmp/e2/d_random_hw_chk50.dzn,True,True,,
results/tmp/e2v_chk50_d_random_hw_none_PFcheap.sol.json,results/tmp/e2/d_random_hw_chk50.dzn,True,True,,
results/tmp/e2v_chk50_d_random_hw_none_PFlight.sol.json,results/tmp/e2/d_random_hw_chk50.dzn,True,True,,
results/tmp/e2v_chk50_d_random_hw_none_PFmax.sol.json,results/tmp/e2/d_random_hw_chk50.dzn,True,True,,
results/tmp/e2v_chk50_d_random_hw_none_PFmin.sol.json,results/tmp/e2/d_random_hw_chk50.dzn,True,True,,
results/tmp/e2v_chk50_d_random_hw_none_SL.sol.json,results/tmp/e2/d_random_hw_chk50.dzn,True,True,,
results/tmp/e2v_chk50_d_random_hw_none_SL_step1.sol.json,results/tmp/e2/d_random_hw_chk50_tnone_nopat.dzn,True,True,,
results/tmp/e2v_chk50_d_random_hw_none_joint.sol.json,results/tmp/e2/d_random_hw_chk50.dzn,True,True,,
results/tmp/e2v_chk50_d_systematic_sw_1.00_PFcheap.sol.json,results/tmp/e2/d_systematic_sw_chk50_t1.00_loose.dzn,True,True,,
results/tmp/e2v_chk50_d_systematic_sw_1.00_PFlight.sol.json,results/tmp/e2/d_systematic_sw_chk50_t1.00_loose.dzn,True,True,,
results/tmp/e2v_chk50_d_systematic_sw_1.00_PFmin.sol.json,results/tmp/e2/d_systematic_sw_chk50_t1.00_loose.dzn,True,True,,
results/tmp/e2v_chk50_d_systematic_sw_1.00_SL_step1.sol.json,results/tmp/e2/d_systematic_sw_chk50_t1.00_nopat.dzn,True,True,,
results/tmp/e2v_chk50_d_systematic_sw_1.00_joint.sol.json,results/tmp/e2/d_systematic_sw_chk50_t1.00_loose.dzn,True,True,,
results/tmp/e2v_chk50_d_systematic_sw_1.10_PFcheap.sol.json,results/tmp/e2/d_systematic_sw_chk50_t1.10_loose.dzn,True,True,,
results/tmp/e2v_chk50_d_systematic_sw_1.10_PFlight.sol.json,results/tmp/e2/d_systematic_sw_chk50_t1.10_loose.dzn,True,True,,
results/tmp/e2v_chk50_d_systematic_sw_1.10_PFmax.sol.json,results/tmp/e2/d_systematic_sw_chk50_t1.10_loose.dzn,True,True,,
results/tmp/e2v_chk50_d_systematic_sw_1.10_PFmin.sol.json,results/tmp/e2/d_systematic_sw_chk50_t1.10_loose.dzn,True,True,,
results/tmp/e2v_chk50_d_systematic_sw_1.10_SL_step1.sol.json,results/tmp/e2/d_systematic_sw_chk50_t1.10_nopat.dzn,True,True,,
results/tmp/e2v_chk50_d_systematic_sw_1.10_joint.sol.json,results/tmp/e2/d_systematic_sw_chk50_t1.10_loose.dzn,True,True,,
results/tmp/e2v_chk50_d_systematic_sw_1.25_PFcheap.sol.json,results/tmp/e2/d_systematic_sw_chk50_t1.25_loose.dzn,True,True,,
results/tmp/e2v_chk50_d_systematic_sw_1.25_PFlight.sol.json,results/tmp/e2/d_systematic_sw_chk50_t1.25_loose.dzn,True,True,,
results/tmp/e2v_chk50_d_systematic_sw_1.25_PFmax.sol.json,results/tmp/e2/d_systematic_sw_chk50_t1.25_loose.dzn,True,True,,
results/tmp/e2v_chk50_d_systematic_sw_1.25_PFmin.sol.json,results/tmp/e2/d_systematic_sw_chk50_t1.25_loose.dzn,True,True,,
results/tmp/e2v_chk50_d_systematic_sw_1.25_SL.sol.json,results/tmp/e2/d_systematic_sw_chk50_t1.25_loose.dzn,True,True,,
results/tmp/e2v_chk50_d_systematic_sw_1.25_SL_step1.sol.json,results/tmp/e2/d_systematic_sw_chk50_t1.25_nopat.dzn,True,True,,
results/tmp/e2v_chk50_d_systematic_sw_1.25_joint.sol.json,results/tmp/e2/d_systematic_sw_chk50_t1.25_loose.dzn,True,True,,
results/tmp/e2v_chk50_d_systematic_sw_1.50_PFcheap.sol.json,results/tmp/e2/d_systematic_sw_chk50_t1.50_loose.dzn,True,True,,
results/tmp/e2v_chk50_d_systematic_sw_1.50_PFlight.sol.json,results/tmp/e2/d_systematic_sw_chk50_t1.50_loose.dzn,True,True,,
results/tmp/e2v_chk50_d_systematic_sw_1.50_PFmax.sol.json,results/tmp/e2/d_systematic_sw_chk50_t1.50_loose.dzn,True,True,,
results/tmp/e2v_chk50_d_systematic_sw_1.50_PFmin.sol.json,results/tmp/e2/d_systematic_sw_chk50_t1.50_loose.dzn,True,True,,
results/tmp/e2v_chk50_d_systematic_sw_1.50_SL.sol.json,results/tmp/e2/d_systematic_sw_chk50_t1.50_loose.dzn,True,True,,
results/tmp/e2v_chk50_d_systematic_sw_1.50_SL_step1.sol.json,results/tmp/e2/d_systematic_sw_chk50_t1.50_nopat.dzn,True,True,,
results/tmp/e2v_chk50_d_systematic_sw_1.50_joint.sol.json,results/tmp/e2/d_systematic_sw_chk50_t1.50_loose.dzn,True,True,,
results/tmp/e2v_chk50_d_systematic_sw_2.00_PFcheap.sol.json,results/tmp/e2/d_systematic_sw_chk50_t2.00_loose.dzn,True,True,,
results/tmp/e2v_chk50_d_systematic_sw_2.00_PFlight.sol.json,results/tmp/e2/d_systematic_sw_chk50_t2.00_loose.dzn,True,True,,
results/tmp/e2v_chk50_d_systematic_sw_2.00_PFmax.sol.json,results/tmp/e2/d_systematic_sw_chk50_t2.00_loose.dzn,True,True,,
results/tmp/e2v_chk50_d_systematic_sw_2.00_PFmin.sol.json,results/tmp/e2/d_systematic_sw_chk50_t2.00_loose.dzn,True,True,,
results/tmp/e2v_chk50_d_systematic_sw_2.00_SL.sol.json,results/tmp/e2/d_systematic_sw_chk50_t2.00_loose.dzn,True,True,,
results/tmp/e2v_chk50_d_systematic_sw_2.00_SL_step1.sol.json,results/tmp/e2/d_systematic_sw_chk50_t2.00_nopat.dzn,True,True,,
results/tmp/e2v_chk50_d_systematic_sw_2.00_joint.sol.json,results/tmp/e2/d_systematic_sw_chk50_t2.00_loose.dzn,True,True,,
results/tmp/e2v_chk50_d_systematic_sw_min_period.sol.json,results/tmp/e2/d_systematic_sw_chk50.dzn,True,True,,
results/tmp/e2v_chk50_d_systematic_sw_none_PFcheap.sol.json,results/tmp/e2/d_systematic_sw_chk50.dzn,True,True,,
results/tmp/e2v_chk50_d_systematic_sw_none_PFlight.sol.json,results/tmp/e2/d_systematic_sw_chk50.dzn,True,True,,
results/tmp/e2v_chk50_d_systematic_sw_none_PFmax.sol.json,results/tmp/e2/d_systematic_sw_chk50.dzn,True,True,,
results/tmp/e2v_chk50_d_systematic_sw_none_PFmin.sol.json,results/tmp/e2/d_systematic_sw_chk50.dzn,True,True,,
results/tmp/e2v_chk50_d_systematic_sw_none_SL.sol.json,results/tmp/e2/d_systematic_sw_chk50.dzn,True,True,,
results/tmp/e2v_chk50_d_systematic_sw_none_SL_step1.sol.json,results/tmp/e2/d_systematic_sw_chk50_tnone_nopat.dzn,True,True,,
results/tmp/e2v_chk50_d_systematic_sw_none_joint.sol.json,results/tmp/e2/d_systematic_sw_chk50.dzn,True,True,,
results/tmp/e2v_chk50_f_both3_1.00_SL.sol.json,results/tmp/e2/f_both3_chk50_t1.00_loose.dzn,True,True,,
results/tmp/e2v_chk50_f_both3_1.00_SL_step1.sol.json,results/tmp/e2/f_both3_chk50_t1.00_nopat.dzn,True,True,,
results/tmp/e2v_chk50_f_both3_1.00_joint.sol.json,results/tmp/e2/f_both3_chk50_t1.00_loose.dzn,True,True,,
results/tmp/e2v_chk50_f_both3_1.10_SL.sol.json,results/tmp/e2/f_both3_chk50_t1.10_loose.dzn,True,True,,
results/tmp/e2v_chk50_f_both3_1.10_SL_step1.sol.json,results/tmp/e2/f_both3_chk50_t1.10_nopat.dzn,True,True,,
results/tmp/e2v_chk50_f_both3_1.10_joint.sol.json,results/tmp/e2/f_both3_chk50_t1.10_loose.dzn,True,True,,
results/tmp/e2v_chk50_f_both3_1.25_SL.sol.json,results/tmp/e2/f_both3_chk50_t1.25_loose.dzn,True,True,,
results/tmp/e2v_chk50_f_both3_1.25_SL_step1.sol.json,results/tmp/e2/f_both3_chk50_t1.25_nopat.dzn,True,True,,
results/tmp/e2v_chk50_f_both3_1.25_joint.sol.json,results/tmp/e2/f_both3_chk50_t1.25_loose.dzn,True,True,,
results/tmp/e2v_chk50_f_both3_1.50_PFcheap.sol.json,results/tmp/e2/f_both3_chk50_t1.50_loose.dzn,True,True,,
results/tmp/e2v_chk50_f_both3_1.50_PFlight.sol.json,results/tmp/e2/f_both3_chk50_t1.50_loose.dzn,True,True,,
results/tmp/e2v_chk50_f_both3_1.50_PFmax.sol.json,results/tmp/e2/f_both3_chk50_t1.50_loose.dzn,True,True,,
results/tmp/e2v_chk50_f_both3_1.50_PFmin.sol.json,results/tmp/e2/f_both3_chk50_t1.50_loose.dzn,True,True,,
results/tmp/e2v_chk50_f_both3_1.50_SL.sol.json,results/tmp/e2/f_both3_chk50_t1.50_loose.dzn,True,True,,
results/tmp/e2v_chk50_f_both3_1.50_SL_step1.sol.json,results/tmp/e2/f_both3_chk50_t1.50_nopat.dzn,True,True,,
results/tmp/e2v_chk50_f_both3_1.50_joint.sol.json,results/tmp/e2/f_both3_chk50_t1.50_loose.dzn,True,True,,
results/tmp/e2v_chk50_f_both3_2.00_PFcheap.sol.json,results/tmp/e2/f_both3_chk50_t2.00_loose.dzn,True,True,,
results/tmp/e2v_chk50_f_both3_2.00_PFlight.sol.json,results/tmp/e2/f_both3_chk50_t2.00_loose.dzn,True,True,,
results/tmp/e2v_chk50_f_both3_2.00_PFmax.sol.json,results/tmp/e2/f_both3_chk50_t2.00_loose.dzn,True,True,,
results/tmp/e2v_chk50_f_both3_2.00_PFmin.sol.json,results/tmp/e2/f_both3_chk50_t2.00_loose.dzn,True,True,,
results/tmp/e2v_chk50_f_both3_2.00_SL.sol.json,results/tmp/e2/f_both3_chk50_t2.00_loose.dzn,True,True,,
results/tmp/e2v_chk50_f_both3_2.00_SL_step1.sol.json,results/tmp/e2/f_both3_chk50_t2.00_nopat.dzn,True,True,,
results/tmp/e2v_chk50_f_both3_2.00_joint.sol.json,results/tmp/e2/f_both3_chk50_t2.00_loose.dzn,True,True,,
results/tmp/e2v_chk50_f_both3_min_period.sol.json,results/tmp/e2/f_both3_chk50.dzn,True,True,,
results/tmp/e2v_chk50_f_both3_none_PFcheap.sol.json,results/tmp/e2/f_both3_chk50.dzn,True,True,,
results/tmp/e2v_chk50_f_both3_none_PFlight.sol.json,results/tmp/e2/f_both3_chk50.dzn,True,True,,
results/tmp/e2v_chk50_f_both3_none_PFmax.sol.json,results/tmp/e2/f_both3_chk50.dzn,True,True,,
results/tmp/e2v_chk50_f_both3_none_PFmin.sol.json,results/tmp/e2/f_both3_chk50.dzn,True,True,,
results/tmp/e2v_chk50_f_both3_none_SL.sol.json,results/tmp/e2/f_both3_chk50.dzn,True,True,,
results/tmp/e2v_chk50_f_both3_none_SL_step1.sol.json,results/tmp/e2/f_both3_chk50_tnone_nopat.dzn,True,True,,
results/tmp/e2v_chk50_f_both3_none_joint.sol.json,results/tmp/e2/f_both3_chk50.dzn,True,True,,
results/tmp/e2v_chk50_f_random_hw_1.00_PFcheap.sol.json,results/tmp/e2/f_random_hw_chk50_t1.00_loose.dzn,True,True,,
results/tmp/e2v_chk50_f_random_hw_1.00_PFlight.sol.json,results/tmp/e2/f_random_hw_chk50_t1.00_loose.dzn,True,True,,
results/tmp/e2v_chk50_f_random_hw_1.00_SL.sol.json,results/tmp/e2/f_random_hw_chk50_t1.00_loose.dzn,True,True,,
results/tmp/e2v_chk50_f_random_hw_1.00_SL_step1.sol.json,results/tmp/e2/f_random_hw_chk50_t1.00_nopat.dzn,True,True,,
results/tmp/e2v_chk50_f_random_hw_1.00_joint.sol.json,results/tmp/e2/f_random_hw_chk50_t1.00_loose.dzn,True,True,,
results/tmp/e2v_chk50_f_random_hw_1.10_PFcheap.sol.json,results/tmp/e2/f_random_hw_chk50_t1.10_loose.dzn,True,True,,
results/tmp/e2v_chk50_f_random_hw_1.10_PFlight.sol.json,results/tmp/e2/f_random_hw_chk50_t1.10_loose.dzn,True,True,,
results/tmp/e2v_chk50_f_random_hw_1.10_SL.sol.json,results/tmp/e2/f_random_hw_chk50_t1.10_loose.dzn,True,True,,
results/tmp/e2v_chk50_f_random_hw_1.10_SL_step1.sol.json,results/tmp/e2/f_random_hw_chk50_t1.10_nopat.dzn,True,True,,
results/tmp/e2v_chk50_f_random_hw_1.10_joint.sol.json,results/tmp/e2/f_random_hw_chk50_t1.10_loose.dzn,True,True,,
results/tmp/e2v_chk50_f_random_hw_1.25_PFcheap.sol.json,results/tmp/e2/f_random_hw_chk50_t1.25_loose.dzn,True,True,,
results/tmp/e2v_chk50_f_random_hw_1.25_PFlight.sol.json,results/tmp/e2/f_random_hw_chk50_t1.25_loose.dzn,True,True,,
results/tmp/e2v_chk50_f_random_hw_1.25_SL.sol.json,results/tmp/e2/f_random_hw_chk50_t1.25_loose.dzn,True,True,,
results/tmp/e2v_chk50_f_random_hw_1.25_SL_step1.sol.json,results/tmp/e2/f_random_hw_chk50_t1.25_nopat.dzn,True,True,,
results/tmp/e2v_chk50_f_random_hw_1.25_joint.sol.json,results/tmp/e2/f_random_hw_chk50_t1.25_loose.dzn,True,True,,
results/tmp/e2v_chk50_f_random_hw_1.50_PFcheap.sol.json,results/tmp/e2/f_random_hw_chk50_t1.50_loose.dzn,True,True,,
results/tmp/e2v_chk50_f_random_hw_1.50_PFlight.sol.json,results/tmp/e2/f_random_hw_chk50_t1.50_loose.dzn,True,True,,
results/tmp/e2v_chk50_f_random_hw_1.50_PFmax.sol.json,results/tmp/e2/f_random_hw_chk50_t1.50_loose.dzn,True,True,,
results/tmp/e2v_chk50_f_random_hw_1.50_PFmin.sol.json,results/tmp/e2/f_random_hw_chk50_t1.50_loose.dzn,True,True,,
results/tmp/e2v_chk50_f_random_hw_1.50_SL.sol.json,results/tmp/e2/f_random_hw_chk50_t1.50_loose.dzn,True,True,,
results/tmp/e2v_chk50_f_random_hw_1.50_SL_step1.sol.json,results/tmp/e2/f_random_hw_chk50_t1.50_nopat.dzn,True,True,,
results/tmp/e2v_chk50_f_random_hw_1.50_joint.sol.json,results/tmp/e2/f_random_hw_chk50_t1.50_loose.dzn,True,True,,
results/tmp/e2v_chk50_f_random_hw_2.00_PFcheap.sol.json,results/tmp/e2/f_random_hw_chk50_t2.00_loose.dzn,True,True,,
results/tmp/e2v_chk50_f_random_hw_2.00_PFlight.sol.json,results/tmp/e2/f_random_hw_chk50_t2.00_loose.dzn,True,True,,
results/tmp/e2v_chk50_f_random_hw_2.00_PFmax.sol.json,results/tmp/e2/f_random_hw_chk50_t2.00_loose.dzn,True,True,,
results/tmp/e2v_chk50_f_random_hw_2.00_PFmin.sol.json,results/tmp/e2/f_random_hw_chk50_t2.00_loose.dzn,True,True,,
results/tmp/e2v_chk50_f_random_hw_2.00_SL.sol.json,results/tmp/e2/f_random_hw_chk50_t2.00_loose.dzn,True,True,,
results/tmp/e2v_chk50_f_random_hw_2.00_SL_step1.sol.json,results/tmp/e2/f_random_hw_chk50_t2.00_nopat.dzn,True,True,,
results/tmp/e2v_chk50_f_random_hw_2.00_joint.sol.json,results/tmp/e2/f_random_hw_chk50_t2.00_loose.dzn,True,True,,
results/tmp/e2v_chk50_f_random_hw_min_period.sol.json,results/tmp/e2/f_random_hw_chk50.dzn,True,True,,
results/tmp/e2v_chk50_f_random_hw_none_PFcheap.sol.json,results/tmp/e2/f_random_hw_chk50.dzn,True,True,,
results/tmp/e2v_chk50_f_random_hw_none_PFlight.sol.json,results/tmp/e2/f_random_hw_chk50.dzn,True,True,,
results/tmp/e2v_chk50_f_random_hw_none_PFmax.sol.json,results/tmp/e2/f_random_hw_chk50.dzn,True,True,,
results/tmp/e2v_chk50_f_random_hw_none_PFmin.sol.json,results/tmp/e2/f_random_hw_chk50.dzn,True,True,,
results/tmp/e2v_chk50_f_random_hw_none_SL.sol.json,results/tmp/e2/f_random_hw_chk50.dzn,True,True,,
results/tmp/e2v_chk50_f_random_hw_none_SL_step1.sol.json,results/tmp/e2/f_random_hw_chk50_tnone_nopat.dzn,True,True,,
results/tmp/e2v_chk50_f_random_hw_none_joint.sol.json,results/tmp/e2/f_random_hw_chk50.dzn,True,True,,
results/tmp/e2v_chk50_f_sw3_1.00_SL.sol.json,results/tmp/e2/f_sw3_chk50_t1.00_loose.dzn,True,True,,
results/tmp/e2v_chk50_f_sw3_1.00_SL_step1.sol.json,results/tmp/e2/f_sw3_chk50_t1.00_nopat.dzn,True,True,,
results/tmp/e2v_chk50_f_sw3_1.00_joint.sol.json,results/tmp/e2/f_sw3_chk50_t1.00_loose.dzn,True,True,,
results/tmp/e2v_chk50_f_sw3_1.10_SL.sol.json,results/tmp/e2/f_sw3_chk50_t1.10_loose.dzn,True,True,,
results/tmp/e2v_chk50_f_sw3_1.10_SL_step1.sol.json,results/tmp/e2/f_sw3_chk50_t1.10_nopat.dzn,True,True,,
results/tmp/e2v_chk50_f_sw3_1.10_joint.sol.json,results/tmp/e2/f_sw3_chk50_t1.10_loose.dzn,True,True,,
results/tmp/e2v_chk50_f_sw3_1.25_SL.sol.json,results/tmp/e2/f_sw3_chk50_t1.25_loose.dzn,True,True,,
results/tmp/e2v_chk50_f_sw3_1.25_SL_step1.sol.json,results/tmp/e2/f_sw3_chk50_t1.25_nopat.dzn,True,True,,
results/tmp/e2v_chk50_f_sw3_1.25_joint.sol.json,results/tmp/e2/f_sw3_chk50_t1.25_loose.dzn,True,True,,
results/tmp/e2v_chk50_f_sw3_1.50_PFcheap.sol.json,results/tmp/e2/f_sw3_chk50_t1.50_loose.dzn,True,True,,
results/tmp/e2v_chk50_f_sw3_1.50_PFlight.sol.json,results/tmp/e2/f_sw3_chk50_t1.50_loose.dzn,True,True,,
results/tmp/e2v_chk50_f_sw3_1.50_PFmax.sol.json,results/tmp/e2/f_sw3_chk50_t1.50_loose.dzn,True,True,,
results/tmp/e2v_chk50_f_sw3_1.50_PFmin.sol.json,results/tmp/e2/f_sw3_chk50_t1.50_loose.dzn,True,True,,
results/tmp/e2v_chk50_f_sw3_1.50_SL.sol.json,results/tmp/e2/f_sw3_chk50_t1.50_loose.dzn,True,True,,
results/tmp/e2v_chk50_f_sw3_1.50_SL_step1.sol.json,results/tmp/e2/f_sw3_chk50_t1.50_nopat.dzn,True,True,,
results/tmp/e2v_chk50_f_sw3_1.50_joint.sol.json,results/tmp/e2/f_sw3_chk50_t1.50_loose.dzn,True,True,,
results/tmp/e2v_chk50_f_sw3_2.00_PFcheap.sol.json,results/tmp/e2/f_sw3_chk50_t2.00_loose.dzn,True,True,,
results/tmp/e2v_chk50_f_sw3_2.00_PFlight.sol.json,results/tmp/e2/f_sw3_chk50_t2.00_loose.dzn,True,True,,
results/tmp/e2v_chk50_f_sw3_2.00_PFmax.sol.json,results/tmp/e2/f_sw3_chk50_t2.00_loose.dzn,True,True,,
results/tmp/e2v_chk50_f_sw3_2.00_PFmin.sol.json,results/tmp/e2/f_sw3_chk50_t2.00_loose.dzn,True,True,,
results/tmp/e2v_chk50_f_sw3_2.00_SL.sol.json,results/tmp/e2/f_sw3_chk50_t2.00_loose.dzn,True,True,,
results/tmp/e2v_chk50_f_sw3_2.00_SL_step1.sol.json,results/tmp/e2/f_sw3_chk50_t2.00_nopat.dzn,True,True,,
results/tmp/e2v_chk50_f_sw3_2.00_joint.sol.json,results/tmp/e2/f_sw3_chk50_t2.00_loose.dzn,True,True,,
results/tmp/e2v_chk50_f_sw3_min_period.sol.json,results/tmp/e2/f_sw3_chk50.dzn,True,True,,
results/tmp/e2v_chk50_f_sw3_none_PFcheap.sol.json,results/tmp/e2/f_sw3_chk50.dzn,True,True,,
results/tmp/e2v_chk50_f_sw3_none_PFlight.sol.json,results/tmp/e2/f_sw3_chk50.dzn,True,True,,
results/tmp/e2v_chk50_f_sw3_none_PFmax.sol.json,results/tmp/e2/f_sw3_chk50.dzn,True,True,,
results/tmp/e2v_chk50_f_sw3_none_PFmin.sol.json,results/tmp/e2/f_sw3_chk50.dzn,True,True,,
results/tmp/e2v_chk50_f_sw3_none_SL.sol.json,results/tmp/e2/f_sw3_chk50.dzn,True,True,,
results/tmp/e2v_chk50_f_sw3_none_SL_step1.sol.json,results/tmp/e2/f_sw3_chk50_tnone_nopat.dzn,True,True,,
results/tmp/e2v_chk50_f_sw3_none_joint.sol.json,results/tmp/e2/f_sw3_chk50.dzn,True,True,,
results/tmp/e2v_chk50_p_rasta_1.00_PFcheap.sol.json,results/tmp/e2/p_rasta_chk50_t1.00_loose.dzn,True,True,,
results/tmp/e2v_chk50_p_rasta_1.00_PFlight.sol.json,results/tmp/e2/p_rasta_chk50_t1.00_loose.dzn,True,True,,
results/tmp/e2v_chk50_p_rasta_1.00_SL.sol.json,results/tmp/e2/p_rasta_chk50_t1.00_loose.dzn,True,True,,
results/tmp/e2v_chk50_p_rasta_1.00_SL_step1.sol.json,results/tmp/e2/p_rasta_chk50_t1.00_nopat.dzn,True,True,,
results/tmp/e2v_chk50_p_rasta_1.00_joint.sol.json,results/tmp/e2/p_rasta_chk50_t1.00_loose.dzn,True,True,,
results/tmp/e2v_chk50_p_rasta_1.10_PFcheap.sol.json,results/tmp/e2/p_rasta_chk50_t1.10_loose.dzn,True,True,,
results/tmp/e2v_chk50_p_rasta_1.10_PFlight.sol.json,results/tmp/e2/p_rasta_chk50_t1.10_loose.dzn,True,True,,
results/tmp/e2v_chk50_p_rasta_1.10_SL.sol.json,results/tmp/e2/p_rasta_chk50_t1.10_loose.dzn,True,True,,
results/tmp/e2v_chk50_p_rasta_1.10_SL_step1.sol.json,results/tmp/e2/p_rasta_chk50_t1.10_nopat.dzn,True,True,,
results/tmp/e2v_chk50_p_rasta_1.10_joint.sol.json,results/tmp/e2/p_rasta_chk50_t1.10_loose.dzn,True,True,,
results/tmp/e2v_chk50_p_rasta_1.25_PFcheap.sol.json,results/tmp/e2/p_rasta_chk50_t1.25_loose.dzn,True,True,,
results/tmp/e2v_chk50_p_rasta_1.25_PFlight.sol.json,results/tmp/e2/p_rasta_chk50_t1.25_loose.dzn,True,True,,
results/tmp/e2v_chk50_p_rasta_1.25_SL.sol.json,results/tmp/e2/p_rasta_chk50_t1.25_loose.dzn,True,True,,
results/tmp/e2v_chk50_p_rasta_1.25_SL_step1.sol.json,results/tmp/e2/p_rasta_chk50_t1.25_nopat.dzn,True,True,,
results/tmp/e2v_chk50_p_rasta_1.25_joint.sol.json,results/tmp/e2/p_rasta_chk50_t1.25_loose.dzn,True,True,,
results/tmp/e2v_chk50_p_rasta_1.50_PFcheap.sol.json,results/tmp/e2/p_rasta_chk50_t1.50_loose.dzn,True,True,,
results/tmp/e2v_chk50_p_rasta_1.50_PFlight.sol.json,results/tmp/e2/p_rasta_chk50_t1.50_loose.dzn,True,True,,
results/tmp/e2v_chk50_p_rasta_1.50_PFmax.sol.json,results/tmp/e2/p_rasta_chk50_t1.50_loose.dzn,True,True,,
results/tmp/e2v_chk50_p_rasta_1.50_PFmin.sol.json,results/tmp/e2/p_rasta_chk50_t1.50_loose.dzn,True,True,,
results/tmp/e2v_chk50_p_rasta_1.50_SL.sol.json,results/tmp/e2/p_rasta_chk50_t1.50_loose.dzn,True,True,,
results/tmp/e2v_chk50_p_rasta_1.50_SL_step1.sol.json,results/tmp/e2/p_rasta_chk50_t1.50_nopat.dzn,True,True,,
results/tmp/e2v_chk50_p_rasta_1.50_joint.sol.json,results/tmp/e2/p_rasta_chk50_t1.50_loose.dzn,True,True,,
results/tmp/e2v_chk50_p_rasta_2.00_PFcheap.sol.json,results/tmp/e2/p_rasta_chk50_t2.00_loose.dzn,True,True,,
results/tmp/e2v_chk50_p_rasta_2.00_PFlight.sol.json,results/tmp/e2/p_rasta_chk50_t2.00_loose.dzn,True,True,,
results/tmp/e2v_chk50_p_rasta_2.00_PFmax.sol.json,results/tmp/e2/p_rasta_chk50_t2.00_loose.dzn,True,True,,
results/tmp/e2v_chk50_p_rasta_2.00_PFmin.sol.json,results/tmp/e2/p_rasta_chk50_t2.00_loose.dzn,True,True,,
results/tmp/e2v_chk50_p_rasta_2.00_SL.sol.json,results/tmp/e2/p_rasta_chk50_t2.00_loose.dzn,True,True,,
results/tmp/e2v_chk50_p_rasta_2.00_SL_step1.sol.json,results/tmp/e2/p_rasta_chk50_t2.00_nopat.dzn,True,True,,
results/tmp/e2v_chk50_p_rasta_2.00_joint.sol.json,results/tmp/e2/p_rasta_chk50_t2.00_loose.dzn,True,True,,
results/tmp/e2v_chk50_p_rasta_min_period.sol.json,results/tmp/e2/p_rasta_chk50.dzn,True,True,,
results/tmp/e2v_chk50_p_rasta_none_PFcheap.sol.json,results/tmp/e2/p_rasta_chk50.dzn,True,True,,
results/tmp/e2v_chk50_p_rasta_none_PFlight.sol.json,results/tmp/e2/p_rasta_chk50.dzn,True,True,,
results/tmp/e2v_chk50_p_rasta_none_PFmax.sol.json,results/tmp/e2/p_rasta_chk50.dzn,True,True,,
results/tmp/e2v_chk50_p_rasta_none_PFmin.sol.json,results/tmp/e2/p_rasta_chk50.dzn,True,True,,
results/tmp/e2v_chk50_p_rasta_none_SL.sol.json,results/tmp/e2/p_rasta_chk50.dzn,True,True,,
results/tmp/e2v_chk50_p_rasta_none_SL_step1.sol.json,results/tmp/e2/p_rasta_chk50_tnone_nopat.dzn,True,True,,
results/tmp/e2v_chk50_p_rasta_none_joint.sol.json,results/tmp/e2/p_rasta_chk50.dzn,True,True,,
results/tmp/e2v_chk50_pc_sobel_1.00_PFcheap.sol.json,results/tmp/e2/pc_sobel_chk50_t1.00_loose.dzn,True,True,,
results/tmp/e2v_chk50_pc_sobel_1.00_PFlight.sol.json,results/tmp/e2/pc_sobel_chk50_t1.00_loose.dzn,True,True,,
results/tmp/e2v_chk50_pc_sobel_1.00_SL.sol.json,results/tmp/e2/pc_sobel_chk50_t1.00_loose.dzn,True,True,,
results/tmp/e2v_chk50_pc_sobel_1.00_SL_step1.sol.json,results/tmp/e2/pc_sobel_chk50_t1.00_nopat.dzn,True,True,,
results/tmp/e2v_chk50_pc_sobel_1.00_joint.sol.json,results/tmp/e2/pc_sobel_chk50_t1.00_loose.dzn,True,True,,
results/tmp/e2v_chk50_pc_sobel_1.10_PFcheap.sol.json,results/tmp/e2/pc_sobel_chk50_t1.10_loose.dzn,True,True,,
results/tmp/e2v_chk50_pc_sobel_1.10_PFlight.sol.json,results/tmp/e2/pc_sobel_chk50_t1.10_loose.dzn,True,True,,
results/tmp/e2v_chk50_pc_sobel_1.10_SL.sol.json,results/tmp/e2/pc_sobel_chk50_t1.10_loose.dzn,True,True,,
results/tmp/e2v_chk50_pc_sobel_1.10_SL_step1.sol.json,results/tmp/e2/pc_sobel_chk50_t1.10_nopat.dzn,True,True,,
results/tmp/e2v_chk50_pc_sobel_1.10_joint.sol.json,results/tmp/e2/pc_sobel_chk50_t1.10_loose.dzn,True,True,,
results/tmp/e2v_chk50_pc_sobel_1.25_PFcheap.sol.json,results/tmp/e2/pc_sobel_chk50_t1.25_loose.dzn,True,True,,
results/tmp/e2v_chk50_pc_sobel_1.25_PFlight.sol.json,results/tmp/e2/pc_sobel_chk50_t1.25_loose.dzn,True,True,,
results/tmp/e2v_chk50_pc_sobel_1.25_SL.sol.json,results/tmp/e2/pc_sobel_chk50_t1.25_loose.dzn,True,True,,
results/tmp/e2v_chk50_pc_sobel_1.25_SL_step1.sol.json,results/tmp/e2/pc_sobel_chk50_t1.25_nopat.dzn,True,True,,
results/tmp/e2v_chk50_pc_sobel_1.25_joint.sol.json,results/tmp/e2/pc_sobel_chk50_t1.25_loose.dzn,True,True,,
results/tmp/e2v_chk50_pc_sobel_1.50_PFcheap.sol.json,results/tmp/e2/pc_sobel_chk50_t1.50_loose.dzn,True,True,,
results/tmp/e2v_chk50_pc_sobel_1.50_PFlight.sol.json,results/tmp/e2/pc_sobel_chk50_t1.50_loose.dzn,True,True,,
results/tmp/e2v_chk50_pc_sobel_1.50_PFmax.sol.json,results/tmp/e2/pc_sobel_chk50_t1.50_loose.dzn,True,True,,
results/tmp/e2v_chk50_pc_sobel_1.50_PFmin.sol.json,results/tmp/e2/pc_sobel_chk50_t1.50_loose.dzn,True,True,,
results/tmp/e2v_chk50_pc_sobel_1.50_SL.sol.json,results/tmp/e2/pc_sobel_chk50_t1.50_loose.dzn,True,True,,
results/tmp/e2v_chk50_pc_sobel_1.50_SL_step1.sol.json,results/tmp/e2/pc_sobel_chk50_t1.50_nopat.dzn,True,True,,
results/tmp/e2v_chk50_pc_sobel_1.50_joint.sol.json,results/tmp/e2/pc_sobel_chk50_t1.50_loose.dzn,True,True,,
results/tmp/e2v_chk50_pc_sobel_2.00_PFcheap.sol.json,results/tmp/e2/pc_sobel_chk50_t2.00_loose.dzn,True,True,,
results/tmp/e2v_chk50_pc_sobel_2.00_PFlight.sol.json,results/tmp/e2/pc_sobel_chk50_t2.00_loose.dzn,True,True,,
results/tmp/e2v_chk50_pc_sobel_2.00_PFmax.sol.json,results/tmp/e2/pc_sobel_chk50_t2.00_loose.dzn,True,True,,
results/tmp/e2v_chk50_pc_sobel_2.00_PFmin.sol.json,results/tmp/e2/pc_sobel_chk50_t2.00_loose.dzn,True,True,,
results/tmp/e2v_chk50_pc_sobel_2.00_SL.sol.json,results/tmp/e2/pc_sobel_chk50_t2.00_loose.dzn,True,True,,
results/tmp/e2v_chk50_pc_sobel_2.00_SL_step1.sol.json,results/tmp/e2/pc_sobel_chk50_t2.00_nopat.dzn,True,True,,
results/tmp/e2v_chk50_pc_sobel_2.00_joint.sol.json,results/tmp/e2/pc_sobel_chk50_t2.00_loose.dzn,True,True,,
results/tmp/e2v_chk50_pc_sobel_min_period.sol.json,results/tmp/e2/pc_sobel_chk50_loose.dzn,True,True,,
results/tmp/e2v_chk50_pc_sobel_none_PFcheap.sol.json,results/tmp/e2/pc_sobel_chk50_tnone_loose.dzn,True,True,,
results/tmp/e2v_chk50_pc_sobel_none_PFlight.sol.json,results/tmp/e2/pc_sobel_chk50_tnone_loose.dzn,True,True,,
results/tmp/e2v_chk50_pc_sobel_none_PFmax.sol.json,results/tmp/e2/pc_sobel_chk50_tnone_loose.dzn,True,True,,
results/tmp/e2v_chk50_pc_sobel_none_PFmin.sol.json,results/tmp/e2/pc_sobel_chk50_tnone_loose.dzn,True,True,,
results/tmp/e2v_chk50_pc_sobel_none_SL.sol.json,results/tmp/e2/pc_sobel_chk50_tnone_loose.dzn,True,True,,
results/tmp/e2v_chk50_pc_sobel_none_SL_step1.sol.json,results/tmp/e2/pc_sobel_chk50_tnone_nopat.dzn,True,True,,
results/tmp/e2v_chk50_pc_sobel_none_joint.sol.json,results/tmp/e2/pc_sobel_chk50_tnone_loose.dzn,True,True,,
results/tmp/e2v_chk50_v_nvp_1.00_PFcheap.sol.json,results/tmp/e2/v_nvp_chk50_t1.00_loose.dzn,True,True,,
results/tmp/e2v_chk50_v_nvp_1.00_PFlight.sol.json,results/tmp/e2/v_nvp_chk50_t1.00_loose.dzn,True,True,,
results/tmp/e2v_chk50_v_nvp_1.00_PFmax.sol.json,results/tmp/e2/v_nvp_chk50_t1.00_loose.dzn,True,True,,
results/tmp/e2v_chk50_v_nvp_1.00_PFmin.sol.json,results/tmp/e2/v_nvp_chk50_t1.00_loose.dzn,True,True,,
results/tmp/e2v_chk50_v_nvp_1.00_SL.sol.json,results/tmp/e2/v_nvp_chk50_t1.00_loose.dzn,True,True,,
results/tmp/e2v_chk50_v_nvp_1.00_SL_step1.sol.json,results/tmp/e2/v_nvp_chk50_t1.00_nopat.dzn,True,True,,
results/tmp/e2v_chk50_v_nvp_1.00_joint.sol.json,results/tmp/e2/v_nvp_chk50_t1.00_loose.dzn,True,True,,
results/tmp/e2v_chk50_v_nvp_1.10_PFcheap.sol.json,results/tmp/e2/v_nvp_chk50_t1.10_loose.dzn,True,True,,
results/tmp/e2v_chk50_v_nvp_1.10_PFlight.sol.json,results/tmp/e2/v_nvp_chk50_t1.10_loose.dzn,True,True,,
results/tmp/e2v_chk50_v_nvp_1.10_PFmax.sol.json,results/tmp/e2/v_nvp_chk50_t1.10_loose.dzn,True,True,,
results/tmp/e2v_chk50_v_nvp_1.10_PFmin.sol.json,results/tmp/e2/v_nvp_chk50_t1.10_loose.dzn,True,True,,
results/tmp/e2v_chk50_v_nvp_1.10_SL.sol.json,results/tmp/e2/v_nvp_chk50_t1.10_loose.dzn,True,True,,
results/tmp/e2v_chk50_v_nvp_1.10_SL_step1.sol.json,results/tmp/e2/v_nvp_chk50_t1.10_nopat.dzn,True,True,,
results/tmp/e2v_chk50_v_nvp_1.10_joint.sol.json,results/tmp/e2/v_nvp_chk50_t1.10_loose.dzn,True,True,,
results/tmp/e2v_chk50_v_nvp_1.25_PFcheap.sol.json,results/tmp/e2/v_nvp_chk50_t1.25_loose.dzn,True,True,,
results/tmp/e2v_chk50_v_nvp_1.25_PFlight.sol.json,results/tmp/e2/v_nvp_chk50_t1.25_loose.dzn,True,True,,
results/tmp/e2v_chk50_v_nvp_1.25_PFmax.sol.json,results/tmp/e2/v_nvp_chk50_t1.25_loose.dzn,True,True,,
results/tmp/e2v_chk50_v_nvp_1.25_PFmin.sol.json,results/tmp/e2/v_nvp_chk50_t1.25_loose.dzn,True,True,,
results/tmp/e2v_chk50_v_nvp_1.25_SL.sol.json,results/tmp/e2/v_nvp_chk50_t1.25_loose.dzn,True,True,,
results/tmp/e2v_chk50_v_nvp_1.25_SL_step1.sol.json,results/tmp/e2/v_nvp_chk50_t1.25_nopat.dzn,True,True,,
results/tmp/e2v_chk50_v_nvp_1.25_joint.sol.json,results/tmp/e2/v_nvp_chk50_t1.25_loose.dzn,True,True,,
results/tmp/e2v_chk50_v_nvp_1.50_PFcheap.sol.json,results/tmp/e2/v_nvp_chk50_t1.50_loose.dzn,True,True,,
results/tmp/e2v_chk50_v_nvp_1.50_PFlight.sol.json,results/tmp/e2/v_nvp_chk50_t1.50_loose.dzn,True,True,,
results/tmp/e2v_chk50_v_nvp_1.50_PFmax.sol.json,results/tmp/e2/v_nvp_chk50_t1.50_loose.dzn,True,True,,
results/tmp/e2v_chk50_v_nvp_1.50_PFmin.sol.json,results/tmp/e2/v_nvp_chk50_t1.50_loose.dzn,True,True,,
results/tmp/e2v_chk50_v_nvp_1.50_SL.sol.json,results/tmp/e2/v_nvp_chk50_t1.50_loose.dzn,True,True,,
results/tmp/e2v_chk50_v_nvp_1.50_SL_step1.sol.json,results/tmp/e2/v_nvp_chk50_t1.50_nopat.dzn,True,True,,
results/tmp/e2v_chk50_v_nvp_1.50_joint.sol.json,results/tmp/e2/v_nvp_chk50_t1.50_loose.dzn,True,True,,
results/tmp/e2v_chk50_v_nvp_2.00_PFcheap.sol.json,results/tmp/e2/v_nvp_chk50_t2.00_loose.dzn,True,True,,
results/tmp/e2v_chk50_v_nvp_2.00_PFlight.sol.json,results/tmp/e2/v_nvp_chk50_t2.00_loose.dzn,True,True,,
results/tmp/e2v_chk50_v_nvp_2.00_PFmax.sol.json,results/tmp/e2/v_nvp_chk50_t2.00_loose.dzn,True,True,,
results/tmp/e2v_chk50_v_nvp_2.00_PFmin.sol.json,results/tmp/e2/v_nvp_chk50_t2.00_loose.dzn,True,True,,
results/tmp/e2v_chk50_v_nvp_2.00_SL.sol.json,results/tmp/e2/v_nvp_chk50_t2.00_loose.dzn,True,True,,
results/tmp/e2v_chk50_v_nvp_2.00_SL_step1.sol.json,results/tmp/e2/v_nvp_chk50_t2.00_nopat.dzn,True,True,,
results/tmp/e2v_chk50_v_nvp_2.00_joint.sol.json,results/tmp/e2/v_nvp_chk50_t2.00_loose.dzn,True,True,,
results/tmp/e2v_chk50_v_nvp_min_period.sol.json,results/tmp/e2/v_nvp_chk50.dzn,True,True,,
results/tmp/e2v_chk50_v_nvp_none_PFcheap.sol.json,results/tmp/e2/v_nvp_chk50.dzn,True,True,,
results/tmp/e2v_chk50_v_nvp_none_PFlight.sol.json,results/tmp/e2/v_nvp_chk50.dzn,True,True,,
results/tmp/e2v_chk50_v_nvp_none_PFmax.sol.json,results/tmp/e2/v_nvp_chk50.dzn,True,True,,
results/tmp/e2v_chk50_v_nvp_none_PFmin.sol.json,results/tmp/e2/v_nvp_chk50.dzn,True,True,,
results/tmp/e2v_chk50_v_nvp_none_SL.sol.json,results/tmp/e2/v_nvp_chk50.dzn,True,True,,
results/tmp/e2v_chk50_v_nvp_none_SL_step1.sol.json,results/tmp/e2/v_nvp_chk50_tnone_nopat.dzn,True,True,,
results/tmp/e2v_chk50_v_nvp_none_joint.sol.json,results/tmp/e2/v_nvp_chk50.dzn,True,True,,
results/tmp/e2v_tok2_c_pat_1.00_PFcheap.sol.json,results/tmp/e2/c_pat_tok2_t1.00_loose.dzn,True,True,,
results/tmp/e2v_tok2_c_pat_1.00_PFlight.sol.json,results/tmp/e2/c_pat_tok2_t1.00_loose.dzn,True,True,,
results/tmp/e2v_tok2_c_pat_1.00_PFmax.sol.json,results/tmp/e2/c_pat_tok2_t1.00_loose.dzn,True,True,,
results/tmp/e2v_tok2_c_pat_1.00_PFmin.sol.json,results/tmp/e2/c_pat_tok2_t1.00_loose.dzn,True,True,,
results/tmp/e2v_tok2_c_pat_1.00_SL.sol.json,results/tmp/e2/c_pat_tok2_t1.00_loose.dzn,True,True,,
results/tmp/e2v_tok2_c_pat_1.00_SL_step1.sol.json,results/tmp/e2/c_pat_tok2_t1.00_nopat.dzn,True,True,,
results/tmp/e2v_tok2_c_pat_1.00_joint.sol.json,results/tmp/e2/c_pat_tok2_t1.00_loose.dzn,True,True,,
results/tmp/e2v_tok2_c_pat_1.10_PFcheap.sol.json,results/tmp/e2/c_pat_tok2_t1.10_loose.dzn,True,True,,
results/tmp/e2v_tok2_c_pat_1.10_PFlight.sol.json,results/tmp/e2/c_pat_tok2_t1.10_loose.dzn,True,True,,
results/tmp/e2v_tok2_c_pat_1.10_PFmax.sol.json,results/tmp/e2/c_pat_tok2_t1.10_loose.dzn,True,True,,
results/tmp/e2v_tok2_c_pat_1.10_PFmin.sol.json,results/tmp/e2/c_pat_tok2_t1.10_loose.dzn,True,True,,
results/tmp/e2v_tok2_c_pat_1.10_SL.sol.json,results/tmp/e2/c_pat_tok2_t1.10_loose.dzn,True,True,,
results/tmp/e2v_tok2_c_pat_1.10_SL_step1.sol.json,results/tmp/e2/c_pat_tok2_t1.10_nopat.dzn,True,True,,
results/tmp/e2v_tok2_c_pat_1.10_joint.sol.json,results/tmp/e2/c_pat_tok2_t1.10_loose.dzn,True,True,,
results/tmp/e2v_tok2_c_pat_1.25_PFcheap.sol.json,results/tmp/e2/c_pat_tok2_t1.25_loose.dzn,True,True,,
results/tmp/e2v_tok2_c_pat_1.25_PFlight.sol.json,results/tmp/e2/c_pat_tok2_t1.25_loose.dzn,True,True,,
results/tmp/e2v_tok2_c_pat_1.25_PFmax.sol.json,results/tmp/e2/c_pat_tok2_t1.25_loose.dzn,True,True,,
results/tmp/e2v_tok2_c_pat_1.25_PFmin.sol.json,results/tmp/e2/c_pat_tok2_t1.25_loose.dzn,True,True,,
results/tmp/e2v_tok2_c_pat_1.25_SL.sol.json,results/tmp/e2/c_pat_tok2_t1.25_loose.dzn,True,True,,
results/tmp/e2v_tok2_c_pat_1.25_SL_step1.sol.json,results/tmp/e2/c_pat_tok2_t1.25_nopat.dzn,True,True,,
results/tmp/e2v_tok2_c_pat_1.25_joint.sol.json,results/tmp/e2/c_pat_tok2_t1.25_loose.dzn,True,True,,
results/tmp/e2v_tok2_c_pat_1.50_PFcheap.sol.json,results/tmp/e2/c_pat_tok2_t1.50_loose.dzn,True,True,,
results/tmp/e2v_tok2_c_pat_1.50_PFlight.sol.json,results/tmp/e2/c_pat_tok2_t1.50_loose.dzn,True,True,,
results/tmp/e2v_tok2_c_pat_1.50_PFmax.sol.json,results/tmp/e2/c_pat_tok2_t1.50_loose.dzn,True,True,,
results/tmp/e2v_tok2_c_pat_1.50_PFmin.sol.json,results/tmp/e2/c_pat_tok2_t1.50_loose.dzn,True,True,,
results/tmp/e2v_tok2_c_pat_1.50_SL.sol.json,results/tmp/e2/c_pat_tok2_t1.50_loose.dzn,True,True,,
results/tmp/e2v_tok2_c_pat_1.50_SL_step1.sol.json,results/tmp/e2/c_pat_tok2_t1.50_nopat.dzn,True,True,,
results/tmp/e2v_tok2_c_pat_1.50_joint.sol.json,results/tmp/e2/c_pat_tok2_t1.50_loose.dzn,True,True,,
results/tmp/e2v_tok2_c_pat_2.00_PFcheap.sol.json,results/tmp/e2/c_pat_tok2_t2.00_loose.dzn,True,True,,
results/tmp/e2v_tok2_c_pat_2.00_PFlight.sol.json,results/tmp/e2/c_pat_tok2_t2.00_loose.dzn,True,True,,
results/tmp/e2v_tok2_c_pat_2.00_PFmax.sol.json,results/tmp/e2/c_pat_tok2_t2.00_loose.dzn,True,True,,
results/tmp/e2v_tok2_c_pat_2.00_PFmin.sol.json,results/tmp/e2/c_pat_tok2_t2.00_loose.dzn,True,True,,
results/tmp/e2v_tok2_c_pat_2.00_SL.sol.json,results/tmp/e2/c_pat_tok2_t2.00_loose.dzn,True,True,,
results/tmp/e2v_tok2_c_pat_2.00_SL_step1.sol.json,results/tmp/e2/c_pat_tok2_t2.00_nopat.dzn,True,True,,
results/tmp/e2v_tok2_c_pat_2.00_joint.sol.json,results/tmp/e2/c_pat_tok2_t2.00_loose.dzn,True,True,,
results/tmp/e2v_tok2_c_pat_min_period.sol.json,results/tmp/e2/c_pat_tok2.dzn,True,True,,
results/tmp/e2v_tok2_c_pat_none_PFcheap.sol.json,results/tmp/e2/c_pat_tok2.dzn,True,True,,
results/tmp/e2v_tok2_c_pat_none_PFlight.sol.json,results/tmp/e2/c_pat_tok2.dzn,True,True,,
results/tmp/e2v_tok2_c_pat_none_PFmax.sol.json,results/tmp/e2/c_pat_tok2.dzn,True,True,,
results/tmp/e2v_tok2_c_pat_none_PFmin.sol.json,results/tmp/e2/c_pat_tok2.dzn,True,True,,
results/tmp/e2v_tok2_c_pat_none_SL.sol.json,results/tmp/e2/c_pat_tok2.dzn,True,True,,
results/tmp/e2v_tok2_c_pat_none_SL_step1.sol.json,results/tmp/e2/c_pat_tok2_tnone_nopat.dzn,True,True,,
results/tmp/e2v_tok2_c_pat_none_joint.sol.json,results/tmp/e2/c_pat_tok2.dzn,True,True,,
results/tmp/e2v_tok2_d_random_hw_1.00_PFcheap.sol.json,results/tmp/e2/d_random_hw_tok2_t1.00_loose.dzn,True,True,,
results/tmp/e2v_tok2_d_random_hw_1.00_PFlight.sol.json,results/tmp/e2/d_random_hw_tok2_t1.00_loose.dzn,True,True,,
results/tmp/e2v_tok2_d_random_hw_1.00_PFmax.sol.json,results/tmp/e2/d_random_hw_tok2_t1.00_loose.dzn,True,True,,
results/tmp/e2v_tok2_d_random_hw_1.00_PFmin.sol.json,results/tmp/e2/d_random_hw_tok2_t1.00_loose.dzn,True,True,,
results/tmp/e2v_tok2_d_random_hw_1.00_SL.sol.json,results/tmp/e2/d_random_hw_tok2_t1.00_loose.dzn,True,True,,
results/tmp/e2v_tok2_d_random_hw_1.00_SL_step1.sol.json,results/tmp/e2/d_random_hw_tok2_t1.00_nopat.dzn,True,True,,
results/tmp/e2v_tok2_d_random_hw_1.00_joint.sol.json,results/tmp/e2/d_random_hw_tok2_t1.00_loose.dzn,True,True,,
results/tmp/e2v_tok2_d_random_hw_1.10_PFcheap.sol.json,results/tmp/e2/d_random_hw_tok2_t1.10_loose.dzn,True,True,,
results/tmp/e2v_tok2_d_random_hw_1.10_PFlight.sol.json,results/tmp/e2/d_random_hw_tok2_t1.10_loose.dzn,True,True,,
results/tmp/e2v_tok2_d_random_hw_1.10_PFmax.sol.json,results/tmp/e2/d_random_hw_tok2_t1.10_loose.dzn,True,True,,
results/tmp/e2v_tok2_d_random_hw_1.10_PFmin.sol.json,results/tmp/e2/d_random_hw_tok2_t1.10_loose.dzn,True,True,,
results/tmp/e2v_tok2_d_random_hw_1.10_SL.sol.json,results/tmp/e2/d_random_hw_tok2_t1.10_loose.dzn,True,True,,
results/tmp/e2v_tok2_d_random_hw_1.10_SL_step1.sol.json,results/tmp/e2/d_random_hw_tok2_t1.10_nopat.dzn,True,True,,
results/tmp/e2v_tok2_d_random_hw_1.10_joint.sol.json,results/tmp/e2/d_random_hw_tok2_t1.10_loose.dzn,True,True,,
results/tmp/e2v_tok2_d_random_hw_1.25_PFcheap.sol.json,results/tmp/e2/d_random_hw_tok2_t1.25_loose.dzn,True,True,,
results/tmp/e2v_tok2_d_random_hw_1.25_PFlight.sol.json,results/tmp/e2/d_random_hw_tok2_t1.25_loose.dzn,True,True,,
results/tmp/e2v_tok2_d_random_hw_1.25_PFmax.sol.json,results/tmp/e2/d_random_hw_tok2_t1.25_loose.dzn,True,True,,
results/tmp/e2v_tok2_d_random_hw_1.25_PFmin.sol.json,results/tmp/e2/d_random_hw_tok2_t1.25_loose.dzn,True,True,,
results/tmp/e2v_tok2_d_random_hw_1.25_SL.sol.json,results/tmp/e2/d_random_hw_tok2_t1.25_loose.dzn,True,True,,
results/tmp/e2v_tok2_d_random_hw_1.25_SL_step1.sol.json,results/tmp/e2/d_random_hw_tok2_t1.25_nopat.dzn,True,True,,
results/tmp/e2v_tok2_d_random_hw_1.25_joint.sol.json,results/tmp/e2/d_random_hw_tok2_t1.25_loose.dzn,True,True,,
results/tmp/e2v_tok2_d_random_hw_1.50_PFcheap.sol.json,results/tmp/e2/d_random_hw_tok2_t1.50_loose.dzn,True,True,,
results/tmp/e2v_tok2_d_random_hw_1.50_PFlight.sol.json,results/tmp/e2/d_random_hw_tok2_t1.50_loose.dzn,True,True,,
results/tmp/e2v_tok2_d_random_hw_1.50_PFmax.sol.json,results/tmp/e2/d_random_hw_tok2_t1.50_loose.dzn,True,True,,
results/tmp/e2v_tok2_d_random_hw_1.50_PFmin.sol.json,results/tmp/e2/d_random_hw_tok2_t1.50_loose.dzn,True,True,,
results/tmp/e2v_tok2_d_random_hw_1.50_SL.sol.json,results/tmp/e2/d_random_hw_tok2_t1.50_loose.dzn,True,True,,
results/tmp/e2v_tok2_d_random_hw_1.50_SL_step1.sol.json,results/tmp/e2/d_random_hw_tok2_t1.50_nopat.dzn,True,True,,
results/tmp/e2v_tok2_d_random_hw_1.50_joint.sol.json,results/tmp/e2/d_random_hw_tok2_t1.50_loose.dzn,True,True,,
results/tmp/e2v_tok2_d_random_hw_2.00_PFcheap.sol.json,results/tmp/e2/d_random_hw_tok2_t2.00_loose.dzn,True,True,,
results/tmp/e2v_tok2_d_random_hw_2.00_PFlight.sol.json,results/tmp/e2/d_random_hw_tok2_t2.00_loose.dzn,True,True,,
results/tmp/e2v_tok2_d_random_hw_2.00_PFmax.sol.json,results/tmp/e2/d_random_hw_tok2_t2.00_loose.dzn,True,True,,
results/tmp/e2v_tok2_d_random_hw_2.00_PFmin.sol.json,results/tmp/e2/d_random_hw_tok2_t2.00_loose.dzn,True,True,,
results/tmp/e2v_tok2_d_random_hw_2.00_SL.sol.json,results/tmp/e2/d_random_hw_tok2_t2.00_loose.dzn,True,True,,
results/tmp/e2v_tok2_d_random_hw_2.00_SL_step1.sol.json,results/tmp/e2/d_random_hw_tok2_t2.00_nopat.dzn,True,True,,
results/tmp/e2v_tok2_d_random_hw_2.00_joint.sol.json,results/tmp/e2/d_random_hw_tok2_t2.00_loose.dzn,True,True,,
results/tmp/e2v_tok2_d_random_hw_min_period.sol.json,results/tmp/e2/d_random_hw_tok2.dzn,True,True,,
results/tmp/e2v_tok2_d_random_hw_none_PFcheap.sol.json,results/tmp/e2/d_random_hw_tok2.dzn,True,True,,
results/tmp/e2v_tok2_d_random_hw_none_PFlight.sol.json,results/tmp/e2/d_random_hw_tok2.dzn,True,True,,
results/tmp/e2v_tok2_d_random_hw_none_PFmax.sol.json,results/tmp/e2/d_random_hw_tok2.dzn,True,True,,
results/tmp/e2v_tok2_d_random_hw_none_PFmin.sol.json,results/tmp/e2/d_random_hw_tok2.dzn,True,True,,
results/tmp/e2v_tok2_d_random_hw_none_SL.sol.json,results/tmp/e2/d_random_hw_tok2.dzn,True,True,,
results/tmp/e2v_tok2_d_random_hw_none_SL_step1.sol.json,results/tmp/e2/d_random_hw_tok2_tnone_nopat.dzn,True,True,,
results/tmp/e2v_tok2_d_random_hw_none_joint.sol.json,results/tmp/e2/d_random_hw_tok2.dzn,True,True,,
results/tmp/e2v_tok2_d_systematic_sw_1.00_PFcheap.sol.json,results/tmp/e2/d_systematic_sw_tok2_t1.00_loose.dzn,True,True,,
results/tmp/e2v_tok2_d_systematic_sw_1.00_PFlight.sol.json,results/tmp/e2/d_systematic_sw_tok2_t1.00_loose.dzn,True,True,,
results/tmp/e2v_tok2_d_systematic_sw_1.00_PFmax.sol.json,results/tmp/e2/d_systematic_sw_tok2_t1.00_loose.dzn,True,True,,
results/tmp/e2v_tok2_d_systematic_sw_1.00_PFmin.sol.json,results/tmp/e2/d_systematic_sw_tok2_t1.00_loose.dzn,True,True,,
results/tmp/e2v_tok2_d_systematic_sw_1.00_SL.sol.json,results/tmp/e2/d_systematic_sw_tok2_t1.00_loose.dzn,True,True,,
results/tmp/e2v_tok2_d_systematic_sw_1.00_SL_step1.sol.json,results/tmp/e2/d_systematic_sw_tok2_t1.00_nopat.dzn,True,True,,
results/tmp/e2v_tok2_d_systematic_sw_1.00_joint.sol.json,results/tmp/e2/d_systematic_sw_tok2_t1.00_loose.dzn,True,True,,
results/tmp/e2v_tok2_d_systematic_sw_1.10_PFcheap.sol.json,results/tmp/e2/d_systematic_sw_tok2_t1.10_loose.dzn,True,True,,
results/tmp/e2v_tok2_d_systematic_sw_1.10_PFlight.sol.json,results/tmp/e2/d_systematic_sw_tok2_t1.10_loose.dzn,True,True,,
results/tmp/e2v_tok2_d_systematic_sw_1.10_PFmax.sol.json,results/tmp/e2/d_systematic_sw_tok2_t1.10_loose.dzn,True,True,,
results/tmp/e2v_tok2_d_systematic_sw_1.10_PFmin.sol.json,results/tmp/e2/d_systematic_sw_tok2_t1.10_loose.dzn,True,True,,
results/tmp/e2v_tok2_d_systematic_sw_1.10_SL.sol.json,results/tmp/e2/d_systematic_sw_tok2_t1.10_loose.dzn,True,True,,
results/tmp/e2v_tok2_d_systematic_sw_1.10_SL_step1.sol.json,results/tmp/e2/d_systematic_sw_tok2_t1.10_nopat.dzn,True,True,,
results/tmp/e2v_tok2_d_systematic_sw_1.10_joint.sol.json,results/tmp/e2/d_systematic_sw_tok2_t1.10_loose.dzn,True,True,,
results/tmp/e2v_tok2_d_systematic_sw_1.25_PFcheap.sol.json,results/tmp/e2/d_systematic_sw_tok2_t1.25_loose.dzn,True,True,,
results/tmp/e2v_tok2_d_systematic_sw_1.25_PFlight.sol.json,results/tmp/e2/d_systematic_sw_tok2_t1.25_loose.dzn,True,True,,
results/tmp/e2v_tok2_d_systematic_sw_1.25_PFmax.sol.json,results/tmp/e2/d_systematic_sw_tok2_t1.25_loose.dzn,True,True,,
results/tmp/e2v_tok2_d_systematic_sw_1.25_PFmin.sol.json,results/tmp/e2/d_systematic_sw_tok2_t1.25_loose.dzn,True,True,,
results/tmp/e2v_tok2_d_systematic_sw_1.25_SL.sol.json,results/tmp/e2/d_systematic_sw_tok2_t1.25_loose.dzn,True,True,,
results/tmp/e2v_tok2_d_systematic_sw_1.25_SL_step1.sol.json,results/tmp/e2/d_systematic_sw_tok2_t1.25_nopat.dzn,True,True,,
results/tmp/e2v_tok2_d_systematic_sw_1.25_joint.sol.json,results/tmp/e2/d_systematic_sw_tok2_t1.25_loose.dzn,True,True,,
results/tmp/e2v_tok2_d_systematic_sw_1.50_PFcheap.sol.json,results/tmp/e2/d_systematic_sw_tok2_t1.50_loose.dzn,True,True,,
results/tmp/e2v_tok2_d_systematic_sw_1.50_PFlight.sol.json,results/tmp/e2/d_systematic_sw_tok2_t1.50_loose.dzn,True,True,,
results/tmp/e2v_tok2_d_systematic_sw_1.50_PFmax.sol.json,results/tmp/e2/d_systematic_sw_tok2_t1.50_loose.dzn,True,True,,
results/tmp/e2v_tok2_d_systematic_sw_1.50_PFmin.sol.json,results/tmp/e2/d_systematic_sw_tok2_t1.50_loose.dzn,True,True,,
results/tmp/e2v_tok2_d_systematic_sw_1.50_SL.sol.json,results/tmp/e2/d_systematic_sw_tok2_t1.50_loose.dzn,True,True,,
results/tmp/e2v_tok2_d_systematic_sw_1.50_SL_step1.sol.json,results/tmp/e2/d_systematic_sw_tok2_t1.50_nopat.dzn,True,True,,
results/tmp/e2v_tok2_d_systematic_sw_1.50_joint.sol.json,results/tmp/e2/d_systematic_sw_tok2_t1.50_loose.dzn,True,True,,
results/tmp/e2v_tok2_d_systematic_sw_2.00_PFcheap.sol.json,results/tmp/e2/d_systematic_sw_tok2_t2.00_loose.dzn,True,True,,
results/tmp/e2v_tok2_d_systematic_sw_2.00_PFlight.sol.json,results/tmp/e2/d_systematic_sw_tok2_t2.00_loose.dzn,True,True,,
results/tmp/e2v_tok2_d_systematic_sw_2.00_PFmax.sol.json,results/tmp/e2/d_systematic_sw_tok2_t2.00_loose.dzn,True,True,,
results/tmp/e2v_tok2_d_systematic_sw_2.00_PFmin.sol.json,results/tmp/e2/d_systematic_sw_tok2_t2.00_loose.dzn,True,True,,
results/tmp/e2v_tok2_d_systematic_sw_2.00_SL.sol.json,results/tmp/e2/d_systematic_sw_tok2_t2.00_loose.dzn,True,True,,
results/tmp/e2v_tok2_d_systematic_sw_2.00_SL_step1.sol.json,results/tmp/e2/d_systematic_sw_tok2_t2.00_nopat.dzn,True,True,,
results/tmp/e2v_tok2_d_systematic_sw_2.00_joint.sol.json,results/tmp/e2/d_systematic_sw_tok2_t2.00_loose.dzn,True,True,,
results/tmp/e2v_tok2_d_systematic_sw_min_period.sol.json,results/tmp/e2/d_systematic_sw_tok2.dzn,True,True,,
results/tmp/e2v_tok2_d_systematic_sw_none_PFcheap.sol.json,results/tmp/e2/d_systematic_sw_tok2.dzn,True,True,,
results/tmp/e2v_tok2_d_systematic_sw_none_PFlight.sol.json,results/tmp/e2/d_systematic_sw_tok2.dzn,True,True,,
results/tmp/e2v_tok2_d_systematic_sw_none_PFmax.sol.json,results/tmp/e2/d_systematic_sw_tok2.dzn,True,True,,
results/tmp/e2v_tok2_d_systematic_sw_none_PFmin.sol.json,results/tmp/e2/d_systematic_sw_tok2.dzn,True,True,,
results/tmp/e2v_tok2_d_systematic_sw_none_SL.sol.json,results/tmp/e2/d_systematic_sw_tok2.dzn,True,True,,
results/tmp/e2v_tok2_d_systematic_sw_none_SL_step1.sol.json,results/tmp/e2/d_systematic_sw_tok2_tnone_nopat.dzn,True,True,,
results/tmp/e2v_tok2_d_systematic_sw_none_joint.sol.json,results/tmp/e2/d_systematic_sw_tok2.dzn,True,True,,
results/tmp/e2v_tok2_f_both3_1.00_PFcheap.sol.json,results/tmp/e2/f_both3_tok2_t1.00_loose.dzn,True,True,,
results/tmp/e2v_tok2_f_both3_1.00_PFlight.sol.json,results/tmp/e2/f_both3_tok2_t1.00_loose.dzn,True,True,,
results/tmp/e2v_tok2_f_both3_1.00_PFmax.sol.json,results/tmp/e2/f_both3_tok2_t1.00_loose.dzn,True,True,,
results/tmp/e2v_tok2_f_both3_1.00_PFmin.sol.json,results/tmp/e2/f_both3_tok2_t1.00_loose.dzn,True,True,,
results/tmp/e2v_tok2_f_both3_1.00_SL.sol.json,results/tmp/e2/f_both3_tok2_t1.00_loose.dzn,True,True,,
results/tmp/e2v_tok2_f_both3_1.00_SL_step1.sol.json,results/tmp/e2/f_both3_tok2_t1.00_nopat.dzn,True,True,,
results/tmp/e2v_tok2_f_both3_1.00_joint.sol.json,results/tmp/e2/f_both3_tok2_t1.00_loose.dzn,True,True,,
results/tmp/e2v_tok2_f_both3_1.10_PFcheap.sol.json,results/tmp/e2/f_both3_tok2_t1.10_loose.dzn,True,True,,
results/tmp/e2v_tok2_f_both3_1.10_PFlight.sol.json,results/tmp/e2/f_both3_tok2_t1.10_loose.dzn,True,True,,
results/tmp/e2v_tok2_f_both3_1.10_PFmax.sol.json,results/tmp/e2/f_both3_tok2_t1.10_loose.dzn,True,True,,
results/tmp/e2v_tok2_f_both3_1.10_PFmin.sol.json,results/tmp/e2/f_both3_tok2_t1.10_loose.dzn,True,True,,
results/tmp/e2v_tok2_f_both3_1.10_SL.sol.json,results/tmp/e2/f_both3_tok2_t1.10_loose.dzn,True,True,,
results/tmp/e2v_tok2_f_both3_1.10_SL_step1.sol.json,results/tmp/e2/f_both3_tok2_t1.10_nopat.dzn,True,True,,
results/tmp/e2v_tok2_f_both3_1.10_joint.sol.json,results/tmp/e2/f_both3_tok2_t1.10_loose.dzn,True,True,,
results/tmp/e2v_tok2_f_both3_1.25_PFcheap.sol.json,results/tmp/e2/f_both3_tok2_t1.25_loose.dzn,True,True,,
results/tmp/e2v_tok2_f_both3_1.25_PFlight.sol.json,results/tmp/e2/f_both3_tok2_t1.25_loose.dzn,True,True,,
results/tmp/e2v_tok2_f_both3_1.25_PFmax.sol.json,results/tmp/e2/f_both3_tok2_t1.25_loose.dzn,True,True,,
results/tmp/e2v_tok2_f_both3_1.25_PFmin.sol.json,results/tmp/e2/f_both3_tok2_t1.25_loose.dzn,True,True,,
results/tmp/e2v_tok2_f_both3_1.25_SL.sol.json,results/tmp/e2/f_both3_tok2_t1.25_loose.dzn,True,True,,
results/tmp/e2v_tok2_f_both3_1.25_SL_step1.sol.json,results/tmp/e2/f_both3_tok2_t1.25_nopat.dzn,True,True,,
results/tmp/e2v_tok2_f_both3_1.25_joint.sol.json,results/tmp/e2/f_both3_tok2_t1.25_loose.dzn,True,True,,
results/tmp/e2v_tok2_f_both3_1.50_PFcheap.sol.json,results/tmp/e2/f_both3_tok2_t1.50_loose.dzn,True,True,,
results/tmp/e2v_tok2_f_both3_1.50_PFlight.sol.json,results/tmp/e2/f_both3_tok2_t1.50_loose.dzn,True,True,,
results/tmp/e2v_tok2_f_both3_1.50_PFmax.sol.json,results/tmp/e2/f_both3_tok2_t1.50_loose.dzn,True,True,,
results/tmp/e2v_tok2_f_both3_1.50_PFmin.sol.json,results/tmp/e2/f_both3_tok2_t1.50_loose.dzn,True,True,,
results/tmp/e2v_tok2_f_both3_1.50_SL.sol.json,results/tmp/e2/f_both3_tok2_t1.50_loose.dzn,True,True,,
results/tmp/e2v_tok2_f_both3_1.50_SL_step1.sol.json,results/tmp/e2/f_both3_tok2_t1.50_nopat.dzn,True,True,,
results/tmp/e2v_tok2_f_both3_1.50_joint.sol.json,results/tmp/e2/f_both3_tok2_t1.50_loose.dzn,True,True,,
results/tmp/e2v_tok2_f_both3_2.00_PFcheap.sol.json,results/tmp/e2/f_both3_tok2_t2.00_loose.dzn,True,True,,
results/tmp/e2v_tok2_f_both3_2.00_PFlight.sol.json,results/tmp/e2/f_both3_tok2_t2.00_loose.dzn,True,True,,
results/tmp/e2v_tok2_f_both3_2.00_PFmax.sol.json,results/tmp/e2/f_both3_tok2_t2.00_loose.dzn,True,True,,
results/tmp/e2v_tok2_f_both3_2.00_PFmin.sol.json,results/tmp/e2/f_both3_tok2_t2.00_loose.dzn,True,True,,
results/tmp/e2v_tok2_f_both3_2.00_SL.sol.json,results/tmp/e2/f_both3_tok2_t2.00_loose.dzn,True,True,,
results/tmp/e2v_tok2_f_both3_2.00_SL_step1.sol.json,results/tmp/e2/f_both3_tok2_t2.00_nopat.dzn,True,True,,
results/tmp/e2v_tok2_f_both3_2.00_joint.sol.json,results/tmp/e2/f_both3_tok2_t2.00_loose.dzn,True,True,,
results/tmp/e2v_tok2_f_both3_min_period.sol.json,results/tmp/e2/f_both3_tok2.dzn,True,True,,
results/tmp/e2v_tok2_f_both3_none_PFcheap.sol.json,results/tmp/e2/f_both3_tok2.dzn,True,True,,
results/tmp/e2v_tok2_f_both3_none_PFlight.sol.json,results/tmp/e2/f_both3_tok2.dzn,True,True,,
results/tmp/e2v_tok2_f_both3_none_PFmax.sol.json,results/tmp/e2/f_both3_tok2.dzn,True,True,,
results/tmp/e2v_tok2_f_both3_none_PFmin.sol.json,results/tmp/e2/f_both3_tok2.dzn,True,True,,
results/tmp/e2v_tok2_f_both3_none_SL.sol.json,results/tmp/e2/f_both3_tok2.dzn,True,True,,
results/tmp/e2v_tok2_f_both3_none_SL_step1.sol.json,results/tmp/e2/f_both3_tok2_tnone_nopat.dzn,True,True,,
results/tmp/e2v_tok2_f_both3_none_joint.sol.json,results/tmp/e2/f_both3_tok2.dzn,True,True,,
results/tmp/e2v_tok2_f_random_hw_1.00_PFcheap.sol.json,results/tmp/e2/f_random_hw_tok2_t1.00_loose.dzn,True,True,,
results/tmp/e2v_tok2_f_random_hw_1.00_PFlight.sol.json,results/tmp/e2/f_random_hw_tok2_t1.00_loose.dzn,True,True,,
results/tmp/e2v_tok2_f_random_hw_1.00_PFmax.sol.json,results/tmp/e2/f_random_hw_tok2_t1.00_loose.dzn,True,True,,
results/tmp/e2v_tok2_f_random_hw_1.00_PFmin.sol.json,results/tmp/e2/f_random_hw_tok2_t1.00_loose.dzn,True,True,,
results/tmp/e2v_tok2_f_random_hw_1.00_SL.sol.json,results/tmp/e2/f_random_hw_tok2_t1.00_loose.dzn,True,True,,
results/tmp/e2v_tok2_f_random_hw_1.00_SL_step1.sol.json,results/tmp/e2/f_random_hw_tok2_t1.00_nopat.dzn,True,True,,
results/tmp/e2v_tok2_f_random_hw_1.00_joint.sol.json,results/tmp/e2/f_random_hw_tok2_t1.00_loose.dzn,True,True,,
results/tmp/e2v_tok2_f_random_hw_1.10_PFcheap.sol.json,results/tmp/e2/f_random_hw_tok2_t1.10_loose.dzn,True,True,,
results/tmp/e2v_tok2_f_random_hw_1.10_PFlight.sol.json,results/tmp/e2/f_random_hw_tok2_t1.10_loose.dzn,True,True,,
results/tmp/e2v_tok2_f_random_hw_1.10_PFmax.sol.json,results/tmp/e2/f_random_hw_tok2_t1.10_loose.dzn,True,True,,
results/tmp/e2v_tok2_f_random_hw_1.10_PFmin.sol.json,results/tmp/e2/f_random_hw_tok2_t1.10_loose.dzn,True,True,,
results/tmp/e2v_tok2_f_random_hw_1.10_SL.sol.json,results/tmp/e2/f_random_hw_tok2_t1.10_loose.dzn,True,True,,
results/tmp/e2v_tok2_f_random_hw_1.10_SL_step1.sol.json,results/tmp/e2/f_random_hw_tok2_t1.10_nopat.dzn,True,True,,
results/tmp/e2v_tok2_f_random_hw_1.10_joint.sol.json,results/tmp/e2/f_random_hw_tok2_t1.10_loose.dzn,True,True,,
results/tmp/e2v_tok2_f_random_hw_1.25_PFcheap.sol.json,results/tmp/e2/f_random_hw_tok2_t1.25_loose.dzn,True,True,,
results/tmp/e2v_tok2_f_random_hw_1.25_PFlight.sol.json,results/tmp/e2/f_random_hw_tok2_t1.25_loose.dzn,True,True,,
results/tmp/e2v_tok2_f_random_hw_1.25_PFmax.sol.json,results/tmp/e2/f_random_hw_tok2_t1.25_loose.dzn,True,True,,
results/tmp/e2v_tok2_f_random_hw_1.25_PFmin.sol.json,results/tmp/e2/f_random_hw_tok2_t1.25_loose.dzn,True,True,,
results/tmp/e2v_tok2_f_random_hw_1.25_SL.sol.json,results/tmp/e2/f_random_hw_tok2_t1.25_loose.dzn,True,True,,
results/tmp/e2v_tok2_f_random_hw_1.25_SL_step1.sol.json,results/tmp/e2/f_random_hw_tok2_t1.25_nopat.dzn,True,True,,
results/tmp/e2v_tok2_f_random_hw_1.25_joint.sol.json,results/tmp/e2/f_random_hw_tok2_t1.25_loose.dzn,True,True,,
results/tmp/e2v_tok2_f_random_hw_1.50_PFcheap.sol.json,results/tmp/e2/f_random_hw_tok2_t1.50_loose.dzn,True,True,,
results/tmp/e2v_tok2_f_random_hw_1.50_PFlight.sol.json,results/tmp/e2/f_random_hw_tok2_t1.50_loose.dzn,True,True,,
results/tmp/e2v_tok2_f_random_hw_1.50_PFmax.sol.json,results/tmp/e2/f_random_hw_tok2_t1.50_loose.dzn,True,True,,
results/tmp/e2v_tok2_f_random_hw_1.50_PFmin.sol.json,results/tmp/e2/f_random_hw_tok2_t1.50_loose.dzn,True,True,,
results/tmp/e2v_tok2_f_random_hw_1.50_SL.sol.json,results/tmp/e2/f_random_hw_tok2_t1.50_loose.dzn,True,True,,
results/tmp/e2v_tok2_f_random_hw_1.50_SL_step1.sol.json,results/tmp/e2/f_random_hw_tok2_t1.50_nopat.dzn,True,True,,
results/tmp/e2v_tok2_f_random_hw_1.50_joint.sol.json,results/tmp/e2/f_random_hw_tok2_t1.50_loose.dzn,True,True,,
results/tmp/e2v_tok2_f_random_hw_2.00_PFcheap.sol.json,results/tmp/e2/f_random_hw_tok2_t2.00_loose.dzn,True,True,,
results/tmp/e2v_tok2_f_random_hw_2.00_PFlight.sol.json,results/tmp/e2/f_random_hw_tok2_t2.00_loose.dzn,True,True,,
results/tmp/e2v_tok2_f_random_hw_2.00_PFmax.sol.json,results/tmp/e2/f_random_hw_tok2_t2.00_loose.dzn,True,True,,
results/tmp/e2v_tok2_f_random_hw_2.00_PFmin.sol.json,results/tmp/e2/f_random_hw_tok2_t2.00_loose.dzn,True,True,,
results/tmp/e2v_tok2_f_random_hw_2.00_SL.sol.json,results/tmp/e2/f_random_hw_tok2_t2.00_loose.dzn,True,True,,
results/tmp/e2v_tok2_f_random_hw_2.00_SL_step1.sol.json,results/tmp/e2/f_random_hw_tok2_t2.00_nopat.dzn,True,True,,
results/tmp/e2v_tok2_f_random_hw_2.00_joint.sol.json,results/tmp/e2/f_random_hw_tok2_t2.00_loose.dzn,True,True,,
results/tmp/e2v_tok2_f_random_hw_min_period.sol.json,results/tmp/e2/f_random_hw_tok2.dzn,True,True,,
results/tmp/e2v_tok2_f_random_hw_none_PFcheap.sol.json,results/tmp/e2/f_random_hw_tok2.dzn,True,True,,
results/tmp/e2v_tok2_f_random_hw_none_PFlight.sol.json,results/tmp/e2/f_random_hw_tok2.dzn,True,True,,
results/tmp/e2v_tok2_f_random_hw_none_PFmax.sol.json,results/tmp/e2/f_random_hw_tok2.dzn,True,True,,
results/tmp/e2v_tok2_f_random_hw_none_PFmin.sol.json,results/tmp/e2/f_random_hw_tok2.dzn,True,True,,
results/tmp/e2v_tok2_f_random_hw_none_SL.sol.json,results/tmp/e2/f_random_hw_tok2.dzn,True,True,,
results/tmp/e2v_tok2_f_random_hw_none_SL_step1.sol.json,results/tmp/e2/f_random_hw_tok2_tnone_nopat.dzn,True,True,,
results/tmp/e2v_tok2_f_random_hw_none_joint.sol.json,results/tmp/e2/f_random_hw_tok2.dzn,True,True,,
results/tmp/e2v_tok2_f_sw3_1.00_PFcheap.sol.json,results/tmp/e2/f_sw3_tok2_t1.00_loose.dzn,True,True,,
results/tmp/e2v_tok2_f_sw3_1.00_PFlight.sol.json,results/tmp/e2/f_sw3_tok2_t1.00_loose.dzn,True,True,,
results/tmp/e2v_tok2_f_sw3_1.00_PFmax.sol.json,results/tmp/e2/f_sw3_tok2_t1.00_loose.dzn,True,True,,
results/tmp/e2v_tok2_f_sw3_1.00_PFmin.sol.json,results/tmp/e2/f_sw3_tok2_t1.00_loose.dzn,True,True,,
results/tmp/e2v_tok2_f_sw3_1.00_SL.sol.json,results/tmp/e2/f_sw3_tok2_t1.00_loose.dzn,True,True,,
results/tmp/e2v_tok2_f_sw3_1.00_SL_step1.sol.json,results/tmp/e2/f_sw3_tok2_t1.00_nopat.dzn,True,True,,
results/tmp/e2v_tok2_f_sw3_1.00_joint.sol.json,results/tmp/e2/f_sw3_tok2_t1.00_loose.dzn,True,True,,
results/tmp/e2v_tok2_f_sw3_1.10_PFcheap.sol.json,results/tmp/e2/f_sw3_tok2_t1.10_loose.dzn,True,True,,
results/tmp/e2v_tok2_f_sw3_1.10_PFlight.sol.json,results/tmp/e2/f_sw3_tok2_t1.10_loose.dzn,True,True,,
results/tmp/e2v_tok2_f_sw3_1.10_PFmax.sol.json,results/tmp/e2/f_sw3_tok2_t1.10_loose.dzn,True,True,,
results/tmp/e2v_tok2_f_sw3_1.10_PFmin.sol.json,results/tmp/e2/f_sw3_tok2_t1.10_loose.dzn,True,True,,
results/tmp/e2v_tok2_f_sw3_1.10_SL.sol.json,results/tmp/e2/f_sw3_tok2_t1.10_loose.dzn,True,True,,
results/tmp/e2v_tok2_f_sw3_1.10_SL_step1.sol.json,results/tmp/e2/f_sw3_tok2_t1.10_nopat.dzn,True,True,,
results/tmp/e2v_tok2_f_sw3_1.10_joint.sol.json,results/tmp/e2/f_sw3_tok2_t1.10_loose.dzn,True,True,,
results/tmp/e2v_tok2_f_sw3_1.25_PFcheap.sol.json,results/tmp/e2/f_sw3_tok2_t1.25_loose.dzn,True,True,,
results/tmp/e2v_tok2_f_sw3_1.25_PFlight.sol.json,results/tmp/e2/f_sw3_tok2_t1.25_loose.dzn,True,True,,
results/tmp/e2v_tok2_f_sw3_1.25_PFmax.sol.json,results/tmp/e2/f_sw3_tok2_t1.25_loose.dzn,True,True,,
results/tmp/e2v_tok2_f_sw3_1.25_PFmin.sol.json,results/tmp/e2/f_sw3_tok2_t1.25_loose.dzn,True,True,,
results/tmp/e2v_tok2_f_sw3_1.25_SL.sol.json,results/tmp/e2/f_sw3_tok2_t1.25_loose.dzn,True,True,,
results/tmp/e2v_tok2_f_sw3_1.25_SL_step1.sol.json,results/tmp/e2/f_sw3_tok2_t1.25_nopat.dzn,True,True,,
results/tmp/e2v_tok2_f_sw3_1.25_joint.sol.json,results/tmp/e2/f_sw3_tok2_t1.25_loose.dzn,True,True,,
results/tmp/e2v_tok2_f_sw3_1.50_PFcheap.sol.json,results/tmp/e2/f_sw3_tok2_t1.50_loose.dzn,True,True,,
results/tmp/e2v_tok2_f_sw3_1.50_PFlight.sol.json,results/tmp/e2/f_sw3_tok2_t1.50_loose.dzn,True,True,,
results/tmp/e2v_tok2_f_sw3_1.50_PFmax.sol.json,results/tmp/e2/f_sw3_tok2_t1.50_loose.dzn,True,True,,
results/tmp/e2v_tok2_f_sw3_1.50_PFmin.sol.json,results/tmp/e2/f_sw3_tok2_t1.50_loose.dzn,True,True,,
results/tmp/e2v_tok2_f_sw3_1.50_SL.sol.json,results/tmp/e2/f_sw3_tok2_t1.50_loose.dzn,True,True,,
results/tmp/e2v_tok2_f_sw3_1.50_SL_step1.sol.json,results/tmp/e2/f_sw3_tok2_t1.50_nopat.dzn,True,True,,
results/tmp/e2v_tok2_f_sw3_1.50_joint.sol.json,results/tmp/e2/f_sw3_tok2_t1.50_loose.dzn,True,True,,
results/tmp/e2v_tok2_f_sw3_2.00_PFcheap.sol.json,results/tmp/e2/f_sw3_tok2_t2.00_loose.dzn,True,True,,
results/tmp/e2v_tok2_f_sw3_2.00_PFlight.sol.json,results/tmp/e2/f_sw3_tok2_t2.00_loose.dzn,True,True,,
results/tmp/e2v_tok2_f_sw3_2.00_PFmax.sol.json,results/tmp/e2/f_sw3_tok2_t2.00_loose.dzn,True,True,,
results/tmp/e2v_tok2_f_sw3_2.00_PFmin.sol.json,results/tmp/e2/f_sw3_tok2_t2.00_loose.dzn,True,True,,
results/tmp/e2v_tok2_f_sw3_2.00_SL.sol.json,results/tmp/e2/f_sw3_tok2_t2.00_loose.dzn,True,True,,
results/tmp/e2v_tok2_f_sw3_2.00_SL_step1.sol.json,results/tmp/e2/f_sw3_tok2_t2.00_nopat.dzn,True,True,,
results/tmp/e2v_tok2_f_sw3_2.00_joint.sol.json,results/tmp/e2/f_sw3_tok2_t2.00_loose.dzn,True,True,,
results/tmp/e2v_tok2_f_sw3_min_period.sol.json,results/tmp/e2/f_sw3_tok2.dzn,True,True,,
results/tmp/e2v_tok2_f_sw3_none_PFcheap.sol.json,results/tmp/e2/f_sw3_tok2.dzn,True,True,,
results/tmp/e2v_tok2_f_sw3_none_PFlight.sol.json,results/tmp/e2/f_sw3_tok2.dzn,True,True,,
results/tmp/e2v_tok2_f_sw3_none_PFmax.sol.json,results/tmp/e2/f_sw3_tok2.dzn,True,True,,
results/tmp/e2v_tok2_f_sw3_none_PFmin.sol.json,results/tmp/e2/f_sw3_tok2.dzn,True,True,,
results/tmp/e2v_tok2_f_sw3_none_SL.sol.json,results/tmp/e2/f_sw3_tok2.dzn,True,True,,
results/tmp/e2v_tok2_f_sw3_none_SL_step1.sol.json,results/tmp/e2/f_sw3_tok2_tnone_nopat.dzn,True,True,,
results/tmp/e2v_tok2_f_sw3_none_joint.sol.json,results/tmp/e2/f_sw3_tok2.dzn,True,True,,
results/tmp/e2v_tok2_p_rasta_1.00_PFcheap.sol.json,results/tmp/e2/p_rasta_tok2_t1.00_loose.dzn,True,True,,
results/tmp/e2v_tok2_p_rasta_1.00_PFlight.sol.json,results/tmp/e2/p_rasta_tok2_t1.00_loose.dzn,True,True,,
results/tmp/e2v_tok2_p_rasta_1.00_PFmax.sol.json,results/tmp/e2/p_rasta_tok2_t1.00_loose.dzn,True,True,,
results/tmp/e2v_tok2_p_rasta_1.00_PFmin.sol.json,results/tmp/e2/p_rasta_tok2_t1.00_loose.dzn,True,True,,
results/tmp/e2v_tok2_p_rasta_1.00_SL.sol.json,results/tmp/e2/p_rasta_tok2_t1.00_loose.dzn,True,True,,
results/tmp/e2v_tok2_p_rasta_1.00_SL_step1.sol.json,results/tmp/e2/p_rasta_tok2_t1.00_nopat.dzn,True,True,,
results/tmp/e2v_tok2_p_rasta_1.00_joint.sol.json,results/tmp/e2/p_rasta_tok2_t1.00_loose.dzn,True,True,,
results/tmp/e2v_tok2_p_rasta_1.10_PFcheap.sol.json,results/tmp/e2/p_rasta_tok2_t1.10_loose.dzn,True,True,,
results/tmp/e2v_tok2_p_rasta_1.10_PFlight.sol.json,results/tmp/e2/p_rasta_tok2_t1.10_loose.dzn,True,True,,
results/tmp/e2v_tok2_p_rasta_1.10_PFmax.sol.json,results/tmp/e2/p_rasta_tok2_t1.10_loose.dzn,True,True,,
results/tmp/e2v_tok2_p_rasta_1.10_PFmin.sol.json,results/tmp/e2/p_rasta_tok2_t1.10_loose.dzn,True,True,,
results/tmp/e2v_tok2_p_rasta_1.10_SL.sol.json,results/tmp/e2/p_rasta_tok2_t1.10_loose.dzn,True,True,,
results/tmp/e2v_tok2_p_rasta_1.10_SL_step1.sol.json,results/tmp/e2/p_rasta_tok2_t1.10_nopat.dzn,True,True,,
results/tmp/e2v_tok2_p_rasta_1.10_joint.sol.json,results/tmp/e2/p_rasta_tok2_t1.10_loose.dzn,True,True,,
results/tmp/e2v_tok2_p_rasta_1.25_PFcheap.sol.json,results/tmp/e2/p_rasta_tok2_t1.25_loose.dzn,True,True,,
results/tmp/e2v_tok2_p_rasta_1.25_PFlight.sol.json,results/tmp/e2/p_rasta_tok2_t1.25_loose.dzn,True,True,,
results/tmp/e2v_tok2_p_rasta_1.25_PFmax.sol.json,results/tmp/e2/p_rasta_tok2_t1.25_loose.dzn,True,True,,
results/tmp/e2v_tok2_p_rasta_1.25_PFmin.sol.json,results/tmp/e2/p_rasta_tok2_t1.25_loose.dzn,True,True,,
results/tmp/e2v_tok2_p_rasta_1.25_SL.sol.json,results/tmp/e2/p_rasta_tok2_t1.25_loose.dzn,True,True,,
results/tmp/e2v_tok2_p_rasta_1.25_SL_step1.sol.json,results/tmp/e2/p_rasta_tok2_t1.25_nopat.dzn,True,True,,
results/tmp/e2v_tok2_p_rasta_1.25_joint.sol.json,results/tmp/e2/p_rasta_tok2_t1.25_loose.dzn,True,True,,
results/tmp/e2v_tok2_p_rasta_1.50_PFcheap.sol.json,results/tmp/e2/p_rasta_tok2_t1.50_loose.dzn,True,True,,
results/tmp/e2v_tok2_p_rasta_1.50_PFlight.sol.json,results/tmp/e2/p_rasta_tok2_t1.50_loose.dzn,True,True,,
results/tmp/e2v_tok2_p_rasta_1.50_PFmax.sol.json,results/tmp/e2/p_rasta_tok2_t1.50_loose.dzn,True,True,,
results/tmp/e2v_tok2_p_rasta_1.50_PFmin.sol.json,results/tmp/e2/p_rasta_tok2_t1.50_loose.dzn,True,True,,
results/tmp/e2v_tok2_p_rasta_1.50_SL.sol.json,results/tmp/e2/p_rasta_tok2_t1.50_loose.dzn,True,True,,
results/tmp/e2v_tok2_p_rasta_1.50_SL_step1.sol.json,results/tmp/e2/p_rasta_tok2_t1.50_nopat.dzn,True,True,,
results/tmp/e2v_tok2_p_rasta_1.50_joint.sol.json,results/tmp/e2/p_rasta_tok2_t1.50_loose.dzn,True,True,,
results/tmp/e2v_tok2_p_rasta_2.00_PFcheap.sol.json,results/tmp/e2/p_rasta_tok2_t2.00_loose.dzn,True,True,,
results/tmp/e2v_tok2_p_rasta_2.00_PFlight.sol.json,results/tmp/e2/p_rasta_tok2_t2.00_loose.dzn,True,True,,
results/tmp/e2v_tok2_p_rasta_2.00_PFmax.sol.json,results/tmp/e2/p_rasta_tok2_t2.00_loose.dzn,True,True,,
results/tmp/e2v_tok2_p_rasta_2.00_PFmin.sol.json,results/tmp/e2/p_rasta_tok2_t2.00_loose.dzn,True,True,,
results/tmp/e2v_tok2_p_rasta_2.00_SL.sol.json,results/tmp/e2/p_rasta_tok2_t2.00_loose.dzn,True,True,,
results/tmp/e2v_tok2_p_rasta_2.00_SL_step1.sol.json,results/tmp/e2/p_rasta_tok2_t2.00_nopat.dzn,True,True,,
results/tmp/e2v_tok2_p_rasta_2.00_joint.sol.json,results/tmp/e2/p_rasta_tok2_t2.00_loose.dzn,True,True,,
results/tmp/e2v_tok2_p_rasta_min_period.sol.json,results/tmp/e2/p_rasta_tok2.dzn,True,True,,
results/tmp/e2v_tok2_p_rasta_none_PFcheap.sol.json,results/tmp/e2/p_rasta_tok2.dzn,True,True,,
results/tmp/e2v_tok2_p_rasta_none_PFlight.sol.json,results/tmp/e2/p_rasta_tok2.dzn,True,True,,
results/tmp/e2v_tok2_p_rasta_none_PFmax.sol.json,results/tmp/e2/p_rasta_tok2.dzn,True,True,,
results/tmp/e2v_tok2_p_rasta_none_PFmin.sol.json,results/tmp/e2/p_rasta_tok2.dzn,True,True,,
results/tmp/e2v_tok2_p_rasta_none_SL.sol.json,results/tmp/e2/p_rasta_tok2.dzn,True,True,,
results/tmp/e2v_tok2_p_rasta_none_SL_step1.sol.json,results/tmp/e2/p_rasta_tok2_tnone_nopat.dzn,True,True,,
results/tmp/e2v_tok2_p_rasta_none_joint.sol.json,results/tmp/e2/p_rasta_tok2.dzn,True,True,,
results/tmp/e2v_tok2_pc_sobel_1.00_PFcheap.sol.json,results/tmp/e2/pc_sobel_tok2_t1.00_loose.dzn,True,True,,
results/tmp/e2v_tok2_pc_sobel_1.00_PFlight.sol.json,results/tmp/e2/pc_sobel_tok2_t1.00_loose.dzn,True,True,,
results/tmp/e2v_tok2_pc_sobel_1.00_PFmax.sol.json,results/tmp/e2/pc_sobel_tok2_t1.00_loose.dzn,True,True,,
results/tmp/e2v_tok2_pc_sobel_1.00_PFmin.sol.json,results/tmp/e2/pc_sobel_tok2_t1.00_loose.dzn,True,True,,
results/tmp/e2v_tok2_pc_sobel_1.00_SL.sol.json,results/tmp/e2/pc_sobel_tok2_t1.00_loose.dzn,True,True,,
results/tmp/e2v_tok2_pc_sobel_1.00_SL_step1.sol.json,results/tmp/e2/pc_sobel_tok2_t1.00_nopat.dzn,True,True,,
results/tmp/e2v_tok2_pc_sobel_1.00_joint.sol.json,results/tmp/e2/pc_sobel_tok2_t1.00_loose.dzn,True,True,,
results/tmp/e2v_tok2_pc_sobel_1.10_PFcheap.sol.json,results/tmp/e2/pc_sobel_tok2_t1.10_loose.dzn,True,True,,
results/tmp/e2v_tok2_pc_sobel_1.10_PFlight.sol.json,results/tmp/e2/pc_sobel_tok2_t1.10_loose.dzn,True,True,,
results/tmp/e2v_tok2_pc_sobel_1.10_PFmax.sol.json,results/tmp/e2/pc_sobel_tok2_t1.10_loose.dzn,True,True,,
results/tmp/e2v_tok2_pc_sobel_1.10_PFmin.sol.json,results/tmp/e2/pc_sobel_tok2_t1.10_loose.dzn,True,True,,
results/tmp/e2v_tok2_pc_sobel_1.10_SL.sol.json,results/tmp/e2/pc_sobel_tok2_t1.10_loose.dzn,True,True,,
results/tmp/e2v_tok2_pc_sobel_1.10_SL_step1.sol.json,results/tmp/e2/pc_sobel_tok2_t1.10_nopat.dzn,True,True,,
results/tmp/e2v_tok2_pc_sobel_1.10_joint.sol.json,results/tmp/e2/pc_sobel_tok2_t1.10_loose.dzn,True,True,,
results/tmp/e2v_tok2_pc_sobel_1.25_PFcheap.sol.json,results/tmp/e2/pc_sobel_tok2_t1.25_loose.dzn,True,True,,
results/tmp/e2v_tok2_pc_sobel_1.25_PFlight.sol.json,results/tmp/e2/pc_sobel_tok2_t1.25_loose.dzn,True,True,,
results/tmp/e2v_tok2_pc_sobel_1.25_PFmax.sol.json,results/tmp/e2/pc_sobel_tok2_t1.25_loose.dzn,True,True,,
results/tmp/e2v_tok2_pc_sobel_1.25_PFmin.sol.json,results/tmp/e2/pc_sobel_tok2_t1.25_loose.dzn,True,True,,
results/tmp/e2v_tok2_pc_sobel_1.25_SL.sol.json,results/tmp/e2/pc_sobel_tok2_t1.25_loose.dzn,True,True,,
results/tmp/e2v_tok2_pc_sobel_1.25_SL_step1.sol.json,results/tmp/e2/pc_sobel_tok2_t1.25_nopat.dzn,True,True,,
results/tmp/e2v_tok2_pc_sobel_1.25_joint.sol.json,results/tmp/e2/pc_sobel_tok2_t1.25_loose.dzn,True,True,,
results/tmp/e2v_tok2_pc_sobel_1.50_PFcheap.sol.json,results/tmp/e2/pc_sobel_tok2_t1.50_loose.dzn,True,True,,
results/tmp/e2v_tok2_pc_sobel_1.50_PFlight.sol.json,results/tmp/e2/pc_sobel_tok2_t1.50_loose.dzn,True,True,,
results/tmp/e2v_tok2_pc_sobel_1.50_PFmax.sol.json,results/tmp/e2/pc_sobel_tok2_t1.50_loose.dzn,True,True,,
results/tmp/e2v_tok2_pc_sobel_1.50_PFmin.sol.json,results/tmp/e2/pc_sobel_tok2_t1.50_loose.dzn,True,True,,
results/tmp/e2v_tok2_pc_sobel_1.50_SL.sol.json,results/tmp/e2/pc_sobel_tok2_t1.50_loose.dzn,True,True,,
results/tmp/e2v_tok2_pc_sobel_1.50_SL_step1.sol.json,results/tmp/e2/pc_sobel_tok2_t1.50_nopat.dzn,True,True,,
results/tmp/e2v_tok2_pc_sobel_1.50_joint.sol.json,results/tmp/e2/pc_sobel_tok2_t1.50_loose.dzn,True,True,,
results/tmp/e2v_tok2_pc_sobel_2.00_PFcheap.sol.json,results/tmp/e2/pc_sobel_tok2_t2.00_loose.dzn,True,True,,
results/tmp/e2v_tok2_pc_sobel_2.00_PFlight.sol.json,results/tmp/e2/pc_sobel_tok2_t2.00_loose.dzn,True,True,,
results/tmp/e2v_tok2_pc_sobel_2.00_PFmax.sol.json,results/tmp/e2/pc_sobel_tok2_t2.00_loose.dzn,True,True,,
results/tmp/e2v_tok2_pc_sobel_2.00_PFmin.sol.json,results/tmp/e2/pc_sobel_tok2_t2.00_loose.dzn,True,True,,
results/tmp/e2v_tok2_pc_sobel_2.00_SL.sol.json,results/tmp/e2/pc_sobel_tok2_t2.00_loose.dzn,True,True,,
results/tmp/e2v_tok2_pc_sobel_2.00_SL_step1.sol.json,results/tmp/e2/pc_sobel_tok2_t2.00_nopat.dzn,True,True,,
results/tmp/e2v_tok2_pc_sobel_2.00_joint.sol.json,results/tmp/e2/pc_sobel_tok2_t2.00_loose.dzn,True,True,,
results/tmp/e2v_tok2_pc_sobel_min_period.sol.json,results/tmp/e2/pc_sobel_tok2_loose.dzn,True,True,,
results/tmp/e2v_tok2_pc_sobel_none_PFcheap.sol.json,results/tmp/e2/pc_sobel_tok2_tnone_loose.dzn,True,True,,
results/tmp/e2v_tok2_pc_sobel_none_PFlight.sol.json,results/tmp/e2/pc_sobel_tok2_tnone_loose.dzn,True,True,,
results/tmp/e2v_tok2_pc_sobel_none_PFmax.sol.json,results/tmp/e2/pc_sobel_tok2_tnone_loose.dzn,True,True,,
results/tmp/e2v_tok2_pc_sobel_none_PFmin.sol.json,results/tmp/e2/pc_sobel_tok2_tnone_loose.dzn,True,True,,
results/tmp/e2v_tok2_pc_sobel_none_SL.sol.json,results/tmp/e2/pc_sobel_tok2_tnone_loose.dzn,True,True,,
results/tmp/e2v_tok2_pc_sobel_none_SL_step1.sol.json,results/tmp/e2/pc_sobel_tok2_tnone_nopat.dzn,True,True,,
results/tmp/e2v_tok2_pc_sobel_none_joint.sol.json,results/tmp/e2/pc_sobel_tok2_tnone_loose.dzn,True,True,,
results/tmp/e2v_tok2_v_nvp_1.00_PFcheap.sol.json,results/tmp/e2/v_nvp_tok2_t1.00_loose.dzn,True,True,,
results/tmp/e2v_tok2_v_nvp_1.00_PFlight.sol.json,results/tmp/e2/v_nvp_tok2_t1.00_loose.dzn,True,True,,
results/tmp/e2v_tok2_v_nvp_1.00_PFmax.sol.json,results/tmp/e2/v_nvp_tok2_t1.00_loose.dzn,True,True,,
results/tmp/e2v_tok2_v_nvp_1.00_PFmin.sol.json,results/tmp/e2/v_nvp_tok2_t1.00_loose.dzn,True,True,,
results/tmp/e2v_tok2_v_nvp_1.00_SL.sol.json,results/tmp/e2/v_nvp_tok2_t1.00_loose.dzn,True,True,,
results/tmp/e2v_tok2_v_nvp_1.00_SL_step1.sol.json,results/tmp/e2/v_nvp_tok2_t1.00_nopat.dzn,True,True,,
results/tmp/e2v_tok2_v_nvp_1.00_joint.sol.json,results/tmp/e2/v_nvp_tok2_t1.00_loose.dzn,True,True,,
results/tmp/e2v_tok2_v_nvp_1.10_PFcheap.sol.json,results/tmp/e2/v_nvp_tok2_t1.10_loose.dzn,True,True,,
results/tmp/e2v_tok2_v_nvp_1.10_PFlight.sol.json,results/tmp/e2/v_nvp_tok2_t1.10_loose.dzn,True,True,,
results/tmp/e2v_tok2_v_nvp_1.10_PFmax.sol.json,results/tmp/e2/v_nvp_tok2_t1.10_loose.dzn,True,True,,
results/tmp/e2v_tok2_v_nvp_1.10_PFmin.sol.json,results/tmp/e2/v_nvp_tok2_t1.10_loose.dzn,True,True,,
results/tmp/e2v_tok2_v_nvp_1.10_SL.sol.json,results/tmp/e2/v_nvp_tok2_t1.10_loose.dzn,True,True,,
results/tmp/e2v_tok2_v_nvp_1.10_SL_step1.sol.json,results/tmp/e2/v_nvp_tok2_t1.10_nopat.dzn,True,True,,
results/tmp/e2v_tok2_v_nvp_1.10_joint.sol.json,results/tmp/e2/v_nvp_tok2_t1.10_loose.dzn,True,True,,
results/tmp/e2v_tok2_v_nvp_1.25_PFcheap.sol.json,results/tmp/e2/v_nvp_tok2_t1.25_loose.dzn,True,True,,
results/tmp/e2v_tok2_v_nvp_1.25_PFlight.sol.json,results/tmp/e2/v_nvp_tok2_t1.25_loose.dzn,True,True,,
results/tmp/e2v_tok2_v_nvp_1.25_PFmax.sol.json,results/tmp/e2/v_nvp_tok2_t1.25_loose.dzn,True,True,,
results/tmp/e2v_tok2_v_nvp_1.25_PFmin.sol.json,results/tmp/e2/v_nvp_tok2_t1.25_loose.dzn,True,True,,
results/tmp/e2v_tok2_v_nvp_1.25_SL.sol.json,results/tmp/e2/v_nvp_tok2_t1.25_loose.dzn,True,True,,
results/tmp/e2v_tok2_v_nvp_1.25_SL_step1.sol.json,results/tmp/e2/v_nvp_tok2_t1.25_nopat.dzn,True,True,,
results/tmp/e2v_tok2_v_nvp_1.25_joint.sol.json,results/tmp/e2/v_nvp_tok2_t1.25_loose.dzn,True,True,,
results/tmp/e2v_tok2_v_nvp_1.50_PFcheap.sol.json,results/tmp/e2/v_nvp_tok2_t1.50_loose.dzn,True,True,,
results/tmp/e2v_tok2_v_nvp_1.50_PFlight.sol.json,results/tmp/e2/v_nvp_tok2_t1.50_loose.dzn,True,True,,
results/tmp/e2v_tok2_v_nvp_1.50_PFmax.sol.json,results/tmp/e2/v_nvp_tok2_t1.50_loose.dzn,True,True,,
results/tmp/e2v_tok2_v_nvp_1.50_PFmin.sol.json,results/tmp/e2/v_nvp_tok2_t1.50_loose.dzn,True,True,,
results/tmp/e2v_tok2_v_nvp_1.50_SL.sol.json,results/tmp/e2/v_nvp_tok2_t1.50_loose.dzn,True,True,,
results/tmp/e2v_tok2_v_nvp_1.50_SL_step1.sol.json,results/tmp/e2/v_nvp_tok2_t1.50_nopat.dzn,True,True,,
results/tmp/e2v_tok2_v_nvp_1.50_joint.sol.json,results/tmp/e2/v_nvp_tok2_t1.50_loose.dzn,True,True,,
results/tmp/e2v_tok2_v_nvp_2.00_PFcheap.sol.json,results/tmp/e2/v_nvp_tok2_t2.00_loose.dzn,True,True,,
results/tmp/e2v_tok2_v_nvp_2.00_PFlight.sol.json,results/tmp/e2/v_nvp_tok2_t2.00_loose.dzn,True,True,,
results/tmp/e2v_tok2_v_nvp_2.00_PFmax.sol.json,results/tmp/e2/v_nvp_tok2_t2.00_loose.dzn,True,True,,
results/tmp/e2v_tok2_v_nvp_2.00_PFmin.sol.json,results/tmp/e2/v_nvp_tok2_t2.00_loose.dzn,True,True,,
results/tmp/e2v_tok2_v_nvp_2.00_SL.sol.json,results/tmp/e2/v_nvp_tok2_t2.00_loose.dzn,True,True,,
results/tmp/e2v_tok2_v_nvp_2.00_SL_step1.sol.json,results/tmp/e2/v_nvp_tok2_t2.00_nopat.dzn,True,True,,
results/tmp/e2v_tok2_v_nvp_2.00_joint.sol.json,results/tmp/e2/v_nvp_tok2_t2.00_loose.dzn,True,True,,
results/tmp/e2v_tok2_v_nvp_min_period.sol.json,results/tmp/e2/v_nvp_tok2.dzn,True,True,,
results/tmp/e2v_tok2_v_nvp_none_PFcheap.sol.json,results/tmp/e2/v_nvp_tok2.dzn,True,True,,
results/tmp/e2v_tok2_v_nvp_none_PFlight.sol.json,results/tmp/e2/v_nvp_tok2.dzn,True,True,,
results/tmp/e2v_tok2_v_nvp_none_PFmax.sol.json,results/tmp/e2/v_nvp_tok2.dzn,True,True,,
results/tmp/e2v_tok2_v_nvp_none_PFmin.sol.json,results/tmp/e2/v_nvp_tok2.dzn,True,True,,
results/tmp/e2v_tok2_v_nvp_none_SL.sol.json,results/tmp/e2/v_nvp_tok2.dzn,True,True,,
results/tmp/e2v_tok2_v_nvp_none_SL_step1.sol.json,results/tmp/e2/v_nvp_tok2_tnone_nopat.dzn,True,True,,
results/tmp/e2v_tok2_v_nvp_none_joint.sol.json,results/tmp/e2/v_nvp_tok2.dzn,True,True,,
results/tmp/e3_actorsweep_n16_i0.sol.json,synthetic/derived/actorsweep_n16_i0/final.dzn,True,True,,
results/tmp/e3_actorsweep_n16_i1.sol.json,synthetic/derived/actorsweep_n16_i1/final.dzn,True,True,,
results/tmp/e3_actorsweep_n16_i2.sol.json,synthetic/derived/actorsweep_n16_i2/final.dzn,True,True,,
results/tmp/e3_actorsweep_n16_i3.sol.json,synthetic/derived/actorsweep_n16_i3/final.dzn,True,True,,
results/tmp/e3_actorsweep_n16_i4.sol.json,synthetic/derived/actorsweep_n16_i4/final.dzn,True,True,,
results/tmp/e3_actorsweep_n24_i0.sol.json,synthetic/derived/actorsweep_n24_i0/final.dzn,True,True,,
results/tmp/e3_actorsweep_n24_i1.sol.json,synthetic/derived/actorsweep_n24_i1/final.dzn,True,True,,
results/tmp/e3_actorsweep_n24_i2.sol.json,synthetic/derived/actorsweep_n24_i2/final.dzn,True,True,,
results/tmp/e3_actorsweep_n24_i3.sol.json,synthetic/derived/actorsweep_n24_i3/final.dzn,True,True,,
results/tmp/e3_actorsweep_n24_i4.sol.json,synthetic/derived/actorsweep_n24_i4/final.dzn,True,True,,
results/tmp/e3_actorsweep_n32_i0.sol.json,synthetic/derived/actorsweep_n32_i0/final.dzn,True,True,,
results/tmp/e3_actorsweep_n32_i3.sol.json,synthetic/derived/actorsweep_n32_i3/final.dzn,True,True,,
results/tmp/e3_actorsweep_n32_i4.sol.json,synthetic/derived/actorsweep_n32_i4/final.dzn,True,True,,
results/tmp/e3_actorsweep_n48_i1.sol.json,synthetic/derived/actorsweep_n48_i1/final.dzn,True,True,,
results/tmp/e3_actorsweep_n48_i2.sol.json,synthetic/derived/actorsweep_n48_i2/final.dzn,True,True,,
results/tmp/e3_actorsweep_n8_i0.sol.json,synthetic/derived/actorsweep_n8_i0/final.dzn,True,True,,
results/tmp/e3_actorsweep_n8_i1.sol.json,synthetic/derived/actorsweep_n8_i1/final.dzn,True,True,,
results/tmp/e3_actorsweep_n8_i2.sol.json,synthetic/derived/actorsweep_n8_i2/final.dzn,True,True,,
results/tmp/e3_actorsweep_n8_i3.sol.json,synthetic/derived/actorsweep_n8_i3/final.dzn,True,True,,
results/tmp/e3_actorsweep_n8_i4.sol.json,synthetic/derived/actorsweep_n8_i4/final.dzn,True,True,,
results/tmp/e3_catsweep_k3_i0.sol.json,synthetic/derived/catsweep_k3_i0/final.dzn,True,True,,
results/tmp/e3_catsweep_k3_i1.sol.json,synthetic/derived/catsweep_k3_i1/final.dzn,True,True,,
results/tmp/e3_catsweep_k3_i2.sol.json,synthetic/derived/catsweep_k3_i2/final.dzn,True,True,,
results/tmp/e3_catsweep_k3_i3.sol.json,synthetic/derived/catsweep_k3_i3/final.dzn,True,True,,
results/tmp/e3_catsweep_k3_i4.sol.json,synthetic/derived/catsweep_k3_i4/final.dzn,True,True,,
results/tmp/e3_catsweep_k5_i0.sol.json,synthetic/derived/catsweep_k5_i0/final.dzn,True,True,,
results/tmp/e3_catsweep_k5_i1.sol.json,synthetic/derived/catsweep_k5_i1/final.dzn,True,True,,
results/tmp/e3_catsweep_k5_i2.sol.json,synthetic/derived/catsweep_k5_i2/final.dzn,True,True,,
results/tmp/e3_catsweep_k5_i3.sol.json,synthetic/derived/catsweep_k5_i3/final.dzn,True,True,,
results/tmp/e3_catsweep_k5_i4.sol.json,synthetic/derived/catsweep_k5_i4/final.dzn,True,True,,
results/tmp/e3_catsweep_k9_i0.sol.json,synthetic/derived/catsweep_k9_i0/final.dzn,True,True,,
results/tmp/e3_catsweep_k9_i1.sol.json,synthetic/derived/catsweep_k9_i1/final.dzn,True,True,,
results/tmp/e3_catsweep_k9_i2.sol.json,synthetic/derived/catsweep_k9_i2/final.dzn,True,True,,
results/tmp/e3_catsweep_k9_i3.sol.json,synthetic/derived/catsweep_k9_i3/final.dzn,True,True,,
results/tmp/e3_catsweep_k9_i4.sol.json,synthetic/derived/catsweep_k9_i4/final.dzn,True,True,,
results/tmp/e4_consolidation_1.sol.json,safedse/out/s_myklebust2015.dzn,True,True,,
results/tmp/e4_consolidation_2.sol.json,safedse/out/s_myklebust2015.dzn,True,True,,
results/tmp/e4_consolidation_3.sol.json,safedse/out/s_myklebust2015.dzn,True,True,,
results/tmp/e4_d_random_hw.sol.json,safedse/out/d_random_hw.dzn,True,True,,
results/tmp/e4_d_systematic_sw.sol.json,safedse/out/d_systematic_sw.dzn,True,True,,
results/tmp/e4_pc_sobel.sol.json,results/tmp/pc_sobel_loose.dzn,True,True,,
results/tmp/e4_v_nvp.sol.json,safedse/out/v_nvp.dzn,True,True,,
results/tmp/e4_x_do178b.sol.json,safedse/out/x_do178b.dzn,True,True,,
results/tmp/e4_x_do178b_n1.sol.json,safedse/out/x_do178b.dzn,True,True,,
results/tmp/e4_x_do178b_n2.sol.json,safedse/out/x_do178b.dzn,True,True,,
results/tmp/e4_x_do178b_n3.sol.json,safedse/out/x_do178b.dzn,True,True,,
results/tmp/e4_x_klosterman.sol.json,safedse/out/x_klosterman.dzn,True,True,,
results/tmp/e4_x_klosterman_n1.sol.json,safedse/out/x_klosterman.dzn,True,True,,
results/tmp/e4_x_klosterman_n2.sol.json,safedse/out/x_klosterman.dzn,True,True,,
results/tmp/e4_x_klosterman_n3.sol.json,safedse/out/x_klosterman.dzn,True,True,,
results/tmp/e4_x_myklebust2015.sol.json,safedse/out/x_myklebust2015.dzn,True,True,,
results/tmp/e4_x_myklebust2015_n1.sol.json,safedse/out/x_myklebust2015.dzn,True,True,,
results/tmp/e4_x_myklebust2015_n2.sol.json,safedse/out/x_myklebust2015.dzn,True,True,,
results/tmp/e4_x_myklebust2015_n3.sol.json,safedse/out/x_myklebust2015.dzn,True,True,,
results/tmp/e4c_c_pat_ideal_THROUGHPUT.sol.json,results/tmp/breadth/comm_c_pat_ideal.dzn,True,True,,
results/tmp/e4c_c_pat_ideal_TOTALCOST.sol.json,results/tmp/breadth/comm_c_pat_ideal.dzn,True,True,,
results/tmp/e4c_c_pat_scope_all_THROUGHPUT.sol.json,results/tmp/breadth/comm_c_pat_scope_all.dzn,True,True,,
results/tmp/e4c_c_pat_scope_all_TOTALCOST.sol.json,results/tmp/breadth/comm_c_pat_scope_all.dzn,True,True,,
results/tmp/e4c_c_pat_sil_core_THROUGHPUT.sol.json,results/tmp/breadth/comm_c_pat_sil_core.dzn,True,True,,
results/tmp/e4c_c_pat_sil_core_TOTALCOST.sol.json,results/tmp/breadth/comm_c_pat_sil_core.dzn,True,True,,
results/tmp/e4c_c_pat_sil_inherit_THROUGHPUT.sol.json,results/tmp/breadth/comm_c_pat_sil_inherit.dzn,True,True,,
results/tmp/e4c_c_pat_sil_inherit_TOTALCOST.sol.json,results/tmp/breadth/comm_c_pat_sil_inherit.dzn,True,True,,
results/tmp/e4c_c_pat_tdma_THROUGHPUT.sol.json,results/tmp/breadth/comm_c_pat_tdma.dzn,True,True,,
results/tmp/e4c_c_pat_tdma_TOTALCOST.sol.json,results/tmp/breadth/comm_c_pat_tdma.dzn,True,True,,
results/tmp/e4c_pc_sobel_ideal_THROUGHPUT.sol.json,results/tmp/breadth/comm_pc_sobel_ideal.dzn,True,True,,
results/tmp/e4c_pc_sobel_ideal_TOTALCOST.sol.json,results/tmp/breadth/comm_pc_sobel_ideal.dzn,True,True,,
results/tmp/e4c_pc_sobel_scope_all_THROUGHPUT.sol.json,results/tmp/breadth/comm_pc_sobel_scope_all.dzn,True,True,,
results/tmp/e4c_pc_sobel_scope_all_TOTALCOST.sol.json,results/tmp/breadth/comm_pc_sobel_scope_all.dzn,True,True,,
results/tmp/e4c_pc_sobel_sil_core_THROUGHPUT.sol.json,results/tmp/breadth/comm_pc_sobel_sil_core.dzn,True,True,,
results/tmp/e4c_pc_sobel_sil_core_TOTALCOST.sol.json,results/tmp/breadth/comm_pc_sobel_sil_core.dzn,True,True,,
results/tmp/e4c_pc_sobel_sil_inherit_THROUGHPUT.sol.json,results/tmp/breadth/comm_pc_sobel_sil_inherit.dzn,True,True,,
results/tmp/e4c_pc_sobel_sil_inherit_TOTALCOST.sol.json,results/tmp/breadth/comm_pc_sobel_sil_inherit.dzn,True,True,,
results/tmp/e4c_pc_sobel_tdma_THROUGHPUT.sol.json,results/tmp/breadth/comm_pc_sobel_tdma.dzn,True,True,,
results/tmp/e4c_pc_sobel_tdma_TOTALCOST.sol.json,results/tmp/breadth/comm_pc_sobel_tdma.dzn,True,True,,
results/tmp/e4p_hw16_do178b_1.sol.json,results/tmp/breadth/hw16_do178b.dzn,True,True,,
results/tmp/e4p_hw16_do178b_2.sol.json,results/tmp/breadth/hw16_do178b.dzn,True,True,,
results/tmp/e4p_hw16_do178b_3.sol.json,results/tmp/breadth/hw16_do178b.dzn,True,True,,
results/tmp/e4p_hw16_do178b_none.sol.json,results/tmp/breadth/hw16_do178b.dzn,True,True,,
results/tmp/e4p_hw16_klosterman_1.sol.json,results/tmp/breadth/hw16_klosterman.dzn,True,True,,
results/tmp/e4p_hw16_klosterman_2.sol.json,results/tmp/breadth/hw16_klosterman.dzn,True,True,,
results/tmp/e4p_hw16_klosterman_3.sol.json,results/tmp/breadth/hw16_klosterman.dzn,True,True,,
results/tmp/e4p_hw16_klosterman_low_1.sol.json,results/tmp/breadth/hw16_klosterman_low.dzn,True,True,,
results/tmp/e4p_hw16_klosterman_low_2.sol.json,results/tmp/breadth/hw16_klosterman_low.dzn,True,True,,
results/tmp/e4p_hw16_klosterman_low_3.sol.json,results/tmp/breadth/hw16_klosterman_low.dzn,True,True,,
results/tmp/e4p_hw16_klosterman_low_none.sol.json,results/tmp/breadth/hw16_klosterman_low.dzn,True,True,,
results/tmp/e4p_hw16_klosterman_none.sol.json,results/tmp/breadth/hw16_klosterman.dzn,True,True,,
results/tmp/e4p_hw16_myklebust2015_1.sol.json,results/tmp/breadth/hw16_myklebust2015.dzn,True,True,,
results/tmp/e4p_hw16_myklebust2015_2.sol.json,results/tmp/breadth/hw16_myklebust2015.dzn,True,True,,
results/tmp/e4p_hw16_myklebust2015_3.sol.json,results/tmp/breadth/hw16_myklebust2015.dzn,True,True,,
results/tmp/e4p_hw16_myklebust2015_none.sol.json,results/tmp/breadth/hw16_myklebust2015.dzn,True,True,,
results/tmp/e4p_hw1_do178b_1.sol.json,results/tmp/breadth/hw1_do178b.dzn,True,True,,
results/tmp/e4p_hw1_do178b_2.sol.json,results/tmp/breadth/hw1_do178b.dzn,True,True,,
results/tmp/e4p_hw1_do178b_3.sol.json,results/tmp/breadth/hw1_do178b.dzn,True,True,,
results/tmp/e4p_hw1_do178b_none.sol.json,results/tmp/breadth/hw1_do178b.dzn,True,True,,
results/tmp/e4p_hw1_klosterman_1.sol.json,results/tmp/breadth/hw1_klosterman.dzn,True,True,,
results/tmp/e4p_hw1_klosterman_2.sol.json,results/tmp/breadth/hw1_klosterman.dzn,True,True,,
results/tmp/e4p_hw1_klosterman_3.sol.json,results/tmp/breadth/hw1_klosterman.dzn,True,True,,
results/tmp/e4p_hw1_klosterman_low_1.sol.json,results/tmp/breadth/hw1_klosterman_low.dzn,True,True,,
results/tmp/e4p_hw1_klosterman_low_2.sol.json,results/tmp/breadth/hw1_klosterman_low.dzn,True,True,,
results/tmp/e4p_hw1_klosterman_low_3.sol.json,results/tmp/breadth/hw1_klosterman_low.dzn,True,True,,
results/tmp/e4p_hw1_klosterman_low_none.sol.json,results/tmp/breadth/hw1_klosterman_low.dzn,True,True,,
results/tmp/e4p_hw1_klosterman_none.sol.json,results/tmp/breadth/hw1_klosterman.dzn,True,True,,
results/tmp/e4p_hw1_myklebust2015_1.sol.json,results/tmp/breadth/hw1_myklebust2015.dzn,True,True,,
results/tmp/e4p_hw1_myklebust2015_2.sol.json,results/tmp/breadth/hw1_myklebust2015.dzn,True,True,,
results/tmp/e4p_hw1_myklebust2015_3.sol.json,results/tmp/breadth/hw1_myklebust2015.dzn,True,True,,
results/tmp/e4p_hw1_myklebust2015_none.sol.json,results/tmp/breadth/hw1_myklebust2015.dzn,True,True,,
results/tmp/e4p_hw2_do178b_1.sol.json,results/tmp/breadth/hw2_do178b.dzn,True,True,,
results/tmp/e4p_hw2_do178b_2.sol.json,results/tmp/breadth/hw2_do178b.dzn,True,True,,
results/tmp/e4p_hw2_do178b_3.sol.json,results/tmp/breadth/hw2_do178b.dzn,True,True,,
results/tmp/e4p_hw2_do178b_none.sol.json,results/tmp/breadth/hw2_do178b.dzn,True,True,,
results/tmp/e4p_hw2_klosterman_1.sol.json,results/tmp/breadth/hw2_klosterman.dzn,True,True,,
results/tmp/e4p_hw2_klosterman_2.sol.json,results/tmp/breadth/hw2_klosterman.dzn,True,True,,
results/tmp/e4p_hw2_klosterman_3.sol.json,results/tmp/breadth/hw2_klosterman.dzn,True,True,,
results/tmp/e4p_hw2_klosterman_low_1.sol.json,results/tmp/breadth/hw2_klosterman_low.dzn,True,True,,
results/tmp/e4p_hw2_klosterman_low_2.sol.json,results/tmp/breadth/hw2_klosterman_low.dzn,True,True,,
results/tmp/e4p_hw2_klosterman_low_3.sol.json,results/tmp/breadth/hw2_klosterman_low.dzn,True,True,,
results/tmp/e4p_hw2_klosterman_low_none.sol.json,results/tmp/breadth/hw2_klosterman_low.dzn,True,True,,
results/tmp/e4p_hw2_klosterman_none.sol.json,results/tmp/breadth/hw2_klosterman.dzn,True,True,,
results/tmp/e4p_hw2_myklebust2015_1.sol.json,results/tmp/breadth/hw2_myklebust2015.dzn,True,True,,
results/tmp/e4p_hw2_myklebust2015_2.sol.json,results/tmp/breadth/hw2_myklebust2015.dzn,True,True,,
results/tmp/e4p_hw2_myklebust2015_3.sol.json,results/tmp/breadth/hw2_myklebust2015.dzn,True,True,,
results/tmp/e4p_hw2_myklebust2015_none.sol.json,results/tmp/breadth/hw2_myklebust2015.dzn,True,True,,
results/tmp/e4p_hw4_do178b_1.sol.json,results/tmp/breadth/hw4_do178b.dzn,True,True,,
results/tmp/e4p_hw4_do178b_2.sol.json,results/tmp/breadth/hw4_do178b.dzn,True,True,,
results/tmp/e4p_hw4_do178b_3.sol.json,results/tmp/breadth/hw4_do178b.dzn,True,True,,
results/tmp/e4p_hw4_do178b_none.sol.json,results/tmp/breadth/hw4_do178b.dzn,True,True,,
results/tmp/e4p_hw4_klosterman_1.sol.json,results/tmp/breadth/hw4_klosterman.dzn,True,True,,
results/tmp/e4p_hw4_klosterman_2.sol.json,results/tmp/breadth/hw4_klosterman.dzn,True,True,,
results/tmp/e4p_hw4_klosterman_3.sol.json,results/tmp/breadth/hw4_klosterman.dzn,True,True,,
results/tmp/e4p_hw4_klosterman_low_1.sol.json,results/tmp/breadth/hw4_klosterman_low.dzn,True,True,,
results/tmp/e4p_hw4_klosterman_low_2.sol.json,results/tmp/breadth/hw4_klosterman_low.dzn,True,True,,
results/tmp/e4p_hw4_klosterman_low_3.sol.json,results/tmp/breadth/hw4_klosterman_low.dzn,True,True,,
results/tmp/e4p_hw4_klosterman_low_none.sol.json,results/tmp/breadth/hw4_klosterman_low.dzn,True,True,,
results/tmp/e4p_hw4_klosterman_none.sol.json,results/tmp/breadth/hw4_klosterman.dzn,True,True,,
results/tmp/e4p_hw4_myklebust2015_1.sol.json,results/tmp/breadth/hw4_myklebust2015.dzn,True,True,,
results/tmp/e4p_hw4_myklebust2015_2.sol.json,results/tmp/breadth/hw4_myklebust2015.dzn,True,True,,
results/tmp/e4p_hw4_myklebust2015_3.sol.json,results/tmp/breadth/hw4_myklebust2015.dzn,True,True,,
results/tmp/e4p_hw4_myklebust2015_none.sol.json,results/tmp/breadth/hw4_myklebust2015.dzn,True,True,,
results/tmp/e4p_hw8_do178b_1.sol.json,results/tmp/breadth/hw8_do178b.dzn,True,True,,
results/tmp/e4p_hw8_do178b_2.sol.json,results/tmp/breadth/hw8_do178b.dzn,True,True,,
results/tmp/e4p_hw8_do178b_3.sol.json,results/tmp/breadth/hw8_do178b.dzn,True,True,,
results/tmp/e4p_hw8_do178b_none.sol.json,results/tmp/breadth/hw8_do178b.dzn,True,True,,
results/tmp/e4p_hw8_klosterman_1.sol.json,results/tmp/breadth/hw8_klosterman.dzn,True,True,,
results/tmp/e4p_hw8_klosterman_2.sol.json,results/tmp/breadth/hw8_klosterman.dzn,True,True,,
results/tmp/e4p_hw8_klosterman_3.sol.json,results/tmp/breadth/hw8_klosterman.dzn,True,True,,
results/tmp/e4p_hw8_klosterman_low_1.sol.json,results/tmp/breadth/hw8_klosterman_low.dzn,True,True,,
results/tmp/e4p_hw8_klosterman_low_2.sol.json,results/tmp/breadth/hw8_klosterman_low.dzn,True,True,,
results/tmp/e4p_hw8_klosterman_low_3.sol.json,results/tmp/breadth/hw8_klosterman_low.dzn,True,True,,
results/tmp/e4p_hw8_klosterman_low_none.sol.json,results/tmp/breadth/hw8_klosterman_low.dzn,True,True,,
results/tmp/e4p_hw8_klosterman_none.sol.json,results/tmp/breadth/hw8_klosterman.dzn,True,True,,
results/tmp/e4p_hw8_myklebust2015_1.sol.json,results/tmp/breadth/hw8_myklebust2015.dzn,True,True,,
results/tmp/e4p_hw8_myklebust2015_2.sol.json,results/tmp/breadth/hw8_myklebust2015.dzn,True,True,,
results/tmp/e4p_hw8_myklebust2015_3.sol.json,results/tmp/breadth/hw8_myklebust2015.dzn,True,True,,
results/tmp/e4p_hw8_myklebust2015_none.sol.json,results/tmp/breadth/hw8_myklebust2015.dzn,True,True,,
results/tmp/e4pc_c_pat_joint_2.sol.json,results/tmp/e2/c_pat.dzn,True,True,,
results/tmp/e4pc_c_pat_joint_3.sol.json,results/tmp/e2/c_pat.dzn,True,True,,
results/tmp/e4pc_c_pat_joint_4.sol.json,results/tmp/e2/c_pat.dzn,True,True,,
results/tmp/e4pc_d_random_hw_joint_2.sol.json,results/tmp/e2/d_random_hw.dzn,True,True,,
results/tmp/e4pc_d_systematic_sw_joint_1.sol.json,results/tmp/e2/d_systematic_sw.dzn,True,True,,
results/tmp/e4pc_f_both3_joint_2.sol.json,results/tmp/e2/f_both3.dzn,True,True,,
results/tmp/e4pc_f_both3_joint_3.sol.json,results/tmp/e2/f_both3.dzn,True,True,,
results/tmp/e4pc_f_both3_joint_4.sol.json,results/tmp/e2/f_both3.dzn,True,True,,
results/tmp/e4pc_f_random_hw_joint_2.sol.json,results/tmp/e2/f_random_hw.dzn,True,True,,
results/tmp/e4pc_f_random_hw_joint_3.sol.json,results/tmp/e2/f_random_hw.dzn,True,True,,
results/tmp/e4pc_f_random_hw_joint_4.sol.json,results/tmp/e2/f_random_hw.dzn,True,True,,
results/tmp/e4pc_f_sw3_joint_2.sol.json,results/tmp/e2/f_sw3.dzn,True,True,,
results/tmp/e4pc_f_sw3_joint_3.sol.json,results/tmp/e2/f_sw3.dzn,True,True,,
results/tmp/e4pc_m_3app_joint_3.sol.json,results/tmp/breadth/m3_none.dzn,True,True,,
results/tmp/e4pc_m_3app_joint_5.sol.json,results/tmp/breadth/m3_none.dzn,True,True,,
results/tmp/e4pc_pc_sobel_joint_2.sol.json,results/tmp/e2/pc_sobel_loose.dzn,True,True,,
results/tmp/e4pc_v_nvp_joint_3.sol.json,results/tmp/e2/v_nvp.dzn,True,True,,
results/tmp/e4pc_v_nvp_joint_4.sol.json,results/tmp/e2/v_nvp.dzn,True,True,,
results/tmp/e4pc_v_nvp_joint_5.sol.json,results/tmp/e2/v_nvp.dzn,True,True,,
results/tmp/e4x_d_random_hw_cp-sat-1.sol.json,safedse/out/d_random_hw.dzn,True,True,,
results/tmp/e4x_d_random_hw_highs.sol.json,safedse/out/d_random_hw.dzn,True,True,,
results/tmp/e4x_d_systematic_sw_cp-sat-1.sol.json,safedse/out/d_systematic_sw.dzn,True,True,,
results/tmp/e4x_d_systematic_sw_highs.sol.json,safedse/out/d_systematic_sw.dzn,True,True,,
results/tmp/e4x_f_both3_cp-sat-1.sol.json,safedse/out/f_both3.dzn,True,True,,
results/tmp/e4x_f_both3_highs.sol.json,safedse/out/f_both3.dzn,True,True,,
results/tmp/e4x_f_random_hw_cp-sat-1.sol.json,safedse/out/f_random_hw.dzn,True,True,,
results/tmp/e4x_f_sw3_cp-sat-1.sol.json,safedse/out/f_sw3.dzn,True,True,,
results/tmp/e4x_f_sw3_highs.sol.json,safedse/out/f_sw3.dzn,True,True,,
results/tmp/e4x_p_rasta_cp-sat-1.sol.json,safedse/out/p_rasta.dzn,True,True,,
results/tmp/e4x_pc_sobel_cp-sat-1.sol.json,results/tmp/breadth/xs_pc_sobel.dzn,True,True,,
results/tmp/e4x_pc_sobel_highs.sol.json,results/tmp/breadth/xs_pc_sobel.dzn,True,True,,
results/tmp/e4x_v_nvp_cp-sat-1.sol.json,safedse/out/v_nvp.dzn,True,True,,
results/tmp/e4x_v_nvp_gecode.sol.json,safedse/out/v_nvp.dzn,True,True,,
results/tmp/e4x_v_nvp_highs.sol.json,safedse/out/v_nvp.dzn,True,True,,
results/tmp/e5_1.00_SL_step1.sol.json,results/tmp/breadth/m3_1.00_nopat.dzn,True,True,,
results/tmp/e5_1.10_SL_step1.sol.json,results/tmp/breadth/m3_1.10_nopat.dzn,True,True,,
results/tmp/e5_1.25_NP.sol.json,results/tmp/breadth/m3_1.25_nopromo.dzn,True,True,,
results/tmp/e5_1.25_PFcheap.sol.json,results/tmp/breadth/m3_1.25.dzn,True,True,,
results/tmp/e5_1.25_PFlight.sol.json,results/tmp/breadth/m3_1.25.dzn,True,True,,
results/tmp/e5_1.25_SL_step1.sol.json,results/tmp/breadth/m3_1.25_nopat.dzn,True,True,,
results/tmp/e5_1.25_joint.sol.json,results/tmp/breadth/m3_1.25.dzn,True,True,,
results/tmp/e5_1.50_NP.sol.json,results/tmp/breadth/m3_1.50_nopromo.dzn,True,True,,
results/tmp/e5_1.50_PFcheap.sol.json,results/tmp/breadth/m3_1.50.dzn,True,True,,
results/tmp/e5_1.50_PFlight.sol.json,results/tmp/breadth/m3_1.50.dzn,True,True,,
results/tmp/e5_1.50_PFmax.sol.json,results/tmp/breadth/m3_1.50.dzn,True,True,,
results/tmp/e5_1.50_PFmin.sol.json,results/tmp/breadth/m3_1.50.dzn,True,True,,
results/tmp/e5_1.50_SL.sol.json,results/tmp/breadth/m3_1.50.dzn,True,True,,
results/tmp/e5_1.50_SL_step1.sol.json,results/tmp/breadth/m3_1.50_nopat.dzn,True,True,,
results/tmp/e5_1.50_joint.sol.json,results/tmp/breadth/m3_1.50.dzn,True,True,,
results/tmp/e5_2.00_NP.sol.json,results/tmp/breadth/m3_2.00_nopromo.dzn,True,True,,
results/tmp/e5_2.00_PFcheap.sol.json,results/tmp/breadth/m3_2.00.dzn,True,True,,
results/tmp/e5_2.00_PFlight.sol.json,results/tmp/breadth/m3_2.00.dzn,True,True,,
results/tmp/e5_2.00_PFmax.sol.json,results/tmp/breadth/m3_2.00.dzn,True,True,,
results/tmp/e5_2.00_PFmin.sol.json,results/tmp/breadth/m3_2.00.dzn,True,True,,
results/tmp/e5_2.00_SL_step1.sol.json,results/tmp/breadth/m3_2.00_nopat.dzn,True,True,,
results/tmp/e5_2.00_joint.sol.json,results/tmp/breadth/m3_2.00.dzn,True,True,,
results/tmp/e5_alone_a_sobel.sol.json,results/tmp/breadth/m3_alone_a_sobel.dzn,True,True,,
results/tmp/e5_alone_b_susan.sol.json,results/tmp/breadth/m3_alone_b_susan.dzn,True,True,,
results/tmp/e5_alone_c_rasta.sol.json,results/tmp/breadth/m3_alone_c_rasta.dzn,True,True,,
results/tmp/e5_none_NP.sol.json,results/tmp/breadth/m3_none_nopromo.dzn,True,True,,
results/tmp/e5_none_PFcheap.sol.json,results/tmp/breadth/m3_none.dzn,True,True,,
results/tmp/e5_none_PFlight.sol.json,results/tmp/breadth/m3_none.dzn,True,True,,
results/tmp/e5_none_PFmax.sol.json,results/tmp/breadth/m3_none.dzn,True,True,,
results/tmp/e5_none_PFmin.sol.json,results/tmp/breadth/m3_none.dzn,True,True,,
results/tmp/e5_none_SL.sol.json,results/tmp/breadth/m3_none.dzn,True,True,,
results/tmp/e5_none_SL_step1.sol.json,results/tmp/breadth/m3_none_nopat.dzn,True,True,,
results/tmp/e5_none_joint.sol.json,results/tmp/breadth/m3_none.dzn,True,True,,
results/tmp/e5_none_joint_2.sol.json,results/tmp/breadth/m3_none.dzn,True,True,,
results/tmp/e5_none_joint_3.sol.json,results/tmp/breadth/m3_none.dzn,True,True,,
results/tmp/e5_none_joint_4.sol.json,results/tmp/breadth/m3_none.dzn,True,True,,
results/tmp/e5_none_joint_5.sol.json,results/tmp/breadth/m3_none.dzn,True,True,,
results/tmp/e5x_1.00_SL_step1.sol.json,results/tmp/breadth/m3x_1.00_nopat.dzn,True,True,,
results/tmp/e5x_1.10_SL_step1.sol.json,results/tmp/breadth/m3x_1.10_nopat.dzn,True,True,,
results/tmp/e5x_1.25_NP.sol.json,results/tmp/breadth/m3x_1.25_nopromo.dzn,True,True,,
results/tmp/e5x_1.25_PFcheap.sol.json,results/tmp/breadth/m3x_1.25.dzn,True,True,,
results/tmp/e5x_1.25_PFlight.sol.json,results/tmp/breadth/m3x_1.25.dzn,True,True,,
results/tmp/e5x_1.25_SL_step1.sol.json,results/tmp/breadth/m3x_1.25_nopat.dzn,True,True,,
results/tmp/e5x_1.25_joint.sol.json,results/tmp/breadth/m3x_1.25.dzn,True,True,,
results/tmp/e5x_1.50_NP.sol.json,results/tmp/breadth/m3x_1.50_nopromo.dzn,True,True,,
results/tmp/e5x_1.50_PFcheap.sol.json,results/tmp/breadth/m3x_1.50.dzn,True,True,,
results/tmp/e5x_1.50_PFlight.sol.json,results/tmp/breadth/m3x_1.50.dzn,True,True,,
results/tmp/e5x_1.50_PFmin.sol.json,results/tmp/breadth/m3x_1.50.dzn,True,True,,
results/tmp/e5x_1.50_SL.sol.json,results/tmp/breadth/m3x_1.50.dzn,True,True,,
results/tmp/e5x_1.50_SL_step1.sol.json,results/tmp/breadth/m3x_1.50_nopat.dzn,True,True,,
results/tmp/e5x_1.50_joint.sol.json,results/tmp/breadth/m3x_1.50.dzn,True,True,,
results/tmp/e5x_2.00_NP.sol.json,results/tmp/breadth/m3x_2.00_nopromo.dzn,True,True,,
results/tmp/e5x_2.00_PFcheap.sol.json,results/tmp/breadth/m3x_2.00.dzn,True,True,,
results/tmp/e5x_2.00_PFlight.sol.json,results/tmp/breadth/m3x_2.00.dzn,True,True,,
results/tmp/e5x_2.00_PFmax.sol.json,results/tmp/breadth/m3x_2.00.dzn,True,True,,
results/tmp/e5x_2.00_PFmin.sol.json,results/tmp/breadth/m3x_2.00.dzn,True,True,,
results/tmp/e5x_2.00_SL_step1.sol.json,results/tmp/breadth/m3x_2.00_nopat.dzn,True,True,,
results/tmp/e5x_2.00_joint.sol.json,results/tmp/breadth/m3x_2.00.dzn,True,True,,
results/tmp/e6_base_c_pat.sol.json,safedse/out/c_pat.dzn,True,True,,
results/tmp/e6_base_d_random_hw.sol.json,safedse/out/d_random_hw.dzn,True,True,,
results/tmp/e6_base_d_systematic_sw.sol.json,safedse/out/d_systematic_sw.dzn,True,True,,
results/tmp/e6_base_f_both3.sol.json,safedse/out/f_both3.dzn,True,True,,
results/tmp/e6_base_f_random_hw.sol.json,safedse/out/f_random_hw.dzn,True,True,,
results/tmp/e6_base_f_sw3.sol.json,safedse/out/f_sw3.dzn,True,True,,
results/tmp/e6_base_m_3app.sol.json,multi/m_3app.dzn,True,True,,
results/tmp/e6_base_p_rasta.sol.json,safedse/out/p_rasta.dzn,True,True,,
results/tmp/e6_base_pc_sobel.sol.json,safedse/out/pc_sobel.dzn,True,True,,
results/tmp/e6_base_v_nvp.sol.json,safedse/out/v_nvp.dzn,True,True,,
results/tmp/e7_exp_3_1_rajp_0.sol.json,results/tmp/desyde/exp_3_1_rajp.dzn,True,True,,
results/tmp/e7_exp_3_1_rajp_1.sol.json,results/tmp/desyde/exp_3_1_rajp.dzn,True,True,,
results/tmp/e7_exp_3_1_rajp_2.sol.json,results/tmp/desyde/exp_3_1_rajp.dzn,True,True,,
results/tmp/e7_exp_3_1_rajp_3.sol.json,results/tmp/desyde/exp_3_1_rajp.dzn,True,True,,
results/tmp/e7_exp_3_1_rajp_4.sol.json,results/tmp/desyde/exp_3_1_rajp.dzn,True,True,,
results/tmp/e7_exp_3_3_sosujp_0.sol.json,results/tmp/desyde/exp_3_3_sosujp.dzn,True,True,,
results/tmp/e7_exp_3_4_sorajp_0.sol.json,results/tmp/desyde/exp_3_4_sorajp.dzn,True,True,,
results/tmp/e7_exp_3_5_surajp_0.sol.json,results/tmp/desyde/exp_3_5_surajp.dzn,True,True,,
results/tmp/e7_exp_3_6_sosurajp_0.sol.json,results/tmp/desyde/exp_3_6_sosurajp.dzn,True,True,,
results/tmp/e7_exp_3_6_sosurajp_1.sol.json,results/tmp/desyde/exp_3_6_sosurajp.dzn,True,True,,
results/tmp/e7_exp_3_6_sosurajp_2.sol.json,results/tmp/desyde/exp_3_6_sosurajp.dzn,True,True,,
results/tmp/e7_exp_3_6_sosurajp_3.sol.json,results/tmp/desyde/exp_3_6_sosurajp.dzn,True,True,,
results/tmp/e7_exp_3_6_sosurajp_4.sol.json,results/tmp/desyde/exp_3_6_sosurajp.dzn,True,True,,
results/tmp/e7_exp_4_1_rajp_0.sol.json,results/tmp/desyde/exp_4_1_rajp.dzn,True,True,,
results/tmp/e7_exp_4_1_rajp_1.sol.json,results/tmp/desyde/exp_4_1_rajp.dzn,True,True,,
results/tmp/e7_exp_4_1_rajp_2.sol.json,results/tmp/desyde/exp_4_1_rajp.dzn,True,True,,
results/tmp/e7_exp_4_1_rajp_3.sol.json,results/tmp/desyde/exp_4_1_rajp.dzn,True,True,,
results/tmp/e7_exp_4_1_rajp_4.sol.json,results/tmp/desyde/exp_4_1_rajp.dzn,True,True,,
results/tmp/e7_exp_4_3_sorajp_0.sol.json,results/tmp/desyde/exp_4_3_sorajp.dzn,True,True,,
results/tmp/e7_exp_4_3_sorajp_1.sol.json,results/tmp/desyde/exp_4_3_sorajp.dzn,True,True,,
results/tmp/e7_exp_4_3_sorajp_2.sol.json,results/tmp/desyde/exp_4_3_sorajp.dzn,True,True,,
results/tmp/e7_exp_4_3_sorajp_3.sol.json,results/tmp/desyde/exp_4_3_sorajp.dzn,True,True,,
results/tmp/e7_exp_4_3_sorajp_4.sol.json,results/tmp/desyde/exp_4_3_sorajp.dzn,True,True,,
results/tmp/probe_d_random_hw_thr.sol.json,results/tmp/e2/d_random_hw.dzn,True,True,,
results/tmp/probe_f_both3_thr.sol.json,results/tmp/e2/f_both3.dzn,True,True,,
results/tmp/probe_f_random_hw_thr.sol.json,results/tmp/e2/f_random_hw.dzn,True,True,,
results/tmp/probe_pc_sobel_thr.sol.json,results/tmp/e2/pc_sobel_loose.dzn,True,True,,
results/tmp/scratch_sorajp_pin.sol.json,results/tmp/desyde/exp_3_4_sorajp.dzn,True,True,,
results/tmp/xB_e2_joint_base_c_pat_none_NP.sol.json,results/tmp/e2/c_pat_nopromo.dzn,True,True,,
results/tmp/xB_e2_joint_base_c_pat_none_PFcheap.sol.json,results/tmp/e2/c_pat.dzn,True,True,,
results/tmp/xB_e2_joint_base_c_pat_none_PFlight.sol.json,results/tmp/e2/c_pat.dzn,True,True,,
results/tmp/xB_e2_joint_base_c_pat_none_PFmax.sol.json,results/tmp/e2/c_pat.dzn,True,True,,
results/tmp/xB_e2_joint_base_c_pat_none_PFmin.sol.json,results/tmp/e2/c_pat.dzn,True,True,,
results/tmp/xB_e2_joint_base_c_pat_none_SL.sol.json,results/tmp/e2/c_pat.dzn,True,True,,
results/tmp/xB_e2_joint_base_c_pat_none_SL_step1.sol.json,results/tmp/e2/c_pat_nopat.dzn,True,True,,
results/tmp/xB_e2_joint_base_c_pat_none_joint.sol.json,results/tmp/e2/c_pat.dzn,True,True,,
results/tmp/xB_e2_joint_base_d_random_hw_none_NP.sol.json,results/tmp/e2/d_random_hw_nopromo.dzn,True,True,,
results/tmp/xB_e2_joint_base_d_random_hw_none_PFcheap.sol.json,results/tmp/e2/d_random_hw.dzn,True,True,,
results/tmp/xB_e2_joint_base_d_random_hw_none_PFlight.sol.json,results/tmp/e2/d_random_hw.dzn,True,True,,
results/tmp/xB_e2_joint_base_d_random_hw_none_PFmax.sol.json,results/tmp/e2/d_random_hw.dzn,True,True,,
results/tmp/xB_e2_joint_base_d_random_hw_none_PFmin.sol.json,results/tmp/e2/d_random_hw.dzn,True,True,,
results/tmp/xB_e2_joint_base_d_random_hw_none_SL.sol.json,results/tmp/e2/d_random_hw.dzn,True,True,,
results/tmp/xB_e2_joint_base_d_random_hw_none_SL_step1.sol.json,results/tmp/e2/d_random_hw_nopat.dzn,True,True,,
results/tmp/xB_e2_joint_base_d_random_hw_none_joint.sol.json,results/tmp/e2/d_random_hw.dzn,True,True,,
results/tmp/xB_e2_joint_base_d_systematic_sw_none_NP.sol.json,results/tmp/e2/d_systematic_sw_nopromo.dzn,True,True,,
results/tmp/xB_e2_joint_base_d_systematic_sw_none_PFcheap.sol.json,results/tmp/e2/d_systematic_sw.dzn,True,True,,
results/tmp/xB_e2_joint_base_d_systematic_sw_none_PFlight.sol.json,results/tmp/e2/d_systematic_sw.dzn,True,True,,
results/tmp/xB_e2_joint_base_d_systematic_sw_none_PFmax.sol.json,results/tmp/e2/d_systematic_sw.dzn,True,True,,
results/tmp/xB_e2_joint_base_d_systematic_sw_none_PFmin.sol.json,results/tmp/e2/d_systematic_sw.dzn,True,True,,
results/tmp/xB_e2_joint_base_d_systematic_sw_none_SL.sol.json,results/tmp/e2/d_systematic_sw.dzn,True,True,,
results/tmp/xB_e2_joint_base_d_systematic_sw_none_SL_step1.sol.json,results/tmp/e2/d_systematic_sw_nopat.dzn,True,True,,
results/tmp/xB_e2_joint_base_d_systematic_sw_none_joint.sol.json,results/tmp/e2/d_systematic_sw.dzn,True,True,,
results/tmp/xB_e2_joint_base_f_both3_none_NP.sol.json,results/tmp/e2/f_both3_nopromo.dzn,True,True,,
results/tmp/xB_e2_joint_base_f_both3_none_PFcheap.sol.json,results/tmp/e2/f_both3.dzn,True,True,,
results/tmp/xB_e2_joint_base_f_both3_none_PFlight.sol.json,results/tmp/e2/f_both3.dzn,True,True,,
results/tmp/xB_e2_joint_base_f_both3_none_PFmax.sol.json,results/tmp/e2/f_both3.dzn,True,True,,
results/tmp/xB_e2_joint_base_f_both3_none_PFmin.sol.json,results/tmp/e2/f_both3.dzn,True,True,,
results/tmp/xB_e2_joint_base_f_both3_none_SL.sol.json,results/tmp/e2/f_both3.dzn,True,True,,
results/tmp/xB_e2_joint_base_f_both3_none_SL_step1.sol.json,results/tmp/e2/f_both3_nopat.dzn,True,True,,
results/tmp/xB_e2_joint_base_f_both3_none_joint.sol.json,results/tmp/e2/f_both3.dzn,True,True,,
results/tmp/xB_e2_joint_base_f_random_hw_none_NP.sol.json,results/tmp/e2/f_random_hw_nopromo.dzn,True,True,,
results/tmp/xB_e2_joint_base_f_random_hw_none_PFcheap.sol.json,results/tmp/e2/f_random_hw.dzn,True,True,,
results/tmp/xB_e2_joint_base_f_random_hw_none_PFlight.sol.json,results/tmp/e2/f_random_hw.dzn,True,True,,
results/tmp/xB_e2_joint_base_f_random_hw_none_PFmax.sol.json,results/tmp/e2/f_random_hw.dzn,True,True,,
results/tmp/xB_e2_joint_base_f_random_hw_none_PFmin.sol.json,results/tmp/e2/f_random_hw.dzn,True,True,,
results/tmp/xB_e2_joint_base_f_random_hw_none_SL.sol.json,results/tmp/e2/f_random_hw.dzn,True,True,,
results/tmp/xB_e2_joint_base_f_random_hw_none_SL_step1.sol.json,results/tmp/e2/f_random_hw_nopat.dzn,True,True,,
results/tmp/xB_e2_joint_base_f_random_hw_none_joint.sol.json,results/tmp/e2/f_random_hw.dzn,True,True,,
results/tmp/xB_e2_joint_base_f_sw3_none_NP.sol.json,results/tmp/e2/f_sw3_nopromo.dzn,True,True,,
results/tmp/xB_e2_joint_base_f_sw3_none_PFcheap.sol.json,results/tmp/e2/f_sw3.dzn,True,True,,
results/tmp/xB_e2_joint_base_f_sw3_none_PFlight.sol.json,results/tmp/e2/f_sw3.dzn,True,True,,
results/tmp/xB_e2_joint_base_f_sw3_none_PFmax.sol.json,results/tmp/e2/f_sw3.dzn,True,True,,
results/tmp/xB_e2_joint_base_f_sw3_none_PFmin.sol.json,results/tmp/e2/f_sw3.dzn,True,True,,
results/tmp/xB_e2_joint_base_f_sw3_none_SL.sol.json,results/tmp/e2/f_sw3.dzn,True,True,,
results/tmp/xB_e2_joint_base_f_sw3_none_SL_step1.sol.json,results/tmp/e2/f_sw3_nopat.dzn,True,True,,
results/tmp/xB_e2_joint_base_f_sw3_none_joint.sol.json,results/tmp/e2/f_sw3.dzn,True,True,,
results/tmp/xB_e2_joint_base_p_rasta_none_NP.sol.json,results/tmp/e2/p_rasta_nopromo.dzn,True,True,,
results/tmp/xB_e2_joint_base_p_rasta_none_PFcheap.sol.json,results/tmp/e2/p_rasta.dzn,True,True,,
results/tmp/xB_e2_joint_base_p_rasta_none_PFlight.sol.json,results/tmp/e2/p_rasta.dzn,True,True,,
results/tmp/xB_e2_joint_base_p_rasta_none_PFmax.sol.json,results/tmp/e2/p_rasta.dzn,True,True,,
results/tmp/xB_e2_joint_base_p_rasta_none_PFmin.sol.json,results/tmp/e2/p_rasta.dzn,True,True,,
results/tmp/xB_e2_joint_base_p_rasta_none_SL.sol.json,results/tmp/e2/p_rasta.dzn,True,True,,
results/tmp/xB_e2_joint_base_p_rasta_none_SL_step1.sol.json,results/tmp/e2/p_rasta_nopat.dzn,True,True,,
results/tmp/xB_e2_joint_base_p_rasta_none_joint.sol.json,results/tmp/e2/p_rasta.dzn,True,True,,
results/tmp/xB_e2_joint_base_pc_sobel_none_NP.sol.json,results/tmp/e2/pc_sobel_nopromo.dzn,True,True,,
results/tmp/xB_e2_joint_base_pc_sobel_none_PFcheap.sol.json,results/tmp/e2/pc_sobel_loose.dzn,True,True,,
results/tmp/xB_e2_joint_base_pc_sobel_none_PFlight.sol.json,results/tmp/e2/pc_sobel_loose.dzn,True,True,,
results/tmp/xB_e2_joint_base_pc_sobel_none_PFmax.sol.json,results/tmp/e2/pc_sobel_loose.dzn,True,True,,
results/tmp/xB_e2_joint_base_pc_sobel_none_PFmin.sol.json,results/tmp/e2/pc_sobel_loose.dzn,True,True,,
results/tmp/xB_e2_joint_base_pc_sobel_none_SL.sol.json,results/tmp/e2/pc_sobel_loose.dzn,True,True,,
results/tmp/xB_e2_joint_base_pc_sobel_none_SL_step1.sol.json,results/tmp/e2/pc_sobel_nopat.dzn,True,True,,
results/tmp/xB_e2_joint_base_pc_sobel_none_joint.sol.json,results/tmp/e2/pc_sobel_loose.dzn,True,True,,
results/tmp/xB_e2_joint_base_v_nvp_none_NP.sol.json,results/tmp/e2/v_nvp_nopromo.dzn,True,True,,
results/tmp/xB_e2_joint_base_v_nvp_none_PFcheap.sol.json,results/tmp/e2/v_nvp.dzn,True,True,,
results/tmp/xB_e2_joint_base_v_nvp_none_PFlight.sol.json,results/tmp/e2/v_nvp.dzn,True,True,,
results/tmp/xB_e2_joint_base_v_nvp_none_PFmax.sol.json,results/tmp/e2/v_nvp.dzn,True,True,,
results/tmp/xB_e2_joint_base_v_nvp_none_PFmin.sol.json,results/tmp/e2/v_nvp.dzn,True,True,,
results/tmp/xB_e2_joint_base_v_nvp_none_SL.sol.json,results/tmp/e2/v_nvp.dzn,True,True,,
results/tmp/xB_e2_joint_base_v_nvp_none_SL_step1.sol.json,results/tmp/e2/v_nvp_nopat.dzn,True,True,,
results/tmp/xB_e2_joint_base_v_nvp_none_joint.sol.json,results/tmp/e2/v_nvp.dzn,True,True,,
results/tmp/xB_e2_thr_base_c_pat_none_NP.sol.json,results/tmp/e2/c_pat_nopromo.dzn,True,True,,
results/tmp/xB_e2_thr_base_c_pat_none_PFcheap.sol.json,results/tmp/e2/c_pat.dzn,True,True,,
results/tmp/xB_e2_thr_base_c_pat_none_PFlight.sol.json,results/tmp/e2/c_pat.dzn,True,True,,
results/tmp/xB_e2_thr_base_c_pat_none_PFmax.sol.json,results/tmp/e2/c_pat.dzn,True,True,,
results/tmp/xB_e2_thr_base_c_pat_none_PFmin.sol.json,results/tmp/e2/c_pat.dzn,True,True,,
results/tmp/xB_e2_thr_base_c_pat_none_SL.sol.json,results/tmp/e2/c_pat.dzn,True,True,,
results/tmp/xB_e2_thr_base_c_pat_none_SL_step1.sol.json,results/tmp/e2/c_pat_nopat.dzn,True,True,,
results/tmp/xB_e2_thr_base_c_pat_none_joint.sol.json,results/tmp/e2/c_pat.dzn,True,True,,
results/tmp/xB_e2_thr_base_d_random_hw_none_NP.sol.json,results/tmp/e2/d_random_hw_nopromo.dzn,True,True,,
results/tmp/xB_e2_thr_base_d_random_hw_none_PFcheap.sol.json,results/tmp/e2/d_random_hw.dzn,True,True,,
results/tmp/xB_e2_thr_base_d_random_hw_none_PFlight.sol.json,results/tmp/e2/d_random_hw.dzn,True,True,,
results/tmp/xB_e2_thr_base_d_random_hw_none_PFmax.sol.json,results/tmp/e2/d_random_hw.dzn,True,True,,
results/tmp/xB_e2_thr_base_d_random_hw_none_PFmin.sol.json,results/tmp/e2/d_random_hw.dzn,True,True,,
results/tmp/xB_e2_thr_base_d_random_hw_none_SL.sol.json,results/tmp/e2/d_random_hw.dzn,True,True,,
results/tmp/xB_e2_thr_base_d_random_hw_none_SL_step1.sol.json,results/tmp/e2/d_random_hw_nopat.dzn,True,True,,
results/tmp/xB_e2_thr_base_d_random_hw_none_joint.sol.json,results/tmp/e2/d_random_hw.dzn,True,True,,
results/tmp/xB_e2_thr_base_d_systematic_sw_none_NP.sol.json,results/tmp/e2/d_systematic_sw_nopromo.dzn,True,True,,
results/tmp/xB_e2_thr_base_d_systematic_sw_none_PFcheap.sol.json,results/tmp/e2/d_systematic_sw.dzn,True,True,,
results/tmp/xB_e2_thr_base_d_systematic_sw_none_PFlight.sol.json,results/tmp/e2/d_systematic_sw.dzn,True,True,,
results/tmp/xB_e2_thr_base_d_systematic_sw_none_PFmax.sol.json,results/tmp/e2/d_systematic_sw.dzn,True,True,,
results/tmp/xB_e2_thr_base_d_systematic_sw_none_PFmin.sol.json,results/tmp/e2/d_systematic_sw.dzn,True,True,,
results/tmp/xB_e2_thr_base_d_systematic_sw_none_SL.sol.json,results/tmp/e2/d_systematic_sw.dzn,True,True,,
results/tmp/xB_e2_thr_base_d_systematic_sw_none_SL_step1.sol.json,results/tmp/e2/d_systematic_sw_nopat.dzn,True,True,,
results/tmp/xB_e2_thr_base_d_systematic_sw_none_joint.sol.json,results/tmp/e2/d_systematic_sw.dzn,True,True,,
results/tmp/xB_e2_thr_base_f_both3_none_NP.sol.json,results/tmp/e2/f_both3_nopromo.dzn,True,True,,
results/tmp/xB_e2_thr_base_f_both3_none_PFcheap.sol.json,results/tmp/e2/f_both3.dzn,True,True,,
results/tmp/xB_e2_thr_base_f_both3_none_PFlight.sol.json,results/tmp/e2/f_both3.dzn,True,True,,
results/tmp/xB_e2_thr_base_f_both3_none_PFmax.sol.json,results/tmp/e2/f_both3.dzn,True,True,,
results/tmp/xB_e2_thr_base_f_both3_none_PFmin.sol.json,results/tmp/e2/f_both3.dzn,True,True,,
results/tmp/xB_e2_thr_base_f_both3_none_SL.sol.json,results/tmp/e2/f_both3.dzn,True,True,,
results/tmp/xB_e2_thr_base_f_both3_none_SL_step1.sol.json,results/tmp/e2/f_both3_nopat.dzn,True,True,,
results/tmp/xB_e2_thr_base_f_both3_none_joint.sol.json,results/tmp/e2/f_both3.dzn,True,True,,
results/tmp/xB_e2_thr_base_f_random_hw_none_NP.sol.json,results/tmp/e2/f_random_hw_nopromo.dzn,True,True,,
results/tmp/xB_e2_thr_base_f_random_hw_none_PFcheap.sol.json,results/tmp/e2/f_random_hw.dzn,True,True,,
results/tmp/xB_e2_thr_base_f_random_hw_none_PFlight.sol.json,results/tmp/e2/f_random_hw.dzn,True,True,,
results/tmp/xB_e2_thr_base_f_random_hw_none_PFmax.sol.json,results/tmp/e2/f_random_hw.dzn,True,True,,
results/tmp/xB_e2_thr_base_f_random_hw_none_PFmin.sol.json,results/tmp/e2/f_random_hw.dzn,True,True,,
results/tmp/xB_e2_thr_base_f_random_hw_none_SL.sol.json,results/tmp/e2/f_random_hw.dzn,True,True,,
results/tmp/xB_e2_thr_base_f_random_hw_none_SL_step1.sol.json,results/tmp/e2/f_random_hw_nopat.dzn,True,True,,
results/tmp/xB_e2_thr_base_f_random_hw_none_joint.sol.json,results/tmp/e2/f_random_hw.dzn,True,True,,
results/tmp/xB_e2_thr_base_f_sw3_none_NP.sol.json,results/tmp/e2/f_sw3_nopromo.dzn,True,True,,
results/tmp/xB_e2_thr_base_f_sw3_none_PFcheap.sol.json,results/tmp/e2/f_sw3.dzn,True,True,,
results/tmp/xB_e2_thr_base_f_sw3_none_PFlight.sol.json,results/tmp/e2/f_sw3.dzn,True,True,,
results/tmp/xB_e2_thr_base_f_sw3_none_PFmax.sol.json,results/tmp/e2/f_sw3.dzn,True,True,,
results/tmp/xB_e2_thr_base_f_sw3_none_PFmin.sol.json,results/tmp/e2/f_sw3.dzn,True,True,,
results/tmp/xB_e2_thr_base_f_sw3_none_SL.sol.json,results/tmp/e2/f_sw3.dzn,True,True,,
results/tmp/xB_e2_thr_base_f_sw3_none_SL_step1.sol.json,results/tmp/e2/f_sw3_nopat.dzn,True,True,,
results/tmp/xB_e2_thr_base_f_sw3_none_joint.sol.json,results/tmp/e2/f_sw3.dzn,True,True,,
results/tmp/xB_e2_thr_base_p_rasta_none_NP.sol.json,results/tmp/e2/p_rasta_nopromo.dzn,True,True,,
results/tmp/xB_e2_thr_base_p_rasta_none_PFcheap.sol.json,results/tmp/e2/p_rasta.dzn,True,True,,
results/tmp/xB_e2_thr_base_p_rasta_none_PFlight.sol.json,results/tmp/e2/p_rasta.dzn,True,True,,
results/tmp/xB_e2_thr_base_p_rasta_none_PFmax.sol.json,results/tmp/e2/p_rasta.dzn,True,True,,
results/tmp/xB_e2_thr_base_p_rasta_none_PFmin.sol.json,results/tmp/e2/p_rasta.dzn,True,True,,
results/tmp/xB_e2_thr_base_p_rasta_none_SL.sol.json,results/tmp/e2/p_rasta.dzn,True,True,,
results/tmp/xB_e2_thr_base_p_rasta_none_SL_step1.sol.json,results/tmp/e2/p_rasta_nopat.dzn,True,True,,
results/tmp/xB_e2_thr_base_p_rasta_none_joint.sol.json,results/tmp/e2/p_rasta.dzn,True,True,,
results/tmp/xB_e2_thr_base_pc_sobel_none_NP.sol.json,results/tmp/e2/pc_sobel_nopromo.dzn,True,True,,
results/tmp/xB_e2_thr_base_pc_sobel_none_PFcheap.sol.json,results/tmp/e2/pc_sobel_loose.dzn,True,True,,
results/tmp/xB_e2_thr_base_pc_sobel_none_PFlight.sol.json,results/tmp/e2/pc_sobel_loose.dzn,True,True,,
results/tmp/xB_e2_thr_base_pc_sobel_none_PFmax.sol.json,results/tmp/e2/pc_sobel_loose.dzn,True,True,,
results/tmp/xB_e2_thr_base_pc_sobel_none_PFmin.sol.json,results/tmp/e2/pc_sobel_loose.dzn,True,True,,
results/tmp/xB_e2_thr_base_pc_sobel_none_SL.sol.json,results/tmp/e2/pc_sobel_loose.dzn,True,True,,
results/tmp/xB_e2_thr_base_pc_sobel_none_SL_step1.sol.json,results/tmp/e2/pc_sobel_nopat.dzn,True,True,,
results/tmp/xB_e2_thr_base_pc_sobel_none_joint.sol.json,results/tmp/e2/pc_sobel_loose.dzn,True,True,,
results/tmp/xB_e2_thr_base_v_nvp_none_NP.sol.json,results/tmp/e2/v_nvp_nopromo.dzn,True,True,,
results/tmp/xB_e2_thr_base_v_nvp_none_PFcheap.sol.json,results/tmp/e2/v_nvp.dzn,True,True,,
results/tmp/xB_e2_thr_base_v_nvp_none_PFlight.sol.json,results/tmp/e2/v_nvp.dzn,True,True,,
results/tmp/xB_e2_thr_base_v_nvp_none_PFmax.sol.json,results/tmp/e2/v_nvp.dzn,True,True,,
results/tmp/xB_e2_thr_base_v_nvp_none_PFmin.sol.json,results/tmp/e2/v_nvp.dzn,True,True,,
results/tmp/xB_e2_thr_base_v_nvp_none_SL.sol.json,results/tmp/e2/v_nvp.dzn,True,True,,
results/tmp/xB_e2_thr_base_v_nvp_none_SL_step1.sol.json,results/tmp/e2/v_nvp_nopat.dzn,True,True,,
results/tmp/xB_e2_thr_base_v_nvp_none_joint.sol.json,results/tmp/e2/v_nvp.dzn,True,True,,
results/tmp/xB_e2_thr_chk10_c_pat_none_NP.sol.json,results/tmp/e2/c_pat_chk10_nopromo.dzn,True,True,,
results/tmp/xB_e2_thr_chk10_c_pat_none_PFcheap.sol.json,results/tmp/e2/c_pat_chk10.dzn,True,True,,
results/tmp/xB_e2_thr_chk10_c_pat_none_PFlight.sol.json,results/tmp/e2/c_pat_chk10.dzn,True,True,,
results/tmp/xB_e2_thr_chk10_c_pat_none_PFmax.sol.json,results/tmp/e2/c_pat_chk10.dzn,True,True,,
results/tmp/xB_e2_thr_chk10_c_pat_none_PFmin.sol.json,results/tmp/e2/c_pat_chk10.dzn,True,True,,
results/tmp/xB_e2_thr_chk10_c_pat_none_SL.sol.json,results/tmp/e2/c_pat_chk10.dzn,True,True,,
results/tmp/xB_e2_thr_chk10_c_pat_none_SL_step1.sol.json,results/tmp/e2/c_pat_chk10_nopat.dzn,True,True,,
results/tmp/xB_e2_thr_chk10_c_pat_none_joint.sol.json,results/tmp/e2/c_pat_chk10.dzn,True,True,,
results/tmp/xB_e2_thr_chk10_d_random_hw_none_NP.sol.json,results/tmp/e2/d_random_hw_chk10_nopromo.dzn,True,True,,
results/tmp/xB_e2_thr_chk10_d_random_hw_none_PFcheap.sol.json,results/tmp/e2/d_random_hw_chk10.dzn,True,True,,
results/tmp/xB_e2_thr_chk10_d_random_hw_none_PFlight.sol.json,results/tmp/e2/d_random_hw_chk10.dzn,True,True,,
results/tmp/xB_e2_thr_chk10_d_random_hw_none_PFmax.sol.json,results/tmp/e2/d_random_hw_chk10.dzn,True,True,,
results/tmp/xB_e2_thr_chk10_d_random_hw_none_PFmin.sol.json,results/tmp/e2/d_random_hw_chk10.dzn,True,True,,
results/tmp/xB_e2_thr_chk10_d_random_hw_none_SL.sol.json,results/tmp/e2/d_random_hw_chk10.dzn,True,True,,
results/tmp/xB_e2_thr_chk10_d_random_hw_none_SL_step1.sol.json,results/tmp/e2/d_random_hw_chk10_nopat.dzn,True,True,,
results/tmp/xB_e2_thr_chk10_d_random_hw_none_joint.sol.json,results/tmp/e2/d_random_hw_chk10.dzn,True,True,,
results/tmp/xB_e2_thr_chk10_d_systematic_sw_none_NP.sol.json,results/tmp/e2/d_systematic_sw_chk10_nopromo.dzn,True,True,,
results/tmp/xB_e2_thr_chk10_d_systematic_sw_none_PFcheap.sol.json,results/tmp/e2/d_systematic_sw_chk10.dzn,True,True,,
results/tmp/xB_e2_thr_chk10_d_systematic_sw_none_PFlight.sol.json,results/tmp/e2/d_systematic_sw_chk10.dzn,True,True,,
results/tmp/xB_e2_thr_chk10_d_systematic_sw_none_PFmax.sol.json,results/tmp/e2/d_systematic_sw_chk10.dzn,True,True,,
results/tmp/xB_e2_thr_chk10_d_systematic_sw_none_PFmin.sol.json,results/tmp/e2/d_systematic_sw_chk10.dzn,True,True,,
results/tmp/xB_e2_thr_chk10_d_systematic_sw_none_SL.sol.json,results/tmp/e2/d_systematic_sw_chk10.dzn,True,True,,
results/tmp/xB_e2_thr_chk10_d_systematic_sw_none_SL_step1.sol.json,results/tmp/e2/d_systematic_sw_chk10_nopat.dzn,True,True,,
results/tmp/xB_e2_thr_chk10_d_systematic_sw_none_joint.sol.json,results/tmp/e2/d_systematic_sw_chk10.dzn,True,True,,
results/tmp/xB_e2_thr_chk10_f_both3_none_NP.sol.json,results/tmp/e2/f_both3_chk10_nopromo.dzn,True,True,,
results/tmp/xB_e2_thr_chk10_f_both3_none_PFcheap.sol.json,results/tmp/e2/f_both3_chk10.dzn,True,True,,
results/tmp/xB_e2_thr_chk10_f_both3_none_PFlight.sol.json,results/tmp/e2/f_both3_chk10.dzn,True,True,,
results/tmp/xB_e2_thr_chk10_f_both3_none_PFmax.sol.json,results/tmp/e2/f_both3_chk10.dzn,True,True,,
results/tmp/xB_e2_thr_chk10_f_both3_none_PFmin.sol.json,results/tmp/e2/f_both3_chk10.dzn,True,True,,
results/tmp/xB_e2_thr_chk10_f_both3_none_SL.sol.json,results/tmp/e2/f_both3_chk10.dzn,True,True,,
results/tmp/xB_e2_thr_chk10_f_both3_none_SL_step1.sol.json,results/tmp/e2/f_both3_chk10_nopat.dzn,True,True,,
results/tmp/xB_e2_thr_chk10_f_both3_none_joint.sol.json,results/tmp/e2/f_both3_chk10.dzn,True,True,,
results/tmp/xB_e2_thr_chk10_f_random_hw_none_NP.sol.json,results/tmp/e2/f_random_hw_chk10_nopromo.dzn,True,True,,
results/tmp/xB_e2_thr_chk10_f_random_hw_none_PFcheap.sol.json,results/tmp/e2/f_random_hw_chk10.dzn,True,True,,
results/tmp/xB_e2_thr_chk10_f_random_hw_none_PFlight.sol.json,results/tmp/e2/f_random_hw_chk10.dzn,True,True,,
results/tmp/xB_e2_thr_chk10_f_random_hw_none_PFmax.sol.json,results/tmp/e2/f_random_hw_chk10.dzn,True,True,,
results/tmp/xB_e2_thr_chk10_f_random_hw_none_PFmin.sol.json,results/tmp/e2/f_random_hw_chk10.dzn,True,True,,
results/tmp/xB_e2_thr_chk10_f_random_hw_none_SL.sol.json,results/tmp/e2/f_random_hw_chk10.dzn,True,True,,
results/tmp/xB_e2_thr_chk10_f_random_hw_none_SL_step1.sol.json,results/tmp/e2/f_random_hw_chk10_nopat.dzn,True,True,,
results/tmp/xB_e2_thr_chk10_f_random_hw_none_joint.sol.json,results/tmp/e2/f_random_hw_chk10.dzn,True,True,,
results/tmp/xB_e2_thr_chk10_f_sw3_none_NP.sol.json,results/tmp/e2/f_sw3_chk10_nopromo.dzn,True,True,,
results/tmp/xB_e2_thr_chk10_f_sw3_none_PFcheap.sol.json,results/tmp/e2/f_sw3_chk10.dzn,True,True,,
results/tmp/xB_e2_thr_chk10_f_sw3_none_PFlight.sol.json,results/tmp/e2/f_sw3_chk10.dzn,True,True,,
results/tmp/xB_e2_thr_chk10_f_sw3_none_PFmax.sol.json,results/tmp/e2/f_sw3_chk10.dzn,True,True,,
results/tmp/xB_e2_thr_chk10_f_sw3_none_PFmin.sol.json,results/tmp/e2/f_sw3_chk10.dzn,True,True,,
results/tmp/xB_e2_thr_chk10_f_sw3_none_SL.sol.json,results/tmp/e2/f_sw3_chk10.dzn,True,True,,
results/tmp/xB_e2_thr_chk10_f_sw3_none_SL_step1.sol.json,results/tmp/e2/f_sw3_chk10_nopat.dzn,True,True,,
results/tmp/xB_e2_thr_chk10_f_sw3_none_joint.sol.json,results/tmp/e2/f_sw3_chk10.dzn,True,True,,
results/tmp/xB_e2_thr_chk10_p_rasta_none_NP.sol.json,results/tmp/e2/p_rasta_chk10_nopromo.dzn,True,True,,
results/tmp/xB_e2_thr_chk10_p_rasta_none_PFcheap.sol.json,results/tmp/e2/p_rasta_chk10.dzn,True,True,,
results/tmp/xB_e2_thr_chk10_p_rasta_none_PFlight.sol.json,results/tmp/e2/p_rasta_chk10.dzn,True,True,,
results/tmp/xB_e2_thr_chk10_p_rasta_none_PFmax.sol.json,results/tmp/e2/p_rasta_chk10.dzn,True,True,,
results/tmp/xB_e2_thr_chk10_p_rasta_none_PFmin.sol.json,results/tmp/e2/p_rasta_chk10.dzn,True,True,,
results/tmp/xB_e2_thr_chk10_p_rasta_none_SL.sol.json,results/tmp/e2/p_rasta_chk10.dzn,True,True,,
results/tmp/xB_e2_thr_chk10_p_rasta_none_SL_step1.sol.json,results/tmp/e2/p_rasta_chk10_nopat.dzn,True,True,,
results/tmp/xB_e2_thr_chk10_p_rasta_none_joint.sol.json,results/tmp/e2/p_rasta_chk10.dzn,True,True,,
results/tmp/xB_e2_thr_chk10_pc_sobel_none_NP.sol.json,results/tmp/e2/pc_sobel_chk10_nopromo.dzn,True,True,,
results/tmp/xB_e2_thr_chk10_pc_sobel_none_PFcheap.sol.json,results/tmp/e2/pc_sobel_chk10_loose.dzn,True,True,,
results/tmp/xB_e2_thr_chk10_pc_sobel_none_PFlight.sol.json,results/tmp/e2/pc_sobel_chk10_loose.dzn,True,True,,
results/tmp/xB_e2_thr_chk10_pc_sobel_none_PFmax.sol.json,results/tmp/e2/pc_sobel_chk10_loose.dzn,True,True,,
results/tmp/xB_e2_thr_chk10_pc_sobel_none_PFmin.sol.json,results/tmp/e2/pc_sobel_chk10_loose.dzn,True,True,,
results/tmp/xB_e2_thr_chk10_pc_sobel_none_SL.sol.json,results/tmp/e2/pc_sobel_chk10_loose.dzn,True,True,,
results/tmp/xB_e2_thr_chk10_pc_sobel_none_SL_step1.sol.json,results/tmp/e2/pc_sobel_chk10_nopat.dzn,True,True,,
results/tmp/xB_e2_thr_chk10_pc_sobel_none_joint.sol.json,results/tmp/e2/pc_sobel_chk10_loose.dzn,True,True,,
results/tmp/xB_e2_thr_chk10_v_nvp_none_NP.sol.json,results/tmp/e2/v_nvp_chk10_nopromo.dzn,True,True,,
results/tmp/xB_e2_thr_chk10_v_nvp_none_PFcheap.sol.json,results/tmp/e2/v_nvp_chk10.dzn,True,True,,
results/tmp/xB_e2_thr_chk10_v_nvp_none_PFlight.sol.json,results/tmp/e2/v_nvp_chk10.dzn,True,True,,
results/tmp/xB_e2_thr_chk10_v_nvp_none_PFmax.sol.json,results/tmp/e2/v_nvp_chk10.dzn,True,True,,
results/tmp/xB_e2_thr_chk10_v_nvp_none_PFmin.sol.json,results/tmp/e2/v_nvp_chk10.dzn,True,True,,
results/tmp/xB_e2_thr_chk10_v_nvp_none_SL.sol.json,results/tmp/e2/v_nvp_chk10.dzn,True,True,,
results/tmp/xB_e2_thr_chk10_v_nvp_none_SL_step1.sol.json,results/tmp/e2/v_nvp_chk10_nopat.dzn,True,True,,
results/tmp/xB_e2_thr_chk10_v_nvp_none_joint.sol.json,results/tmp/e2/v_nvp_chk10.dzn,True,True,,
results/tmp/xB_e2_thr_chk50_c_pat_none_NP.sol.json,results/tmp/e2/c_pat_chk50_nopromo.dzn,True,True,,
results/tmp/xB_e2_thr_chk50_c_pat_none_PFcheap.sol.json,results/tmp/e2/c_pat_chk50.dzn,True,True,,
results/tmp/xB_e2_thr_chk50_c_pat_none_PFlight.sol.json,results/tmp/e2/c_pat_chk50.dzn,True,True,,
results/tmp/xB_e2_thr_chk50_c_pat_none_PFmax.sol.json,results/tmp/e2/c_pat_chk50.dzn,True,True,,
results/tmp/xB_e2_thr_chk50_c_pat_none_PFmin.sol.json,results/tmp/e2/c_pat_chk50.dzn,True,True,,
results/tmp/xB_e2_thr_chk50_c_pat_none_SL.sol.json,results/tmp/e2/c_pat_chk50.dzn,True,True,,
results/tmp/xB_e2_thr_chk50_c_pat_none_SL_step1.sol.json,results/tmp/e2/c_pat_chk50_nopat.dzn,True,True,,
results/tmp/xB_e2_thr_chk50_c_pat_none_joint.sol.json,results/tmp/e2/c_pat_chk50.dzn,True,True,,
results/tmp/xB_e2_thr_chk50_d_random_hw_none_NP.sol.json,results/tmp/e2/d_random_hw_chk50_nopromo.dzn,True,True,,
results/tmp/xB_e2_thr_chk50_d_random_hw_none_PFcheap.sol.json,results/tmp/e2/d_random_hw_chk50.dzn,True,True,,
results/tmp/xB_e2_thr_chk50_d_random_hw_none_PFlight.sol.json,results/tmp/e2/d_random_hw_chk50.dzn,True,True,,
results/tmp/xB_e2_thr_chk50_d_random_hw_none_PFmax.sol.json,results/tmp/e2/d_random_hw_chk50.dzn,True,True,,
results/tmp/xB_e2_thr_chk50_d_random_hw_none_PFmin.sol.json,results/tmp/e2/d_random_hw_chk50.dzn,True,True,,
results/tmp/xB_e2_thr_chk50_d_random_hw_none_SL.sol.json,results/tmp/e2/d_random_hw_chk50.dzn,True,True,,
results/tmp/xB_e2_thr_chk50_d_random_hw_none_SL_step1.sol.json,results/tmp/e2/d_random_hw_chk50_nopat.dzn,True,True,,
results/tmp/xB_e2_thr_chk50_d_random_hw_none_joint.sol.json,results/tmp/e2/d_random_hw_chk50.dzn,True,True,,
results/tmp/xB_e2_thr_chk50_d_systematic_sw_none_NP.sol.json,results/tmp/e2/d_systematic_sw_chk50_nopromo.dzn,True,True,,
results/tmp/xB_e2_thr_chk50_d_systematic_sw_none_PFcheap.sol.json,results/tmp/e2/d_systematic_sw_chk50.dzn,True,True,,
results/tmp/xB_e2_thr_chk50_d_systematic_sw_none_PFlight.sol.json,results/tmp/e2/d_systematic_sw_chk50.dzn,True,True,,
results/tmp/xB_e2_thr_chk50_d_systematic_sw_none_PFmax.sol.json,results/tmp/e2/d_systematic_sw_chk50.dzn,True,True,,
results/tmp/xB_e2_thr_chk50_d_systematic_sw_none_PFmin.sol.json,results/tmp/e2/d_systematic_sw_chk50.dzn,True,True,,
results/tmp/xB_e2_thr_chk50_d_systematic_sw_none_SL.sol.json,results/tmp/e2/d_systematic_sw_chk50.dzn,True,True,,
results/tmp/xB_e2_thr_chk50_d_systematic_sw_none_SL_step1.sol.json,results/tmp/e2/d_systematic_sw_chk50_nopat.dzn,True,True,,
results/tmp/xB_e2_thr_chk50_d_systematic_sw_none_joint.sol.json,results/tmp/e2/d_systematic_sw_chk50.dzn,True,True,,
results/tmp/xB_e2_thr_chk50_f_both3_none_NP.sol.json,results/tmp/e2/f_both3_chk50_nopromo.dzn,True,True,,
results/tmp/xB_e2_thr_chk50_f_both3_none_PFcheap.sol.json,results/tmp/e2/f_both3_chk50.dzn,True,True,,
results/tmp/xB_e2_thr_chk50_f_both3_none_PFlight.sol.json,results/tmp/e2/f_both3_chk50.dzn,True,True,,
results/tmp/xB_e2_thr_chk50_f_both3_none_PFmax.sol.json,results/tmp/e2/f_both3_chk50.dzn,True,True,,
results/tmp/xB_e2_thr_chk50_f_both3_none_PFmin.sol.json,results/tmp/e2/f_both3_chk50.dzn,True,True,,
results/tmp/xB_e2_thr_chk50_f_both3_none_SL.sol.json,results/tmp/e2/f_both3_chk50.dzn,True,True,,
results/tmp/xB_e2_thr_chk50_f_both3_none_SL_step1.sol.json,results/tmp/e2/f_both3_chk50_nopat.dzn,True,True,,
results/tmp/xB_e2_thr_chk50_f_both3_none_joint.sol.json,results/tmp/e2/f_both3_chk50.dzn,True,True,,
results/tmp/xB_e2_thr_chk50_f_random_hw_none_NP.sol.json,results/tmp/e2/f_random_hw_chk50_nopromo.dzn,True,True,,
results/tmp/xB_e2_thr_chk50_f_random_hw_none_PFcheap.sol.json,results/tmp/e2/f_random_hw_chk50.dzn,True,True,,
results/tmp/xB_e2_thr_chk50_f_random_hw_none_PFlight.sol.json,results/tmp/e2/f_random_hw_chk50.dzn,True,True,,
results/tmp/xB_e2_thr_chk50_f_random_hw_none_PFmax.sol.json,results/tmp/e2/f_random_hw_chk50.dzn,True,True,,
results/tmp/xB_e2_thr_chk50_f_random_hw_none_PFmin.sol.json,results/tmp/e2/f_random_hw_chk50.dzn,True,True,,
results/tmp/xB_e2_thr_chk50_f_random_hw_none_SL.sol.json,results/tmp/e2/f_random_hw_chk50.dzn,True,True,,
results/tmp/xB_e2_thr_chk50_f_random_hw_none_SL_step1.sol.json,results/tmp/e2/f_random_hw_chk50_nopat.dzn,True,True,,
results/tmp/xB_e2_thr_chk50_f_random_hw_none_joint.sol.json,results/tmp/e2/f_random_hw_chk50.dzn,True,True,,
results/tmp/xB_e2_thr_chk50_f_sw3_none_NP.sol.json,results/tmp/e2/f_sw3_chk50_nopromo.dzn,True,True,,
results/tmp/xB_e2_thr_chk50_f_sw3_none_PFcheap.sol.json,results/tmp/e2/f_sw3_chk50.dzn,True,True,,
results/tmp/xB_e2_thr_chk50_f_sw3_none_PFlight.sol.json,results/tmp/e2/f_sw3_chk50.dzn,True,True,,
results/tmp/xB_e2_thr_chk50_f_sw3_none_PFmax.sol.json,results/tmp/e2/f_sw3_chk50.dzn,True,True,,
results/tmp/xB_e2_thr_chk50_f_sw3_none_PFmin.sol.json,results/tmp/e2/f_sw3_chk50.dzn,True,True,,
results/tmp/xB_e2_thr_chk50_f_sw3_none_SL.sol.json,results/tmp/e2/f_sw3_chk50.dzn,True,True,,
results/tmp/xB_e2_thr_chk50_f_sw3_none_SL_step1.sol.json,results/tmp/e2/f_sw3_chk50_nopat.dzn,True,True,,
results/tmp/xB_e2_thr_chk50_f_sw3_none_joint.sol.json,results/tmp/e2/f_sw3_chk50.dzn,True,True,,
results/tmp/xB_e2_thr_chk50_p_rasta_none_NP.sol.json,results/tmp/e2/p_rasta_chk50_nopromo.dzn,True,True,,
results/tmp/xB_e2_thr_chk50_p_rasta_none_PFcheap.sol.json,results/tmp/e2/p_rasta_chk50.dzn,True,True,,
results/tmp/xB_e2_thr_chk50_p_rasta_none_PFlight.sol.json,results/tmp/e2/p_rasta_chk50.dzn,True,True,,
results/tmp/xB_e2_thr_chk50_p_rasta_none_PFmax.sol.json,results/tmp/e2/p_rasta_chk50.dzn,True,True,,
results/tmp/xB_e2_thr_chk50_p_rasta_none_PFmin.sol.json,results/tmp/e2/p_rasta_chk50.dzn,True,True,,
results/tmp/xB_e2_thr_chk50_p_rasta_none_SL.sol.json,results/tmp/e2/p_rasta_chk50.dzn,True,True,,
results/tmp/xB_e2_thr_chk50_p_rasta_none_SL_step1.sol.json,results/tmp/e2/p_rasta_chk50_nopat.dzn,True,True,,
results/tmp/xB_e2_thr_chk50_p_rasta_none_joint.sol.json,results/tmp/e2/p_rasta_chk50.dzn,True,True,,
results/tmp/xB_e2_thr_chk50_pc_sobel_none_NP.sol.json,results/tmp/e2/pc_sobel_chk50_nopromo.dzn,True,True,,
results/tmp/xB_e2_thr_chk50_pc_sobel_none_PFcheap.sol.json,results/tmp/e2/pc_sobel_chk50_loose.dzn,True,True,,
results/tmp/xB_e2_thr_chk50_pc_sobel_none_PFlight.sol.json,results/tmp/e2/pc_sobel_chk50_loose.dzn,True,True,,
results/tmp/xB_e2_thr_chk50_pc_sobel_none_PFmax.sol.json,results/tmp/e2/pc_sobel_chk50_loose.dzn,True,True,,
results/tmp/xB_e2_thr_chk50_pc_sobel_none_PFmin.sol.json,results/tmp/e2/pc_sobel_chk50_loose.dzn,True,True,,
results/tmp/xB_e2_thr_chk50_pc_sobel_none_SL.sol.json,results/tmp/e2/pc_sobel_chk50_loose.dzn,True,True,,
results/tmp/xB_e2_thr_chk50_pc_sobel_none_SL_step1.sol.json,results/tmp/e2/pc_sobel_chk50_nopat.dzn,True,True,,
results/tmp/xB_e2_thr_chk50_pc_sobel_none_joint.sol.json,results/tmp/e2/pc_sobel_chk50_loose.dzn,True,True,,
results/tmp/xB_e2_thr_chk50_v_nvp_none_NP.sol.json,results/tmp/e2/v_nvp_chk50_nopromo.dzn,True,True,,
results/tmp/xB_e2_thr_chk50_v_nvp_none_PFcheap.sol.json,results/tmp/e2/v_nvp_chk50.dzn,True,True,,
results/tmp/xB_e2_thr_chk50_v_nvp_none_PFlight.sol.json,results/tmp/e2/v_nvp_chk50.dzn,True,True,,
results/tmp/xB_e2_thr_chk50_v_nvp_none_PFmax.sol.json,results/tmp/e2/v_nvp_chk50.dzn,True,True,,
results/tmp/xB_e2_thr_chk50_v_nvp_none_PFmin.sol.json,results/tmp/e2/v_nvp_chk50.dzn,True,True,,
results/tmp/xB_e2_thr_chk50_v_nvp_none_SL.sol.json,results/tmp/e2/v_nvp_chk50.dzn,True,True,,
results/tmp/xB_e2_thr_chk50_v_nvp_none_SL_step1.sol.json,results/tmp/e2/v_nvp_chk50_nopat.dzn,True,True,,
results/tmp/xB_e2_thr_chk50_v_nvp_none_joint.sol.json,results/tmp/e2/v_nvp_chk50.dzn,True,True,,
results/tmp/xB_e2_thr_tok2_c_pat_none_NP.sol.json,results/tmp/e2/c_pat_tok2_nopromo.dzn,True,True,,
results/tmp/xB_e2_thr_tok2_c_pat_none_PFcheap.sol.json,results/tmp/e2/c_pat_tok2.dzn,True,True,,
results/tmp/xB_e2_thr_tok2_c_pat_none_PFlight.sol.json,results/tmp/e2/c_pat_tok2.dzn,True,True,,
results/tmp/xB_e2_thr_tok2_c_pat_none_PFmax.sol.json,results/tmp/e2/c_pat_tok2.dzn,True,True,,
results/tmp/xB_e2_thr_tok2_c_pat_none_PFmin.sol.json,results/tmp/e2/c_pat_tok2.dzn,True,True,,
results/tmp/xB_e2_thr_tok2_c_pat_none_SL.sol.json,results/tmp/e2/c_pat_tok2.dzn,True,True,,
results/tmp/xB_e2_thr_tok2_c_pat_none_SL_step1.sol.json,results/tmp/e2/c_pat_tok2_nopat.dzn,True,True,,
results/tmp/xB_e2_thr_tok2_c_pat_none_joint.sol.json,results/tmp/e2/c_pat_tok2.dzn,True,True,,
results/tmp/xB_e2_thr_tok2_d_random_hw_none_NP.sol.json,results/tmp/e2/d_random_hw_tok2_nopromo.dzn,True,True,,
results/tmp/xB_e2_thr_tok2_d_random_hw_none_PFcheap.sol.json,results/tmp/e2/d_random_hw_tok2.dzn,True,True,,
results/tmp/xB_e2_thr_tok2_d_random_hw_none_PFlight.sol.json,results/tmp/e2/d_random_hw_tok2.dzn,True,True,,
results/tmp/xB_e2_thr_tok2_d_random_hw_none_PFmax.sol.json,results/tmp/e2/d_random_hw_tok2.dzn,True,True,,
results/tmp/xB_e2_thr_tok2_d_random_hw_none_PFmin.sol.json,results/tmp/e2/d_random_hw_tok2.dzn,True,True,,
results/tmp/xB_e2_thr_tok2_d_random_hw_none_SL.sol.json,results/tmp/e2/d_random_hw_tok2.dzn,True,True,,
results/tmp/xB_e2_thr_tok2_d_random_hw_none_SL_step1.sol.json,results/tmp/e2/d_random_hw_tok2_nopat.dzn,True,True,,
results/tmp/xB_e2_thr_tok2_d_random_hw_none_joint.sol.json,results/tmp/e2/d_random_hw_tok2.dzn,True,True,,
results/tmp/xB_e2_thr_tok2_d_systematic_sw_none_NP.sol.json,results/tmp/e2/d_systematic_sw_tok2_nopromo.dzn,True,True,,
results/tmp/xB_e2_thr_tok2_d_systematic_sw_none_PFcheap.sol.json,results/tmp/e2/d_systematic_sw_tok2.dzn,True,True,,
results/tmp/xB_e2_thr_tok2_d_systematic_sw_none_PFlight.sol.json,results/tmp/e2/d_systematic_sw_tok2.dzn,True,True,,
results/tmp/xB_e2_thr_tok2_d_systematic_sw_none_PFmax.sol.json,results/tmp/e2/d_systematic_sw_tok2.dzn,True,True,,
results/tmp/xB_e2_thr_tok2_d_systematic_sw_none_PFmin.sol.json,results/tmp/e2/d_systematic_sw_tok2.dzn,True,True,,
results/tmp/xB_e2_thr_tok2_d_systematic_sw_none_SL.sol.json,results/tmp/e2/d_systematic_sw_tok2.dzn,True,True,,
results/tmp/xB_e2_thr_tok2_d_systematic_sw_none_SL_step1.sol.json,results/tmp/e2/d_systematic_sw_tok2_nopat.dzn,True,True,,
results/tmp/xB_e2_thr_tok2_d_systematic_sw_none_joint.sol.json,results/tmp/e2/d_systematic_sw_tok2.dzn,True,True,,
results/tmp/xB_e2_thr_tok2_f_both3_none_NP.sol.json,results/tmp/e2/f_both3_tok2_nopromo.dzn,True,True,,
results/tmp/xB_e2_thr_tok2_f_both3_none_PFcheap.sol.json,results/tmp/e2/f_both3_tok2.dzn,True,True,,
results/tmp/xB_e2_thr_tok2_f_both3_none_PFlight.sol.json,results/tmp/e2/f_both3_tok2.dzn,True,True,,
results/tmp/xB_e2_thr_tok2_f_both3_none_PFmax.sol.json,results/tmp/e2/f_both3_tok2.dzn,True,True,,
results/tmp/xB_e2_thr_tok2_f_both3_none_PFmin.sol.json,results/tmp/e2/f_both3_tok2.dzn,True,True,,
results/tmp/xB_e2_thr_tok2_f_both3_none_SL.sol.json,results/tmp/e2/f_both3_tok2.dzn,True,True,,
results/tmp/xB_e2_thr_tok2_f_both3_none_SL_step1.sol.json,results/tmp/e2/f_both3_tok2_nopat.dzn,True,True,,
results/tmp/xB_e2_thr_tok2_f_both3_none_joint.sol.json,results/tmp/e2/f_both3_tok2.dzn,True,True,,
results/tmp/xB_e2_thr_tok2_f_random_hw_none_NP.sol.json,results/tmp/e2/f_random_hw_tok2_nopromo.dzn,True,True,,
results/tmp/xB_e2_thr_tok2_f_random_hw_none_PFcheap.sol.json,results/tmp/e2/f_random_hw_tok2.dzn,True,True,,
results/tmp/xB_e2_thr_tok2_f_random_hw_none_PFlight.sol.json,results/tmp/e2/f_random_hw_tok2.dzn,True,True,,
results/tmp/xB_e2_thr_tok2_f_random_hw_none_PFmax.sol.json,results/tmp/e2/f_random_hw_tok2.dzn,True,True,,
results/tmp/xB_e2_thr_tok2_f_random_hw_none_PFmin.sol.json,results/tmp/e2/f_random_hw_tok2.dzn,True,True,,
results/tmp/xB_e2_thr_tok2_f_random_hw_none_SL.sol.json,results/tmp/e2/f_random_hw_tok2.dzn,True,True,,
results/tmp/xB_e2_thr_tok2_f_random_hw_none_SL_step1.sol.json,results/tmp/e2/f_random_hw_tok2_nopat.dzn,True,True,,
results/tmp/xB_e2_thr_tok2_f_random_hw_none_joint.sol.json,results/tmp/e2/f_random_hw_tok2.dzn,True,True,,
results/tmp/xB_e2_thr_tok2_f_sw3_none_NP.sol.json,results/tmp/e2/f_sw3_tok2_nopromo.dzn,True,True,,
results/tmp/xB_e2_thr_tok2_f_sw3_none_PFcheap.sol.json,results/tmp/e2/f_sw3_tok2.dzn,True,True,,
results/tmp/xB_e2_thr_tok2_f_sw3_none_PFlight.sol.json,results/tmp/e2/f_sw3_tok2.dzn,True,True,,
results/tmp/xB_e2_thr_tok2_f_sw3_none_PFmax.sol.json,results/tmp/e2/f_sw3_tok2.dzn,True,True,,
results/tmp/xB_e2_thr_tok2_f_sw3_none_PFmin.sol.json,results/tmp/e2/f_sw3_tok2.dzn,True,True,,
results/tmp/xB_e2_thr_tok2_f_sw3_none_SL.sol.json,results/tmp/e2/f_sw3_tok2.dzn,True,True,,
results/tmp/xB_e2_thr_tok2_f_sw3_none_SL_step1.sol.json,results/tmp/e2/f_sw3_tok2_nopat.dzn,True,True,,
results/tmp/xB_e2_thr_tok2_f_sw3_none_joint.sol.json,results/tmp/e2/f_sw3_tok2.dzn,True,True,,
results/tmp/xB_e2_thr_tok2_p_rasta_none_NP.sol.json,results/tmp/e2/p_rasta_tok2_nopromo.dzn,True,True,,
results/tmp/xB_e2_thr_tok2_p_rasta_none_PFcheap.sol.json,results/tmp/e2/p_rasta_tok2.dzn,True,True,,
results/tmp/xB_e2_thr_tok2_p_rasta_none_PFlight.sol.json,results/tmp/e2/p_rasta_tok2.dzn,True,True,,
results/tmp/xB_e2_thr_tok2_p_rasta_none_PFmax.sol.json,results/tmp/e2/p_rasta_tok2.dzn,True,True,,
results/tmp/xB_e2_thr_tok2_p_rasta_none_PFmin.sol.json,results/tmp/e2/p_rasta_tok2.dzn,True,True,,
results/tmp/xB_e2_thr_tok2_p_rasta_none_SL.sol.json,results/tmp/e2/p_rasta_tok2.dzn,True,True,,
results/tmp/xB_e2_thr_tok2_p_rasta_none_SL_step1.sol.json,results/tmp/e2/p_rasta_tok2_nopat.dzn,True,True,,
results/tmp/xB_e2_thr_tok2_p_rasta_none_joint.sol.json,results/tmp/e2/p_rasta_tok2.dzn,True,True,,
results/tmp/xB_e2_thr_tok2_pc_sobel_none_NP.sol.json,results/tmp/e2/pc_sobel_tok2_nopromo.dzn,True,True,,
results/tmp/xB_e2_thr_tok2_pc_sobel_none_PFcheap.sol.json,results/tmp/e2/pc_sobel_tok2_loose.dzn,True,True,,
results/tmp/xB_e2_thr_tok2_pc_sobel_none_PFlight.sol.json,results/tmp/e2/pc_sobel_tok2_loose.dzn,True,True,,
results/tmp/xB_e2_thr_tok2_pc_sobel_none_PFmax.sol.json,results/tmp/e2/pc_sobel_tok2_loose.dzn,True,True,,
results/tmp/xB_e2_thr_tok2_pc_sobel_none_PFmin.sol.json,results/tmp/e2/pc_sobel_tok2_loose.dzn,True,True,,
results/tmp/xB_e2_thr_tok2_pc_sobel_none_SL.sol.json,results/tmp/e2/pc_sobel_tok2_loose.dzn,True,True,,
results/tmp/xB_e2_thr_tok2_pc_sobel_none_SL_step1.sol.json,results/tmp/e2/pc_sobel_tok2_nopat.dzn,True,True,,
results/tmp/xB_e2_thr_tok2_pc_sobel_none_joint.sol.json,results/tmp/e2/pc_sobel_tok2_loose.dzn,True,True,,
results/tmp/xB_e2_thr_tok2_v_nvp_none_NP.sol.json,results/tmp/e2/v_nvp_tok2_nopromo.dzn,True,True,,
results/tmp/xB_e2_thr_tok2_v_nvp_none_PFcheap.sol.json,results/tmp/e2/v_nvp_tok2.dzn,True,True,,
results/tmp/xB_e2_thr_tok2_v_nvp_none_PFlight.sol.json,results/tmp/e2/v_nvp_tok2.dzn,True,True,,
results/tmp/xB_e2_thr_tok2_v_nvp_none_PFmax.sol.json,results/tmp/e2/v_nvp_tok2.dzn,True,True,,
results/tmp/xB_e2_thr_tok2_v_nvp_none_PFmin.sol.json,results/tmp/e2/v_nvp_tok2.dzn,True,True,,
results/tmp/xB_e2_thr_tok2_v_nvp_none_SL.sol.json,results/tmp/e2/v_nvp_tok2.dzn,True,True,,
results/tmp/xB_e2_thr_tok2_v_nvp_none_SL_step1.sol.json,results/tmp/e2/v_nvp_tok2_nopat.dzn,True,True,,
results/tmp/xB_e2_thr_tok2_v_nvp_none_joint.sol.json,results/tmp/e2/v_nvp_tok2.dzn,True,True,,
results/tmp/xB_e2_tight_base_c_pat_-_min_period.sol.json,results/tmp/e2/c_pat.dzn,True,True,,
results/tmp/xB_e2_tight_base_c_pat_1.00_NP.sol.json,results/tmp/e2/c_pat_t1.00_nopromo.dzn,True,True,,
results/tmp/xB_e2_tight_base_c_pat_1.00_PFcheap.sol.json,results/tmp/e2/c_pat_t1.00_loose.dzn,True,True,,
results/tmp/xB_e2_tight_base_c_pat_1.00_PFlight.sol.json,results/tmp/e2/c_pat_t1.00_loose.dzn,True,True,,
results/tmp/xB_e2_tight_base_c_pat_1.00_SL.sol.json,results/tmp/e2/c_pat_t1.00_loose.dzn,True,True,,
results/tmp/xB_e2_tight_base_c_pat_1.00_SL_step1.sol.json,results/tmp/e2/c_pat_t1.00_nopat.dzn,True,True,,
results/tmp/xB_e2_tight_base_c_pat_1.00_joint.sol.json,results/tmp/e2/c_pat_t1.00_loose.dzn,True,True,,
results/tmp/xB_e2_tight_base_c_pat_1.10_NP.sol.json,results/tmp/e2/c_pat_t1.10_nopromo.dzn,True,True,,
results/tmp/xB_e2_tight_base_c_pat_1.10_PFcheap.sol.json,results/tmp/e2/c_pat_t1.10_loose.dzn,True,True,,
results/tmp/xB_e2_tight_base_c_pat_1.10_PFlight.sol.json,results/tmp/e2/c_pat_t1.10_loose.dzn,True,True,,
results/tmp/xB_e2_tight_base_c_pat_1.10_SL.sol.json,results/tmp/e2/c_pat_t1.10_loose.dzn,True,True,,
results/tmp/xB_e2_tight_base_c_pat_1.10_SL_step1.sol.json,results/tmp/e2/c_pat_t1.10_nopat.dzn,True,True,,
results/tmp/xB_e2_tight_base_c_pat_1.10_joint.sol.json,results/tmp/e2/c_pat_t1.10_loose.dzn,True,True,,
results/tmp/xB_e2_tight_base_c_pat_1.25_NP.sol.json,results/tmp/e2/c_pat_t1.25_nopromo.dzn,True,True,,
results/tmp/xB_e2_tight_base_c_pat_1.25_PFcheap.sol.json,results/tmp/e2/c_pat_t1.25_loose.dzn,True,True,,
results/tmp/xB_e2_tight_base_c_pat_1.25_PFlight.sol.json,results/tmp/e2/c_pat_t1.25_loose.dzn,True,True,,
results/tmp/xB_e2_tight_base_c_pat_1.25_SL.sol.json,results/tmp/e2/c_pat_t1.25_loose.dzn,True,True,,
results/tmp/xB_e2_tight_base_c_pat_1.25_SL_step1.sol.json,results/tmp/e2/c_pat_t1.25_nopat.dzn,True,True,,
results/tmp/xB_e2_tight_base_c_pat_1.25_joint.sol.json,results/tmp/e2/c_pat_t1.25_loose.dzn,True,True,,
results/tmp/xB_e2_tight_base_c_pat_1.50_NP.sol.json,results/tmp/e2/c_pat_t1.50_nopromo.dzn,True,True,,
results/tmp/xB_e2_tight_base_c_pat_1.50_PFcheap.sol.json,results/tmp/e2/c_pat_t1.50_loose.dzn,True,True,,
results/tmp/xB_e2_tight_base_c_pat_1.50_PFlight.sol.json,results/tmp/e2/c_pat_t1.50_loose.dzn,True,True,,
results/tmp/xB_e2_tight_base_c_pat_1.50_PFmax.sol.json,results/tmp/e2/c_pat_t1.50_loose.dzn,True,True,,
results/tmp/xB_e2_tight_base_c_pat_1.50_PFmin.sol.json,results/tmp/e2/c_pat_t1.50_loose.dzn,True,True,,
results/tmp/xB_e2_tight_base_c_pat_1.50_SL.sol.json,results/tmp/e2/c_pat_t1.50_loose.dzn,True,True,,
results/tmp/xB_e2_tight_base_c_pat_1.50_SL_step1.sol.json,results/tmp/e2/c_pat_t1.50_nopat.dzn,True,True,,
results/tmp/xB_e2_tight_base_c_pat_1.50_joint.sol.json,results/tmp/e2/c_pat_t1.50_loose.dzn,True,True,,
results/tmp/xB_e2_tight_base_c_pat_2.00_NP.sol.json,results/tmp/e2/c_pat_t2.00_nopromo.dzn,True,True,,
results/tmp/xB_e2_tight_base_c_pat_2.00_PFcheap.sol.json,results/tmp/e2/c_pat_t2.00_loose.dzn,True,True,,
results/tmp/xB_e2_tight_base_c_pat_2.00_PFlight.sol.json,results/tmp/e2/c_pat_t2.00_loose.dzn,True,True,,
results/tmp/xB_e2_tight_base_c_pat_2.00_PFmax.sol.json,results/tmp/e2/c_pat_t2.00_loose.dzn,True,True,,
results/tmp/xB_e2_tight_base_c_pat_2.00_PFmin.sol.json,results/tmp/e2/c_pat_t2.00_loose.dzn,True,True,,
results/tmp/xB_e2_tight_base_c_pat_2.00_SL.sol.json,results/tmp/e2/c_pat_t2.00_loose.dzn,True,True,,
results/tmp/xB_e2_tight_base_c_pat_2.00_SL_step1.sol.json,results/tmp/e2/c_pat_t2.00_nopat.dzn,True,True,,
results/tmp/xB_e2_tight_base_c_pat_2.00_joint.sol.json,results/tmp/e2/c_pat_t2.00_loose.dzn,True,True,,
results/tmp/xB_e2_tight_base_d_random_hw_-_min_period.sol.json,results/tmp/e2/d_random_hw.dzn,True,True,,
results/tmp/xB_e2_tight_base_d_random_hw_1.00_NP.sol.json,results/tmp/e2/d_random_hw_t1.00_nopromo.dzn,True,True,,
results/tmp/xB_e2_tight_base_d_random_hw_1.00_PFcheap.sol.json,results/tmp/e2/d_random_hw_t1.00_loose.dzn,True,True,,
results/tmp/xB_e2_tight_base_d_random_hw_1.00_PFlight.sol.json,results/tmp/e2/d_random_hw_t1.00_loose.dzn,True,True,,
results/tmp/xB_e2_tight_base_d_random_hw_1.00_PFmax.sol.json,results/tmp/e2/d_random_hw_t1.00_loose.dzn,True,True,,
results/tmp/xB_e2_tight_base_d_random_hw_1.00_PFmin.sol.json,results/tmp/e2/d_random_hw_t1.00_loose.dzn,True,True,,
results/tmp/xB_e2_tight_base_d_random_hw_1.00_SL_step1.sol.json,results/tmp/e2/d_random_hw_t1.00_nopat.dzn,True,True,,
results/tmp/xB_e2_tight_base_d_random_hw_1.00_joint.sol.json,results/tmp/e2/d_random_hw_t1.00_loose.dzn,True,True,,
results/tmp/xB_e2_tight_base_d_random_hw_1.10_NP.sol.json,results/tmp/e2/d_random_hw_t1.10_nopromo.dzn,True,True,,
results/tmp/xB_e2_tight_base_d_random_hw_1.10_PFcheap.sol.json,results/tmp/e2/d_random_hw_t1.10_loose.dzn,True,True,,
results/tmp/xB_e2_tight_base_d_random_hw_1.10_PFlight.sol.json,results/tmp/e2/d_random_hw_t1.10_loose.dzn,True,True,,
results/tmp/xB_e2_tight_base_d_random_hw_1.10_PFmax.sol.json,results/tmp/e2/d_random_hw_t1.10_loose.dzn,True,True,,
results/tmp/xB_e2_tight_base_d_random_hw_1.10_PFmin.sol.json,results/tmp/e2/d_random_hw_t1.10_loose.dzn,True,True,,
results/tmp/xB_e2_tight_base_d_random_hw_1.10_SL.sol.json,results/tmp/e2/d_random_hw_t1.10_loose.dzn,True,True,,
results/tmp/xB_e2_tight_base_d_random_hw_1.10_SL_step1.sol.json,results/tmp/e2/d_random_hw_t1.10_nopat.dzn,True,True,,
results/tmp/xB_e2_tight_base_d_random_hw_1.10_joint.sol.json,results/tmp/e2/d_random_hw_t1.10_loose.dzn,True,True,,
results/tmp/xB_e2_tight_base_d_random_hw_1.25_NP.sol.json,results/tmp/e2/d_random_hw_t1.25_nopromo.dzn,True,True,,
results/tmp/xB_e2_tight_base_d_random_hw_1.25_PFcheap.sol.json,results/tmp/e2/d_random_hw_t1.25_loose.dzn,True,True,,
results/tmp/xB_e2_tight_base_d_random_hw_1.25_PFlight.sol.json,results/tmp/e2/d_random_hw_t1.25_loose.dzn,True,True,,
results/tmp/xB_e2_tight_base_d_random_hw_1.25_PFmax.sol.json,results/tmp/e2/d_random_hw_t1.25_loose.dzn,True,True,,
results/tmp/xB_e2_tight_base_d_random_hw_1.25_PFmin.sol.json,results/tmp/e2/d_random_hw_t1.25_loose.dzn,True,True,,
results/tmp/xB_e2_tight_base_d_random_hw_1.25_SL.sol.json,results/tmp/e2/d_random_hw_t1.25_loose.dzn,True,True,,
results/tmp/xB_e2_tight_base_d_random_hw_1.25_SL_step1.sol.json,results/tmp/e2/d_random_hw_t1.25_nopat.dzn,True,True,,
results/tmp/xB_e2_tight_base_d_random_hw_1.25_joint.sol.json,results/tmp/e2/d_random_hw_t1.25_loose.dzn,True,True,,
results/tmp/xB_e2_tight_base_d_random_hw_1.50_NP.sol.json,results/tmp/e2/d_random_hw_t1.50_nopromo.dzn,True,True,,
results/tmp/xB_e2_tight_base_d_random_hw_1.50_PFcheap.sol.json,results/tmp/e2/d_random_hw_t1.50_loose.dzn,True,True,,
results/tmp/xB_e2_tight_base_d_random_hw_1.50_PFlight.sol.json,results/tmp/e2/d_random_hw_t1.50_loose.dzn,True,True,,
results/tmp/xB_e2_tight_base_d_random_hw_1.50_PFmax.sol.json,results/tmp/e2/d_random_hw_t1.50_loose.dzn,True,True,,
results/tmp/xB_e2_tight_base_d_random_hw_1.50_PFmin.sol.json,results/tmp/e2/d_random_hw_t1.50_loose.dzn,True,True,,
results/tmp/xB_e2_tight_base_d_random_hw_1.50_SL.sol.json,results/tmp/e2/d_random_hw_t1.50_loose.dzn,True,True,,
results/tmp/xB_e2_tight_base_d_random_hw_1.50_SL_step1.sol.json,results/tmp/e2/d_random_hw_t1.50_nopat.dzn,True,True,,
results/tmp/xB_e2_tight_base_d_random_hw_1.50_joint.sol.json,results/tmp/e2/d_random_hw_t1.50_loose.dzn,True,True,,
results/tmp/xB_e2_tight_base_d_random_hw_2.00_NP.sol.json,results/tmp/e2/d_random_hw_t2.00_nopromo.dzn,True,True,,
results/tmp/xB_e2_tight_base_d_random_hw_2.00_PFcheap.sol.json,results/tmp/e2/d_random_hw_t2.00_loose.dzn,True,True,,
results/tmp/xB_e2_tight_base_d_random_hw_2.00_PFlight.sol.json,results/tmp/e2/d_random_hw_t2.00_loose.dzn,True,True,,
results/tmp/xB_e2_tight_base_d_random_hw_2.00_PFmax.sol.json,results/tmp/e2/d_random_hw_t2.00_loose.dzn,True,True,,
results/tmp/xB_e2_tight_base_d_random_hw_2.00_PFmin.sol.json,results/tmp/e2/d_random_hw_t2.00_loose.dzn,True,True,,
results/tmp/xB_e2_tight_base_d_random_hw_2.00_SL.sol.json,results/tmp/e2/d_random_hw_t2.00_loose.dzn,True,True,,
results/tmp/xB_e2_tight_base_d_random_hw_2.00_SL_step1.sol.json,results/tmp/e2/d_random_hw_t2.00_nopat.dzn,True,True,,
results/tmp/xB_e2_tight_base_d_random_hw_2.00_joint.sol.json,results/tmp/e2/d_random_hw_t2.00_loose.dzn,True,True,,
results/tmp/xB_e2_tight_base_d_systematic_sw_-_min_period.sol.json,results/tmp/e2/d_systematic_sw.dzn,True,True,,
results/tmp/xB_e2_tight_base_d_systematic_sw_1.00_NP.sol.json,results/tmp/e2/d_systematic_sw_t1.00_nopromo.dzn,True,True,,
results/tmp/xB_e2_tight_base_d_systematic_sw_1.00_PFcheap.sol.json,results/tmp/e2/d_systematic_sw_t1.00_loose.dzn,True,True,,
results/tmp/xB_e2_tight_base_d_systematic_sw_1.00_PFlight.sol.json,results/tmp/e2/d_systematic_sw_t1.00_loose.dzn,True,True,,
results/tmp/xB_e2_tight_base_d_systematic_sw_1.00_PFmax.sol.json,results/tmp/e2/d_systematic_sw_t1.00_loose.dzn,True,True,,
results/tmp/xB_e2_tight_base_d_systematic_sw_1.00_PFmin.sol.json,results/tmp/e2/d_systematic_sw_t1.00_loose.dzn,True,True,,
results/tmp/xB_e2_tight_base_d_systematic_sw_1.00_SL_step1.sol.json,results/tmp/e2/d_systematic_sw_t1.00_nopat.dzn,True,True,,
results/tmp/xB_e2_tight_base_d_systematic_sw_1.00_joint.sol.json,results/tmp/e2/d_systematic_sw_t1.00_loose.dzn,True,True,,
results/tmp/xB_e2_tight_base_d_systematic_sw_1.10_NP.sol.json,results/tmp/e2/d_systematic_sw_t1.10_nopromo.dzn,True,True,,
results/tmp/xB_e2_tight_base_d_systematic_sw_1.10_PFcheap.sol.json,results/tmp/e2/d_systematic_sw_t1.10_loose.dzn,True,True,,
results/tmp/xB_e2_tight_base_d_systematic_sw_1.10_PFlight.sol.json,results/tmp/e2/d_systematic_sw_t1.10_loose.dzn,True,True,,
results/tmp/xB_e2_tight_base_d_systematic_sw_1.10_PFmax.sol.json,results/tmp/e2/d_systematic_sw_t1.10_loose.dzn,True,True,,
results/tmp/xB_e2_tight_base_d_systematic_sw_1.10_PFmin.sol.json,results/tmp/e2/d_systematic_sw_t1.10_loose.dzn,True,True,,
results/tmp/xB_e2_tight_base_d_systematic_sw_1.10_SL.sol.json,results/tmp/e2/d_systematic_sw_t1.10_loose.dzn,True,True,,
results/tmp/xB_e2_tight_base_d_systematic_sw_1.10_SL_step1.sol.json,results/tmp/e2/d_systematic_sw_t1.10_nopat.dzn,True,True,,
results/tmp/xB_e2_tight_base_d_systematic_sw_1.10_joint.sol.json,results/tmp/e2/d_systematic_sw_t1.10_loose.dzn,True,True,,
results/tmp/xB_e2_tight_base_d_systematic_sw_1.25_NP.sol.json,results/tmp/e2/d_systematic_sw_t1.25_nopromo.dzn,True,True,,
results/tmp/xB_e2_tight_base_d_systematic_sw_1.25_PFcheap.sol.json,results/tmp/e2/d_systematic_sw_t1.25_loose.dzn,True,True,,
results/tmp/xB_e2_tight_base_d_systematic_sw_1.25_PFlight.sol.json,results/tmp/e2/d_systematic_sw_t1.25_loose.dzn,True,True,,
results/tmp/xB_e2_tight_base_d_systematic_sw_1.25_PFmax.sol.json,results/tmp/e2/d_systematic_sw_t1.25_loose.dzn,True,True,,
results/tmp/xB_e2_tight_base_d_systematic_sw_1.25_PFmin.sol.json,results/tmp/e2/d_systematic_sw_t1.25_loose.dzn,True,True,,
results/tmp/xB_e2_tight_base_d_systematic_sw_1.25_SL.sol.json,results/tmp/e2/d_systematic_sw_t1.25_loose.dzn,True,True,,
results/tmp/xB_e2_tight_base_d_systematic_sw_1.25_SL_step1.sol.json,results/tmp/e2/d_systematic_sw_t1.25_nopat.dzn,True,True,,
results/tmp/xB_e2_tight_base_d_systematic_sw_1.25_joint.sol.json,results/tmp/e2/d_systematic_sw_t1.25_loose.dzn,True,True,,
results/tmp/xB_e2_tight_base_d_systematic_sw_1.50_NP.sol.json,results/tmp/e2/d_systematic_sw_t1.50_nopromo.dzn,True,True,,
results/tmp/xB_e2_tight_base_d_systematic_sw_1.50_PFcheap.sol.json,results/tmp/e2/d_systematic_sw_t1.50_loose.dzn,True,True,,
results/tmp/xB_e2_tight_base_d_systematic_sw_1.50_PFlight.sol.json,results/tmp/e2/d_systematic_sw_t1.50_loose.dzn,True,True,,
results/tmp/xB_e2_tight_base_d_systematic_sw_1.50_PFmax.sol.json,results/tmp/e2/d_systematic_sw_t1.50_loose.dzn,True,True,,
results/tmp/xB_e2_tight_base_d_systematic_sw_1.50_PFmin.sol.json,results/tmp/e2/d_systematic_sw_t1.50_loose.dzn,True,True,,
results/tmp/xB_e2_tight_base_d_systematic_sw_1.50_SL.sol.json,results/tmp/e2/d_systematic_sw_t1.50_loose.dzn,True,True,,
results/tmp/xB_e2_tight_base_d_systematic_sw_1.50_SL_step1.sol.json,results/tmp/e2/d_systematic_sw_t1.50_nopat.dzn,True,True,,
results/tmp/xB_e2_tight_base_d_systematic_sw_1.50_joint.sol.json,results/tmp/e2/d_systematic_sw_t1.50_loose.dzn,True,True,,
results/tmp/xB_e2_tight_base_d_systematic_sw_2.00_NP.sol.json,results/tmp/e2/d_systematic_sw_t2.00_nopromo.dzn,True,True,,
results/tmp/xB_e2_tight_base_d_systematic_sw_2.00_PFcheap.sol.json,results/tmp/e2/d_systematic_sw_t2.00_loose.dzn,True,True,,
results/tmp/xB_e2_tight_base_d_systematic_sw_2.00_PFlight.sol.json,results/tmp/e2/d_systematic_sw_t2.00_loose.dzn,True,True,,
results/tmp/xB_e2_tight_base_d_systematic_sw_2.00_PFmax.sol.json,results/tmp/e2/d_systematic_sw_t2.00_loose.dzn,True,True,,
results/tmp/xB_e2_tight_base_d_systematic_sw_2.00_PFmin.sol.json,results/tmp/e2/d_systematic_sw_t2.00_loose.dzn,True,True,,
results/tmp/xB_e2_tight_base_d_systematic_sw_2.00_SL.sol.json,results/tmp/e2/d_systematic_sw_t2.00_loose.dzn,True,True,,
results/tmp/xB_e2_tight_base_d_systematic_sw_2.00_SL_step1.sol.json,results/tmp/e2/d_systematic_sw_t2.00_nopat.dzn,True,True,,
results/tmp/xB_e2_tight_base_d_systematic_sw_2.00_joint.sol.json,results/tmp/e2/d_systematic_sw_t2.00_loose.dzn,True,True,,
results/tmp/xB_e2_tight_base_f_both3_-_min_period.sol.json,results/tmp/e2/f_both3.dzn,True,True,,
results/tmp/xB_e2_tight_base_f_both3_1.00_NP.sol.json,results/tmp/e2/f_both3_t1.00_nopromo.dzn,True,True,,
results/tmp/xB_e2_tight_base_f_both3_1.00_PFlight.sol.json,results/tmp/e2/f_both3_t1.00_loose.dzn,True,True,,
results/tmp/xB_e2_tight_base_f_both3_1.00_SL.sol.json,results/tmp/e2/f_both3_t1.00_loose.dzn,True,True,,
results/tmp/xB_e2_tight_base_f_both3_1.00_SL_step1.sol.json,results/tmp/e2/f_both3_t1.00_nopat.dzn,True,True,,
results/tmp/xB_e2_tight_base_f_both3_1.00_joint.sol.json,results/tmp/e2/f_both3_t1.00_loose.dzn,True,True,,
results/tmp/xB_e2_tight_base_f_both3_1.10_NP.sol.json,results/tmp/e2/f_both3_t1.10_nopromo.dzn,True,True,,
results/tmp/xB_e2_tight_base_f_both3_1.10_PFlight.sol.json,results/tmp/e2/f_both3_t1.10_loose.dzn,True,True,,
results/tmp/xB_e2_tight_base_f_both3_1.10_SL.sol.json,results/tmp/e2/f_both3_t1.10_loose.dzn,True,True,,
results/tmp/xB_e2_tight_base_f_both3_1.10_SL_step1.sol.json,results/tmp/e2/f_both3_t1.10_nopat.dzn,True,True,,
results/tmp/xB_e2_tight_base_f_both3_1.10_joint.sol.json,results/tmp/e2/f_both3_t1.10_loose.dzn,True,True,,
results/tmp/xB_e2_tight_base_f_both3_1.25_NP.sol.json,results/tmp/e2/f_both3_t1.25_nopromo.dzn,True,True,,
results/tmp/xB_e2_tight_base_f_both3_1.25_PFlight.sol.json,results/tmp/e2/f_both3_t1.25_loose.dzn,True,True,,
results/tmp/xB_e2_tight_base_f_both3_1.25_SL.sol.json,results/tmp/e2/f_both3_t1.25_loose.dzn,True,True,,
results/tmp/xB_e2_tight_base_f_both3_1.25_SL_step1.sol.json,results/tmp/e2/f_both3_t1.25_nopat.dzn,True,True,,
results/tmp/xB_e2_tight_base_f_both3_1.25_joint.sol.json,results/tmp/e2/f_both3_t1.25_loose.dzn,True,True,,
results/tmp/xB_e2_tight_base_f_both3_1.50_NP.sol.json,results/tmp/e2/f_both3_t1.50_nopromo.dzn,True,True,,
results/tmp/xB_e2_tight_base_f_both3_1.50_PFlight.sol.json,results/tmp/e2/f_both3_t1.50_loose.dzn,True,True,,
results/tmp/xB_e2_tight_base_f_both3_1.50_SL.sol.json,results/tmp/e2/f_both3_t1.50_loose.dzn,True,True,,
results/tmp/xB_e2_tight_base_f_both3_1.50_SL_step1.sol.json,results/tmp/e2/f_both3_t1.50_nopat.dzn,True,True,,
results/tmp/xB_e2_tight_base_f_both3_1.50_joint.sol.json,results/tmp/e2/f_both3_t1.50_loose.dzn,True,True,,
results/tmp/xB_e2_tight_base_f_both3_2.00_NP.sol.json,results/tmp/e2/f_both3_t2.00_nopromo.dzn,True,True,,
results/tmp/xB_e2_tight_base_f_both3_2.00_PFcheap.sol.json,results/tmp/e2/f_both3_t2.00_loose.dzn,True,True,,
results/tmp/xB_e2_tight_base_f_both3_2.00_PFlight.sol.json,results/tmp/e2/f_both3_t2.00_loose.dzn,True,True,,
results/tmp/xB_e2_tight_base_f_both3_2.00_PFmax.sol.json,results/tmp/e2/f_both3_t2.00_loose.dzn,True,True,,
results/tmp/xB_e2_tight_base_f_both3_2.00_PFmin.sol.json,results/tmp/e2/f_both3_t2.00_loose.dzn,True,True,,
results/tmp/xB_e2_tight_base_f_both3_2.00_SL.sol.json,results/tmp/e2/f_both3_t2.00_loose.dzn,True,True,,
results/tmp/xB_e2_tight_base_f_both3_2.00_SL_step1.sol.json,results/tmp/e2/f_both3_t2.00_nopat.dzn,True,True,,
results/tmp/xB_e2_tight_base_f_both3_2.00_joint.sol.json,results/tmp/e2/f_both3_t2.00_loose.dzn,True,True,,
results/tmp/xB_e2_tight_base_f_random_hw_-_min_period.sol.json,results/tmp/e2/f_random_hw.dzn,True,True,,
results/tmp/xB_e2_tight_base_f_random_hw_1.00_NP.sol.json,results/tmp/e2/f_random_hw_t1.00_nopromo.dzn,True,True,,
results/tmp/xB_e2_tight_base_f_random_hw_1.00_PFcheap.sol.json,results/tmp/e2/f_random_hw_t1.00_loose.dzn,True,True,,
results/tmp/xB_e2_tight_base_f_random_hw_1.00_PFlight.sol.json,results/tmp/e2/f_random_hw_t1.00_loose.dzn,True,True,,
results/tmp/xB_e2_tight_base_f_random_hw_1.00_SL.sol.json,results/tmp/e2/f_random_hw_t1.00_loose.dzn,True,True,,
results/tmp/xB_e2_tight_base_f_random_hw_1.00_SL_step1.sol.json,results/tmp/e2/f_random_hw_t1.00_nopat.dzn,True,True,,
results/tmp/xB_e2_tight_base_f_random_hw_1.00_joint.sol.json,results/tmp/e2/f_random_hw_t1.00_loose.dzn,True,True,,
results/tmp/xB_e2_tight_base_f_random_hw_1.10_NP.sol.json,results/tmp/e2/f_random_hw_t1.10_nopromo.dzn,True,True,,
results/tmp/xB_e2_tight_base_f_random_hw_1.10_PFcheap.sol.json,results/tmp/e2/f_random_hw_t1.10_loose.dzn,True,True,,
results/tmp/xB_e2_tight_base_f_random_hw_1.10_PFlight.sol.json,results/tmp/e2/f_random_hw_t1.10_loose.dzn,True,True,,
results/tmp/xB_e2_tight_base_f_random_hw_1.10_SL.sol.json,results/tmp/e2/f_random_hw_t1.10_loose.dzn,True,True,,
results/tmp/xB_e2_tight_base_f_random_hw_1.10_SL_step1.sol.json,results/tmp/e2/f_random_hw_t1.10_nopat.dzn,True,True,,
results/tmp/xB_e2_tight_base_f_random_hw_1.10_joint.sol.json,results/tmp/e2/f_random_hw_t1.10_loose.dzn,True,True,,
results/tmp/xB_e2_tight_base_f_random_hw_1.25_NP.sol.json,results/tmp/e2/f_random_hw_t1.25_nopromo.dzn,True,True,,
results/tmp/xB_e2_tight_base_f_random_hw_1.25_PFcheap.sol.json,results/tmp/e2/f_random_hw_t1.25_loose.dzn,True,True,,
results/tmp/xB_e2_tight_base_f_random_hw_1.25_PFlight.sol.json,results/tmp/e2/f_random_hw_t1.25_loose.dzn,True,True,,
results/tmp/xB_e2_tight_base_f_random_hw_1.25_SL.sol.json,results/tmp/e2/f_random_hw_t1.25_loose.dzn,True,True,,
results/tmp/xB_e2_tight_base_f_random_hw_1.25_SL_step1.sol.json,results/tmp/e2/f_random_hw_t1.25_nopat.dzn,True,True,,
results/tmp/xB_e2_tight_base_f_random_hw_1.25_joint.sol.json,results/tmp/e2/f_random_hw_t1.25_loose.dzn,True,True,,
results/tmp/xB_e2_tight_base_f_random_hw_1.50_NP.sol.json,results/tmp/e2/f_random_hw_t1.50_nopromo.dzn,True,True,,
results/tmp/xB_e2_tight_base_f_random_hw_1.50_PFcheap.sol.json,results/tmp/e2/f_random_hw_t1.50_loose.dzn,True,True,,
results/tmp/xB_e2_tight_base_f_random_hw_1.50_PFlight.sol.json,results/tmp/e2/f_random_hw_t1.50_loose.dzn,True,True,,
results/tmp/xB_e2_tight_base_f_random_hw_1.50_PFmax.sol.json,results/tmp/e2/f_random_hw_t1.50_loose.dzn,True,True,,
results/tmp/xB_e2_tight_base_f_random_hw_1.50_PFmin.sol.json,results/tmp/e2/f_random_hw_t1.50_loose.dzn,True,True,,
results/tmp/xB_e2_tight_base_f_random_hw_1.50_SL.sol.json,results/tmp/e2/f_random_hw_t1.50_loose.dzn,True,True,,
results/tmp/xB_e2_tight_base_f_random_hw_1.50_SL_step1.sol.json,results/tmp/e2/f_random_hw_t1.50_nopat.dzn,True,True,,
results/tmp/xB_e2_tight_base_f_random_hw_1.50_joint.sol.json,results/tmp/e2/f_random_hw_t1.50_loose.dzn,True,True,,
results/tmp/xB_e2_tight_base_f_random_hw_2.00_NP.sol.json,results/tmp/e2/f_random_hw_t2.00_nopromo.dzn,True,True,,
results/tmp/xB_e2_tight_base_f_random_hw_2.00_PFcheap.sol.json,results/tmp/e2/f_random_hw_t2.00_loose.dzn,True,True,,
results/tmp/xB_e2_tight_base_f_random_hw_2.00_PFlight.sol.json,results/tmp/e2/f_random_hw_t2.00_loose.dzn,True,True,,
results/tmp/xB_e2_tight_base_f_random_hw_2.00_PFmax.sol.json,results/tmp/e2/f_random_hw_t2.00_loose.dzn,True,True,,
results/tmp/xB_e2_tight_base_f_random_hw_2.00_PFmin.sol.json,results/tmp/e2/f_random_hw_t2.00_loose.dzn,True,True,,
results/tmp/xB_e2_tight_base_f_random_hw_2.00_SL.sol.json,results/tmp/e2/f_random_hw_t2.00_loose.dzn,True,True,,
results/tmp/xB_e2_tight_base_f_random_hw_2.00_SL_step1.sol.json,results/tmp/e2/f_random_hw_t2.00_nopat.dzn,True,True,,
results/tmp/xB_e2_tight_base_f_random_hw_2.00_joint.sol.json,results/tmp/e2/f_random_hw_t2.00_loose.dzn,True,True,,
results/tmp/xB_e2_tight_base_f_sw3_-_min_period.sol.json,results/tmp/e2/f_sw3.dzn,True,True,,
results/tmp/xB_e2_tight_base_f_sw3_1.00_NP.sol.json,results/tmp/e2/f_sw3_t1.00_nopromo.dzn,True,True,,
results/tmp/xB_e2_tight_base_f_sw3_1.00_PFlight.sol.json,results/tmp/e2/f_sw3_t1.00_loose.dzn,True,True,,
results/tmp/xB_e2_tight_base_f_sw3_1.00_SL.sol.json,results/tmp/e2/f_sw3_t1.00_loose.dzn,True,True,,
results/tmp/xB_e2_tight_base_f_sw3_1.00_SL_step1.sol.json,results/tmp/e2/f_sw3_t1.00_nopat.dzn,True,True,,
results/tmp/xB_e2_tight_base_f_sw3_1.00_joint.sol.json,results/tmp/e2/f_sw3_t1.00_loose.dzn,True,True,,
results/tmp/xB_e2_tight_base_f_sw3_1.10_NP.sol.json,results/tmp/e2/f_sw3_t1.10_nopromo.dzn,True,True,,
results/tmp/xB_e2_tight_base_f_sw3_1.10_PFlight.sol.json,results/tmp/e2/f_sw3_t1.10_loose.dzn,True,True,,
results/tmp/xB_e2_tight_base_f_sw3_1.10_SL.sol.json,results/tmp/e2/f_sw3_t1.10_loose.dzn,True,True,,
results/tmp/xB_e2_tight_base_f_sw3_1.10_SL_step1.sol.json,results/tmp/e2/f_sw3_t1.10_nopat.dzn,True,True,,
results/tmp/xB_e2_tight_base_f_sw3_1.10_joint.sol.json,results/tmp/e2/f_sw3_t1.10_loose.dzn,True,True,,
results/tmp/xB_e2_tight_base_f_sw3_1.25_NP.sol.json,results/tmp/e2/f_sw3_t1.25_nopromo.dzn,True,True,,
results/tmp/xB_e2_tight_base_f_sw3_1.25_PFlight.sol.json,results/tmp/e2/f_sw3_t1.25_loose.dzn,True,True,,
results/tmp/xB_e2_tight_base_f_sw3_1.25_SL.sol.json,results/tmp/e2/f_sw3_t1.25_loose.dzn,True,True,,
results/tmp/xB_e2_tight_base_f_sw3_1.25_SL_step1.sol.json,results/tmp/e2/f_sw3_t1.25_nopat.dzn,True,True,,
results/tmp/xB_e2_tight_base_f_sw3_1.25_joint.sol.json,results/tmp/e2/f_sw3_t1.25_loose.dzn,True,True,,
results/tmp/xB_e2_tight_base_f_sw3_1.50_NP.sol.json,results/tmp/e2/f_sw3_t1.50_nopromo.dzn,True,True,,
results/tmp/xB_e2_tight_base_f_sw3_1.50_PFlight.sol.json,results/tmp/e2/f_sw3_t1.50_loose.dzn,True,True,,
results/tmp/xB_e2_tight_base_f_sw3_1.50_SL.sol.json,results/tmp/e2/f_sw3_t1.50_loose.dzn,True,True,,
results/tmp/xB_e2_tight_base_f_sw3_1.50_SL_step1.sol.json,results/tmp/e2/f_sw3_t1.50_nopat.dzn,True,True,,
results/tmp/xB_e2_tight_base_f_sw3_1.50_joint.sol.json,results/tmp/e2/f_sw3_t1.50_loose.dzn,True,True,,
results/tmp/xB_e2_tight_base_f_sw3_2.00_NP.sol.json,results/tmp/e2/f_sw3_t2.00_nopromo.dzn,True,True,,
results/tmp/xB_e2_tight_base_f_sw3_2.00_PFcheap.sol.json,results/tmp/e2/f_sw3_t2.00_loose.dzn,True,True,,
results/tmp/xB_e2_tight_base_f_sw3_2.00_PFlight.sol.json,results/tmp/e2/f_sw3_t2.00_loose.dzn,True,True,,
results/tmp/xB_e2_tight_base_f_sw3_2.00_PFmax.sol.json,results/tmp/e2/f_sw3_t2.00_loose.dzn,True,True,,
results/tmp/xB_e2_tight_base_f_sw3_2.00_PFmin.sol.json,results/tmp/e2/f_sw3_t2.00_loose.dzn,True,True,,
results/tmp/xB_e2_tight_base_f_sw3_2.00_SL.sol.json,results/tmp/e2/f_sw3_t2.00_loose.dzn,True,True,,
results/tmp/xB_e2_tight_base_f_sw3_2.00_SL_step1.sol.json,results/tmp/e2/f_sw3_t2.00_nopat.dzn,True,True,,
results/tmp/xB_e2_tight_base_f_sw3_2.00_joint.sol.json,results/tmp/e2/f_sw3_t2.00_loose.dzn,True,True,,
results/tmp/xB_e2_tight_base_p_rasta_-_min_period.sol.json,results/tmp/e2/p_rasta.dzn,True,True,,
results/tmp/xB_e2_tight_base_p_rasta_1.00_NP.sol.json,results/tmp/e2/p_rasta_t1.00_nopromo.dzn,True,True,,
results/tmp/xB_e2_tight_base_p_rasta_1.00_PFcheap.sol.json,results/tmp/e2/p_rasta_t1.00_loose.dzn,True,True,,
results/tmp/xB_e2_tight_base_p_rasta_1.00_PFlight.sol.json,results/tmp/e2/p_rasta_t1.00_loose.dzn,True,True,,
results/tmp/xB_e2_tight_base_p_rasta_1.00_SL.sol.json,results/tmp/e2/p_rasta_t1.00_loose.dzn,True,True,,
results/tmp/xB_e2_tight_base_p_rasta_1.00_SL_step1.sol.json,results/tmp/e2/p_rasta_t1.00_nopat.dzn,True,True,,
results/tmp/xB_e2_tight_base_p_rasta_1.00_joint.sol.json,results/tmp/e2/p_rasta_t1.00_loose.dzn,True,True,,
results/tmp/xB_e2_tight_base_p_rasta_1.10_NP.sol.json,results/tmp/e2/p_rasta_t1.10_nopromo.dzn,True,True,,
results/tmp/xB_e2_tight_base_p_rasta_1.10_PFcheap.sol.json,results/tmp/e2/p_rasta_t1.10_loose.dzn,True,True,,
results/tmp/xB_e2_tight_base_p_rasta_1.10_PFlight.sol.json,results/tmp/e2/p_rasta_t1.10_loose.dzn,True,True,,
results/tmp/xB_e2_tight_base_p_rasta_1.10_SL.sol.json,results/tmp/e2/p_rasta_t1.10_loose.dzn,True,True,,
results/tmp/xB_e2_tight_base_p_rasta_1.10_SL_step1.sol.json,results/tmp/e2/p_rasta_t1.10_nopat.dzn,True,True,,
results/tmp/xB_e2_tight_base_p_rasta_1.10_joint.sol.json,results/tmp/e2/p_rasta_t1.10_loose.dzn,True,True,,
results/tmp/xB_e2_tight_base_p_rasta_1.25_NP.sol.json,results/tmp/e2/p_rasta_t1.25_nopromo.dzn,True,True,,
results/tmp/xB_e2_tight_base_p_rasta_1.25_PFcheap.sol.json,results/tmp/e2/p_rasta_t1.25_loose.dzn,True,True,,
results/tmp/xB_e2_tight_base_p_rasta_1.25_PFlight.sol.json,results/tmp/e2/p_rasta_t1.25_loose.dzn,True,True,,
results/tmp/xB_e2_tight_base_p_rasta_1.25_SL.sol.json,results/tmp/e2/p_rasta_t1.25_loose.dzn,True,True,,
results/tmp/xB_e2_tight_base_p_rasta_1.25_SL_step1.sol.json,results/tmp/e2/p_rasta_t1.25_nopat.dzn,True,True,,
results/tmp/xB_e2_tight_base_p_rasta_1.25_joint.sol.json,results/tmp/e2/p_rasta_t1.25_loose.dzn,True,True,,
results/tmp/xB_e2_tight_base_p_rasta_1.50_NP.sol.json,results/tmp/e2/p_rasta_t1.50_nopromo.dzn,True,True,,
results/tmp/xB_e2_tight_base_p_rasta_1.50_PFcheap.sol.json,results/tmp/e2/p_rasta_t1.50_loose.dzn,True,True,,
results/tmp/xB_e2_tight_base_p_rasta_1.50_PFlight.sol.json,results/tmp/e2/p_rasta_t1.50_loose.dzn,True,True,,
results/tmp/xB_e2_tight_base_p_rasta_1.50_PFmax.sol.json,results/tmp/e2/p_rasta_t1.50_loose.dzn,True,True,,
results/tmp/xB_e2_tight_base_p_rasta_1.50_PFmin.sol.json,results/tmp/e2/p_rasta_t1.50_loose.dzn,True,True,,
results/tmp/xB_e2_tight_base_p_rasta_1.50_SL.sol.json,results/tmp/e2/p_rasta_t1.50_loose.dzn,True,True,,
results/tmp/xB_e2_tight_base_p_rasta_1.50_SL_step1.sol.json,results/tmp/e2/p_rasta_t1.50_nopat.dzn,True,True,,
results/tmp/xB_e2_tight_base_p_rasta_1.50_joint.sol.json,results/tmp/e2/p_rasta_t1.50_loose.dzn,True,True,,
results/tmp/xB_e2_tight_base_p_rasta_2.00_NP.sol.json,results/tmp/e2/p_rasta_t2.00_nopromo.dzn,True,True,,
results/tmp/xB_e2_tight_base_p_rasta_2.00_PFcheap.sol.json,results/tmp/e2/p_rasta_t2.00_loose.dzn,True,True,,
results/tmp/xB_e2_tight_base_p_rasta_2.00_PFlight.sol.json,results/tmp/e2/p_rasta_t2.00_loose.dzn,True,True,,
results/tmp/xB_e2_tight_base_p_rasta_2.00_PFmax.sol.json,results/tmp/e2/p_rasta_t2.00_loose.dzn,True,True,,
results/tmp/xB_e2_tight_base_p_rasta_2.00_PFmin.sol.json,results/tmp/e2/p_rasta_t2.00_loose.dzn,True,True,,
results/tmp/xB_e2_tight_base_p_rasta_2.00_SL.sol.json,results/tmp/e2/p_rasta_t2.00_loose.dzn,True,True,,
results/tmp/xB_e2_tight_base_p_rasta_2.00_SL_step1.sol.json,results/tmp/e2/p_rasta_t2.00_nopat.dzn,True,True,,
results/tmp/xB_e2_tight_base_p_rasta_2.00_joint.sol.json,results/tmp/e2/p_rasta_t2.00_loose.dzn,True,True,,
results/tmp/xB_e2_tight_base_pc_sobel_-_min_period.sol.json,results/tmp/e2/pc_sobel_loose.dzn,True,True,,
results/tmp/xB_e2_tight_base_pc_sobel_1.00_NP.sol.json,results/tmp/e2/pc_sobel_t1.00_nopromo.dzn,True,True,,
results/tmp/xB_e2_tight_base_pc_sobel_1.00_PFcheap.sol.json,results/tmp/e2/pc_sobel_t1.00_loose.dzn,True,True,,
results/tmp/xB_e2_tight_base_pc_sobel_1.00_PFlight.sol.json,results/tmp/e2/pc_sobel_t1.00_loose.dzn,True,True,,
results/tmp/xB_e2_tight_base_pc_sobel_1.00_SL.sol.json,results/tmp/e2/pc_sobel_t1.00_loose.dzn,True,True,,
results/tmp/xB_e2_tight_base_pc_sobel_1.00_SL_step1.sol.json,results/tmp/e2/pc_sobel_t1.00_nopat.dzn,True,True,,
results/tmp/xB_e2_tight_base_pc_sobel_1.00_joint.sol.json,results/tmp/e2/pc_sobel_t1.00_loose.dzn,True,True,,
results/tmp/xB_e2_tight_base_pc_sobel_1.10_NP.sol.json,results/tmp/e2/pc_sobel_t1.10_nopromo.dzn,True,True,,
results/tmp/xB_e2_tight_base_pc_sobel_1.10_PFcheap.sol.json,results/tmp/e2/pc_sobel_t1.10_loose.dzn,True,True,,
results/tmp/xB_e2_tight_base_pc_sobel_1.10_PFlight.sol.json,results/tmp/e2/pc_sobel_t1.10_loose.dzn,True,True,,
results/tmp/xB_e2_tight_base_pc_sobel_1.10_SL.sol.json,results/tmp/e2/pc_sobel_t1.10_loose.dzn,True,True,,
results/tmp/xB_e2_tight_base_pc_sobel_1.10_SL_step1.sol.json,results/tmp/e2/pc_sobel_t1.10_nopat.dzn,True,True,,
results/tmp/xB_e2_tight_base_pc_sobel_1.10_joint.sol.json,results/tmp/e2/pc_sobel_t1.10_loose.dzn,True,True,,
results/tmp/xB_e2_tight_base_pc_sobel_1.25_NP.sol.json,results/tmp/e2/pc_sobel_t1.25_nopromo.dzn,True,True,,
results/tmp/xB_e2_tight_base_pc_sobel_1.25_PFcheap.sol.json,results/tmp/e2/pc_sobel_t1.25_loose.dzn,True,True,,
results/tmp/xB_e2_tight_base_pc_sobel_1.25_PFlight.sol.json,results/tmp/e2/pc_sobel_t1.25_loose.dzn,True,True,,
results/tmp/xB_e2_tight_base_pc_sobel_1.25_SL.sol.json,results/tmp/e2/pc_sobel_t1.25_loose.dzn,True,True,,
results/tmp/xB_e2_tight_base_pc_sobel_1.25_SL_step1.sol.json,results/tmp/e2/pc_sobel_t1.25_nopat.dzn,True,True,,
results/tmp/xB_e2_tight_base_pc_sobel_1.25_joint.sol.json,results/tmp/e2/pc_sobel_t1.25_loose.dzn,True,True,,
results/tmp/xB_e2_tight_base_pc_sobel_1.50_NP.sol.json,results/tmp/e2/pc_sobel_t1.50_nopromo.dzn,True,True,,
results/tmp/xB_e2_tight_base_pc_sobel_1.50_PFcheap.sol.json,results/tmp/e2/pc_sobel_t1.50_loose.dzn,True,True,,
results/tmp/xB_e2_tight_base_pc_sobel_1.50_PFlight.sol.json,results/tmp/e2/pc_sobel_t1.50_loose.dzn,True,True,,
results/tmp/xB_e2_tight_base_pc_sobel_1.50_SL.sol.json,results/tmp/e2/pc_sobel_t1.50_loose.dzn,True,True,,
results/tmp/xB_e2_tight_base_pc_sobel_1.50_SL_step1.sol.json,results/tmp/e2/pc_sobel_t1.50_nopat.dzn,True,True,,
results/tmp/xB_e2_tight_base_pc_sobel_1.50_joint.sol.json,results/tmp/e2/pc_sobel_t1.50_loose.dzn,True,True,,
results/tmp/xB_e2_tight_base_pc_sobel_2.00_NP.sol.json,results/tmp/e2/pc_sobel_t2.00_nopromo.dzn,True,True,,
results/tmp/xB_e2_tight_base_pc_sobel_2.00_PFcheap.sol.json,results/tmp/e2/pc_sobel_t2.00_loose.dzn,True,True,,
results/tmp/xB_e2_tight_base_pc_sobel_2.00_PFlight.sol.json,results/tmp/e2/pc_sobel_t2.00_loose.dzn,True,True,,
results/tmp/xB_e2_tight_base_pc_sobel_2.00_PFmax.sol.json,results/tmp/e2/pc_sobel_t2.00_loose.dzn,True,True,,
results/tmp/xB_e2_tight_base_pc_sobel_2.00_PFmin.sol.json,results/tmp/e2/pc_sobel_t2.00_loose.dzn,True,True,,
results/tmp/xB_e2_tight_base_pc_sobel_2.00_SL.sol.json,results/tmp/e2/pc_sobel_t2.00_loose.dzn,True,True,,
results/tmp/xB_e2_tight_base_pc_sobel_2.00_SL_step1.sol.json,results/tmp/e2/pc_sobel_t2.00_nopat.dzn,True,True,,
results/tmp/xB_e2_tight_base_pc_sobel_2.00_joint.sol.json,results/tmp/e2/pc_sobel_t2.00_loose.dzn,True,True,,
results/tmp/xB_e2_tight_base_v_nvp_-_min_period.sol.json,results/tmp/e2/v_nvp.dzn,True,True,,
results/tmp/xB_e2_tight_base_v_nvp_1.00_NP.sol.json,results/tmp/e2/v_nvp_t1.00_nopromo.dzn,True,True,,
results/tmp/xB_e2_tight_base_v_nvp_1.00_PFcheap.sol.json,results/tmp/e2/v_nvp_t1.00_loose.dzn,True,True,,
results/tmp/xB_e2_tight_base_v_nvp_1.00_PFlight.sol.json,results/tmp/e2/v_nvp_t1.00_loose.dzn,True,True,,
results/tmp/xB_e2_tight_base_v_nvp_1.00_PFmax.sol.json,results/tmp/e2/v_nvp_t1.00_loose.dzn,True,True,,
results/tmp/xB_e2_tight_base_v_nvp_1.00_PFmin.sol.json,results/tmp/e2/v_nvp_t1.00_loose.dzn,True,True,,
results/tmp/xB_e2_tight_base_v_nvp_1.00_SL.sol.json,results/tmp/e2/v_nvp_t1.00_loose.dzn,True,True,,
results/tmp/xB_e2_tight_base_v_nvp_1.00_SL_step1.sol.json,results/tmp/e2/v_nvp_t1.00_nopat.dzn,True,True,,
results/tmp/xB_e2_tight_base_v_nvp_1.00_joint.sol.json,results/tmp/e2/v_nvp_t1.00_loose.dzn,True,True,,
results/tmp/xB_e2_tight_base_v_nvp_1.10_NP.sol.json,results/tmp/e2/v_nvp_t1.10_nopromo.dzn,True,True,,
results/tmp/xB_e2_tight_base_v_nvp_1.10_PFcheap.sol.json,results/tmp/e2/v_nvp_t1.10_loose.dzn,True,True,,
results/tmp/xB_e2_tight_base_v_nvp_1.10_PFlight.sol.json,results/tmp/e2/v_nvp_t1.10_loose.dzn,True,True,,
results/tmp/xB_e2_tight_base_v_nvp_1.10_PFmax.sol.json,results/tmp/e2/v_nvp_t1.10_loose.dzn,True,True,,
results/tmp/xB_e2_tight_base_v_nvp_1.10_PFmin.sol.json,results/tmp/e2/v_nvp_t1.10_loose.dzn,True,True,,
results/tmp/xB_e2_tight_base_v_nvp_1.10_SL.sol.json,results/tmp/e2/v_nvp_t1.10_loose.dzn,True,True,,
results/tmp/xB_e2_tight_base_v_nvp_1.10_SL_step1.sol.json,results/tmp/e2/v_nvp_t1.10_nopat.dzn,True,True,,
results/tmp/xB_e2_tight_base_v_nvp_1.10_joint.sol.json,results/tmp/e2/v_nvp_t1.10_loose.dzn,True,True,,
results/tmp/xB_e2_tight_base_v_nvp_1.25_NP.sol.json,results/tmp/e2/v_nvp_t1.25_nopromo.dzn,True,True,,
results/tmp/xB_e2_tight_base_v_nvp_1.25_PFcheap.sol.json,results/tmp/e2/v_nvp_t1.25_loose.dzn,True,True,,
results/tmp/xB_e2_tight_base_v_nvp_1.25_PFlight.sol.json,results/tmp/e2/v_nvp_t1.25_loose.dzn,True,True,,
results/tmp/xB_e2_tight_base_v_nvp_1.25_PFmax.sol.json,results/tmp/e2/v_nvp_t1.25_loose.dzn,True,True,,
results/tmp/xB_e2_tight_base_v_nvp_1.25_PFmin.sol.json,results/tmp/e2/v_nvp_t1.25_loose.dzn,True,True,,
results/tmp/xB_e2_tight_base_v_nvp_1.25_SL.sol.json,results/tmp/e2/v_nvp_t1.25_loose.dzn,True,True,,
results/tmp/xB_e2_tight_base_v_nvp_1.25_SL_step1.sol.json,results/tmp/e2/v_nvp_t1.25_nopat.dzn,True,True,,
results/tmp/xB_e2_tight_base_v_nvp_1.25_joint.sol.json,results/tmp/e2/v_nvp_t1.25_loose.dzn,True,True,,
results/tmp/xB_e2_tight_base_v_nvp_1.50_NP.sol.json,results/tmp/e2/v_nvp_t1.50_nopromo.dzn,True,True,,
results/tmp/xB_e2_tight_base_v_nvp_1.50_PFcheap.sol.json,results/tmp/e2/v_nvp_t1.50_loose.dzn,True,True,,
results/tmp/xB_e2_tight_base_v_nvp_1.50_PFlight.sol.json,results/tmp/e2/v_nvp_t1.50_loose.dzn,True,True,,
results/tmp/xB_e2_tight_base_v_nvp_1.50_PFmax.sol.json,results/tmp/e2/v_nvp_t1.50_loose.dzn,True,True,,
results/tmp/xB_e2_tight_base_v_nvp_1.50_PFmin.sol.json,results/tmp/e2/v_nvp_t1.50_loose.dzn,True,True,,
results/tmp/xB_e2_tight_base_v_nvp_1.50_SL.sol.json,results/tmp/e2/v_nvp_t1.50_loose.dzn,True,True,,
results/tmp/xB_e2_tight_base_v_nvp_1.50_SL_step1.sol.json,results/tmp/e2/v_nvp_t1.50_nopat.dzn,True,True,,
results/tmp/xB_e2_tight_base_v_nvp_1.50_joint.sol.json,results/tmp/e2/v_nvp_t1.50_loose.dzn,True,True,,
results/tmp/xB_e2_tight_base_v_nvp_2.00_NP.sol.json,results/tmp/e2/v_nvp_t2.00_nopromo.dzn,True,True,,
results/tmp/xB_e2_tight_base_v_nvp_2.00_PFcheap.sol.json,results/tmp/e2/v_nvp_t2.00_loose.dzn,True,True,,
results/tmp/xB_e2_tight_base_v_nvp_2.00_PFlight.sol.json,results/tmp/e2/v_nvp_t2.00_loose.dzn,True,True,,
results/tmp/xB_e2_tight_base_v_nvp_2.00_PFmax.sol.json,results/tmp/e2/v_nvp_t2.00_loose.dzn,True,True,,
results/tmp/xB_e2_tight_base_v_nvp_2.00_PFmin.sol.json,results/tmp/e2/v_nvp_t2.00_loose.dzn,True,True,,
results/tmp/xB_e2_tight_base_v_nvp_2.00_SL.sol.json,results/tmp/e2/v_nvp_t2.00_loose.dzn,True,True,,
results/tmp/xB_e2_tight_base_v_nvp_2.00_SL_step1.sol.json,results/tmp/e2/v_nvp_t2.00_nopat.dzn,True,True,,
results/tmp/xB_e2_tight_base_v_nvp_2.00_joint.sol.json,results/tmp/e2/v_nvp_t2.00_loose.dzn,True,True,,
results/tmp/xB_e2_var_chk10_c_pat_-_min_period.sol.json,results/tmp/e2/c_pat_chk10.dzn,True,True,,
results/tmp/xB_e2_var_chk10_c_pat_1.00_PFcheap.sol.json,results/tmp/e2/c_pat_chk10_t1.00_loose.dzn,True,True,,
results/tmp/xB_e2_var_chk10_c_pat_1.00_PFlight.sol.json,results/tmp/e2/c_pat_chk10_t1.00_loose.dzn,True,True,,
results/tmp/xB_e2_var_chk10_c_pat_1.00_SL.sol.json,results/tmp/e2/c_pat_chk10_t1.00_loose.dzn,True,True,,
results/tmp/xB_e2_var_chk10_c_pat_1.00_SL_step1.sol.json,results/tmp/e2/c_pat_chk10_t1.00_nopat.dzn,True,True,,
results/tmp/xB_e2_var_chk10_c_pat_1.00_joint.sol.json,results/tmp/e2/c_pat_chk10_t1.00_loose.dzn,True,True,,
results/tmp/xB_e2_var_chk10_c_pat_1.10_PFcheap.sol.json,results/tmp/e2/c_pat_chk10_t1.10_loose.dzn,True,True,,
results/tmp/xB_e2_var_chk10_c_pat_1.10_PFlight.sol.json,results/tmp/e2/c_pat_chk10_t1.10_loose.dzn,True,True,,
results/tmp/xB_e2_var_chk10_c_pat_1.10_SL.sol.json,results/tmp/e2/c_pat_chk10_t1.10_loose.dzn,True,True,,
results/tmp/xB_e2_var_chk10_c_pat_1.10_SL_step1.sol.json,results/tmp/e2/c_pat_chk10_t1.10_nopat.dzn,True,True,,
results/tmp/xB_e2_var_chk10_c_pat_1.10_joint.sol.json,results/tmp/e2/c_pat_chk10_t1.10_loose.dzn,True,True,,
results/tmp/xB_e2_var_chk10_c_pat_1.25_PFcheap.sol.json,results/tmp/e2/c_pat_chk10_t1.25_loose.dzn,True,True,,
results/tmp/xB_e2_var_chk10_c_pat_1.25_PFlight.sol.json,results/tmp/e2/c_pat_chk10_t1.25_loose.dzn,True,True,,
results/tmp/xB_e2_var_chk10_c_pat_1.25_SL.sol.json,results/tmp/e2/c_pat_chk10_t1.25_loose.dzn,True,True,,
results/tmp/xB_e2_var_chk10_c_pat_1.25_SL_step1.sol.json,results/tmp/e2/c_pat_chk10_t1.25_nopat.dzn,True,True,,
results/tmp/xB_e2_var_chk10_c_pat_1.25_joint.sol.json,results/tmp/e2/c_pat_chk10_t1.25_loose.dzn,True,True,,
results/tmp/xB_e2_var_chk10_c_pat_1.50_PFcheap.sol.json,results/tmp/e2/c_pat_chk10_t1.50_loose.dzn,True,True,,
results/tmp/xB_e2_var_chk10_c_pat_1.50_PFlight.sol.json,results/tmp/e2/c_pat_chk10_t1.50_loose.dzn,True,True,,
results/tmp/xB_e2_var_chk10_c_pat_1.50_PFmax.sol.json,results/tmp/e2/c_pat_chk10_t1.50_loose.dzn,True,True,,
results/tmp/xB_e2_var_chk10_c_pat_1.50_PFmin.sol.json,results/tmp/e2/c_pat_chk10_t1.50_loose.dzn,True,True,,
results/tmp/xB_e2_var_chk10_c_pat_1.50_SL.sol.json,results/tmp/e2/c_pat_chk10_t1.50_loose.dzn,True,True,,
results/tmp/xB_e2_var_chk10_c_pat_1.50_SL_step1.sol.json,results/tmp/e2/c_pat_chk10_t1.50_nopat.dzn,True,True,,
results/tmp/xB_e2_var_chk10_c_pat_1.50_joint.sol.json,results/tmp/e2/c_pat_chk10_t1.50_loose.dzn,True,True,,
results/tmp/xB_e2_var_chk10_c_pat_2.00_PFcheap.sol.json,results/tmp/e2/c_pat_chk10_t2.00_loose.dzn,True,True,,
results/tmp/xB_e2_var_chk10_c_pat_2.00_PFlight.sol.json,results/tmp/e2/c_pat_chk10_t2.00_loose.dzn,True,True,,
results/tmp/xB_e2_var_chk10_c_pat_2.00_PFmax.sol.json,results/tmp/e2/c_pat_chk10_t2.00_loose.dzn,True,True,,
results/tmp/xB_e2_var_chk10_c_pat_2.00_PFmin.sol.json,results/tmp/e2/c_pat_chk10_t2.00_loose.dzn,True,True,,
results/tmp/xB_e2_var_chk10_c_pat_2.00_SL.sol.json,results/tmp/e2/c_pat_chk10_t2.00_loose.dzn,True,True,,
results/tmp/xB_e2_var_chk10_c_pat_2.00_SL_step1.sol.json,results/tmp/e2/c_pat_chk10_t2.00_nopat.dzn,True,True,,
results/tmp/xB_e2_var_chk10_c_pat_2.00_joint.sol.json,results/tmp/e2/c_pat_chk10_t2.00_loose.dzn,True,True,,
results/tmp/xB_e2_var_chk10_c_pat_none_PFcheap.sol.json,results/tmp/e2/c_pat_chk10.dzn,True,True,,
results/tmp/xB_e2_var_chk10_c_pat_none_PFlight.sol.json,results/tmp/e2/c_pat_chk10.dzn,True,True,,
results/tmp/xB_e2_var_chk10_c_pat_none_PFmax.sol.json,results/tmp/e2/c_pat_chk10.dzn,True,True,,
results/tmp/xB_e2_var_chk10_c_pat_none_PFmin.sol.json,results/tmp/e2/c_pat_chk10.dzn,True,True,,
results/tmp/xB_e2_var_chk10_c_pat_none_SL.sol.json,results/tmp/e2/c_pat_chk10.dzn,True,True,,
results/tmp/xB_e2_var_chk10_c_pat_none_SL_step1.sol.json,results/tmp/e2/c_pat_chk10_nopat.dzn,True,True,,
results/tmp/xB_e2_var_chk10_c_pat_none_joint.sol.json,results/tmp/e2/c_pat_chk10.dzn,True,True,,
results/tmp/xB_e2_var_chk10_d_random_hw_-_min_period.sol.json,results/tmp/e2/d_random_hw_chk10.dzn,True,True,,
results/tmp/xB_e2_var_chk10_d_random_hw_1.00_PFcheap.sol.json,results/tmp/e2/d_random_hw_chk10_t1.00_loose.dzn,True,True,,
results/tmp/xB_e2_var_chk10_d_random_hw_1.00_PFlight.sol.json,results/tmp/e2/d_random_hw_chk10_t1.00_loose.dzn,True,True,,
results/tmp/xB_e2_var_chk10_d_random_hw_1.00_PFmax.sol.json,results/tmp/e2/d_random_hw_chk10_t1.00_loose.dzn,True,True,,
results/tmp/xB_e2_var_chk10_d_random_hw_1.00_PFmin.sol.json,results/tmp/e2/d_random_hw_chk10_t1.00_loose.dzn,True,True,,
results/tmp/xB_e2_var_chk10_d_random_hw_1.00_SL.sol.json,results/tmp/e2/d_random_hw_chk10_t1.00_loose.dzn,True,True,,
results/tmp/xB_e2_var_chk10_d_random_hw_1.00_SL_step1.sol.json,results/tmp/e2/d_random_hw_chk10_t1.00_nopat.dzn,True,True,,
results/tmp/xB_e2_var_chk10_d_random_hw_1.00_joint.sol.json,results/tmp/e2/d_random_hw_chk10_t1.00_loose.dzn,True,True,,
results/tmp/xB_e2_var_chk10_d_random_hw_1.10_PFcheap.sol.json,results/tmp/e2/d_random_hw_chk10_t1.10_loose.dzn,True,True,,
results/tmp/xB_e2_var_chk10_d_random_hw_1.10_PFlight.sol.json,results/tmp/e2/d_random_hw_chk10_t1.10_loose.dzn,True,True,,
results/tmp/xB_e2_var_chk10_d_random_hw_1.10_PFmax.sol.json,results/tmp/e2/d_random_hw_chk10_t1.10_loose.dzn,True,True,,
results/tmp/xB_e2_var_chk10_d_random_hw_1.10_PFmin.sol.json,results/tmp/e2/d_random_hw_chk10_t1.10_loose.dzn,True,True,,
results/tmp/xB_e2_var_chk10_d_random_hw_1.10_SL.sol.json,results/tmp/e2/d_random_hw_chk10_t1.10_loose.dzn,True,True,,
results/tmp/xB_e2_var_chk10_d_random_hw_1.10_SL_step1.sol.json,results/tmp/e2/d_random_hw_chk10_t1.10_nopat.dzn,True,True,,
results/tmp/xB_e2_var_chk10_d_random_hw_1.10_joint.sol.json,results/tmp/e2/d_random_hw_chk10_t1.10_loose.dzn,True,True,,
results/tmp/xB_e2_var_chk10_d_random_hw_1.25_PFcheap.sol.json,results/tmp/e2/d_random_hw_chk10_t1.25_loose.dzn,True,True,,
results/tmp/xB_e2_var_chk10_d_random_hw_1.25_PFlight.sol.json,results/tmp/e2/d_random_hw_chk10_t1.25_loose.dzn,True,True,,
results/tmp/xB_e2_var_chk10_d_random_hw_1.25_PFmax.sol.json,results/tmp/e2/d_random_hw_chk10_t1.25_loose.dzn,True,True,,
results/tmp/xB_e2_var_chk10_d_random_hw_1.25_PFmin.sol.json,results/tmp/e2/d_random_hw_chk10_t1.25_loose.dzn,True,True,,
results/tmp/xB_e2_var_chk10_d_random_hw_1.25_SL.sol.json,results/tmp/e2/d_random_hw_chk10_t1.25_loose.dzn,True,True,,
results/tmp/xB_e2_var_chk10_d_random_hw_1.25_SL_step1.sol.json,results/tmp/e2/d_random_hw_chk10_t1.25_nopat.dzn,True,True,,
results/tmp/xB_e2_var_chk10_d_random_hw_1.25_joint.sol.json,results/tmp/e2/d_random_hw_chk10_t1.25_loose.dzn,True,True,,
results/tmp/xB_e2_var_chk10_d_random_hw_1.50_PFcheap.sol.json,results/tmp/e2/d_random_hw_chk10_t1.50_loose.dzn,True,True,,
results/tmp/xB_e2_var_chk10_d_random_hw_1.50_PFlight.sol.json,results/tmp/e2/d_random_hw_chk10_t1.50_loose.dzn,True,True,,
results/tmp/xB_e2_var_chk10_d_random_hw_1.50_PFmax.sol.json,results/tmp/e2/d_random_hw_chk10_t1.50_loose.dzn,True,True,,
results/tmp/xB_e2_var_chk10_d_random_hw_1.50_PFmin.sol.json,results/tmp/e2/d_random_hw_chk10_t1.50_loose.dzn,True,True,,
results/tmp/xB_e2_var_chk10_d_random_hw_1.50_SL.sol.json,results/tmp/e2/d_random_hw_chk10_t1.50_loose.dzn,True,True,,
results/tmp/xB_e2_var_chk10_d_random_hw_1.50_SL_step1.sol.json,results/tmp/e2/d_random_hw_chk10_t1.50_nopat.dzn,True,True,,
results/tmp/xB_e2_var_chk10_d_random_hw_1.50_joint.sol.json,results/tmp/e2/d_random_hw_chk10_t1.50_loose.dzn,True,True,,
results/tmp/xB_e2_var_chk10_d_random_hw_2.00_PFcheap.sol.json,results/tmp/e2/d_random_hw_chk10_t2.00_loose.dzn,True,True,,
results/tmp/xB_e2_var_chk10_d_random_hw_2.00_PFlight.sol.json,results/tmp/e2/d_random_hw_chk10_t2.00_loose.dzn,True,True,,
results/tmp/xB_e2_var_chk10_d_random_hw_2.00_PFmax.sol.json,results/tmp/e2/d_random_hw_chk10_t2.00_loose.dzn,True,True,,
results/tmp/xB_e2_var_chk10_d_random_hw_2.00_PFmin.sol.json,results/tmp/e2/d_random_hw_chk10_t2.00_loose.dzn,True,True,,
results/tmp/xB_e2_var_chk10_d_random_hw_2.00_SL.sol.json,results/tmp/e2/d_random_hw_chk10_t2.00_loose.dzn,True,True,,
results/tmp/xB_e2_var_chk10_d_random_hw_2.00_SL_step1.sol.json,results/tmp/e2/d_random_hw_chk10_t2.00_nopat.dzn,True,True,,
results/tmp/xB_e2_var_chk10_d_random_hw_2.00_joint.sol.json,results/tmp/e2/d_random_hw_chk10_t2.00_loose.dzn,True,True,,
results/tmp/xB_e2_var_chk10_d_random_hw_none_PFcheap.sol.json,results/tmp/e2/d_random_hw_chk10.dzn,True,True,,
results/tmp/xB_e2_var_chk10_d_random_hw_none_PFlight.sol.json,results/tmp/e2/d_random_hw_chk10.dzn,True,True,,
results/tmp/xB_e2_var_chk10_d_random_hw_none_PFmax.sol.json,results/tmp/e2/d_random_hw_chk10.dzn,True,True,,
results/tmp/xB_e2_var_chk10_d_random_hw_none_PFmin.sol.json,results/tmp/e2/d_random_hw_chk10.dzn,True,True,,
results/tmp/xB_e2_var_chk10_d_random_hw_none_SL.sol.json,results/tmp/e2/d_random_hw_chk10.dzn,True,True,,
results/tmp/xB_e2_var_chk10_d_random_hw_none_SL_step1.sol.json,results/tmp/e2/d_random_hw_chk10_nopat.dzn,True,True,,
results/tmp/xB_e2_var_chk10_d_random_hw_none_joint.sol.json,results/tmp/e2/d_random_hw_chk10.dzn,True,True,,
results/tmp/xB_e2_var_chk10_d_systematic_sw_-_min_period.sol.json,results/tmp/e2/d_systematic_sw_chk10.dzn,True,True,,
results/tmp/xB_e2_var_chk10_d_systematic_sw_1.00_PFcheap.sol.json,results/tmp/e2/d_systematic_sw_chk10_t1.00_loose.dzn,True,True,,
results/tmp/xB_e2_var_chk10_d_systematic_sw_1.00_PFlight.sol.json,results/tmp/e2/d_systematic_sw_chk10_t1.00_loose.dzn,True,True,,
results/tmp/xB_e2_var_chk10_d_systematic_sw_1.00_PFmax.sol.json,results/tmp/e2/d_systematic_sw_chk10_t1.00_loose.dzn,True,True,,
results/tmp/xB_e2_var_chk10_d_systematic_sw_1.00_PFmin.sol.json,results/tmp/e2/d_systematic_sw_chk10_t1.00_loose.dzn,True,True,,
results/tmp/xB_e2_var_chk10_d_systematic_sw_1.00_SL.sol.json,results/tmp/e2/d_systematic_sw_chk10_t1.00_loose.dzn,True,True,,
results/tmp/xB_e2_var_chk10_d_systematic_sw_1.00_SL_step1.sol.json,results/tmp/e2/d_systematic_sw_chk10_t1.00_nopat.dzn,True,True,,
results/tmp/xB_e2_var_chk10_d_systematic_sw_1.00_joint.sol.json,results/tmp/e2/d_systematic_sw_chk10_t1.00_loose.dzn,True,True,,
results/tmp/xB_e2_var_chk10_d_systematic_sw_1.10_PFcheap.sol.json,results/tmp/e2/d_systematic_sw_chk10_t1.10_loose.dzn,True,True,,
results/tmp/xB_e2_var_chk10_d_systematic_sw_1.10_PFlight.sol.json,results/tmp/e2/d_systematic_sw_chk10_t1.10_loose.dzn,True,True,,
results/tmp/xB_e2_var_chk10_d_systematic_sw_1.10_PFmax.sol.json,results/tmp/e2/d_systematic_sw_chk10_t1.10_loose.dzn,True,True,,
results/tmp/xB_e2_var_chk10_d_systematic_sw_1.10_PFmin.sol.json,results/tmp/e2/d_systematic_sw_chk10_t1.10_loose.dzn,True,True,,
results/tmp/xB_e2_var_chk10_d_systematic_sw_1.10_SL.sol.json,results/tmp/e2/d_systematic_sw_chk10_t1.10_loose.dzn,True,True,,
results/tmp/xB_e2_var_chk10_d_systematic_sw_1.10_SL_step1.sol.json,results/tmp/e2/d_systematic_sw_chk10_t1.10_nopat.dzn,True,True,,
results/tmp/xB_e2_var_chk10_d_systematic_sw_1.10_joint.sol.json,results/tmp/e2/d_systematic_sw_chk10_t1.10_loose.dzn,True,True,,
results/tmp/xB_e2_var_chk10_d_systematic_sw_1.25_PFcheap.sol.json,results/tmp/e2/d_systematic_sw_chk10_t1.25_loose.dzn,True,True,,
results/tmp/xB_e2_var_chk10_d_systematic_sw_1.25_PFlight.sol.json,results/tmp/e2/d_systematic_sw_chk10_t1.25_loose.dzn,True,True,,
results/tmp/xB_e2_var_chk10_d_systematic_sw_1.25_PFmax.sol.json,results/tmp/e2/d_systematic_sw_chk10_t1.25_loose.dzn,True,True,,
results/tmp/xB_e2_var_chk10_d_systematic_sw_1.25_PFmin.sol.json,results/tmp/e2/d_systematic_sw_chk10_t1.25_loose.dzn,True,True,,
results/tmp/xB_e2_var_chk10_d_systematic_sw_1.25_SL.sol.json,results/tmp/e2/d_systematic_sw_chk10_t1.25_loose.dzn,True,True,,
results/tmp/xB_e2_var_chk10_d_systematic_sw_1.25_SL_step1.sol.json,results/tmp/e2/d_systematic_sw_chk10_t1.25_nopat.dzn,True,True,,
results/tmp/xB_e2_var_chk10_d_systematic_sw_1.25_joint.sol.json,results/tmp/e2/d_systematic_sw_chk10_t1.25_loose.dzn,True,True,,
results/tmp/xB_e2_var_chk10_d_systematic_sw_1.50_PFcheap.sol.json,results/tmp/e2/d_systematic_sw_chk10_t1.50_loose.dzn,True,True,,
results/tmp/xB_e2_var_chk10_d_systematic_sw_1.50_PFlight.sol.json,results/tmp/e2/d_systematic_sw_chk10_t1.50_loose.dzn,True,True,,
results/tmp/xB_e2_var_chk10_d_systematic_sw_1.50_PFmax.sol.json,results/tmp/e2/d_systematic_sw_chk10_t1.50_loose.dzn,True,True,,
results/tmp/xB_e2_var_chk10_d_systematic_sw_1.50_PFmin.sol.json,results/tmp/e2/d_systematic_sw_chk10_t1.50_loose.dzn,True,True,,
results/tmp/xB_e2_var_chk10_d_systematic_sw_1.50_SL.sol.json,results/tmp/e2/d_systematic_sw_chk10_t1.50_loose.dzn,True,True,,
results/tmp/xB_e2_var_chk10_d_systematic_sw_1.50_SL_step1.sol.json,results/tmp/e2/d_systematic_sw_chk10_t1.50_nopat.dzn,True,True,,
results/tmp/xB_e2_var_chk10_d_systematic_sw_1.50_joint.sol.json,results/tmp/e2/d_systematic_sw_chk10_t1.50_loose.dzn,True,True,,
results/tmp/xB_e2_var_chk10_d_systematic_sw_2.00_PFcheap.sol.json,results/tmp/e2/d_systematic_sw_chk10_t2.00_loose.dzn,True,True,,
results/tmp/xB_e2_var_chk10_d_systematic_sw_2.00_PFlight.sol.json,results/tmp/e2/d_systematic_sw_chk10_t2.00_loose.dzn,True,True,,
results/tmp/xB_e2_var_chk10_d_systematic_sw_2.00_PFmax.sol.json,results/tmp/e2/d_systematic_sw_chk10_t2.00_loose.dzn,True,True,,
results/tmp/xB_e2_var_chk10_d_systematic_sw_2.00_PFmin.sol.json,results/tmp/e2/d_systematic_sw_chk10_t2.00_loose.dzn,True,True,,
results/tmp/xB_e2_var_chk10_d_systematic_sw_2.00_SL.sol.json,results/tmp/e2/d_systematic_sw_chk10_t2.00_loose.dzn,True,True,,
results/tmp/xB_e2_var_chk10_d_systematic_sw_2.00_SL_step1.sol.json,results/tmp/e2/d_systematic_sw_chk10_t2.00_nopat.dzn,True,True,,
results/tmp/xB_e2_var_chk10_d_systematic_sw_2.00_joint.sol.json,results/tmp/e2/d_systematic_sw_chk10_t2.00_loose.dzn,True,True,,
results/tmp/xB_e2_var_chk10_d_systematic_sw_none_PFcheap.sol.json,results/tmp/e2/d_systematic_sw_chk10.dzn,True,True,,
results/tmp/xB_e2_var_chk10_d_systematic_sw_none_PFlight.sol.json,results/tmp/e2/d_systematic_sw_chk10.dzn,True,True,,
results/tmp/xB_e2_var_chk10_d_systematic_sw_none_PFmax.sol.json,results/tmp/e2/d_systematic_sw_chk10.dzn,True,True,,
results/tmp/xB_e2_var_chk10_d_systematic_sw_none_PFmin.sol.json,results/tmp/e2/d_systematic_sw_chk10.dzn,True,True,,
results/tmp/xB_e2_var_chk10_d_systematic_sw_none_SL.sol.json,results/tmp/e2/d_systematic_sw_chk10.dzn,True,True,,
results/tmp/xB_e2_var_chk10_d_systematic_sw_none_SL_step1.sol.json,results/tmp/e2/d_systematic_sw_chk10_nopat.dzn,True,True,,
results/tmp/xB_e2_var_chk10_d_systematic_sw_none_joint.sol.json,results/tmp/e2/d_systematic_sw_chk10.dzn,True,True,,
results/tmp/xB_e2_var_chk10_f_both3_-_min_period.sol.json,results/tmp/e2/f_both3_chk10.dzn,True,True,,
results/tmp/xB_e2_var_chk10_f_both3_1.00_PFlight.sol.json,results/tmp/e2/f_both3_chk10_t1.00_loose.dzn,True,True,,
results/tmp/xB_e2_var_chk10_f_both3_1.00_SL.sol.json,results/tmp/e2/f_both3_chk10_t1.00_loose.dzn,True,True,,
results/tmp/xB_e2_var_chk10_f_both3_1.00_SL_step1.sol.json,results/tmp/e2/f_both3_chk10_t1.00_nopat.dzn,True,True,,
results/tmp/xB_e2_var_chk10_f_both3_1.00_joint.sol.json,results/tmp/e2/f_both3_chk10_t1.00_loose.dzn,True,True,,
results/tmp/xB_e2_var_chk10_f_both3_1.10_PFlight.sol.json,results/tmp/e2/f_both3_chk10_t1.10_loose.dzn,True,True,,
results/tmp/xB_e2_var_chk10_f_both3_1.10_SL.sol.json,results/tmp/e2/f_both3_chk10_t1.10_loose.dzn,True,True,,
results/tmp/xB_e2_var_chk10_f_both3_1.10_SL_step1.sol.json,results/tmp/e2/f_both3_chk10_t1.10_nopat.dzn,True,True,,
results/tmp/xB_e2_var_chk10_f_both3_1.10_joint.sol.json,results/tmp/e2/f_both3_chk10_t1.10_loose.dzn,True,True,,
results/tmp/xB_e2_var_chk10_f_both3_1.25_PFlight.sol.json,results/tmp/e2/f_both3_chk10_t1.25_loose.dzn,True,True,,
results/tmp/xB_e2_var_chk10_f_both3_1.25_SL.sol.json,results/tmp/e2/f_both3_chk10_t1.25_loose.dzn,True,True,,
results/tmp/xB_e2_var_chk10_f_both3_1.25_SL_step1.sol.json,results/tmp/e2/f_both3_chk10_t1.25_nopat.dzn,True,True,,
results/tmp/xB_e2_var_chk10_f_both3_1.25_joint.sol.json,results/tmp/e2/f_both3_chk10_t1.25_loose.dzn,True,True,,
results/tmp/xB_e2_var_chk10_f_both3_1.50_PFlight.sol.json,results/tmp/e2/f_both3_chk10_t1.50_loose.dzn,True,True,,
results/tmp/xB_e2_var_chk10_f_both3_1.50_SL.sol.json,results/tmp/e2/f_both3_chk10_t1.50_loose.dzn,True,True,,
results/tmp/xB_e2_var_chk10_f_both3_1.50_SL_step1.sol.json,results/tmp/e2/f_both3_chk10_t1.50_nopat.dzn,True,True,,
results/tmp/xB_e2_var_chk10_f_both3_1.50_joint.sol.json,results/tmp/e2/f_both3_chk10_t1.50_loose.dzn,True,True,,
results/tmp/xB_e2_var_chk10_f_both3_2.00_PFcheap.sol.json,results/tmp/e2/f_both3_chk10_t2.00_loose.dzn,True,True,,
results/tmp/xB_e2_var_chk10_f_both3_2.00_PFlight.sol.json,results/tmp/e2/f_both3_chk10_t2.00_loose.dzn,True,True,,
results/tmp/xB_e2_var_chk10_f_both3_2.00_PFmax.sol.json,results/tmp/e2/f_both3_chk10_t2.00_loose.dzn,True,True,,
results/tmp/xB_e2_var_chk10_f_both3_2.00_PFmin.sol.json,results/tmp/e2/f_both3_chk10_t2.00_loose.dzn,True,True,,
results/tmp/xB_e2_var_chk10_f_both3_2.00_SL.sol.json,results/tmp/e2/f_both3_chk10_t2.00_loose.dzn,True,True,,
results/tmp/xB_e2_var_chk10_f_both3_2.00_SL_step1.sol.json,results/tmp/e2/f_both3_chk10_t2.00_nopat.dzn,True,True,,
results/tmp/xB_e2_var_chk10_f_both3_2.00_joint.sol.json,results/tmp/e2/f_both3_chk10_t2.00_loose.dzn,True,True,,
results/tmp/xB_e2_var_chk10_f_both3_none_PFcheap.sol.json,results/tmp/e2/f_both3_chk10.dzn,True,True,,
results/tmp/xB_e2_var_chk10_f_both3_none_PFlight.sol.json,results/tmp/e2/f_both3_chk10.dzn,True,True,,
results/tmp/xB_e2_var_chk10_f_both3_none_PFmax.sol.json,results/tmp/e2/f_both3_chk10.dzn,True,True,,
results/tmp/xB_e2_var_chk10_f_both3_none_PFmin.sol.json,results/tmp/e2/f_both3_chk10.dzn,True,True,,
results/tmp/xB_e2_var_chk10_f_both3_none_SL.sol.json,results/tmp/e2/f_both3_chk10.dzn,True,True,,
results/tmp/xB_e2_var_chk10_f_both3_none_SL_step1.sol.json,results/tmp/e2/f_both3_chk10_nopat.dzn,True,True,,
results/tmp/xB_e2_var_chk10_f_both3_none_joint.sol.json,results/tmp/e2/f_both3_chk10.dzn,True,True,,
results/tmp/xB_e2_var_chk10_f_random_hw_-_min_period.sol.json,results/tmp/e2/f_random_hw_chk10.dzn,True,True,,
results/tmp/xB_e2_var_chk10_f_random_hw_1.00_PFcheap.sol.json,results/tmp/e2/f_random_hw_chk10_t1.00_loose.dzn,True,True,,
results/tmp/xB_e2_var_chk10_f_random_hw_1.00_PFlight.sol.json,results/tmp/e2/f_random_hw_chk10_t1.00_loose.dzn,True,True,,
results/tmp/xB_e2_var_chk10_f_random_hw_1.00_SL.sol.json,results/tmp/e2/f_random_hw_chk10_t1.00_loose.dzn,True,True,,
results/tmp/xB_e2_var_chk10_f_random_hw_1.00_SL_step1.sol.json,results/tmp/e2/f_random_hw_chk10_t1.00_nopat.dzn,True,True,,
results/tmp/xB_e2_var_chk10_f_random_hw_1.00_joint.sol.json,results/tmp/e2/f_random_hw_chk10_t1.00_loose.dzn,True,True,,
results/tmp/xB_e2_var_chk10_f_random_hw_1.10_PFcheap.sol.json,results/tmp/e2/f_random_hw_chk10_t1.10_loose.dzn,True,True,,
results/tmp/xB_e2_var_chk10_f_random_hw_1.10_PFlight.sol.json,results/tmp/e2/f_random_hw_chk10_t1.10_loose.dzn,True,True,,
results/tmp/xB_e2_var_chk10_f_random_hw_1.10_SL.sol.json,results/tmp/e2/f_random_hw_chk10_t1.10_loose.dzn,True,True,,
results/tmp/xB_e2_var_chk10_f_random_hw_1.10_SL_step1.sol.json,results/tmp/e2/f_random_hw_chk10_t1.10_nopat.dzn,True,True,,
results/tmp/xB_e2_var_chk10_f_random_hw_1.10_joint.sol.json,results/tmp/e2/f_random_hw_chk10_t1.10_loose.dzn,True,True,,
results/tmp/xB_e2_var_chk10_f_random_hw_1.25_PFcheap.sol.json,results/tmp/e2/f_random_hw_chk10_t1.25_loose.dzn,True,True,,
results/tmp/xB_e2_var_chk10_f_random_hw_1.25_PFlight.sol.json,results/tmp/e2/f_random_hw_chk10_t1.25_loose.dzn,True,True,,
results/tmp/xB_e2_var_chk10_f_random_hw_1.25_SL.sol.json,results/tmp/e2/f_random_hw_chk10_t1.25_loose.dzn,True,True,,
results/tmp/xB_e2_var_chk10_f_random_hw_1.25_SL_step1.sol.json,results/tmp/e2/f_random_hw_chk10_t1.25_nopat.dzn,True,True,,
results/tmp/xB_e2_var_chk10_f_random_hw_1.25_joint.sol.json,results/tmp/e2/f_random_hw_chk10_t1.25_loose.dzn,True,True,,
results/tmp/xB_e2_var_chk10_f_random_hw_1.50_PFcheap.sol.json,results/tmp/e2/f_random_hw_chk10_t1.50_loose.dzn,True,True,,
results/tmp/xB_e2_var_chk10_f_random_hw_1.50_PFlight.sol.json,results/tmp/e2/f_random_hw_chk10_t1.50_loose.dzn,True,True,,
results/tmp/xB_e2_var_chk10_f_random_hw_1.50_PFmax.sol.json,results/tmp/e2/f_random_hw_chk10_t1.50_loose.dzn,True,True,,
results/tmp/xB_e2_var_chk10_f_random_hw_1.50_PFmin.sol.json,results/tmp/e2/f_random_hw_chk10_t1.50_loose.dzn,True,True,,
results/tmp/xB_e2_var_chk10_f_random_hw_1.50_SL.sol.json,results/tmp/e2/f_random_hw_chk10_t1.50_loose.dzn,True,True,,
results/tmp/xB_e2_var_chk10_f_random_hw_1.50_SL_step1.sol.json,results/tmp/e2/f_random_hw_chk10_t1.50_nopat.dzn,True,True,,
results/tmp/xB_e2_var_chk10_f_random_hw_1.50_joint.sol.json,results/tmp/e2/f_random_hw_chk10_t1.50_loose.dzn,True,True,,
results/tmp/xB_e2_var_chk10_f_random_hw_2.00_PFcheap.sol.json,results/tmp/e2/f_random_hw_chk10_t2.00_loose.dzn,True,True,,
results/tmp/xB_e2_var_chk10_f_random_hw_2.00_PFlight.sol.json,results/tmp/e2/f_random_hw_chk10_t2.00_loose.dzn,True,True,,
results/tmp/xB_e2_var_chk10_f_random_hw_2.00_PFmax.sol.json,results/tmp/e2/f_random_hw_chk10_t2.00_loose.dzn,True,True,,
results/tmp/xB_e2_var_chk10_f_random_hw_2.00_PFmin.sol.json,results/tmp/e2/f_random_hw_chk10_t2.00_loose.dzn,True,True,,
results/tmp/xB_e2_var_chk10_f_random_hw_2.00_SL.sol.json,results/tmp/e2/f_random_hw_chk10_t2.00_loose.dzn,True,True,,
results/tmp/xB_e2_var_chk10_f_random_hw_2.00_SL_step1.sol.json,results/tmp/e2/f_random_hw_chk10_t2.00_nopat.dzn,True,True,,
results/tmp/xB_e2_var_chk10_f_random_hw_2.00_joint.sol.json,results/tmp/e2/f_random_hw_chk10_t2.00_loose.dzn,True,True,,
results/tmp/xB_e2_var_chk10_f_random_hw_none_PFcheap.sol.json,results/tmp/e2/f_random_hw_chk10.dzn,True,True,,
results/tmp/xB_e2_var_chk10_f_random_hw_none_PFlight.sol.json,results/tmp/e2/f_random_hw_chk10.dzn,True,True,,
results/tmp/xB_e2_var_chk10_f_random_hw_none_PFmax.sol.json,results/tmp/e2/f_random_hw_chk10.dzn,True,True,,
results/tmp/xB_e2_var_chk10_f_random_hw_none_PFmin.sol.json,results/tmp/e2/f_random_hw_chk10.dzn,True,True,,
results/tmp/xB_e2_var_chk10_f_random_hw_none_SL.sol.json,results/tmp/e2/f_random_hw_chk10.dzn,True,True,,
results/tmp/xB_e2_var_chk10_f_random_hw_none_SL_step1.sol.json,results/tmp/e2/f_random_hw_chk10_nopat.dzn,True,True,,
results/tmp/xB_e2_var_chk10_f_random_hw_none_joint.sol.json,results/tmp/e2/f_random_hw_chk10.dzn,True,True,,
results/tmp/xB_e2_var_chk10_f_sw3_-_min_period.sol.json,results/tmp/e2/f_sw3_chk10.dzn,True,True,,
results/tmp/xB_e2_var_chk10_f_sw3_1.00_PFlight.sol.json,results/tmp/e2/f_sw3_chk10_t1.00_loose.dzn,True,True,,
results/tmp/xB_e2_var_chk10_f_sw3_1.00_SL.sol.json,results/tmp/e2/f_sw3_chk10_t1.00_loose.dzn,True,True,,
results/tmp/xB_e2_var_chk10_f_sw3_1.00_SL_step1.sol.json,results/tmp/e2/f_sw3_chk10_t1.00_nopat.dzn,True,True,,
results/tmp/xB_e2_var_chk10_f_sw3_1.00_joint.sol.json,results/tmp/e2/f_sw3_chk10_t1.00_loose.dzn,True,True,,
results/tmp/xB_e2_var_chk10_f_sw3_1.10_PFlight.sol.json,results/tmp/e2/f_sw3_chk10_t1.10_loose.dzn,True,True,,
results/tmp/xB_e2_var_chk10_f_sw3_1.10_SL.sol.json,results/tmp/e2/f_sw3_chk10_t1.10_loose.dzn,True,True,,
results/tmp/xB_e2_var_chk10_f_sw3_1.10_SL_step1.sol.json,results/tmp/e2/f_sw3_chk10_t1.10_nopat.dzn,True,True,,
results/tmp/xB_e2_var_chk10_f_sw3_1.10_joint.sol.json,results/tmp/e2/f_sw3_chk10_t1.10_loose.dzn,True,True,,
results/tmp/xB_e2_var_chk10_f_sw3_1.25_PFlight.sol.json,results/tmp/e2/f_sw3_chk10_t1.25_loose.dzn,True,True,,
results/tmp/xB_e2_var_chk10_f_sw3_1.25_SL.sol.json,results/tmp/e2/f_sw3_chk10_t1.25_loose.dzn,True,True,,
results/tmp/xB_e2_var_chk10_f_sw3_1.25_SL_step1.sol.json,results/tmp/e2/f_sw3_chk10_t1.25_nopat.dzn,True,True,,
results/tmp/xB_e2_var_chk10_f_sw3_1.25_joint.sol.json,results/tmp/e2/f_sw3_chk10_t1.25_loose.dzn,True,True,,
results/tmp/xB_e2_var_chk10_f_sw3_1.50_PFlight.sol.json,results/tmp/e2/f_sw3_chk10_t1.50_loose.dzn,True,True,,
results/tmp/xB_e2_var_chk10_f_sw3_1.50_SL.sol.json,results/tmp/e2/f_sw3_chk10_t1.50_loose.dzn,True,True,,
results/tmp/xB_e2_var_chk10_f_sw3_1.50_SL_step1.sol.json,results/tmp/e2/f_sw3_chk10_t1.50_nopat.dzn,True,True,,
results/tmp/xB_e2_var_chk10_f_sw3_1.50_joint.sol.json,results/tmp/e2/f_sw3_chk10_t1.50_loose.dzn,True,True,,
results/tmp/xB_e2_var_chk10_f_sw3_2.00_PFcheap.sol.json,results/tmp/e2/f_sw3_chk10_t2.00_loose.dzn,True,True,,
results/tmp/xB_e2_var_chk10_f_sw3_2.00_PFlight.sol.json,results/tmp/e2/f_sw3_chk10_t2.00_loose.dzn,True,True,,
results/tmp/xB_e2_var_chk10_f_sw3_2.00_PFmax.sol.json,results/tmp/e2/f_sw3_chk10_t2.00_loose.dzn,True,True,,
results/tmp/xB_e2_var_chk10_f_sw3_2.00_PFmin.sol.json,results/tmp/e2/f_sw3_chk10_t2.00_loose.dzn,True,True,,
results/tmp/xB_e2_var_chk10_f_sw3_2.00_SL.sol.json,results/tmp/e2/f_sw3_chk10_t2.00_loose.dzn,True,True,,
results/tmp/xB_e2_var_chk10_f_sw3_2.00_SL_step1.sol.json,results/tmp/e2/f_sw3_chk10_t2.00_nopat.dzn,True,True,,
results/tmp/xB_e2_var_chk10_f_sw3_2.00_joint.sol.json,results/tmp/e2/f_sw3_chk10_t2.00_loose.dzn,True,True,,
results/tmp/xB_e2_var_chk10_f_sw3_none_PFcheap.sol.json,results/tmp/e2/f_sw3_chk10.dzn,True,True,,
results/tmp/xB_e2_var_chk10_f_sw3_none_PFlight.sol.json,results/tmp/e2/f_sw3_chk10.dzn,True,True,,
results/tmp/xB_e2_var_chk10_f_sw3_none_PFmax.sol.json,results/tmp/e2/f_sw3_chk10.dzn,True,True,,
results/tmp/xB_e2_var_chk10_f_sw3_none_PFmin.sol.json,results/tmp/e2/f_sw3_chk10.dzn,True,True,,
results/tmp/xB_e2_var_chk10_f_sw3_none_SL.sol.json,results/tmp/e2/f_sw3_chk10.dzn,True,True,,
results/tmp/xB_e2_var_chk10_f_sw3_none_SL_step1.sol.json,results/tmp/e2/f_sw3_chk10_nopat.dzn,True,True,,
results/tmp/xB_e2_var_chk10_f_sw3_none_joint.sol.json,results/tmp/e2/f_sw3_chk10.dzn,True,True,,
results/tmp/xB_e2_var_chk10_p_rasta_-_min_period.sol.json,results/tmp/e2/p_rasta_chk10.dzn,True,True,,
results/tmp/xB_e2_var_chk10_p_rasta_1.00_PFcheap.sol.json,results/tmp/e2/p_rasta_chk10_t1.00_loose.dzn,True,True,,
results/tmp/xB_e2_var_chk10_p_rasta_1.00_PFlight.sol.json,results/tmp/e2/p_rasta_chk10_t1.00_loose.dzn,True,True,,
results/tmp/xB_e2_var_chk10_p_rasta_1.00_SL.sol.json,results/tmp/e2/p_rasta_chk10_t1.00_loose.dzn,True,True,,
results/tmp/xB_e2_var_chk10_p_rasta_1.00_SL_step1.sol.json,results/tmp/e2/p_rasta_chk10_t1.00_nopat.dzn,True,True,,
results/tmp/xB_e2_var_chk10_p_rasta_1.00_joint.sol.json,results/tmp/e2/p_rasta_chk10_t1.00_loose.dzn,True,True,,
results/tmp/xB_e2_var_chk10_p_rasta_1.10_PFcheap.sol.json,results/tmp/e2/p_rasta_chk10_t1.10_loose.dzn,True,True,,
results/tmp/xB_e2_var_chk10_p_rasta_1.10_PFlight.sol.json,results/tmp/e2/p_rasta_chk10_t1.10_loose.dzn,True,True,,
results/tmp/xB_e2_var_chk10_p_rasta_1.10_SL.sol.json,results/tmp/e2/p_rasta_chk10_t1.10_loose.dzn,True,True,,
results/tmp/xB_e2_var_chk10_p_rasta_1.10_SL_step1.sol.json,results/tmp/e2/p_rasta_chk10_t1.10_nopat.dzn,True,True,,
results/tmp/xB_e2_var_chk10_p_rasta_1.10_joint.sol.json,results/tmp/e2/p_rasta_chk10_t1.10_loose.dzn,True,True,,
results/tmp/xB_e2_var_chk10_p_rasta_1.25_PFcheap.sol.json,results/tmp/e2/p_rasta_chk10_t1.25_loose.dzn,True,True,,
results/tmp/xB_e2_var_chk10_p_rasta_1.25_PFlight.sol.json,results/tmp/e2/p_rasta_chk10_t1.25_loose.dzn,True,True,,
results/tmp/xB_e2_var_chk10_p_rasta_1.25_SL.sol.json,results/tmp/e2/p_rasta_chk10_t1.25_loose.dzn,True,True,,
results/tmp/xB_e2_var_chk10_p_rasta_1.25_SL_step1.sol.json,results/tmp/e2/p_rasta_chk10_t1.25_nopat.dzn,True,True,,
results/tmp/xB_e2_var_chk10_p_rasta_1.25_joint.sol.json,results/tmp/e2/p_rasta_chk10_t1.25_loose.dzn,True,True,,
results/tmp/xB_e2_var_chk10_p_rasta_1.50_PFcheap.sol.json,results/tmp/e2/p_rasta_chk10_t1.50_loose.dzn,True,True,,
results/tmp/xB_e2_var_chk10_p_rasta_1.50_PFlight.sol.json,results/tmp/e2/p_rasta_chk10_t1.50_loose.dzn,True,True,,
results/tmp/xB_e2_var_chk10_p_rasta_1.50_PFmax.sol.json,results/tmp/e2/p_rasta_chk10_t1.50_loose.dzn,True,True,,
results/tmp/xB_e2_var_chk10_p_rasta_1.50_PFmin.sol.json,results/tmp/e2/p_rasta_chk10_t1.50_loose.dzn,True,True,,
results/tmp/xB_e2_var_chk10_p_rasta_1.50_SL.sol.json,results/tmp/e2/p_rasta_chk10_t1.50_loose.dzn,True,True,,
results/tmp/xB_e2_var_chk10_p_rasta_1.50_SL_step1.sol.json,results/tmp/e2/p_rasta_chk10_t1.50_nopat.dzn,True,True,,
results/tmp/xB_e2_var_chk10_p_rasta_1.50_joint.sol.json,results/tmp/e2/p_rasta_chk10_t1.50_loose.dzn,True,True,,
results/tmp/xB_e2_var_chk10_p_rasta_2.00_PFcheap.sol.json,results/tmp/e2/p_rasta_chk10_t2.00_loose.dzn,True,True,,
results/tmp/xB_e2_var_chk10_p_rasta_2.00_PFlight.sol.json,results/tmp/e2/p_rasta_chk10_t2.00_loose.dzn,True,True,,
results/tmp/xB_e2_var_chk10_p_rasta_2.00_PFmax.sol.json,results/tmp/e2/p_rasta_chk10_t2.00_loose.dzn,True,True,,
results/tmp/xB_e2_var_chk10_p_rasta_2.00_PFmin.sol.json,results/tmp/e2/p_rasta_chk10_t2.00_loose.dzn,True,True,,
results/tmp/xB_e2_var_chk10_p_rasta_2.00_SL.sol.json,results/tmp/e2/p_rasta_chk10_t2.00_loose.dzn,True,True,,
results/tmp/xB_e2_var_chk10_p_rasta_2.00_SL_step1.sol.json,results/tmp/e2/p_rasta_chk10_t2.00_nopat.dzn,True,True,,
results/tmp/xB_e2_var_chk10_p_rasta_2.00_joint.sol.json,results/tmp/e2/p_rasta_chk10_t2.00_loose.dzn,True,True,,
results/tmp/xB_e2_var_chk10_p_rasta_none_PFcheap.sol.json,results/tmp/e2/p_rasta_chk10.dzn,True,True,,
results/tmp/xB_e2_var_chk10_p_rasta_none_PFlight.sol.json,results/tmp/e2/p_rasta_chk10.dzn,True,True,,
results/tmp/xB_e2_var_chk10_p_rasta_none_PFmax.sol.json,results/tmp/e2/p_rasta_chk10.dzn,True,True,,
results/tmp/xB_e2_var_chk10_p_rasta_none_PFmin.sol.json,results/tmp/e2/p_rasta_chk10.dzn,True,True,,
results/tmp/xB_e2_var_chk10_p_rasta_none_SL.sol.json,results/tmp/e2/p_rasta_chk10.dzn,True,True,,
results/tmp/xB_e2_var_chk10_p_rasta_none_SL_step1.sol.json,results/tmp/e2/p_rasta_chk10_nopat.dzn,True,True,,
results/tmp/xB_e2_var_chk10_p_rasta_none_joint.sol.json,results/tmp/e2/p_rasta_chk10.dzn,True,True,,
results/tmp/xB_e2_var_chk10_pc_sobel_-_min_period.sol.json,results/tmp/e2/pc_sobel_chk10_loose.dzn,True,True,,
results/tmp/xB_e2_var_chk10_pc_sobel_1.00_PFcheap.sol.json,results/tmp/e2/pc_sobel_chk10_t1.00_loose.dzn,True,True,,
results/tmp/xB_e2_var_chk10_pc_sobel_1.00_PFlight.sol.json,results/tmp/e2/pc_sobel_chk10_t1.00_loose.dzn,True,True,,
results/tmp/xB_e2_var_chk10_pc_sobel_1.00_SL.sol.json,results/tmp/e2/pc_sobel_chk10_t1.00_loose.dzn,True,True,,
results/tmp/xB_e2_var_chk10_pc_sobel_1.00_SL_step1.sol.json,results/tmp/e2/pc_sobel_chk10_t1.00_nopat.dzn,True,True,,
results/tmp/xB_e2_var_chk10_pc_sobel_1.00_joint.sol.json,results/tmp/e2/pc_sobel_chk10_t1.00_loose.dzn,True,True,,
results/tmp/xB_e2_var_chk10_pc_sobel_1.10_PFcheap.sol.json,results/tmp/e2/pc_sobel_chk10_t1.10_loose.dzn,True,True,,
results/tmp/xB_e2_var_chk10_pc_sobel_1.10_PFlight.sol.json,results/tmp/e2/pc_sobel_chk10_t1.10_loose.dzn,True,True,,
results/tmp/xB_e2_var_chk10_pc_sobel_1.10_SL.sol.json,results/tmp/e2/pc_sobel_chk10_t1.10_loose.dzn,True,True,,
results/tmp/xB_e2_var_chk10_pc_sobel_1.10_SL_step1.sol.json,results/tmp/e2/pc_sobel_chk10_t1.10_nopat.dzn,True,True,,
results/tmp/xB_e2_var_chk10_pc_sobel_1.10_joint.sol.json,results/tmp/e2/pc_sobel_chk10_t1.10_loose.dzn,True,True,,
results/tmp/xB_e2_var_chk10_pc_sobel_1.25_PFcheap.sol.json,results/tmp/e2/pc_sobel_chk10_t1.25_loose.dzn,True,True,,
results/tmp/xB_e2_var_chk10_pc_sobel_1.25_PFlight.sol.json,results/tmp/e2/pc_sobel_chk10_t1.25_loose.dzn,True,True,,
results/tmp/xB_e2_var_chk10_pc_sobel_1.25_SL.sol.json,results/tmp/e2/pc_sobel_chk10_t1.25_loose.dzn,True,True,,
results/tmp/xB_e2_var_chk10_pc_sobel_1.25_SL_step1.sol.json,results/tmp/e2/pc_sobel_chk10_t1.25_nopat.dzn,True,True,,
results/tmp/xB_e2_var_chk10_pc_sobel_1.25_joint.sol.json,results/tmp/e2/pc_sobel_chk10_t1.25_loose.dzn,True,True,,
results/tmp/xB_e2_var_chk10_pc_sobel_1.50_PFcheap.sol.json,results/tmp/e2/pc_sobel_chk10_t1.50_loose.dzn,True,True,,
results/tmp/xB_e2_var_chk10_pc_sobel_1.50_PFlight.sol.json,results/tmp/e2/pc_sobel_chk10_t1.50_loose.dzn,True,True,,
results/tmp/xB_e2_var_chk10_pc_sobel_1.50_SL.sol.json,results/tmp/e2/pc_sobel_chk10_t1.50_loose.dzn,True,True,,
results/tmp/xB_e2_var_chk10_pc_sobel_1.50_SL_step1.sol.json,results/tmp/e2/pc_sobel_chk10_t1.50_nopat.dzn,True,True,,
results/tmp/xB_e2_var_chk10_pc_sobel_1.50_joint.sol.json,results/tmp/e2/pc_sobel_chk10_t1.50_loose.dzn,True,True,,
results/tmp/xB_e2_var_chk10_pc_sobel_2.00_PFcheap.sol.json,results/tmp/e2/pc_sobel_chk10_t2.00_loose.dzn,True,True,,
results/tmp/xB_e2_var_chk10_pc_sobel_2.00_PFlight.sol.json,results/tmp/e2/pc_sobel_chk10_t2.00_loose.dzn,True,True,,
results/tmp/xB_e2_var_chk10_pc_sobel_2.00_PFmax.sol.json,results/tmp/e2/pc_sobel_chk10_t2.00_loose.dzn,True,True,,
results/tmp/xB_e2_var_chk10_pc_sobel_2.00_PFmin.sol.json,results/tmp/e2/pc_sobel_chk10_t2.00_loose.dzn,True,True,,
results/tmp/xB_e2_var_chk10_pc_sobel_2.00_SL.sol.json,results/tmp/e2/pc_sobel_chk10_t2.00_loose.dzn,True,True,,
results/tmp/xB_e2_var_chk10_pc_sobel_2.00_SL_step1.sol.json,results/tmp/e2/pc_sobel_chk10_t2.00_nopat.dzn,True,True,,
results/tmp/xB_e2_var_chk10_pc_sobel_2.00_joint.sol.json,results/tmp/e2/pc_sobel_chk10_t2.00_loose.dzn,True,True,,
results/tmp/xB_e2_var_chk10_pc_sobel_none_PFcheap.sol.json,results/tmp/e2/pc_sobel_chk10_loose.dzn,True,True,,
results/tmp/xB_e2_var_chk10_pc_sobel_none_PFlight.sol.json,results/tmp/e2/pc_sobel_chk10_loose.dzn,True,True,,
results/tmp/xB_e2_var_chk10_pc_sobel_none_PFmax.sol.json,results/tmp/e2/pc_sobel_chk10_loose.dzn,True,True,,
results/tmp/xB_e2_var_chk10_pc_sobel_none_PFmin.sol.json,results/tmp/e2/pc_sobel_chk10_loose.dzn,True,True,,
results/tmp/xB_e2_var_chk10_pc_sobel_none_SL.sol.json,results/tmp/e2/pc_sobel_chk10_loose.dzn,True,True,,
results/tmp/xB_e2_var_chk10_pc_sobel_none_SL_step1.sol.json,results/tmp/e2/pc_sobel_chk10_nopat.dzn,True,True,,
results/tmp/xB_e2_var_chk10_pc_sobel_none_joint.sol.json,results/tmp/e2/pc_sobel_chk10_loose.dzn,True,True,,
results/tmp/xB_e2_var_chk10_v_nvp_-_min_period.sol.json,results/tmp/e2/v_nvp_chk10.dzn,True,True,,
results/tmp/xB_e2_var_chk10_v_nvp_1.00_PFcheap.sol.json,results/tmp/e2/v_nvp_chk10_t1.00_loose.dzn,True,True,,
results/tmp/xB_e2_var_chk10_v_nvp_1.00_PFlight.sol.json,results/tmp/e2/v_nvp_chk10_t1.00_loose.dzn,True,True,,
results/tmp/xB_e2_var_chk10_v_nvp_1.00_PFmax.sol.json,results/tmp/e2/v_nvp_chk10_t1.00_loose.dzn,True,True,,
results/tmp/xB_e2_var_chk10_v_nvp_1.00_PFmin.sol.json,results/tmp/e2/v_nvp_chk10_t1.00_loose.dzn,True,True,,
results/tmp/xB_e2_var_chk10_v_nvp_1.00_SL.sol.json,results/tmp/e2/v_nvp_chk10_t1.00_loose.dzn,True,True,,
results/tmp/xB_e2_var_chk10_v_nvp_1.00_SL_step1.sol.json,results/tmp/e2/v_nvp_chk10_t1.00_nopat.dzn,True,True,,
results/tmp/xB_e2_var_chk10_v_nvp_1.00_joint.sol.json,results/tmp/e2/v_nvp_chk10_t1.00_loose.dzn,True,True,,
results/tmp/xB_e2_var_chk10_v_nvp_1.10_PFcheap.sol.json,results/tmp/e2/v_nvp_chk10_t1.10_loose.dzn,True,True,,
results/tmp/xB_e2_var_chk10_v_nvp_1.10_PFlight.sol.json,results/tmp/e2/v_nvp_chk10_t1.10_loose.dzn,True,True,,
results/tmp/xB_e2_var_chk10_v_nvp_1.10_PFmax.sol.json,results/tmp/e2/v_nvp_chk10_t1.10_loose.dzn,True,True,,
results/tmp/xB_e2_var_chk10_v_nvp_1.10_PFmin.sol.json,results/tmp/e2/v_nvp_chk10_t1.10_loose.dzn,True,True,,
results/tmp/xB_e2_var_chk10_v_nvp_1.10_SL.sol.json,results/tmp/e2/v_nvp_chk10_t1.10_loose.dzn,True,True,,
results/tmp/xB_e2_var_chk10_v_nvp_1.10_SL_step1.sol.json,results/tmp/e2/v_nvp_chk10_t1.10_nopat.dzn,True,True,,
results/tmp/xB_e2_var_chk10_v_nvp_1.10_joint.sol.json,results/tmp/e2/v_nvp_chk10_t1.10_loose.dzn,True,True,,
results/tmp/xB_e2_var_chk10_v_nvp_1.25_PFcheap.sol.json,results/tmp/e2/v_nvp_chk10_t1.25_loose.dzn,True,True,,
results/tmp/xB_e2_var_chk10_v_nvp_1.25_PFlight.sol.json,results/tmp/e2/v_nvp_chk10_t1.25_loose.dzn,True,True,,
results/tmp/xB_e2_var_chk10_v_nvp_1.25_PFmax.sol.json,results/tmp/e2/v_nvp_chk10_t1.25_loose.dzn,True,True,,
results/tmp/xB_e2_var_chk10_v_nvp_1.25_PFmin.sol.json,results/tmp/e2/v_nvp_chk10_t1.25_loose.dzn,True,True,,
results/tmp/xB_e2_var_chk10_v_nvp_1.25_SL.sol.json,results/tmp/e2/v_nvp_chk10_t1.25_loose.dzn,True,True,,
results/tmp/xB_e2_var_chk10_v_nvp_1.25_SL_step1.sol.json,results/tmp/e2/v_nvp_chk10_t1.25_nopat.dzn,True,True,,
results/tmp/xB_e2_var_chk10_v_nvp_1.25_joint.sol.json,results/tmp/e2/v_nvp_chk10_t1.25_loose.dzn,True,True,,
results/tmp/xB_e2_var_chk10_v_nvp_1.50_PFcheap.sol.json,results/tmp/e2/v_nvp_chk10_t1.50_loose.dzn,True,True,,
results/tmp/xB_e2_var_chk10_v_nvp_1.50_PFlight.sol.json,results/tmp/e2/v_nvp_chk10_t1.50_loose.dzn,True,True,,
results/tmp/xB_e2_var_chk10_v_nvp_1.50_PFmax.sol.json,results/tmp/e2/v_nvp_chk10_t1.50_loose.dzn,True,True,,
results/tmp/xB_e2_var_chk10_v_nvp_1.50_PFmin.sol.json,results/tmp/e2/v_nvp_chk10_t1.50_loose.dzn,True,True,,
results/tmp/xB_e2_var_chk10_v_nvp_1.50_SL.sol.json,results/tmp/e2/v_nvp_chk10_t1.50_loose.dzn,True,True,,
results/tmp/xB_e2_var_chk10_v_nvp_1.50_SL_step1.sol.json,results/tmp/e2/v_nvp_chk10_t1.50_nopat.dzn,True,True,,
results/tmp/xB_e2_var_chk10_v_nvp_1.50_joint.sol.json,results/tmp/e2/v_nvp_chk10_t1.50_loose.dzn,True,True,,
results/tmp/xB_e2_var_chk10_v_nvp_2.00_PFcheap.sol.json,results/tmp/e2/v_nvp_chk10_t2.00_loose.dzn,True,True,,
results/tmp/xB_e2_var_chk10_v_nvp_2.00_PFlight.sol.json,results/tmp/e2/v_nvp_chk10_t2.00_loose.dzn,True,True,,
results/tmp/xB_e2_var_chk10_v_nvp_2.00_PFmax.sol.json,results/tmp/e2/v_nvp_chk10_t2.00_loose.dzn,True,True,,
results/tmp/xB_e2_var_chk10_v_nvp_2.00_PFmin.sol.json,results/tmp/e2/v_nvp_chk10_t2.00_loose.dzn,True,True,,
results/tmp/xB_e2_var_chk10_v_nvp_2.00_SL.sol.json,results/tmp/e2/v_nvp_chk10_t2.00_loose.dzn,True,True,,
results/tmp/xB_e2_var_chk10_v_nvp_2.00_SL_step1.sol.json,results/tmp/e2/v_nvp_chk10_t2.00_nopat.dzn,True,True,,
results/tmp/xB_e2_var_chk10_v_nvp_2.00_joint.sol.json,results/tmp/e2/v_nvp_chk10_t2.00_loose.dzn,True,True,,
results/tmp/xB_e2_var_chk10_v_nvp_none_PFcheap.sol.json,results/tmp/e2/v_nvp_chk10.dzn,True,True,,
results/tmp/xB_e2_var_chk10_v_nvp_none_PFlight.sol.json,results/tmp/e2/v_nvp_chk10.dzn,True,True,,
results/tmp/xB_e2_var_chk10_v_nvp_none_PFmax.sol.json,results/tmp/e2/v_nvp_chk10.dzn,True,True,,
results/tmp/xB_e2_var_chk10_v_nvp_none_PFmin.sol.json,results/tmp/e2/v_nvp_chk10.dzn,True,True,,
results/tmp/xB_e2_var_chk10_v_nvp_none_SL.sol.json,results/tmp/e2/v_nvp_chk10.dzn,True,True,,
results/tmp/xB_e2_var_chk10_v_nvp_none_SL_step1.sol.json,results/tmp/e2/v_nvp_chk10_nopat.dzn,True,True,,
results/tmp/xB_e2_var_chk10_v_nvp_none_joint.sol.json,results/tmp/e2/v_nvp_chk10.dzn,True,True,,
results/tmp/xB_e2_var_chk50_c_pat_-_min_period.sol.json,results/tmp/e2/c_pat_chk50.dzn,True,True,,
results/tmp/xB_e2_var_chk50_c_pat_1.00_PFcheap.sol.json,results/tmp/e2/c_pat_chk50_t1.00_loose.dzn,True,True,,
results/tmp/xB_e2_var_chk50_c_pat_1.00_PFlight.sol.json,results/tmp/e2/c_pat_chk50_t1.00_loose.dzn,True,True,,
results/tmp/xB_e2_var_chk50_c_pat_1.00_SL.sol.json,results/tmp/e2/c_pat_chk50_t1.00_loose.dzn,True,True,,
results/tmp/xB_e2_var_chk50_c_pat_1.00_SL_step1.sol.json,results/tmp/e2/c_pat_chk50_t1.00_nopat.dzn,True,True,,
results/tmp/xB_e2_var_chk50_c_pat_1.00_joint.sol.json,results/tmp/e2/c_pat_chk50_t1.00_loose.dzn,True,True,,
results/tmp/xB_e2_var_chk50_c_pat_1.10_PFcheap.sol.json,results/tmp/e2/c_pat_chk50_t1.10_loose.dzn,True,True,,
results/tmp/xB_e2_var_chk50_c_pat_1.10_PFlight.sol.json,results/tmp/e2/c_pat_chk50_t1.10_loose.dzn,True,True,,
results/tmp/xB_e2_var_chk50_c_pat_1.10_SL.sol.json,results/tmp/e2/c_pat_chk50_t1.10_loose.dzn,True,True,,
results/tmp/xB_e2_var_chk50_c_pat_1.10_SL_step1.sol.json,results/tmp/e2/c_pat_chk50_t1.10_nopat.dzn,True,True,,
results/tmp/xB_e2_var_chk50_c_pat_1.10_joint.sol.json,results/tmp/e2/c_pat_chk50_t1.10_loose.dzn,True,True,,
results/tmp/xB_e2_var_chk50_c_pat_1.25_PFcheap.sol.json,results/tmp/e2/c_pat_chk50_t1.25_loose.dzn,True,True,,
results/tmp/xB_e2_var_chk50_c_pat_1.25_PFlight.sol.json,results/tmp/e2/c_pat_chk50_t1.25_loose.dzn,True,True,,
results/tmp/xB_e2_var_chk50_c_pat_1.25_SL.sol.json,results/tmp/e2/c_pat_chk50_t1.25_loose.dzn,True,True,,
results/tmp/xB_e2_var_chk50_c_pat_1.25_SL_step1.sol.json,results/tmp/e2/c_pat_chk50_t1.25_nopat.dzn,True,True,,
results/tmp/xB_e2_var_chk50_c_pat_1.25_joint.sol.json,results/tmp/e2/c_pat_chk50_t1.25_loose.dzn,True,True,,
results/tmp/xB_e2_var_chk50_c_pat_1.50_PFcheap.sol.json,results/tmp/e2/c_pat_chk50_t1.50_loose.dzn,True,True,,
results/tmp/xB_e2_var_chk50_c_pat_1.50_PFlight.sol.json,results/tmp/e2/c_pat_chk50_t1.50_loose.dzn,True,True,,
results/tmp/xB_e2_var_chk50_c_pat_1.50_PFmax.sol.json,results/tmp/e2/c_pat_chk50_t1.50_loose.dzn,True,True,,
results/tmp/xB_e2_var_chk50_c_pat_1.50_PFmin.sol.json,results/tmp/e2/c_pat_chk50_t1.50_loose.dzn,True,True,,
results/tmp/xB_e2_var_chk50_c_pat_1.50_SL.sol.json,results/tmp/e2/c_pat_chk50_t1.50_loose.dzn,True,True,,
results/tmp/xB_e2_var_chk50_c_pat_1.50_SL_step1.sol.json,results/tmp/e2/c_pat_chk50_t1.50_nopat.dzn,True,True,,
results/tmp/xB_e2_var_chk50_c_pat_1.50_joint.sol.json,results/tmp/e2/c_pat_chk50_t1.50_loose.dzn,True,True,,
results/tmp/xB_e2_var_chk50_c_pat_2.00_PFcheap.sol.json,results/tmp/e2/c_pat_chk50_t2.00_loose.dzn,True,True,,
results/tmp/xB_e2_var_chk50_c_pat_2.00_PFlight.sol.json,results/tmp/e2/c_pat_chk50_t2.00_loose.dzn,True,True,,
results/tmp/xB_e2_var_chk50_c_pat_2.00_PFmax.sol.json,results/tmp/e2/c_pat_chk50_t2.00_loose.dzn,True,True,,
results/tmp/xB_e2_var_chk50_c_pat_2.00_PFmin.sol.json,results/tmp/e2/c_pat_chk50_t2.00_loose.dzn,True,True,,
results/tmp/xB_e2_var_chk50_c_pat_2.00_SL.sol.json,results/tmp/e2/c_pat_chk50_t2.00_loose.dzn,True,True,,
results/tmp/xB_e2_var_chk50_c_pat_2.00_SL_step1.sol.json,results/tmp/e2/c_pat_chk50_t2.00_nopat.dzn,True,True,,
results/tmp/xB_e2_var_chk50_c_pat_2.00_joint.sol.json,results/tmp/e2/c_pat_chk50_t2.00_loose.dzn,True,True,,
results/tmp/xB_e2_var_chk50_c_pat_none_PFcheap.sol.json,results/tmp/e2/c_pat_chk50.dzn,True,True,,
results/tmp/xB_e2_var_chk50_c_pat_none_PFlight.sol.json,results/tmp/e2/c_pat_chk50.dzn,True,True,,
results/tmp/xB_e2_var_chk50_c_pat_none_PFmax.sol.json,results/tmp/e2/c_pat_chk50.dzn,True,True,,
results/tmp/xB_e2_var_chk50_c_pat_none_PFmin.sol.json,results/tmp/e2/c_pat_chk50.dzn,True,True,,
results/tmp/xB_e2_var_chk50_c_pat_none_SL.sol.json,results/tmp/e2/c_pat_chk50.dzn,True,True,,
results/tmp/xB_e2_var_chk50_c_pat_none_SL_step1.sol.json,results/tmp/e2/c_pat_chk50_nopat.dzn,True,True,,
results/tmp/xB_e2_var_chk50_c_pat_none_joint.sol.json,results/tmp/e2/c_pat_chk50.dzn,True,True,,
results/tmp/xB_e2_var_chk50_d_random_hw_-_min_period.sol.json,results/tmp/e2/d_random_hw_chk50.dzn,True,True,,
results/tmp/xB_e2_var_chk50_d_random_hw_1.00_PFcheap.sol.json,results/tmp/e2/d_random_hw_chk50_t1.00_loose.dzn,True,True,,
results/tmp/xB_e2_var_chk50_d_random_hw_1.00_PFlight.sol.json,results/tmp/e2/d_random_hw_chk50_t1.00_loose.dzn,True,True,,
results/tmp/xB_e2_var_chk50_d_random_hw_1.00_PFmax.sol.json,results/tmp/e2/d_random_hw_chk50_t1.00_loose.dzn,True,True,,
results/tmp/xB_e2_var_chk50_d_random_hw_1.00_PFmin.sol.json,results/tmp/e2/d_random_hw_chk50_t1.00_loose.dzn,True,True,,
results/tmp/xB_e2_var_chk50_d_random_hw_1.00_SL_step1.sol.json,results/tmp/e2/d_random_hw_chk50_t1.00_nopat.dzn,True,True,,
results/tmp/xB_e2_var_chk50_d_random_hw_1.00_joint.sol.json,results/tmp/e2/d_random_hw_chk50_t1.00_loose.dzn,True,True,,
results/tmp/xB_e2_var_chk50_d_random_hw_1.10_PFcheap.sol.json,results/tmp/e2/d_random_hw_chk50_t1.10_loose.dzn,True,True,,
results/tmp/xB_e2_var_chk50_d_random_hw_1.10_PFlight.sol.json,results/tmp/e2/d_random_hw_chk50_t1.10_loose.dzn,True,True,,
results/tmp/xB_e2_var_chk50_d_random_hw_1.10_PFmax.sol.json,results/tmp/e2/d_random_hw_chk50_t1.10_loose.dzn,True,True,,
results/tmp/xB_e2_var_chk50_d_random_hw_1.10_PFmin.sol.json,results/tmp/e2/d_random_hw_chk50_t1.10_loose.dzn,True,True,,
results/tmp/xB_e2_var_chk50_d_random_hw_1.10_SL_step1.sol.json,results/tmp/e2/d_random_hw_chk50_t1.10_nopat.dzn,True,True,,
results/tmp/xB_e2_var_chk50_d_random_hw_1.10_joint.sol.json,results/tmp/e2/d_random_hw_chk50_t1.10_loose.dzn,True,True,,
results/tmp/xB_e2_var_chk50_d_random_hw_1.25_PFcheap.sol.json,results/tmp/e2/d_random_hw_chk50_t1.25_loose.dzn,True,True,,
results/tmp/xB_e2_var_chk50_d_random_hw_1.25_PFlight.sol.json,results/tmp/e2/d_random_hw_chk50_t1.25_loose.dzn,True,True,,
results/tmp/xB_e2_var_chk50_d_random_hw_1.25_PFmax.sol.json,results/tmp/e2/d_random_hw_chk50_t1.25_loose.dzn,True,True,,
results/tmp/xB_e2_var_chk50_d_random_hw_1.25_PFmin.sol.json,results/tmp/e2/d_random_hw_chk50_t1.25_loose.dzn,True,True,,
results/tmp/xB_e2_var_chk50_d_random_hw_1.25_SL.sol.json,results/tmp/e2/d_random_hw_chk50_t1.25_loose.dzn,True,True,,
results/tmp/xB_e2_var_chk50_d_random_hw_1.25_SL_step1.sol.json,results/tmp/e2/d_random_hw_chk50_t1.25_nopat.dzn,True,True,,
results/tmp/xB_e2_var_chk50_d_random_hw_1.25_joint.sol.json,results/tmp/e2/d_random_hw_chk50_t1.25_loose.dzn,True,True,,
results/tmp/xB_e2_var_chk50_d_random_hw_1.50_PFcheap.sol.json,results/tmp/e2/d_random_hw_chk50_t1.50_loose.dzn,True,True,,
results/tmp/xB_e2_var_chk50_d_random_hw_1.50_PFlight.sol.json,results/tmp/e2/d_random_hw_chk50_t1.50_loose.dzn,True,True,,
results/tmp/xB_e2_var_chk50_d_random_hw_1.50_PFmax.sol.json,results/tmp/e2/d_random_hw_chk50_t1.50_loose.dzn,True,True,,
results/tmp/xB_e2_var_chk50_d_random_hw_1.50_PFmin.sol.json,results/tmp/e2/d_random_hw_chk50_t1.50_loose.dzn,True,True,,
results/tmp/xB_e2_var_chk50_d_random_hw_1.50_SL.sol.json,results/tmp/e2/d_random_hw_chk50_t1.50_loose.dzn,True,True,,
results/tmp/xB_e2_var_chk50_d_random_hw_1.50_SL_step1.sol.json,results/tmp/e2/d_random_hw_chk50_t1.50_nopat.dzn,True,True,,
results/tmp/xB_e2_var_chk50_d_random_hw_1.50_joint.sol.json,results/tmp/e2/d_random_hw_chk50_t1.50_loose.dzn,True,True,,
results/tmp/xB_e2_var_chk50_d_random_hw_2.00_PFcheap.sol.json,results/tmp/e2/d_random_hw_chk50_t2.00_loose.dzn,True,True,,
results/tmp/xB_e2_var_chk50_d_random_hw_2.00_PFlight.sol.json,results/tmp/e2/d_random_hw_chk50_t2.00_loose.dzn,True,True,,
results/tmp/xB_e2_var_chk50_d_random_hw_2.00_PFmax.sol.json,results/tmp/e2/d_random_hw_chk50_t2.00_loose.dzn,True,True,,
results/tmp/xB_e2_var_chk50_d_random_hw_2.00_PFmin.sol.json,results/tmp/e2/d_random_hw_chk50_t2.00_loose.dzn,True,True,,
results/tmp/xB_e2_var_chk50_d_random_hw_2.00_SL.sol.json,results/tmp/e2/d_random_hw_chk50_t2.00_loose.dzn,True,True,,
results/tmp/xB_e2_var_chk50_d_random_hw_2.00_SL_step1.sol.json,results/tmp/e2/d_random_hw_chk50_t2.00_nopat.dzn,True,True,,
results/tmp/xB_e2_var_chk50_d_random_hw_2.00_joint.sol.json,results/tmp/e2/d_random_hw_chk50_t2.00_loose.dzn,True,True,,
results/tmp/xB_e2_var_chk50_d_random_hw_none_PFcheap.sol.json,results/tmp/e2/d_random_hw_chk50.dzn,True,True,,
results/tmp/xB_e2_var_chk50_d_random_hw_none_PFlight.sol.json,results/tmp/e2/d_random_hw_chk50.dzn,True,True,,
results/tmp/xB_e2_var_chk50_d_random_hw_none_PFmax.sol.json,results/tmp/e2/d_random_hw_chk50.dzn,True,True,,
results/tmp/xB_e2_var_chk50_d_random_hw_none_PFmin.sol.json,results/tmp/e2/d_random_hw_chk50.dzn,True,True,,
results/tmp/xB_e2_var_chk50_d_random_hw_none_SL.sol.json,results/tmp/e2/d_random_hw_chk50.dzn,True,True,,
results/tmp/xB_e2_var_chk50_d_random_hw_none_SL_step1.sol.json,results/tmp/e2/d_random_hw_chk50_nopat.dzn,True,True,,
results/tmp/xB_e2_var_chk50_d_random_hw_none_joint.sol.json,results/tmp/e2/d_random_hw_chk50.dzn,True,True,,
results/tmp/xB_e2_var_chk50_d_systematic_sw_-_min_period.sol.json,results/tmp/e2/d_systematic_sw_chk50.dzn,True,True,,
results/tmp/xB_e2_var_chk50_d_systematic_sw_1.00_PFcheap.sol.json,results/tmp/e2/d_systematic_sw_chk50_t1.00_loose.dzn,True,True,,
results/tmp/xB_e2_var_chk50_d_systematic_sw_1.00_PFlight.sol.json,results/tmp/e2/d_systematic_sw_chk50_t1.00_loose.dzn,True,True,,
results/tmp/xB_e2_var_chk50_d_systematic_sw_1.00_PFmin.sol.json,results/tmp/e2/d_systematic_sw_chk50_t1.00_loose.dzn,True,True,,
results/tmp/xB_e2_var_chk50_d_systematic_sw_1.00_SL_step1.sol.json,results/tmp/e2/d_systematic_sw_chk50_t1.00_nopat.dzn,True,True,,
results/tmp/xB_e2_var_chk50_d_systematic_sw_1.00_joint.sol.json,results/tmp/e2/d_systematic_sw_chk50_t1.00_loose.dzn,True,True,,
results/tmp/xB_e2_var_chk50_d_systematic_sw_1.10_PFcheap.sol.json,results/tmp/e2/d_systematic_sw_chk50_t1.10_loose.dzn,True,True,,
results/tmp/xB_e2_var_chk50_d_systematic_sw_1.10_PFlight.sol.json,results/tmp/e2/d_systematic_sw_chk50_t1.10_loose.dzn,True,True,,
results/tmp/xB_e2_var_chk50_d_systematic_sw_1.10_PFmax.sol.json,results/tmp/e2/d_systematic_sw_chk50_t1.10_loose.dzn,True,True,,
results/tmp/xB_e2_var_chk50_d_systematic_sw_1.10_PFmin.sol.json,results/tmp/e2/d_systematic_sw_chk50_t1.10_loose.dzn,True,True,,
results/tmp/xB_e2_var_chk50_d_systematic_sw_1.10_SL_step1.sol.json,results/tmp/e2/d_systematic_sw_chk50_t1.10_nopat.dzn,True,True,,
results/tmp/xB_e2_var_chk50_d_systematic_sw_1.10_joint.sol.json,results/tmp/e2/d_systematic_sw_chk50_t1.10_loose.dzn,True,True,,
results/tmp/xB_e2_var_chk50_d_systematic_sw_1.25_PFcheap.sol.json,results/tmp/e2/d_systematic_sw_chk50_t1.25_loose.dzn,True,True,,
results/tmp/xB_e2_var_chk50_d_systematic_sw_1.25_PFlight.sol.json,results/tmp/e2/d_systematic_sw_chk50_t1.25_loose.dzn,True,True,,
results/tmp/xB_e2_var_chk50_d_systematic_sw_1.25_PFmax.sol.json,results/tmp/e2/d_systematic_sw_chk50_t1.25_loose.dzn,True,True,,
results/tmp/xB_e2_var_chk50_d_systematic_sw_1.25_PFmin.sol.json,results/tmp/e2/d_systematic_sw_chk50_t1.25_loose.dzn,True,True,,
results/tmp/xB_e2_var_chk50_d_systematic_sw_1.25_SL.sol.json,results/tmp/e2/d_systematic_sw_chk50_t1.25_loose.dzn,True,True,,
results/tmp/xB_e2_var_chk50_d_systematic_sw_1.25_SL_step1.sol.json,results/tmp/e2/d_systematic_sw_chk50_t1.25_nopat.dzn,True,True,,
results/tmp/xB_e2_var_chk50_d_systematic_sw_1.25_joint.sol.json,results/tmp/e2/d_systematic_sw_chk50_t1.25_loose.dzn,True,True,,
results/tmp/xB_e2_var_chk50_d_systematic_sw_1.50_PFcheap.sol.json,results/tmp/e2/d_systematic_sw_chk50_t1.50_loose.dzn,True,True,,
results/tmp/xB_e2_var_chk50_d_systematic_sw_1.50_PFlight.sol.json,results/tmp/e2/d_systematic_sw_chk50_t1.50_loose.dzn,True,True,,
results/tmp/xB_e2_var_chk50_d_systematic_sw_1.50_PFmax.sol.json,results/tmp/e2/d_systematic_sw_chk50_t1.50_loose.dzn,True,True,,
results/tmp/xB_e2_var_chk50_d_systematic_sw_1.50_PFmin.sol.json,results/tmp/e2/d_systematic_sw_chk50_t1.50_loose.dzn,True,True,,
results/tmp/xB_e2_var_chk50_d_systematic_sw_1.50_SL.sol.json,results/tmp/e2/d_systematic_sw_chk50_t1.50_loose.dzn,True,True,,
results/tmp/xB_e2_var_chk50_d_systematic_sw_1.50_SL_step1.sol.json,results/tmp/e2/d_systematic_sw_chk50_t1.50_nopat.dzn,True,True,,
results/tmp/xB_e2_var_chk50_d_systematic_sw_1.50_joint.sol.json,results/tmp/e2/d_systematic_sw_chk50_t1.50_loose.dzn,True,True,,
results/tmp/xB_e2_var_chk50_d_systematic_sw_2.00_PFcheap.sol.json,results/tmp/e2/d_systematic_sw_chk50_t2.00_loose.dzn,True,True,,
results/tmp/xB_e2_var_chk50_d_systematic_sw_2.00_PFlight.sol.json,results/tmp/e2/d_systematic_sw_chk50_t2.00_loose.dzn,True,True,,
results/tmp/xB_e2_var_chk50_d_systematic_sw_2.00_PFmax.sol.json,results/tmp/e2/d_systematic_sw_chk50_t2.00_loose.dzn,True,True,,
results/tmp/xB_e2_var_chk50_d_systematic_sw_2.00_PFmin.sol.json,results/tmp/e2/d_systematic_sw_chk50_t2.00_loose.dzn,True,True,,
results/tmp/xB_e2_var_chk50_d_systematic_sw_2.00_SL.sol.json,results/tmp/e2/d_systematic_sw_chk50_t2.00_loose.dzn,True,True,,
results/tmp/xB_e2_var_chk50_d_systematic_sw_2.00_SL_step1.sol.json,results/tmp/e2/d_systematic_sw_chk50_t2.00_nopat.dzn,True,True,,
results/tmp/xB_e2_var_chk50_d_systematic_sw_2.00_joint.sol.json,results/tmp/e2/d_systematic_sw_chk50_t2.00_loose.dzn,True,True,,
results/tmp/xB_e2_var_chk50_d_systematic_sw_none_PFcheap.sol.json,results/tmp/e2/d_systematic_sw_chk50.dzn,True,True,,
results/tmp/xB_e2_var_chk50_d_systematic_sw_none_PFlight.sol.json,results/tmp/e2/d_systematic_sw_chk50.dzn,True,True,,
results/tmp/xB_e2_var_chk50_d_systematic_sw_none_PFmax.sol.json,results/tmp/e2/d_systematic_sw_chk50.dzn,True,True,,
results/tmp/xB_e2_var_chk50_d_systematic_sw_none_PFmin.sol.json,results/tmp/e2/d_systematic_sw_chk50.dzn,True,True,,
results/tmp/xB_e2_var_chk50_d_systematic_sw_none_SL.sol.json,results/tmp/e2/d_systematic_sw_chk50.dzn,True,True,,
results/tmp/xB_e2_var_chk50_d_systematic_sw_none_SL_step1.sol.json,results/tmp/e2/d_systematic_sw_chk50_nopat.dzn,True,True,,
results/tmp/xB_e2_var_chk50_d_systematic_sw_none_joint.sol.json,results/tmp/e2/d_systematic_sw_chk50.dzn,True,True,,
results/tmp/xB_e2_var_chk50_f_both3_-_min_period.sol.json,results/tmp/e2/f_both3_chk50.dzn,True,True,,
results/tmp/xB_e2_var_chk50_f_both3_1.00_SL.sol.json,results/tmp/e2/f_both3_chk50_t1.00_loose.dzn,True,True,,
results/tmp/xB_e2_var_chk50_f_both3_1.00_SL_step1.sol.json,results/tmp/e2/f_both3_chk50_t1.00_nopat.dzn,True,True,,
results/tmp/xB_e2_var_chk50_f_both3_1.00_joint.sol.json,results/tmp/e2/f_both3_chk50_t1.00_loose.dzn,True,True,,
results/tmp/xB_e2_var_chk50_f_both3_1.10_SL.sol.json,results/tmp/e2/f_both3_chk50_t1.10_loose.dzn,True,True,,
results/tmp/xB_e2_var_chk50_f_both3_1.10_SL_step1.sol.json,results/tmp/e2/f_both3_chk50_t1.10_nopat.dzn,True,True,,
results/tmp/xB_e2_var_chk50_f_both3_1.10_joint.sol.json,results/tmp/e2/f_both3_chk50_t1.10_loose.dzn,True,True,,
results/tmp/xB_e2_var_chk50_f_both3_1.25_SL.sol.json,results/tmp/e2/f_both3_chk50_t1.25_loose.dzn,True,True,,
results/tmp/xB_e2_var_chk50_f_both3_1.25_SL_step1.sol.json,results/tmp/e2/f_both3_chk50_t1.25_nopat.dzn,True,True,,
results/tmp/xB_e2_var_chk50_f_both3_1.25_joint.sol.json,results/tmp/e2/f_both3_chk50_t1.25_loose.dzn,True,True,,
results/tmp/xB_e2_var_chk50_f_both3_1.50_PFcheap.sol.json,results/tmp/e2/f_both3_chk50_t1.50_loose.dzn,True,True,,
results/tmp/xB_e2_var_chk50_f_both3_1.50_PFlight.sol.json,results/tmp/e2/f_both3_chk50_t1.50_loose.dzn,True,True,,
results/tmp/xB_e2_var_chk50_f_both3_1.50_PFmax.sol.json,results/tmp/e2/f_both3_chk50_t1.50_loose.dzn,True,True,,
results/tmp/xB_e2_var_chk50_f_both3_1.50_PFmin.sol.json,results/tmp/e2/f_both3_chk50_t1.50_loose.dzn,True,True,,
results/tmp/xB_e2_var_chk50_f_both3_1.50_SL.sol.json,results/tmp/e2/f_both3_chk50_t1.50_loose.dzn,True,True,,
results/tmp/xB_e2_var_chk50_f_both3_1.50_SL_step1.sol.json,results/tmp/e2/f_both3_chk50_t1.50_nopat.dzn,True,True,,
results/tmp/xB_e2_var_chk50_f_both3_1.50_joint.sol.json,results/tmp/e2/f_both3_chk50_t1.50_loose.dzn,True,True,,
results/tmp/xB_e2_var_chk50_f_both3_2.00_PFcheap.sol.json,results/tmp/e2/f_both3_chk50_t2.00_loose.dzn,True,True,,
results/tmp/xB_e2_var_chk50_f_both3_2.00_PFlight.sol.json,results/tmp/e2/f_both3_chk50_t2.00_loose.dzn,True,True,,
results/tmp/xB_e2_var_chk50_f_both3_2.00_PFmax.sol.json,results/tmp/e2/f_both3_chk50_t2.00_loose.dzn,True,True,,
results/tmp/xB_e2_var_chk50_f_both3_2.00_PFmin.sol.json,results/tmp/e2/f_both3_chk50_t2.00_loose.dzn,True,True,,
results/tmp/xB_e2_var_chk50_f_both3_2.00_SL.sol.json,results/tmp/e2/f_both3_chk50_t2.00_loose.dzn,True,True,,
results/tmp/xB_e2_var_chk50_f_both3_2.00_SL_step1.sol.json,results/tmp/e2/f_both3_chk50_t2.00_nopat.dzn,True,True,,
results/tmp/xB_e2_var_chk50_f_both3_2.00_joint.sol.json,results/tmp/e2/f_both3_chk50_t2.00_loose.dzn,True,True,,
results/tmp/xB_e2_var_chk50_f_both3_none_PFcheap.sol.json,results/tmp/e2/f_both3_chk50.dzn,True,True,,
results/tmp/xB_e2_var_chk50_f_both3_none_PFlight.sol.json,results/tmp/e2/f_both3_chk50.dzn,True,True,,
results/tmp/xB_e2_var_chk50_f_both3_none_PFmax.sol.json,results/tmp/e2/f_both3_chk50.dzn,True,True,,
results/tmp/xB_e2_var_chk50_f_both3_none_PFmin.sol.json,results/tmp/e2/f_both3_chk50.dzn,True,True,,
results/tmp/xB_e2_var_chk50_f_both3_none_SL.sol.json,results/tmp/e2/f_both3_chk50.dzn,True,True,,
results/tmp/xB_e2_var_chk50_f_both3_none_SL_step1.sol.json,results/tmp/e2/f_both3_chk50_nopat.dzn,True,True,,
results/tmp/xB_e2_var_chk50_f_both3_none_joint.sol.json,results/tmp/e2/f_both3_chk50.dzn,True,True,,
results/tmp/xB_e2_var_chk50_f_random_hw_-_min_period.sol.json,results/tmp/e2/f_random_hw_chk50.dzn,True,True,,
results/tmp/xB_e2_var_chk50_f_random_hw_1.00_PFcheap.sol.json,results/tmp/e2/f_random_hw_chk50_t1.00_loose.dzn,True,True,,
results/tmp/xB_e2_var_chk50_f_random_hw_1.00_PFlight.sol.json,results/tmp/e2/f_random_hw_chk50_t1.00_loose.dzn,True,True,,
results/tmp/xB_e2_var_chk50_f_random_hw_1.00_SL.sol.json,results/tmp/e2/f_random_hw_chk50_t1.00_loose.dzn,True,True,,
results/tmp/xB_e2_var_chk50_f_random_hw_1.00_SL_step1.sol.json,results/tmp/e2/f_random_hw_chk50_t1.00_nopat.dzn,True,True,,
results/tmp/xB_e2_var_chk50_f_random_hw_1.00_joint.sol.json,results/tmp/e2/f_random_hw_chk50_t1.00_loose.dzn,True,True,,
results/tmp/xB_e2_var_chk50_f_random_hw_1.10_PFcheap.sol.json,results/tmp/e2/f_random_hw_chk50_t1.10_loose.dzn,True,True,,
results/tmp/xB_e2_var_chk50_f_random_hw_1.10_PFlight.sol.json,results/tmp/e2/f_random_hw_chk50_t1.10_loose.dzn,True,True,,
results/tmp/xB_e2_var_chk50_f_random_hw_1.10_SL.sol.json,results/tmp/e2/f_random_hw_chk50_t1.10_loose.dzn,True,True,,
results/tmp/xB_e2_var_chk50_f_random_hw_1.10_SL_step1.sol.json,results/tmp/e2/f_random_hw_chk50_t1.10_nopat.dzn,True,True,,
results/tmp/xB_e2_var_chk50_f_random_hw_1.10_joint.sol.json,results/tmp/e2/f_random_hw_chk50_t1.10_loose.dzn,True,True,,
results/tmp/xB_e2_var_chk50_f_random_hw_1.25_PFcheap.sol.json,results/tmp/e2/f_random_hw_chk50_t1.25_loose.dzn,True,True,,
results/tmp/xB_e2_var_chk50_f_random_hw_1.25_PFlight.sol.json,results/tmp/e2/f_random_hw_chk50_t1.25_loose.dzn,True,True,,
results/tmp/xB_e2_var_chk50_f_random_hw_1.25_SL.sol.json,results/tmp/e2/f_random_hw_chk50_t1.25_loose.dzn,True,True,,
results/tmp/xB_e2_var_chk50_f_random_hw_1.25_SL_step1.sol.json,results/tmp/e2/f_random_hw_chk50_t1.25_nopat.dzn,True,True,,
results/tmp/xB_e2_var_chk50_f_random_hw_1.25_joint.sol.json,results/tmp/e2/f_random_hw_chk50_t1.25_loose.dzn,True,True,,
results/tmp/xB_e2_var_chk50_f_random_hw_1.50_PFcheap.sol.json,results/tmp/e2/f_random_hw_chk50_t1.50_loose.dzn,True,True,,
results/tmp/xB_e2_var_chk50_f_random_hw_1.50_PFlight.sol.json,results/tmp/e2/f_random_hw_chk50_t1.50_loose.dzn,True,True,,
results/tmp/xB_e2_var_chk50_f_random_hw_1.50_PFmax.sol.json,results/tmp/e2/f_random_hw_chk50_t1.50_loose.dzn,True,True,,
results/tmp/xB_e2_var_chk50_f_random_hw_1.50_PFmin.sol.json,results/tmp/e2/f_random_hw_chk50_t1.50_loose.dzn,True,True,,
results/tmp/xB_e2_var_chk50_f_random_hw_1.50_SL.sol.json,results/tmp/e2/f_random_hw_chk50_t1.50_loose.dzn,True,True,,
results/tmp/xB_e2_var_chk50_f_random_hw_1.50_SL_step1.sol.json,results/tmp/e2/f_random_hw_chk50_t1.50_nopat.dzn,True,True,,
results/tmp/xB_e2_var_chk50_f_random_hw_1.50_joint.sol.json,results/tmp/e2/f_random_hw_chk50_t1.50_loose.dzn,True,True,,
results/tmp/xB_e2_var_chk50_f_random_hw_2.00_PFcheap.sol.json,results/tmp/e2/f_random_hw_chk50_t2.00_loose.dzn,True,True,,
results/tmp/xB_e2_var_chk50_f_random_hw_2.00_PFlight.sol.json,results/tmp/e2/f_random_hw_chk50_t2.00_loose.dzn,True,True,,
results/tmp/xB_e2_var_chk50_f_random_hw_2.00_PFmax.sol.json,results/tmp/e2/f_random_hw_chk50_t2.00_loose.dzn,True,True,,
results/tmp/xB_e2_var_chk50_f_random_hw_2.00_PFmin.sol.json,results/tmp/e2/f_random_hw_chk50_t2.00_loose.dzn,True,True,,
results/tmp/xB_e2_var_chk50_f_random_hw_2.00_SL.sol.json,results/tmp/e2/f_random_hw_chk50_t2.00_loose.dzn,True,True,,
results/tmp/xB_e2_var_chk50_f_random_hw_2.00_SL_step1.sol.json,results/tmp/e2/f_random_hw_chk50_t2.00_nopat.dzn,True,True,,
results/tmp/xB_e2_var_chk50_f_random_hw_2.00_joint.sol.json,results/tmp/e2/f_random_hw_chk50_t2.00_loose.dzn,True,True,,
results/tmp/xB_e2_var_chk50_f_random_hw_none_PFcheap.sol.json,results/tmp/e2/f_random_hw_chk50.dzn,True,True,,
results/tmp/xB_e2_var_chk50_f_random_hw_none_PFlight.sol.json,results/tmp/e2/f_random_hw_chk50.dzn,True,True,,
results/tmp/xB_e2_var_chk50_f_random_hw_none_PFmax.sol.json,results/tmp/e2/f_random_hw_chk50.dzn,True,True,,
results/tmp/xB_e2_var_chk50_f_random_hw_none_PFmin.sol.json,results/tmp/e2/f_random_hw_chk50.dzn,True,True,,
results/tmp/xB_e2_var_chk50_f_random_hw_none_SL.sol.json,results/tmp/e2/f_random_hw_chk50.dzn,True,True,,
results/tmp/xB_e2_var_chk50_f_random_hw_none_SL_step1.sol.json,results/tmp/e2/f_random_hw_chk50_nopat.dzn,True,True,,
results/tmp/xB_e2_var_chk50_f_random_hw_none_joint.sol.json,results/tmp/e2/f_random_hw_chk50.dzn,True,True,,
results/tmp/xB_e2_var_chk50_f_sw3_-_min_period.sol.json,results/tmp/e2/f_sw3_chk50.dzn,True,True,,
results/tmp/xB_e2_var_chk50_f_sw3_1.00_SL.sol.json,results/tmp/e2/f_sw3_chk50_t1.00_loose.dzn,True,True,,
results/tmp/xB_e2_var_chk50_f_sw3_1.00_SL_step1.sol.json,results/tmp/e2/f_sw3_chk50_t1.00_nopat.dzn,True,True,,
results/tmp/xB_e2_var_chk50_f_sw3_1.00_joint.sol.json,results/tmp/e2/f_sw3_chk50_t1.00_loose.dzn,True,True,,
results/tmp/xB_e2_var_chk50_f_sw3_1.10_SL.sol.json,results/tmp/e2/f_sw3_chk50_t1.10_loose.dzn,True,True,,
results/tmp/xB_e2_var_chk50_f_sw3_1.10_SL_step1.sol.json,results/tmp/e2/f_sw3_chk50_t1.10_nopat.dzn,True,True,,
results/tmp/xB_e2_var_chk50_f_sw3_1.10_joint.sol.json,results/tmp/e2/f_sw3_chk50_t1.10_loose.dzn,True,True,,
results/tmp/xB_e2_var_chk50_f_sw3_1.25_SL.sol.json,results/tmp/e2/f_sw3_chk50_t1.25_loose.dzn,True,True,,
results/tmp/xB_e2_var_chk50_f_sw3_1.25_SL_step1.sol.json,results/tmp/e2/f_sw3_chk50_t1.25_nopat.dzn,True,True,,
results/tmp/xB_e2_var_chk50_f_sw3_1.25_joint.sol.json,results/tmp/e2/f_sw3_chk50_t1.25_loose.dzn,True,True,,
results/tmp/xB_e2_var_chk50_f_sw3_1.50_PFcheap.sol.json,results/tmp/e2/f_sw3_chk50_t1.50_loose.dzn,True,True,,
results/tmp/xB_e2_var_chk50_f_sw3_1.50_PFlight.sol.json,results/tmp/e2/f_sw3_chk50_t1.50_loose.dzn,True,True,,
results/tmp/xB_e2_var_chk50_f_sw3_1.50_PFmax.sol.json,results/tmp/e2/f_sw3_chk50_t1.50_loose.dzn,True,True,,
results/tmp/xB_e2_var_chk50_f_sw3_1.50_PFmin.sol.json,results/tmp/e2/f_sw3_chk50_t1.50_loose.dzn,True,True,,
results/tmp/xB_e2_var_chk50_f_sw3_1.50_SL.sol.json,results/tmp/e2/f_sw3_chk50_t1.50_loose.dzn,True,True,,
results/tmp/xB_e2_var_chk50_f_sw3_1.50_SL_step1.sol.json,results/tmp/e2/f_sw3_chk50_t1.50_nopat.dzn,True,True,,
results/tmp/xB_e2_var_chk50_f_sw3_1.50_joint.sol.json,results/tmp/e2/f_sw3_chk50_t1.50_loose.dzn,True,True,,
results/tmp/xB_e2_var_chk50_f_sw3_2.00_PFcheap.sol.json,results/tmp/e2/f_sw3_chk50_t2.00_loose.dzn,True,True,,
results/tmp/xB_e2_var_chk50_f_sw3_2.00_PFlight.sol.json,results/tmp/e2/f_sw3_chk50_t2.00_loose.dzn,True,True,,
results/tmp/xB_e2_var_chk50_f_sw3_2.00_PFmax.sol.json,results/tmp/e2/f_sw3_chk50_t2.00_loose.dzn,True,True,,
results/tmp/xB_e2_var_chk50_f_sw3_2.00_PFmin.sol.json,results/tmp/e2/f_sw3_chk50_t2.00_loose.dzn,True,True,,
results/tmp/xB_e2_var_chk50_f_sw3_2.00_SL.sol.json,results/tmp/e2/f_sw3_chk50_t2.00_loose.dzn,True,True,,
results/tmp/xB_e2_var_chk50_f_sw3_2.00_SL_step1.sol.json,results/tmp/e2/f_sw3_chk50_t2.00_nopat.dzn,True,True,,
results/tmp/xB_e2_var_chk50_f_sw3_2.00_joint.sol.json,results/tmp/e2/f_sw3_chk50_t2.00_loose.dzn,True,True,,
results/tmp/xB_e2_var_chk50_f_sw3_none_PFcheap.sol.json,results/tmp/e2/f_sw3_chk50.dzn,True,True,,
results/tmp/xB_e2_var_chk50_f_sw3_none_PFlight.sol.json,results/tmp/e2/f_sw3_chk50.dzn,True,True,,
results/tmp/xB_e2_var_chk50_f_sw3_none_PFmax.sol.json,results/tmp/e2/f_sw3_chk50.dzn,True,True,,
results/tmp/xB_e2_var_chk50_f_sw3_none_PFmin.sol.json,results/tmp/e2/f_sw3_chk50.dzn,True,True,,
results/tmp/xB_e2_var_chk50_f_sw3_none_SL.sol.json,results/tmp/e2/f_sw3_chk50.dzn,True,True,,
results/tmp/xB_e2_var_chk50_f_sw3_none_SL_step1.sol.json,results/tmp/e2/f_sw3_chk50_nopat.dzn,True,True,,
results/tmp/xB_e2_var_chk50_f_sw3_none_joint.sol.json,results/tmp/e2/f_sw3_chk50.dzn,True,True,,
results/tmp/xB_e2_var_chk50_p_rasta_-_min_period.sol.json,results/tmp/e2/p_rasta_chk50.dzn,True,True,,
results/tmp/xB_e2_var_chk50_p_rasta_1.00_PFcheap.sol.json,results/tmp/e2/p_rasta_chk50_t1.00_loose.dzn,True,True,,
results/tmp/xB_e2_var_chk50_p_rasta_1.00_PFlight.sol.json,results/tmp/e2/p_rasta_chk50_t1.00_loose.dzn,True,True,,
results/tmp/xB_e2_var_chk50_p_rasta_1.00_SL.sol.json,results/tmp/e2/p_rasta_chk50_t1.00_loose.dzn,True,True,,
results/tmp/xB_e2_var_chk50_p_rasta_1.00_SL_step1.sol.json,results/tmp/e2/p_rasta_chk50_t1.00_nopat.dzn,True,True,,
results/tmp/xB_e2_var_chk50_p_rasta_1.00_joint.sol.json,results/tmp/e2/p_rasta_chk50_t1.00_loose.dzn,True,True,,
results/tmp/xB_e2_var_chk50_p_rasta_1.10_PFcheap.sol.json,results/tmp/e2/p_rasta_chk50_t1.10_loose.dzn,True,True,,
results/tmp/xB_e2_var_chk50_p_rasta_1.10_PFlight.sol.json,results/tmp/e2/p_rasta_chk50_t1.10_loose.dzn,True,True,,
results/tmp/xB_e2_var_chk50_p_rasta_1.10_SL.sol.json,results/tmp/e2/p_rasta_chk50_t1.10_loose.dzn,True,True,,
results/tmp/xB_e2_var_chk50_p_rasta_1.10_SL_step1.sol.json,results/tmp/e2/p_rasta_chk50_t1.10_nopat.dzn,True,True,,
results/tmp/xB_e2_var_chk50_p_rasta_1.10_joint.sol.json,results/tmp/e2/p_rasta_chk50_t1.10_loose.dzn,True,True,,
results/tmp/xB_e2_var_chk50_p_rasta_1.25_PFcheap.sol.json,results/tmp/e2/p_rasta_chk50_t1.25_loose.dzn,True,True,,
results/tmp/xB_e2_var_chk50_p_rasta_1.25_PFlight.sol.json,results/tmp/e2/p_rasta_chk50_t1.25_loose.dzn,True,True,,
results/tmp/xB_e2_var_chk50_p_rasta_1.25_SL.sol.json,results/tmp/e2/p_rasta_chk50_t1.25_loose.dzn,True,True,,
results/tmp/xB_e2_var_chk50_p_rasta_1.25_SL_step1.sol.json,results/tmp/e2/p_rasta_chk50_t1.25_nopat.dzn,True,True,,
results/tmp/xB_e2_var_chk50_p_rasta_1.25_joint.sol.json,results/tmp/e2/p_rasta_chk50_t1.25_loose.dzn,True,True,,
results/tmp/xB_e2_var_chk50_p_rasta_1.50_PFcheap.sol.json,results/tmp/e2/p_rasta_chk50_t1.50_loose.dzn,True,True,,
results/tmp/xB_e2_var_chk50_p_rasta_1.50_PFlight.sol.json,results/tmp/e2/p_rasta_chk50_t1.50_loose.dzn,True,True,,
results/tmp/xB_e2_var_chk50_p_rasta_1.50_PFmax.sol.json,results/tmp/e2/p_rasta_chk50_t1.50_loose.dzn,True,True,,
results/tmp/xB_e2_var_chk50_p_rasta_1.50_PFmin.sol.json,results/tmp/e2/p_rasta_chk50_t1.50_loose.dzn,True,True,,
results/tmp/xB_e2_var_chk50_p_rasta_1.50_SL.sol.json,results/tmp/e2/p_rasta_chk50_t1.50_loose.dzn,True,True,,
results/tmp/xB_e2_var_chk50_p_rasta_1.50_SL_step1.sol.json,results/tmp/e2/p_rasta_chk50_t1.50_nopat.dzn,True,True,,
results/tmp/xB_e2_var_chk50_p_rasta_1.50_joint.sol.json,results/tmp/e2/p_rasta_chk50_t1.50_loose.dzn,True,True,,
results/tmp/xB_e2_var_chk50_p_rasta_2.00_PFcheap.sol.json,results/tmp/e2/p_rasta_chk50_t2.00_loose.dzn,True,True,,
results/tmp/xB_e2_var_chk50_p_rasta_2.00_PFlight.sol.json,results/tmp/e2/p_rasta_chk50_t2.00_loose.dzn,True,True,,
results/tmp/xB_e2_var_chk50_p_rasta_2.00_PFmax.sol.json,results/tmp/e2/p_rasta_chk50_t2.00_loose.dzn,True,True,,
results/tmp/xB_e2_var_chk50_p_rasta_2.00_PFmin.sol.json,results/tmp/e2/p_rasta_chk50_t2.00_loose.dzn,True,True,,
results/tmp/xB_e2_var_chk50_p_rasta_2.00_SL.sol.json,results/tmp/e2/p_rasta_chk50_t2.00_loose.dzn,True,True,,
results/tmp/xB_e2_var_chk50_p_rasta_2.00_SL_step1.sol.json,results/tmp/e2/p_rasta_chk50_t2.00_nopat.dzn,True,True,,
results/tmp/xB_e2_var_chk50_p_rasta_2.00_joint.sol.json,results/tmp/e2/p_rasta_chk50_t2.00_loose.dzn,True,True,,
results/tmp/xB_e2_var_chk50_p_rasta_none_PFcheap.sol.json,results/tmp/e2/p_rasta_chk50.dzn,True,True,,
results/tmp/xB_e2_var_chk50_p_rasta_none_PFlight.sol.json,results/tmp/e2/p_rasta_chk50.dzn,True,True,,
results/tmp/xB_e2_var_chk50_p_rasta_none_PFmax.sol.json,results/tmp/e2/p_rasta_chk50.dzn,True,True,,
results/tmp/xB_e2_var_chk50_p_rasta_none_PFmin.sol.json,results/tmp/e2/p_rasta_chk50.dzn,True,True,,
results/tmp/xB_e2_var_chk50_p_rasta_none_SL.sol.json,results/tmp/e2/p_rasta_chk50.dzn,True,True,,
results/tmp/xB_e2_var_chk50_p_rasta_none_SL_step1.sol.json,results/tmp/e2/p_rasta_chk50_nopat.dzn,True,True,,
results/tmp/xB_e2_var_chk50_p_rasta_none_joint.sol.json,results/tmp/e2/p_rasta_chk50.dzn,True,True,,
results/tmp/xB_e2_var_chk50_pc_sobel_-_min_period.sol.json,results/tmp/e2/pc_sobel_chk50_loose.dzn,True,True,,
results/tmp/xB_e2_var_chk50_pc_sobel_1.00_PFcheap.sol.json,results/tmp/e2/pc_sobel_chk50_t1.00_loose.dzn,True,True,,
results/tmp/xB_e2_var_chk50_pc_sobel_1.00_PFlight.sol.json,results/tmp/e2/pc_sobel_chk50_t1.00_loose.dzn,True,True,,
results/tmp/xB_e2_var_chk50_pc_sobel_1.00_SL.sol.json,results/tmp/e2/pc_sobel_chk50_t1.00_loose.dzn,True,True,,
results/tmp/xB_e2_var_chk50_pc_sobel_1.00_SL_step1.sol.json,results/tmp/e2/pc_sobel_chk50_t1.00_nopat.dzn,True,True,,
results/tmp/xB_e2_var_chk50_pc_sobel_1.00_joint.sol.json,results/tmp/e2/pc_sobel_chk50_t1.00_loose.dzn,True,True,,
results/tmp/xB_e2_var_chk50_pc_sobel_1.10_PFcheap.sol.json,results/tmp/e2/pc_sobel_chk50_t1.10_loose.dzn,True,True,,
results/tmp/xB_e2_var_chk50_pc_sobel_1.10_PFlight.sol.json,results/tmp/e2/pc_sobel_chk50_t1.10_loose.dzn,True,True,,
results/tmp/xB_e2_var_chk50_pc_sobel_1.10_SL.sol.json,results/tmp/e2/pc_sobel_chk50_t1.10_loose.dzn,True,True,,
results/tmp/xB_e2_var_chk50_pc_sobel_1.10_SL_step1.sol.json,results/tmp/e2/pc_sobel_chk50_t1.10_nopat.dzn,True,True,,
results/tmp/xB_e2_var_chk50_pc_sobel_1.10_joint.sol.json,results/tmp/e2/pc_sobel_chk50_t1.10_loose.dzn,True,True,,
results/tmp/xB_e2_var_chk50_pc_sobel_1.25_PFcheap.sol.json,results/tmp/e2/pc_sobel_chk50_t1.25_loose.dzn,True,True,,
results/tmp/xB_e2_var_chk50_pc_sobel_1.25_PFlight.sol.json,results/tmp/e2/pc_sobel_chk50_t1.25_loose.dzn,True,True,,
results/tmp/xB_e2_var_chk50_pc_sobel_1.25_SL.sol.json,results/tmp/e2/pc_sobel_chk50_t1.25_loose.dzn,True,True,,
results/tmp/xB_e2_var_chk50_pc_sobel_1.25_SL_step1.sol.json,results/tmp/e2/pc_sobel_chk50_t1.25_nopat.dzn,True,True,,
results/tmp/xB_e2_var_chk50_pc_sobel_1.25_joint.sol.json,results/tmp/e2/pc_sobel_chk50_t1.25_loose.dzn,True,True,,
results/tmp/xB_e2_var_chk50_pc_sobel_1.50_PFcheap.sol.json,results/tmp/e2/pc_sobel_chk50_t1.50_loose.dzn,True,True,,
results/tmp/xB_e2_var_chk50_pc_sobel_1.50_PFlight.sol.json,results/tmp/e2/pc_sobel_chk50_t1.50_loose.dzn,True,True,,
results/tmp/xB_e2_var_chk50_pc_sobel_1.50_PFmax.sol.json,results/tmp/e2/pc_sobel_chk50_t1.50_loose.dzn,True,True,,
results/tmp/xB_e2_var_chk50_pc_sobel_1.50_PFmin.sol.json,results/tmp/e2/pc_sobel_chk50_t1.50_loose.dzn,True,True,,
results/tmp/xB_e2_var_chk50_pc_sobel_1.50_SL.sol.json,results/tmp/e2/pc_sobel_chk50_t1.50_loose.dzn,True,True,,
results/tmp/xB_e2_var_chk50_pc_sobel_1.50_SL_step1.sol.json,results/tmp/e2/pc_sobel_chk50_t1.50_nopat.dzn,True,True,,
results/tmp/xB_e2_var_chk50_pc_sobel_1.50_joint.sol.json,results/tmp/e2/pc_sobel_chk50_t1.50_loose.dzn,True,True,,
results/tmp/xB_e2_var_chk50_pc_sobel_2.00_PFcheap.sol.json,results/tmp/e2/pc_sobel_chk50_t2.00_loose.dzn,True,True,,
results/tmp/xB_e2_var_chk50_pc_sobel_2.00_PFlight.sol.json,results/tmp/e2/pc_sobel_chk50_t2.00_loose.dzn,True,True,,
results/tmp/xB_e2_var_chk50_pc_sobel_2.00_PFmax.sol.json,results/tmp/e2/pc_sobel_chk50_t2.00_loose.dzn,True,True,,
results/tmp/xB_e2_var_chk50_pc_sobel_2.00_PFmin.sol.json,results/tmp/e2/pc_sobel_chk50_t2.00_loose.dzn,True,True,,
results/tmp/xB_e2_var_chk50_pc_sobel_2.00_SL.sol.json,results/tmp/e2/pc_sobel_chk50_t2.00_loose.dzn,True,True,,
results/tmp/xB_e2_var_chk50_pc_sobel_2.00_SL_step1.sol.json,results/tmp/e2/pc_sobel_chk50_t2.00_nopat.dzn,True,True,,
results/tmp/xB_e2_var_chk50_pc_sobel_2.00_joint.sol.json,results/tmp/e2/pc_sobel_chk50_t2.00_loose.dzn,True,True,,
results/tmp/xB_e2_var_chk50_pc_sobel_none_PFcheap.sol.json,results/tmp/e2/pc_sobel_chk50_loose.dzn,True,True,,
results/tmp/xB_e2_var_chk50_pc_sobel_none_PFlight.sol.json,results/tmp/e2/pc_sobel_chk50_loose.dzn,True,True,,
results/tmp/xB_e2_var_chk50_pc_sobel_none_PFmax.sol.json,results/tmp/e2/pc_sobel_chk50_loose.dzn,True,True,,
results/tmp/xB_e2_var_chk50_pc_sobel_none_PFmin.sol.json,results/tmp/e2/pc_sobel_chk50_loose.dzn,True,True,,
results/tmp/xB_e2_var_chk50_pc_sobel_none_SL.sol.json,results/tmp/e2/pc_sobel_chk50_loose.dzn,True,True,,
results/tmp/xB_e2_var_chk50_pc_sobel_none_SL_step1.sol.json,results/tmp/e2/pc_sobel_chk50_nopat.dzn,True,True,,
results/tmp/xB_e2_var_chk50_pc_sobel_none_joint.sol.json,results/tmp/e2/pc_sobel_chk50_loose.dzn,True,True,,
results/tmp/xB_e2_var_chk50_v_nvp_-_min_period.sol.json,results/tmp/e2/v_nvp_chk50.dzn,True,True,,
results/tmp/xB_e2_var_chk50_v_nvp_1.00_PFcheap.sol.json,results/tmp/e2/v_nvp_chk50_t1.00_loose.dzn,True,True,,
results/tmp/xB_e2_var_chk50_v_nvp_1.00_PFlight.sol.json,results/tmp/e2/v_nvp_chk50_t1.00_loose.dzn,True,True,,
results/tmp/xB_e2_var_chk50_v_nvp_1.00_PFmax.sol.json,results/tmp/e2/v_nvp_chk50_t1.00_loose.dzn,True,True,,
results/tmp/xB_e2_var_chk50_v_nvp_1.00_PFmin.sol.json,results/tmp/e2/v_nvp_chk50_t1.00_loose.dzn,True,True,,
results/tmp/xB_e2_var_chk50_v_nvp_1.00_SL.sol.json,results/tmp/e2/v_nvp_chk50_t1.00_loose.dzn,True,True,,
results/tmp/xB_e2_var_chk50_v_nvp_1.00_SL_step1.sol.json,results/tmp/e2/v_nvp_chk50_t1.00_nopat.dzn,True,True,,
results/tmp/xB_e2_var_chk50_v_nvp_1.00_joint.sol.json,results/tmp/e2/v_nvp_chk50_t1.00_loose.dzn,True,True,,
results/tmp/xB_e2_var_chk50_v_nvp_1.10_PFcheap.sol.json,results/tmp/e2/v_nvp_chk50_t1.10_loose.dzn,True,True,,
results/tmp/xB_e2_var_chk50_v_nvp_1.10_PFlight.sol.json,results/tmp/e2/v_nvp_chk50_t1.10_loose.dzn,True,True,,
results/tmp/xB_e2_var_chk50_v_nvp_1.10_PFmax.sol.json,results/tmp/e2/v_nvp_chk50_t1.10_loose.dzn,True,True,,
results/tmp/xB_e2_var_chk50_v_nvp_1.10_PFmin.sol.json,results/tmp/e2/v_nvp_chk50_t1.10_loose.dzn,True,True,,
results/tmp/xB_e2_var_chk50_v_nvp_1.10_SL.sol.json,results/tmp/e2/v_nvp_chk50_t1.10_loose.dzn,True,True,,
results/tmp/xB_e2_var_chk50_v_nvp_1.10_SL_step1.sol.json,results/tmp/e2/v_nvp_chk50_t1.10_nopat.dzn,True,True,,
results/tmp/xB_e2_var_chk50_v_nvp_1.10_joint.sol.json,results/tmp/e2/v_nvp_chk50_t1.10_loose.dzn,True,True,,
results/tmp/xB_e2_var_chk50_v_nvp_1.25_PFcheap.sol.json,results/tmp/e2/v_nvp_chk50_t1.25_loose.dzn,True,True,,
results/tmp/xB_e2_var_chk50_v_nvp_1.25_PFlight.sol.json,results/tmp/e2/v_nvp_chk50_t1.25_loose.dzn,True,True,,
results/tmp/xB_e2_var_chk50_v_nvp_1.25_PFmax.sol.json,results/tmp/e2/v_nvp_chk50_t1.25_loose.dzn,True,True,,
results/tmp/xB_e2_var_chk50_v_nvp_1.25_PFmin.sol.json,results/tmp/e2/v_nvp_chk50_t1.25_loose.dzn,True,True,,
results/tmp/xB_e2_var_chk50_v_nvp_1.25_SL.sol.json,results/tmp/e2/v_nvp_chk50_t1.25_loose.dzn,True,True,,
results/tmp/xB_e2_var_chk50_v_nvp_1.25_SL_step1.sol.json,results/tmp/e2/v_nvp_chk50_t1.25_nopat.dzn,True,True,,
results/tmp/xB_e2_var_chk50_v_nvp_1.25_joint.sol.json,results/tmp/e2/v_nvp_chk50_t1.25_loose.dzn,True,True,,
results/tmp/xB_e2_var_chk50_v_nvp_1.50_PFcheap.sol.json,results/tmp/e2/v_nvp_chk50_t1.50_loose.dzn,True,True,,
results/tmp/xB_e2_var_chk50_v_nvp_1.50_PFlight.sol.json,results/tmp/e2/v_nvp_chk50_t1.50_loose.dzn,True,True,,
results/tmp/xB_e2_var_chk50_v_nvp_1.50_PFmax.sol.json,results/tmp/e2/v_nvp_chk50_t1.50_loose.dzn,True,True,,
results/tmp/xB_e2_var_chk50_v_nvp_1.50_PFmin.sol.json,results/tmp/e2/v_nvp_chk50_t1.50_loose.dzn,True,True,,
results/tmp/xB_e2_var_chk50_v_nvp_1.50_SL.sol.json,results/tmp/e2/v_nvp_chk50_t1.50_loose.dzn,True,True,,
results/tmp/xB_e2_var_chk50_v_nvp_1.50_SL_step1.sol.json,results/tmp/e2/v_nvp_chk50_t1.50_nopat.dzn,True,True,,
results/tmp/xB_e2_var_chk50_v_nvp_1.50_joint.sol.json,results/tmp/e2/v_nvp_chk50_t1.50_loose.dzn,True,True,,
results/tmp/xB_e2_var_chk50_v_nvp_2.00_PFcheap.sol.json,results/tmp/e2/v_nvp_chk50_t2.00_loose.dzn,True,True,,
results/tmp/xB_e2_var_chk50_v_nvp_2.00_PFlight.sol.json,results/tmp/e2/v_nvp_chk50_t2.00_loose.dzn,True,True,,
results/tmp/xB_e2_var_chk50_v_nvp_2.00_PFmax.sol.json,results/tmp/e2/v_nvp_chk50_t2.00_loose.dzn,True,True,,
results/tmp/xB_e2_var_chk50_v_nvp_2.00_PFmin.sol.json,results/tmp/e2/v_nvp_chk50_t2.00_loose.dzn,True,True,,
results/tmp/xB_e2_var_chk50_v_nvp_2.00_SL.sol.json,results/tmp/e2/v_nvp_chk50_t2.00_loose.dzn,True,True,,
results/tmp/xB_e2_var_chk50_v_nvp_2.00_SL_step1.sol.json,results/tmp/e2/v_nvp_chk50_t2.00_nopat.dzn,True,True,,
results/tmp/xB_e2_var_chk50_v_nvp_2.00_joint.sol.json,results/tmp/e2/v_nvp_chk50_t2.00_loose.dzn,True,True,,
results/tmp/xB_e2_var_chk50_v_nvp_none_PFcheap.sol.json,results/tmp/e2/v_nvp_chk50.dzn,True,True,,
results/tmp/xB_e2_var_chk50_v_nvp_none_PFlight.sol.json,results/tmp/e2/v_nvp_chk50.dzn,True,True,,
results/tmp/xB_e2_var_chk50_v_nvp_none_PFmax.sol.json,results/tmp/e2/v_nvp_chk50.dzn,True,True,,
results/tmp/xB_e2_var_chk50_v_nvp_none_PFmin.sol.json,results/tmp/e2/v_nvp_chk50.dzn,True,True,,
results/tmp/xB_e2_var_chk50_v_nvp_none_SL.sol.json,results/tmp/e2/v_nvp_chk50.dzn,True,True,,
results/tmp/xB_e2_var_chk50_v_nvp_none_SL_step1.sol.json,results/tmp/e2/v_nvp_chk50_nopat.dzn,True,True,,
results/tmp/xB_e2_var_chk50_v_nvp_none_joint.sol.json,results/tmp/e2/v_nvp_chk50.dzn,True,True,,
results/tmp/xB_e2_var_tok2_c_pat_-_min_period.sol.json,results/tmp/e2/c_pat_tok2.dzn,True,True,,
results/tmp/xB_e2_var_tok2_c_pat_1.00_PFcheap.sol.json,results/tmp/e2/c_pat_tok2_t1.00_loose.dzn,True,True,,
results/tmp/xB_e2_var_tok2_c_pat_1.00_PFlight.sol.json,results/tmp/e2/c_pat_tok2_t1.00_loose.dzn,True,True,,
results/tmp/xB_e2_var_tok2_c_pat_1.00_PFmax.sol.json,results/tmp/e2/c_pat_tok2_t1.00_loose.dzn,True,True,,
results/tmp/xB_e2_var_tok2_c_pat_1.00_PFmin.sol.json,results/tmp/e2/c_pat_tok2_t1.00_loose.dzn,True,True,,
results/tmp/xB_e2_var_tok2_c_pat_1.00_SL.sol.json,results/tmp/e2/c_pat_tok2_t1.00_loose.dzn,True,True,,
results/tmp/xB_e2_var_tok2_c_pat_1.00_SL_step1.sol.json,results/tmp/e2/c_pat_tok2_t1.00_nopat.dzn,True,True,,
results/tmp/xB_e2_var_tok2_c_pat_1.00_joint.sol.json,results/tmp/e2/c_pat_tok2_t1.00_loose.dzn,True,True,,
results/tmp/xB_e2_var_tok2_c_pat_1.10_PFcheap.sol.json,results/tmp/e2/c_pat_tok2_t1.10_loose.dzn,True,True,,
results/tmp/xB_e2_var_tok2_c_pat_1.10_PFlight.sol.json,results/tmp/e2/c_pat_tok2_t1.10_loose.dzn,True,True,,
results/tmp/xB_e2_var_tok2_c_pat_1.10_PFmax.sol.json,results/tmp/e2/c_pat_tok2_t1.10_loose.dzn,True,True,,
results/tmp/xB_e2_var_tok2_c_pat_1.10_PFmin.sol.json,results/tmp/e2/c_pat_tok2_t1.10_loose.dzn,True,True,,
results/tmp/xB_e2_var_tok2_c_pat_1.10_SL.sol.json,results/tmp/e2/c_pat_tok2_t1.10_loose.dzn,True,True,,
results/tmp/xB_e2_var_tok2_c_pat_1.10_SL_step1.sol.json,results/tmp/e2/c_pat_tok2_t1.10_nopat.dzn,True,True,,
results/tmp/xB_e2_var_tok2_c_pat_1.10_joint.sol.json,results/tmp/e2/c_pat_tok2_t1.10_loose.dzn,True,True,,
results/tmp/xB_e2_var_tok2_c_pat_1.25_PFcheap.sol.json,results/tmp/e2/c_pat_tok2_t1.25_loose.dzn,True,True,,
results/tmp/xB_e2_var_tok2_c_pat_1.25_PFlight.sol.json,results/tmp/e2/c_pat_tok2_t1.25_loose.dzn,True,True,,
results/tmp/xB_e2_var_tok2_c_pat_1.25_PFmax.sol.json,results/tmp/e2/c_pat_tok2_t1.25_loose.dzn,True,True,,
results/tmp/xB_e2_var_tok2_c_pat_1.25_PFmin.sol.json,results/tmp/e2/c_pat_tok2_t1.25_loose.dzn,True,True,,
results/tmp/xB_e2_var_tok2_c_pat_1.25_SL.sol.json,results/tmp/e2/c_pat_tok2_t1.25_loose.dzn,True,True,,
results/tmp/xB_e2_var_tok2_c_pat_1.25_SL_step1.sol.json,results/tmp/e2/c_pat_tok2_t1.25_nopat.dzn,True,True,,
results/tmp/xB_e2_var_tok2_c_pat_1.25_joint.sol.json,results/tmp/e2/c_pat_tok2_t1.25_loose.dzn,True,True,,
results/tmp/xB_e2_var_tok2_c_pat_1.50_PFcheap.sol.json,results/tmp/e2/c_pat_tok2_t1.50_loose.dzn,True,True,,
results/tmp/xB_e2_var_tok2_c_pat_1.50_PFlight.sol.json,results/tmp/e2/c_pat_tok2_t1.50_loose.dzn,True,True,,
results/tmp/xB_e2_var_tok2_c_pat_1.50_PFmax.sol.json,results/tmp/e2/c_pat_tok2_t1.50_loose.dzn,True,True,,
results/tmp/xB_e2_var_tok2_c_pat_1.50_PFmin.sol.json,results/tmp/e2/c_pat_tok2_t1.50_loose.dzn,True,True,,
results/tmp/xB_e2_var_tok2_c_pat_1.50_SL.sol.json,results/tmp/e2/c_pat_tok2_t1.50_loose.dzn,True,True,,
results/tmp/xB_e2_var_tok2_c_pat_1.50_SL_step1.sol.json,results/tmp/e2/c_pat_tok2_t1.50_nopat.dzn,True,True,,
results/tmp/xB_e2_var_tok2_c_pat_1.50_joint.sol.json,results/tmp/e2/c_pat_tok2_t1.50_loose.dzn,True,True,,
results/tmp/xB_e2_var_tok2_c_pat_2.00_PFcheap.sol.json,results/tmp/e2/c_pat_tok2_t2.00_loose.dzn,True,True,,
results/tmp/xB_e2_var_tok2_c_pat_2.00_PFlight.sol.json,results/tmp/e2/c_pat_tok2_t2.00_loose.dzn,True,True,,
results/tmp/xB_e2_var_tok2_c_pat_2.00_PFmax.sol.json,results/tmp/e2/c_pat_tok2_t2.00_loose.dzn,True,True,,
results/tmp/xB_e2_var_tok2_c_pat_2.00_PFmin.sol.json,results/tmp/e2/c_pat_tok2_t2.00_loose.dzn,True,True,,
results/tmp/xB_e2_var_tok2_c_pat_2.00_SL.sol.json,results/tmp/e2/c_pat_tok2_t2.00_loose.dzn,True,True,,
results/tmp/xB_e2_var_tok2_c_pat_2.00_SL_step1.sol.json,results/tmp/e2/c_pat_tok2_t2.00_nopat.dzn,True,True,,
results/tmp/xB_e2_var_tok2_c_pat_2.00_joint.sol.json,results/tmp/e2/c_pat_tok2_t2.00_loose.dzn,True,True,,
results/tmp/xB_e2_var_tok2_c_pat_none_PFcheap.sol.json,results/tmp/e2/c_pat_tok2.dzn,True,True,,
results/tmp/xB_e2_var_tok2_c_pat_none_PFlight.sol.json,results/tmp/e2/c_pat_tok2.dzn,True,True,,
results/tmp/xB_e2_var_tok2_c_pat_none_PFmax.sol.json,results/tmp/e2/c_pat_tok2.dzn,True,True,,
results/tmp/xB_e2_var_tok2_c_pat_none_PFmin.sol.json,results/tmp/e2/c_pat_tok2.dzn,True,True,,
results/tmp/xB_e2_var_tok2_c_pat_none_SL.sol.json,results/tmp/e2/c_pat_tok2.dzn,True,True,,
results/tmp/xB_e2_var_tok2_c_pat_none_SL_step1.sol.json,results/tmp/e2/c_pat_tok2_nopat.dzn,True,True,,
results/tmp/xB_e2_var_tok2_c_pat_none_joint.sol.json,results/tmp/e2/c_pat_tok2.dzn,True,True,,
results/tmp/xB_e2_var_tok2_d_random_hw_-_min_period.sol.json,results/tmp/e2/d_random_hw_tok2.dzn,True,True,,
results/tmp/xB_e2_var_tok2_d_random_hw_1.00_PFcheap.sol.json,results/tmp/e2/d_random_hw_tok2_t1.00_loose.dzn,True,True,,
results/tmp/xB_e2_var_tok2_d_random_hw_1.00_PFlight.sol.json,results/tmp/e2/d_random_hw_tok2_t1.00_loose.dzn,True,True,,
results/tmp/xB_e2_var_tok2_d_random_hw_1.00_PFmax.sol.json,results/tmp/e2/d_random_hw_tok2_t1.00_loose.dzn,True,True,,
results/tmp/xB_e2_var_tok2_d_random_hw_1.00_PFmin.sol.json,results/tmp/e2/d_random_hw_tok2_t1.00_loose.dzn,True,True,,
results/tmp/xB_e2_var_tok2_d_random_hw_1.00_SL.sol.json,results/tmp/e2/d_random_hw_tok2_t1.00_loose.dzn,True,True,,
results/tmp/xB_e2_var_tok2_d_random_hw_1.00_SL_step1.sol.json,results/tmp/e2/d_random_hw_tok2_t1.00_nopat.dzn,True,True,,
results/tmp/xB_e2_var_tok2_d_random_hw_1.00_joint.sol.json,results/tmp/e2/d_random_hw_tok2_t1.00_loose.dzn,True,True,,
results/tmp/xB_e2_var_tok2_d_random_hw_1.10_PFcheap.sol.json,results/tmp/e2/d_random_hw_tok2_t1.10_loose.dzn,True,True,,
results/tmp/xB_e2_var_tok2_d_random_hw_1.10_PFlight.sol.json,results/tmp/e2/d_random_hw_tok2_t1.10_loose.dzn,True,True,,
results/tmp/xB_e2_var_tok2_d_random_hw_1.10_PFmax.sol.json,results/tmp/e2/d_random_hw_tok2_t1.10_loose.dzn,True,True,,
results/tmp/xB_e2_var_tok2_d_random_hw_1.10_PFmin.sol.json,results/tmp/e2/d_random_hw_tok2_t1.10_loose.dzn,True,True,,
results/tmp/xB_e2_var_tok2_d_random_hw_1.10_SL.sol.json,results/tmp/e2/d_random_hw_tok2_t1.10_loose.dzn,True,True,,
results/tmp/xB_e2_var_tok2_d_random_hw_1.10_SL_step1.sol.json,results/tmp/e2/d_random_hw_tok2_t1.10_nopat.dzn,True,True,,
results/tmp/xB_e2_var_tok2_d_random_hw_1.10_joint.sol.json,results/tmp/e2/d_random_hw_tok2_t1.10_loose.dzn,True,True,,
results/tmp/xB_e2_var_tok2_d_random_hw_1.25_PFcheap.sol.json,results/tmp/e2/d_random_hw_tok2_t1.25_loose.dzn,True,True,,
results/tmp/xB_e2_var_tok2_d_random_hw_1.25_PFlight.sol.json,results/tmp/e2/d_random_hw_tok2_t1.25_loose.dzn,True,True,,
results/tmp/xB_e2_var_tok2_d_random_hw_1.25_PFmax.sol.json,results/tmp/e2/d_random_hw_tok2_t1.25_loose.dzn,True,True,,
results/tmp/xB_e2_var_tok2_d_random_hw_1.25_PFmin.sol.json,results/tmp/e2/d_random_hw_tok2_t1.25_loose.dzn,True,True,,
results/tmp/xB_e2_var_tok2_d_random_hw_1.25_SL.sol.json,results/tmp/e2/d_random_hw_tok2_t1.25_loose.dzn,True,True,,
results/tmp/xB_e2_var_tok2_d_random_hw_1.25_SL_step1.sol.json,results/tmp/e2/d_random_hw_tok2_t1.25_nopat.dzn,True,True,,
results/tmp/xB_e2_var_tok2_d_random_hw_1.25_joint.sol.json,results/tmp/e2/d_random_hw_tok2_t1.25_loose.dzn,True,True,,
results/tmp/xB_e2_var_tok2_d_random_hw_1.50_PFcheap.sol.json,results/tmp/e2/d_random_hw_tok2_t1.50_loose.dzn,True,True,,
results/tmp/xB_e2_var_tok2_d_random_hw_1.50_PFlight.sol.json,results/tmp/e2/d_random_hw_tok2_t1.50_loose.dzn,True,True,,
results/tmp/xB_e2_var_tok2_d_random_hw_1.50_PFmax.sol.json,results/tmp/e2/d_random_hw_tok2_t1.50_loose.dzn,True,True,,
results/tmp/xB_e2_var_tok2_d_random_hw_1.50_PFmin.sol.json,results/tmp/e2/d_random_hw_tok2_t1.50_loose.dzn,True,True,,
results/tmp/xB_e2_var_tok2_d_random_hw_1.50_SL.sol.json,results/tmp/e2/d_random_hw_tok2_t1.50_loose.dzn,True,True,,
results/tmp/xB_e2_var_tok2_d_random_hw_1.50_SL_step1.sol.json,results/tmp/e2/d_random_hw_tok2_t1.50_nopat.dzn,True,True,,
results/tmp/xB_e2_var_tok2_d_random_hw_1.50_joint.sol.json,results/tmp/e2/d_random_hw_tok2_t1.50_loose.dzn,True,True,,
results/tmp/xB_e2_var_tok2_d_random_hw_2.00_PFcheap.sol.json,results/tmp/e2/d_random_hw_tok2_t2.00_loose.dzn,True,True,,
results/tmp/xB_e2_var_tok2_d_random_hw_2.00_PFlight.sol.json,results/tmp/e2/d_random_hw_tok2_t2.00_loose.dzn,True,True,,
results/tmp/xB_e2_var_tok2_d_random_hw_2.00_PFmax.sol.json,results/tmp/e2/d_random_hw_tok2_t2.00_loose.dzn,True,True,,
results/tmp/xB_e2_var_tok2_d_random_hw_2.00_PFmin.sol.json,results/tmp/e2/d_random_hw_tok2_t2.00_loose.dzn,True,True,,
results/tmp/xB_e2_var_tok2_d_random_hw_2.00_SL.sol.json,results/tmp/e2/d_random_hw_tok2_t2.00_loose.dzn,True,True,,
results/tmp/xB_e2_var_tok2_d_random_hw_2.00_SL_step1.sol.json,results/tmp/e2/d_random_hw_tok2_t2.00_nopat.dzn,True,True,,
results/tmp/xB_e2_var_tok2_d_random_hw_2.00_joint.sol.json,results/tmp/e2/d_random_hw_tok2_t2.00_loose.dzn,True,True,,
results/tmp/xB_e2_var_tok2_d_random_hw_none_PFcheap.sol.json,results/tmp/e2/d_random_hw_tok2.dzn,True,True,,
results/tmp/xB_e2_var_tok2_d_random_hw_none_PFlight.sol.json,results/tmp/e2/d_random_hw_tok2.dzn,True,True,,
results/tmp/xB_e2_var_tok2_d_random_hw_none_PFmax.sol.json,results/tmp/e2/d_random_hw_tok2.dzn,True,True,,
results/tmp/xB_e2_var_tok2_d_random_hw_none_PFmin.sol.json,results/tmp/e2/d_random_hw_tok2.dzn,True,True,,
results/tmp/xB_e2_var_tok2_d_random_hw_none_SL.sol.json,results/tmp/e2/d_random_hw_tok2.dzn,True,True,,
results/tmp/xB_e2_var_tok2_d_random_hw_none_SL_step1.sol.json,results/tmp/e2/d_random_hw_tok2_nopat.dzn,True,True,,
results/tmp/xB_e2_var_tok2_d_random_hw_none_joint.sol.json,results/tmp/e2/d_random_hw_tok2.dzn,True,True,,
results/tmp/xB_e2_var_tok2_d_systematic_sw_-_min_period.sol.json,results/tmp/e2/d_systematic_sw_tok2.dzn,True,True,,
results/tmp/xB_e2_var_tok2_d_systematic_sw_1.00_PFcheap.sol.json,results/tmp/e2/d_systematic_sw_tok2_t1.00_loose.dzn,True,True,,
results/tmp/xB_e2_var_tok2_d_systematic_sw_1.00_PFlight.sol.json,results/tmp/e2/d_systematic_sw_tok2_t1.00_loose.dzn,True,True,,
results/tmp/xB_e2_var_tok2_d_systematic_sw_1.00_PFmax.sol.json,results/tmp/e2/d_systematic_sw_tok2_t1.00_loose.dzn,True,True,,
results/tmp/xB_e2_var_tok2_d_systematic_sw_1.00_PFmin.sol.json,results/tmp/e2/d_systematic_sw_tok2_t1.00_loose.dzn,True,True,,
results/tmp/xB_e2_var_tok2_d_systematic_sw_1.00_SL.sol.json,results/tmp/e2/d_systematic_sw_tok2_t1.00_loose.dzn,True,True,,
results/tmp/xB_e2_var_tok2_d_systematic_sw_1.00_SL_step1.sol.json,results/tmp/e2/d_systematic_sw_tok2_t1.00_nopat.dzn,True,True,,
results/tmp/xB_e2_var_tok2_d_systematic_sw_1.00_joint.sol.json,results/tmp/e2/d_systematic_sw_tok2_t1.00_loose.dzn,True,True,,
results/tmp/xB_e2_var_tok2_d_systematic_sw_1.10_PFcheap.sol.json,results/tmp/e2/d_systematic_sw_tok2_t1.10_loose.dzn,True,True,,
results/tmp/xB_e2_var_tok2_d_systematic_sw_1.10_PFlight.sol.json,results/tmp/e2/d_systematic_sw_tok2_t1.10_loose.dzn,True,True,,
results/tmp/xB_e2_var_tok2_d_systematic_sw_1.10_PFmax.sol.json,results/tmp/e2/d_systematic_sw_tok2_t1.10_loose.dzn,True,True,,
results/tmp/xB_e2_var_tok2_d_systematic_sw_1.10_PFmin.sol.json,results/tmp/e2/d_systematic_sw_tok2_t1.10_loose.dzn,True,True,,
results/tmp/xB_e2_var_tok2_d_systematic_sw_1.10_SL.sol.json,results/tmp/e2/d_systematic_sw_tok2_t1.10_loose.dzn,True,True,,
results/tmp/xB_e2_var_tok2_d_systematic_sw_1.10_SL_step1.sol.json,results/tmp/e2/d_systematic_sw_tok2_t1.10_nopat.dzn,True,True,,
results/tmp/xB_e2_var_tok2_d_systematic_sw_1.10_joint.sol.json,results/tmp/e2/d_systematic_sw_tok2_t1.10_loose.dzn,True,True,,
results/tmp/xB_e2_var_tok2_d_systematic_sw_1.25_PFcheap.sol.json,results/tmp/e2/d_systematic_sw_tok2_t1.25_loose.dzn,True,True,,
results/tmp/xB_e2_var_tok2_d_systematic_sw_1.25_PFlight.sol.json,results/tmp/e2/d_systematic_sw_tok2_t1.25_loose.dzn,True,True,,
results/tmp/xB_e2_var_tok2_d_systematic_sw_1.25_PFmax.sol.json,results/tmp/e2/d_systematic_sw_tok2_t1.25_loose.dzn,True,True,,
results/tmp/xB_e2_var_tok2_d_systematic_sw_1.25_PFmin.sol.json,results/tmp/e2/d_systematic_sw_tok2_t1.25_loose.dzn,True,True,,
results/tmp/xB_e2_var_tok2_d_systematic_sw_1.25_SL.sol.json,results/tmp/e2/d_systematic_sw_tok2_t1.25_loose.dzn,True,True,,
results/tmp/xB_e2_var_tok2_d_systematic_sw_1.25_SL_step1.sol.json,results/tmp/e2/d_systematic_sw_tok2_t1.25_nopat.dzn,True,True,,
results/tmp/xB_e2_var_tok2_d_systematic_sw_1.25_joint.sol.json,results/tmp/e2/d_systematic_sw_tok2_t1.25_loose.dzn,True,True,,
results/tmp/xB_e2_var_tok2_d_systematic_sw_1.50_PFcheap.sol.json,results/tmp/e2/d_systematic_sw_tok2_t1.50_loose.dzn,True,True,,
results/tmp/xB_e2_var_tok2_d_systematic_sw_1.50_PFlight.sol.json,results/tmp/e2/d_systematic_sw_tok2_t1.50_loose.dzn,True,True,,
results/tmp/xB_e2_var_tok2_d_systematic_sw_1.50_PFmax.sol.json,results/tmp/e2/d_systematic_sw_tok2_t1.50_loose.dzn,True,True,,
results/tmp/xB_e2_var_tok2_d_systematic_sw_1.50_PFmin.sol.json,results/tmp/e2/d_systematic_sw_tok2_t1.50_loose.dzn,True,True,,
results/tmp/xB_e2_var_tok2_d_systematic_sw_1.50_SL.sol.json,results/tmp/e2/d_systematic_sw_tok2_t1.50_loose.dzn,True,True,,
results/tmp/xB_e2_var_tok2_d_systematic_sw_1.50_SL_step1.sol.json,results/tmp/e2/d_systematic_sw_tok2_t1.50_nopat.dzn,True,True,,
results/tmp/xB_e2_var_tok2_d_systematic_sw_1.50_joint.sol.json,results/tmp/e2/d_systematic_sw_tok2_t1.50_loose.dzn,True,True,,
results/tmp/xB_e2_var_tok2_d_systematic_sw_2.00_PFcheap.sol.json,results/tmp/e2/d_systematic_sw_tok2_t2.00_loose.dzn,True,True,,
results/tmp/xB_e2_var_tok2_d_systematic_sw_2.00_PFlight.sol.json,results/tmp/e2/d_systematic_sw_tok2_t2.00_loose.dzn,True,True,,
results/tmp/xB_e2_var_tok2_d_systematic_sw_2.00_PFmax.sol.json,results/tmp/e2/d_systematic_sw_tok2_t2.00_loose.dzn,True,True,,
results/tmp/xB_e2_var_tok2_d_systematic_sw_2.00_PFmin.sol.json,results/tmp/e2/d_systematic_sw_tok2_t2.00_loose.dzn,True,True,,
results/tmp/xB_e2_var_tok2_d_systematic_sw_2.00_SL.sol.json,results/tmp/e2/d_systematic_sw_tok2_t2.00_loose.dzn,True,True,,
results/tmp/xB_e2_var_tok2_d_systematic_sw_2.00_SL_step1.sol.json,results/tmp/e2/d_systematic_sw_tok2_t2.00_nopat.dzn,True,True,,
results/tmp/xB_e2_var_tok2_d_systematic_sw_2.00_joint.sol.json,results/tmp/e2/d_systematic_sw_tok2_t2.00_loose.dzn,True,True,,
results/tmp/xB_e2_var_tok2_d_systematic_sw_none_PFcheap.sol.json,results/tmp/e2/d_systematic_sw_tok2.dzn,True,True,,
results/tmp/xB_e2_var_tok2_d_systematic_sw_none_PFlight.sol.json,results/tmp/e2/d_systematic_sw_tok2.dzn,True,True,,
results/tmp/xB_e2_var_tok2_d_systematic_sw_none_PFmax.sol.json,results/tmp/e2/d_systematic_sw_tok2.dzn,True,True,,
results/tmp/xB_e2_var_tok2_d_systematic_sw_none_PFmin.sol.json,results/tmp/e2/d_systematic_sw_tok2.dzn,True,True,,
results/tmp/xB_e2_var_tok2_d_systematic_sw_none_SL.sol.json,results/tmp/e2/d_systematic_sw_tok2.dzn,True,True,,
results/tmp/xB_e2_var_tok2_d_systematic_sw_none_SL_step1.sol.json,results/tmp/e2/d_systematic_sw_tok2_nopat.dzn,True,True,,
results/tmp/xB_e2_var_tok2_d_systematic_sw_none_joint.sol.json,results/tmp/e2/d_systematic_sw_tok2.dzn,True,True,,
results/tmp/xB_e2_var_tok2_f_both3_-_min_period.sol.json,results/tmp/e2/f_both3_tok2.dzn,True,True,,
results/tmp/xB_e2_var_tok2_f_both3_1.00_PFcheap.sol.json,results/tmp/e2/f_both3_tok2_t1.00_loose.dzn,True,True,,
results/tmp/xB_e2_var_tok2_f_both3_1.00_PFlight.sol.json,results/tmp/e2/f_both3_tok2_t1.00_loose.dzn,True,True,,
results/tmp/xB_e2_var_tok2_f_both3_1.00_PFmax.sol.json,results/tmp/e2/f_both3_tok2_t1.00_loose.dzn,True,True,,
results/tmp/xB_e2_var_tok2_f_both3_1.00_PFmin.sol.json,results/tmp/e2/f_both3_tok2_t1.00_loose.dzn,True,True,,
results/tmp/xB_e2_var_tok2_f_both3_1.00_SL.sol.json,results/tmp/e2/f_both3_tok2_t1.00_loose.dzn,True,True,,
results/tmp/xB_e2_var_tok2_f_both3_1.00_SL_step1.sol.json,results/tmp/e2/f_both3_tok2_t1.00_nopat.dzn,True,True,,
results/tmp/xB_e2_var_tok2_f_both3_1.00_joint.sol.json,results/tmp/e2/f_both3_tok2_t1.00_loose.dzn,True,True,,
results/tmp/xB_e2_var_tok2_f_both3_1.10_PFcheap.sol.json,results/tmp/e2/f_both3_tok2_t1.10_loose.dzn,True,True,,
results/tmp/xB_e2_var_tok2_f_both3_1.10_PFlight.sol.json,results/tmp/e2/f_both3_tok2_t1.10_loose.dzn,True,True,,
results/tmp/xB_e2_var_tok2_f_both3_1.10_PFmax.sol.json,results/tmp/e2/f_both3_tok2_t1.10_loose.dzn,True,True,,
results/tmp/xB_e2_var_tok2_f_both3_1.10_PFmin.sol.json,results/tmp/e2/f_both3_tok2_t1.10_loose.dzn,True,True,,
results/tmp/xB_e2_var_tok2_f_both3_1.10_SL.sol.json,results/tmp/e2/f_both3_tok2_t1.10_loose.dzn,True,True,,
results/tmp/xB_e2_var_tok2_f_both3_1.10_SL_step1.sol.json,results/tmp/e2/f_both3_tok2_t1.10_nopat.dzn,True,True,,
results/tmp/xB_e2_var_tok2_f_both3_1.10_joint.sol.json,results/tmp/e2/f_both3_tok2_t1.10_loose.dzn,True,True,,
results/tmp/xB_e2_var_tok2_f_both3_1.25_PFcheap.sol.json,results/tmp/e2/f_both3_tok2_t1.25_loose.dzn,True,True,,
results/tmp/xB_e2_var_tok2_f_both3_1.25_PFlight.sol.json,results/tmp/e2/f_both3_tok2_t1.25_loose.dzn,True,True,,
results/tmp/xB_e2_var_tok2_f_both3_1.25_PFmax.sol.json,results/tmp/e2/f_both3_tok2_t1.25_loose.dzn,True,True,,
results/tmp/xB_e2_var_tok2_f_both3_1.25_PFmin.sol.json,results/tmp/e2/f_both3_tok2_t1.25_loose.dzn,True,True,,
results/tmp/xB_e2_var_tok2_f_both3_1.25_SL.sol.json,results/tmp/e2/f_both3_tok2_t1.25_loose.dzn,True,True,,
results/tmp/xB_e2_var_tok2_f_both3_1.25_SL_step1.sol.json,results/tmp/e2/f_both3_tok2_t1.25_nopat.dzn,True,True,,
results/tmp/xB_e2_var_tok2_f_both3_1.25_joint.sol.json,results/tmp/e2/f_both3_tok2_t1.25_loose.dzn,True,True,,
results/tmp/xB_e2_var_tok2_f_both3_1.50_PFcheap.sol.json,results/tmp/e2/f_both3_tok2_t1.50_loose.dzn,True,True,,
results/tmp/xB_e2_var_tok2_f_both3_1.50_PFlight.sol.json,results/tmp/e2/f_both3_tok2_t1.50_loose.dzn,True,True,,
results/tmp/xB_e2_var_tok2_f_both3_1.50_PFmax.sol.json,results/tmp/e2/f_both3_tok2_t1.50_loose.dzn,True,True,,
results/tmp/xB_e2_var_tok2_f_both3_1.50_PFmin.sol.json,results/tmp/e2/f_both3_tok2_t1.50_loose.dzn,True,True,,
results/tmp/xB_e2_var_tok2_f_both3_1.50_SL.sol.json,results/tmp/e2/f_both3_tok2_t1.50_loose.dzn,True,True,,
results/tmp/xB_e2_var_tok2_f_both3_1.50_SL_step1.sol.json,results/tmp/e2/f_both3_tok2_t1.50_nopat.dzn,True,True,,
results/tmp/xB_e2_var_tok2_f_both3_1.50_joint.sol.json,results/tmp/e2/f_both3_tok2_t1.50_loose.dzn,True,True,,
results/tmp/xB_e2_var_tok2_f_both3_2.00_PFcheap.sol.json,results/tmp/e2/f_both3_tok2_t2.00_loose.dzn,True,True,,
results/tmp/xB_e2_var_tok2_f_both3_2.00_PFlight.sol.json,results/tmp/e2/f_both3_tok2_t2.00_loose.dzn,True,True,,
results/tmp/xB_e2_var_tok2_f_both3_2.00_PFmax.sol.json,results/tmp/e2/f_both3_tok2_t2.00_loose.dzn,True,True,,
results/tmp/xB_e2_var_tok2_f_both3_2.00_PFmin.sol.json,results/tmp/e2/f_both3_tok2_t2.00_loose.dzn,True,True,,
results/tmp/xB_e2_var_tok2_f_both3_2.00_SL.sol.json,results/tmp/e2/f_both3_tok2_t2.00_loose.dzn,True,True,,
results/tmp/xB_e2_var_tok2_f_both3_2.00_SL_step1.sol.json,results/tmp/e2/f_both3_tok2_t2.00_nopat.dzn,True,True,,
results/tmp/xB_e2_var_tok2_f_both3_2.00_joint.sol.json,results/tmp/e2/f_both3_tok2_t2.00_loose.dzn,True,True,,
results/tmp/xB_e2_var_tok2_f_both3_none_PFcheap.sol.json,results/tmp/e2/f_both3_tok2.dzn,True,True,,
results/tmp/xB_e2_var_tok2_f_both3_none_PFlight.sol.json,results/tmp/e2/f_both3_tok2.dzn,True,True,,
results/tmp/xB_e2_var_tok2_f_both3_none_PFmax.sol.json,results/tmp/e2/f_both3_tok2.dzn,True,True,,
results/tmp/xB_e2_var_tok2_f_both3_none_PFmin.sol.json,results/tmp/e2/f_both3_tok2.dzn,True,True,,
results/tmp/xB_e2_var_tok2_f_both3_none_SL.sol.json,results/tmp/e2/f_both3_tok2.dzn,True,True,,
results/tmp/xB_e2_var_tok2_f_both3_none_SL_step1.sol.json,results/tmp/e2/f_both3_tok2_nopat.dzn,True,True,,
results/tmp/xB_e2_var_tok2_f_both3_none_joint.sol.json,results/tmp/e2/f_both3_tok2.dzn,True,True,,
results/tmp/xB_e2_var_tok2_f_random_hw_-_min_period.sol.json,results/tmp/e2/f_random_hw_tok2.dzn,True,True,,
results/tmp/xB_e2_var_tok2_f_random_hw_1.00_PFcheap.sol.json,results/tmp/e2/f_random_hw_tok2_t1.00_loose.dzn,True,True,,
results/tmp/xB_e2_var_tok2_f_random_hw_1.00_PFlight.sol.json,results/tmp/e2/f_random_hw_tok2_t1.00_loose.dzn,True,True,,
results/tmp/xB_e2_var_tok2_f_random_hw_1.00_PFmax.sol.json,results/tmp/e2/f_random_hw_tok2_t1.00_loose.dzn,True,True,,
results/tmp/xB_e2_var_tok2_f_random_hw_1.00_PFmin.sol.json,results/tmp/e2/f_random_hw_tok2_t1.00_loose.dzn,True,True,,
results/tmp/xB_e2_var_tok2_f_random_hw_1.00_SL.sol.json,results/tmp/e2/f_random_hw_tok2_t1.00_loose.dzn,True,True,,
results/tmp/xB_e2_var_tok2_f_random_hw_1.00_SL_step1.sol.json,results/tmp/e2/f_random_hw_tok2_t1.00_nopat.dzn,True,True,,
results/tmp/xB_e2_var_tok2_f_random_hw_1.00_joint.sol.json,results/tmp/e2/f_random_hw_tok2_t1.00_loose.dzn,True,True,,
results/tmp/xB_e2_var_tok2_f_random_hw_1.10_PFcheap.sol.json,results/tmp/e2/f_random_hw_tok2_t1.10_loose.dzn,True,True,,
results/tmp/xB_e2_var_tok2_f_random_hw_1.10_PFlight.sol.json,results/tmp/e2/f_random_hw_tok2_t1.10_loose.dzn,True,True,,
results/tmp/xB_e2_var_tok2_f_random_hw_1.10_PFmax.sol.json,results/tmp/e2/f_random_hw_tok2_t1.10_loose.dzn,True,True,,
results/tmp/xB_e2_var_tok2_f_random_hw_1.10_PFmin.sol.json,results/tmp/e2/f_random_hw_tok2_t1.10_loose.dzn,True,True,,
results/tmp/xB_e2_var_tok2_f_random_hw_1.10_SL.sol.json,results/tmp/e2/f_random_hw_tok2_t1.10_loose.dzn,True,True,,
results/tmp/xB_e2_var_tok2_f_random_hw_1.10_SL_step1.sol.json,results/tmp/e2/f_random_hw_tok2_t1.10_nopat.dzn,True,True,,
results/tmp/xB_e2_var_tok2_f_random_hw_1.10_joint.sol.json,results/tmp/e2/f_random_hw_tok2_t1.10_loose.dzn,True,True,,
results/tmp/xB_e2_var_tok2_f_random_hw_1.25_PFcheap.sol.json,results/tmp/e2/f_random_hw_tok2_t1.25_loose.dzn,True,True,,
results/tmp/xB_e2_var_tok2_f_random_hw_1.25_PFlight.sol.json,results/tmp/e2/f_random_hw_tok2_t1.25_loose.dzn,True,True,,
results/tmp/xB_e2_var_tok2_f_random_hw_1.25_PFmax.sol.json,results/tmp/e2/f_random_hw_tok2_t1.25_loose.dzn,True,True,,
results/tmp/xB_e2_var_tok2_f_random_hw_1.25_PFmin.sol.json,results/tmp/e2/f_random_hw_tok2_t1.25_loose.dzn,True,True,,
results/tmp/xB_e2_var_tok2_f_random_hw_1.25_SL.sol.json,results/tmp/e2/f_random_hw_tok2_t1.25_loose.dzn,True,True,,
results/tmp/xB_e2_var_tok2_f_random_hw_1.25_SL_step1.sol.json,results/tmp/e2/f_random_hw_tok2_t1.25_nopat.dzn,True,True,,
results/tmp/xB_e2_var_tok2_f_random_hw_1.25_joint.sol.json,results/tmp/e2/f_random_hw_tok2_t1.25_loose.dzn,True,True,,
results/tmp/xB_e2_var_tok2_f_random_hw_1.50_PFcheap.sol.json,results/tmp/e2/f_random_hw_tok2_t1.50_loose.dzn,True,True,,
results/tmp/xB_e2_var_tok2_f_random_hw_1.50_PFlight.sol.json,results/tmp/e2/f_random_hw_tok2_t1.50_loose.dzn,True,True,,
results/tmp/xB_e2_var_tok2_f_random_hw_1.50_PFmax.sol.json,results/tmp/e2/f_random_hw_tok2_t1.50_loose.dzn,True,True,,
results/tmp/xB_e2_var_tok2_f_random_hw_1.50_PFmin.sol.json,results/tmp/e2/f_random_hw_tok2_t1.50_loose.dzn,True,True,,
results/tmp/xB_e2_var_tok2_f_random_hw_1.50_SL.sol.json,results/tmp/e2/f_random_hw_tok2_t1.50_loose.dzn,True,True,,
results/tmp/xB_e2_var_tok2_f_random_hw_1.50_SL_step1.sol.json,results/tmp/e2/f_random_hw_tok2_t1.50_nopat.dzn,True,True,,
results/tmp/xB_e2_var_tok2_f_random_hw_1.50_joint.sol.json,results/tmp/e2/f_random_hw_tok2_t1.50_loose.dzn,True,True,,
results/tmp/xB_e2_var_tok2_f_random_hw_2.00_PFcheap.sol.json,results/tmp/e2/f_random_hw_tok2_t2.00_loose.dzn,True,True,,
results/tmp/xB_e2_var_tok2_f_random_hw_2.00_PFlight.sol.json,results/tmp/e2/f_random_hw_tok2_t2.00_loose.dzn,True,True,,
results/tmp/xB_e2_var_tok2_f_random_hw_2.00_PFmax.sol.json,results/tmp/e2/f_random_hw_tok2_t2.00_loose.dzn,True,True,,
results/tmp/xB_e2_var_tok2_f_random_hw_2.00_PFmin.sol.json,results/tmp/e2/f_random_hw_tok2_t2.00_loose.dzn,True,True,,
results/tmp/xB_e2_var_tok2_f_random_hw_2.00_SL.sol.json,results/tmp/e2/f_random_hw_tok2_t2.00_loose.dzn,True,True,,
results/tmp/xB_e2_var_tok2_f_random_hw_2.00_SL_step1.sol.json,results/tmp/e2/f_random_hw_tok2_t2.00_nopat.dzn,True,True,,
results/tmp/xB_e2_var_tok2_f_random_hw_2.00_joint.sol.json,results/tmp/e2/f_random_hw_tok2_t2.00_loose.dzn,True,True,,
results/tmp/xB_e2_var_tok2_f_random_hw_none_PFcheap.sol.json,results/tmp/e2/f_random_hw_tok2.dzn,True,True,,
results/tmp/xB_e2_var_tok2_f_random_hw_none_PFlight.sol.json,results/tmp/e2/f_random_hw_tok2.dzn,True,True,,
results/tmp/xB_e2_var_tok2_f_random_hw_none_PFmax.sol.json,results/tmp/e2/f_random_hw_tok2.dzn,True,True,,
results/tmp/xB_e2_var_tok2_f_random_hw_none_PFmin.sol.json,results/tmp/e2/f_random_hw_tok2.dzn,True,True,,
results/tmp/xB_e2_var_tok2_f_random_hw_none_SL.sol.json,results/tmp/e2/f_random_hw_tok2.dzn,True,True,,
results/tmp/xB_e2_var_tok2_f_random_hw_none_SL_step1.sol.json,results/tmp/e2/f_random_hw_tok2_nopat.dzn,True,True,,
results/tmp/xB_e2_var_tok2_f_random_hw_none_joint.sol.json,results/tmp/e2/f_random_hw_tok2.dzn,True,True,,
results/tmp/xB_e2_var_tok2_f_sw3_-_min_period.sol.json,results/tmp/e2/f_sw3_tok2.dzn,True,True,,
results/tmp/xB_e2_var_tok2_f_sw3_1.00_PFcheap.sol.json,results/tmp/e2/f_sw3_tok2_t1.00_loose.dzn,True,True,,
results/tmp/xB_e2_var_tok2_f_sw3_1.00_PFlight.sol.json,results/tmp/e2/f_sw3_tok2_t1.00_loose.dzn,True,True,,
results/tmp/xB_e2_var_tok2_f_sw3_1.00_PFmax.sol.json,results/tmp/e2/f_sw3_tok2_t1.00_loose.dzn,True,True,,
results/tmp/xB_e2_var_tok2_f_sw3_1.00_PFmin.sol.json,results/tmp/e2/f_sw3_tok2_t1.00_loose.dzn,True,True,,
results/tmp/xB_e2_var_tok2_f_sw3_1.00_SL.sol.json,results/tmp/e2/f_sw3_tok2_t1.00_loose.dzn,True,True,,
results/tmp/xB_e2_var_tok2_f_sw3_1.00_SL_step1.sol.json,results/tmp/e2/f_sw3_tok2_t1.00_nopat.dzn,True,True,,
results/tmp/xB_e2_var_tok2_f_sw3_1.00_joint.sol.json,results/tmp/e2/f_sw3_tok2_t1.00_loose.dzn,True,True,,
results/tmp/xB_e2_var_tok2_f_sw3_1.10_PFcheap.sol.json,results/tmp/e2/f_sw3_tok2_t1.10_loose.dzn,True,True,,
results/tmp/xB_e2_var_tok2_f_sw3_1.10_PFlight.sol.json,results/tmp/e2/f_sw3_tok2_t1.10_loose.dzn,True,True,,
results/tmp/xB_e2_var_tok2_f_sw3_1.10_PFmax.sol.json,results/tmp/e2/f_sw3_tok2_t1.10_loose.dzn,True,True,,
results/tmp/xB_e2_var_tok2_f_sw3_1.10_PFmin.sol.json,results/tmp/e2/f_sw3_tok2_t1.10_loose.dzn,True,True,,
results/tmp/xB_e2_var_tok2_f_sw3_1.10_SL.sol.json,results/tmp/e2/f_sw3_tok2_t1.10_loose.dzn,True,True,,
results/tmp/xB_e2_var_tok2_f_sw3_1.10_SL_step1.sol.json,results/tmp/e2/f_sw3_tok2_t1.10_nopat.dzn,True,True,,
results/tmp/xB_e2_var_tok2_f_sw3_1.10_joint.sol.json,results/tmp/e2/f_sw3_tok2_t1.10_loose.dzn,True,True,,
results/tmp/xB_e2_var_tok2_f_sw3_1.25_PFcheap.sol.json,results/tmp/e2/f_sw3_tok2_t1.25_loose.dzn,True,True,,
results/tmp/xB_e2_var_tok2_f_sw3_1.25_PFlight.sol.json,results/tmp/e2/f_sw3_tok2_t1.25_loose.dzn,True,True,,
results/tmp/xB_e2_var_tok2_f_sw3_1.25_PFmax.sol.json,results/tmp/e2/f_sw3_tok2_t1.25_loose.dzn,True,True,,
results/tmp/xB_e2_var_tok2_f_sw3_1.25_PFmin.sol.json,results/tmp/e2/f_sw3_tok2_t1.25_loose.dzn,True,True,,
results/tmp/xB_e2_var_tok2_f_sw3_1.25_SL.sol.json,results/tmp/e2/f_sw3_tok2_t1.25_loose.dzn,True,True,,
results/tmp/xB_e2_var_tok2_f_sw3_1.25_SL_step1.sol.json,results/tmp/e2/f_sw3_tok2_t1.25_nopat.dzn,True,True,,
results/tmp/xB_e2_var_tok2_f_sw3_1.25_joint.sol.json,results/tmp/e2/f_sw3_tok2_t1.25_loose.dzn,True,True,,
results/tmp/xB_e2_var_tok2_f_sw3_1.50_PFcheap.sol.json,results/tmp/e2/f_sw3_tok2_t1.50_loose.dzn,True,True,,
results/tmp/xB_e2_var_tok2_f_sw3_1.50_PFlight.sol.json,results/tmp/e2/f_sw3_tok2_t1.50_loose.dzn,True,True,,
results/tmp/xB_e2_var_tok2_f_sw3_1.50_PFmax.sol.json,results/tmp/e2/f_sw3_tok2_t1.50_loose.dzn,True,True,,
results/tmp/xB_e2_var_tok2_f_sw3_1.50_PFmin.sol.json,results/tmp/e2/f_sw3_tok2_t1.50_loose.dzn,True,True,,
results/tmp/xB_e2_var_tok2_f_sw3_1.50_SL.sol.json,results/tmp/e2/f_sw3_tok2_t1.50_loose.dzn,True,True,,
results/tmp/xB_e2_var_tok2_f_sw3_1.50_SL_step1.sol.json,results/tmp/e2/f_sw3_tok2_t1.50_nopat.dzn,True,True,,
results/tmp/xB_e2_var_tok2_f_sw3_1.50_joint.sol.json,results/tmp/e2/f_sw3_tok2_t1.50_loose.dzn,True,True,,
results/tmp/xB_e2_var_tok2_f_sw3_2.00_PFcheap.sol.json,results/tmp/e2/f_sw3_tok2_t2.00_loose.dzn,True,True,,
results/tmp/xB_e2_var_tok2_f_sw3_2.00_PFlight.sol.json,results/tmp/e2/f_sw3_tok2_t2.00_loose.dzn,True,True,,
results/tmp/xB_e2_var_tok2_f_sw3_2.00_PFmax.sol.json,results/tmp/e2/f_sw3_tok2_t2.00_loose.dzn,True,True,,
results/tmp/xB_e2_var_tok2_f_sw3_2.00_PFmin.sol.json,results/tmp/e2/f_sw3_tok2_t2.00_loose.dzn,True,True,,
results/tmp/xB_e2_var_tok2_f_sw3_2.00_SL.sol.json,results/tmp/e2/f_sw3_tok2_t2.00_loose.dzn,True,True,,
results/tmp/xB_e2_var_tok2_f_sw3_2.00_SL_step1.sol.json,results/tmp/e2/f_sw3_tok2_t2.00_nopat.dzn,True,True,,
results/tmp/xB_e2_var_tok2_f_sw3_2.00_joint.sol.json,results/tmp/e2/f_sw3_tok2_t2.00_loose.dzn,True,True,,
results/tmp/xB_e2_var_tok2_f_sw3_none_PFcheap.sol.json,results/tmp/e2/f_sw3_tok2.dzn,True,True,,
results/tmp/xB_e2_var_tok2_f_sw3_none_PFlight.sol.json,results/tmp/e2/f_sw3_tok2.dzn,True,True,,
results/tmp/xB_e2_var_tok2_f_sw3_none_PFmax.sol.json,results/tmp/e2/f_sw3_tok2.dzn,True,True,,
results/tmp/xB_e2_var_tok2_f_sw3_none_PFmin.sol.json,results/tmp/e2/f_sw3_tok2.dzn,True,True,,
results/tmp/xB_e2_var_tok2_f_sw3_none_SL.sol.json,results/tmp/e2/f_sw3_tok2.dzn,True,True,,
results/tmp/xB_e2_var_tok2_f_sw3_none_SL_step1.sol.json,results/tmp/e2/f_sw3_tok2_nopat.dzn,True,True,,
results/tmp/xB_e2_var_tok2_f_sw3_none_joint.sol.json,results/tmp/e2/f_sw3_tok2.dzn,True,True,,
results/tmp/xB_e2_var_tok2_p_rasta_-_min_period.sol.json,results/tmp/e2/p_rasta_tok2.dzn,True,True,,
results/tmp/xB_e2_var_tok2_p_rasta_1.00_PFcheap.sol.json,results/tmp/e2/p_rasta_tok2_t1.00_loose.dzn,True,True,,
results/tmp/xB_e2_var_tok2_p_rasta_1.00_PFlight.sol.json,results/tmp/e2/p_rasta_tok2_t1.00_loose.dzn,True,True,,
results/tmp/xB_e2_var_tok2_p_rasta_1.00_PFmax.sol.json,results/tmp/e2/p_rasta_tok2_t1.00_loose.dzn,True,True,,
results/tmp/xB_e2_var_tok2_p_rasta_1.00_PFmin.sol.json,results/tmp/e2/p_rasta_tok2_t1.00_loose.dzn,True,True,,
results/tmp/xB_e2_var_tok2_p_rasta_1.00_SL.sol.json,results/tmp/e2/p_rasta_tok2_t1.00_loose.dzn,True,True,,
results/tmp/xB_e2_var_tok2_p_rasta_1.00_SL_step1.sol.json,results/tmp/e2/p_rasta_tok2_t1.00_nopat.dzn,True,True,,
results/tmp/xB_e2_var_tok2_p_rasta_1.00_joint.sol.json,results/tmp/e2/p_rasta_tok2_t1.00_loose.dzn,True,True,,
results/tmp/xB_e2_var_tok2_p_rasta_1.10_PFcheap.sol.json,results/tmp/e2/p_rasta_tok2_t1.10_loose.dzn,True,True,,
results/tmp/xB_e2_var_tok2_p_rasta_1.10_PFlight.sol.json,results/tmp/e2/p_rasta_tok2_t1.10_loose.dzn,True,True,,
results/tmp/xB_e2_var_tok2_p_rasta_1.10_PFmax.sol.json,results/tmp/e2/p_rasta_tok2_t1.10_loose.dzn,True,True,,
results/tmp/xB_e2_var_tok2_p_rasta_1.10_PFmin.sol.json,results/tmp/e2/p_rasta_tok2_t1.10_loose.dzn,True,True,,
results/tmp/xB_e2_var_tok2_p_rasta_1.10_SL.sol.json,results/tmp/e2/p_rasta_tok2_t1.10_loose.dzn,True,True,,
results/tmp/xB_e2_var_tok2_p_rasta_1.10_SL_step1.sol.json,results/tmp/e2/p_rasta_tok2_t1.10_nopat.dzn,True,True,,
results/tmp/xB_e2_var_tok2_p_rasta_1.10_joint.sol.json,results/tmp/e2/p_rasta_tok2_t1.10_loose.dzn,True,True,,
results/tmp/xB_e2_var_tok2_p_rasta_1.25_PFcheap.sol.json,results/tmp/e2/p_rasta_tok2_t1.25_loose.dzn,True,True,,
results/tmp/xB_e2_var_tok2_p_rasta_1.25_PFlight.sol.json,results/tmp/e2/p_rasta_tok2_t1.25_loose.dzn,True,True,,
results/tmp/xB_e2_var_tok2_p_rasta_1.25_PFmax.sol.json,results/tmp/e2/p_rasta_tok2_t1.25_loose.dzn,True,True,,
results/tmp/xB_e2_var_tok2_p_rasta_1.25_PFmin.sol.json,results/tmp/e2/p_rasta_tok2_t1.25_loose.dzn,True,True,,
results/tmp/xB_e2_var_tok2_p_rasta_1.25_SL.sol.json,results/tmp/e2/p_rasta_tok2_t1.25_loose.dzn,True,True,,
results/tmp/xB_e2_var_tok2_p_rasta_1.25_SL_step1.sol.json,results/tmp/e2/p_rasta_tok2_t1.25_nopat.dzn,True,True,,
results/tmp/xB_e2_var_tok2_p_rasta_1.25_joint.sol.json,results/tmp/e2/p_rasta_tok2_t1.25_loose.dzn,True,True,,
results/tmp/xB_e2_var_tok2_p_rasta_1.50_PFcheap.sol.json,results/tmp/e2/p_rasta_tok2_t1.50_loose.dzn,True,True,,
results/tmp/xB_e2_var_tok2_p_rasta_1.50_PFlight.sol.json,results/tmp/e2/p_rasta_tok2_t1.50_loose.dzn,True,True,,
results/tmp/xB_e2_var_tok2_p_rasta_1.50_PFmax.sol.json,results/tmp/e2/p_rasta_tok2_t1.50_loose.dzn,True,True,,
results/tmp/xB_e2_var_tok2_p_rasta_1.50_PFmin.sol.json,results/tmp/e2/p_rasta_tok2_t1.50_loose.dzn,True,True,,
results/tmp/xB_e2_var_tok2_p_rasta_1.50_SL.sol.json,results/tmp/e2/p_rasta_tok2_t1.50_loose.dzn,True,True,,
results/tmp/xB_e2_var_tok2_p_rasta_1.50_SL_step1.sol.json,results/tmp/e2/p_rasta_tok2_t1.50_nopat.dzn,True,True,,
results/tmp/xB_e2_var_tok2_p_rasta_1.50_joint.sol.json,results/tmp/e2/p_rasta_tok2_t1.50_loose.dzn,True,True,,
results/tmp/xB_e2_var_tok2_p_rasta_2.00_PFcheap.sol.json,results/tmp/e2/p_rasta_tok2_t2.00_loose.dzn,True,True,,
results/tmp/xB_e2_var_tok2_p_rasta_2.00_PFlight.sol.json,results/tmp/e2/p_rasta_tok2_t2.00_loose.dzn,True,True,,
results/tmp/xB_e2_var_tok2_p_rasta_2.00_PFmax.sol.json,results/tmp/e2/p_rasta_tok2_t2.00_loose.dzn,True,True,,
results/tmp/xB_e2_var_tok2_p_rasta_2.00_PFmin.sol.json,results/tmp/e2/p_rasta_tok2_t2.00_loose.dzn,True,True,,
results/tmp/xB_e2_var_tok2_p_rasta_2.00_SL.sol.json,results/tmp/e2/p_rasta_tok2_t2.00_loose.dzn,True,True,,
results/tmp/xB_e2_var_tok2_p_rasta_2.00_SL_step1.sol.json,results/tmp/e2/p_rasta_tok2_t2.00_nopat.dzn,True,True,,
results/tmp/xB_e2_var_tok2_p_rasta_2.00_joint.sol.json,results/tmp/e2/p_rasta_tok2_t2.00_loose.dzn,True,True,,
results/tmp/xB_e2_var_tok2_p_rasta_none_PFcheap.sol.json,results/tmp/e2/p_rasta_tok2.dzn,True,True,,
results/tmp/xB_e2_var_tok2_p_rasta_none_PFlight.sol.json,results/tmp/e2/p_rasta_tok2.dzn,True,True,,
results/tmp/xB_e2_var_tok2_p_rasta_none_PFmax.sol.json,results/tmp/e2/p_rasta_tok2.dzn,True,True,,
results/tmp/xB_e2_var_tok2_p_rasta_none_PFmin.sol.json,results/tmp/e2/p_rasta_tok2.dzn,True,True,,
results/tmp/xB_e2_var_tok2_p_rasta_none_SL.sol.json,results/tmp/e2/p_rasta_tok2.dzn,True,True,,
results/tmp/xB_e2_var_tok2_p_rasta_none_SL_step1.sol.json,results/tmp/e2/p_rasta_tok2_nopat.dzn,True,True,,
results/tmp/xB_e2_var_tok2_p_rasta_none_joint.sol.json,results/tmp/e2/p_rasta_tok2.dzn,True,True,,
results/tmp/xB_e2_var_tok2_pc_sobel_-_min_period.sol.json,results/tmp/e2/pc_sobel_tok2_loose.dzn,True,True,,
results/tmp/xB_e2_var_tok2_pc_sobel_1.00_PFcheap.sol.json,results/tmp/e2/pc_sobel_tok2_t1.00_loose.dzn,True,True,,
results/tmp/xB_e2_var_tok2_pc_sobel_1.00_PFlight.sol.json,results/tmp/e2/pc_sobel_tok2_t1.00_loose.dzn,True,True,,
results/tmp/xB_e2_var_tok2_pc_sobel_1.00_PFmax.sol.json,results/tmp/e2/pc_sobel_tok2_t1.00_loose.dzn,True,True,,
results/tmp/xB_e2_var_tok2_pc_sobel_1.00_PFmin.sol.json,results/tmp/e2/pc_sobel_tok2_t1.00_loose.dzn,True,True,,
results/tmp/xB_e2_var_tok2_pc_sobel_1.00_SL.sol.json,results/tmp/e2/pc_sobel_tok2_t1.00_loose.dzn,True,True,,
results/tmp/xB_e2_var_tok2_pc_sobel_1.00_SL_step1.sol.json,results/tmp/e2/pc_sobel_tok2_t1.00_nopat.dzn,True,True,,
results/tmp/xB_e2_var_tok2_pc_sobel_1.00_joint.sol.json,results/tmp/e2/pc_sobel_tok2_t1.00_loose.dzn,True,True,,
results/tmp/xB_e2_var_tok2_pc_sobel_1.10_PFcheap.sol.json,results/tmp/e2/pc_sobel_tok2_t1.10_loose.dzn,True,True,,
results/tmp/xB_e2_var_tok2_pc_sobel_1.10_PFlight.sol.json,results/tmp/e2/pc_sobel_tok2_t1.10_loose.dzn,True,True,,
results/tmp/xB_e2_var_tok2_pc_sobel_1.10_PFmax.sol.json,results/tmp/e2/pc_sobel_tok2_t1.10_loose.dzn,True,True,,
results/tmp/xB_e2_var_tok2_pc_sobel_1.10_PFmin.sol.json,results/tmp/e2/pc_sobel_tok2_t1.10_loose.dzn,True,True,,
results/tmp/xB_e2_var_tok2_pc_sobel_1.10_SL.sol.json,results/tmp/e2/pc_sobel_tok2_t1.10_loose.dzn,True,True,,
results/tmp/xB_e2_var_tok2_pc_sobel_1.10_SL_step1.sol.json,results/tmp/e2/pc_sobel_tok2_t1.10_nopat.dzn,True,True,,
results/tmp/xB_e2_var_tok2_pc_sobel_1.10_joint.sol.json,results/tmp/e2/pc_sobel_tok2_t1.10_loose.dzn,True,True,,
results/tmp/xB_e2_var_tok2_pc_sobel_1.25_PFcheap.sol.json,results/tmp/e2/pc_sobel_tok2_t1.25_loose.dzn,True,True,,
results/tmp/xB_e2_var_tok2_pc_sobel_1.25_PFlight.sol.json,results/tmp/e2/pc_sobel_tok2_t1.25_loose.dzn,True,True,,
results/tmp/xB_e2_var_tok2_pc_sobel_1.25_PFmax.sol.json,results/tmp/e2/pc_sobel_tok2_t1.25_loose.dzn,True,True,,
results/tmp/xB_e2_var_tok2_pc_sobel_1.25_PFmin.sol.json,results/tmp/e2/pc_sobel_tok2_t1.25_loose.dzn,True,True,,
results/tmp/xB_e2_var_tok2_pc_sobel_1.25_SL.sol.json,results/tmp/e2/pc_sobel_tok2_t1.25_loose.dzn,True,True,,
results/tmp/xB_e2_var_tok2_pc_sobel_1.25_SL_step1.sol.json,results/tmp/e2/pc_sobel_tok2_t1.25_nopat.dzn,True,True,,
results/tmp/xB_e2_var_tok2_pc_sobel_1.25_joint.sol.json,results/tmp/e2/pc_sobel_tok2_t1.25_loose.dzn,True,True,,
results/tmp/xB_e2_var_tok2_pc_sobel_1.50_PFcheap.sol.json,results/tmp/e2/pc_sobel_tok2_t1.50_loose.dzn,True,True,,
results/tmp/xB_e2_var_tok2_pc_sobel_1.50_PFlight.sol.json,results/tmp/e2/pc_sobel_tok2_t1.50_loose.dzn,True,True,,
results/tmp/xB_e2_var_tok2_pc_sobel_1.50_PFmax.sol.json,results/tmp/e2/pc_sobel_tok2_t1.50_loose.dzn,True,True,,
results/tmp/xB_e2_var_tok2_pc_sobel_1.50_PFmin.sol.json,results/tmp/e2/pc_sobel_tok2_t1.50_loose.dzn,True,True,,
results/tmp/xB_e2_var_tok2_pc_sobel_1.50_SL.sol.json,results/tmp/e2/pc_sobel_tok2_t1.50_loose.dzn,True,True,,
results/tmp/xB_e2_var_tok2_pc_sobel_1.50_SL_step1.sol.json,results/tmp/e2/pc_sobel_tok2_t1.50_nopat.dzn,True,True,,
results/tmp/xB_e2_var_tok2_pc_sobel_1.50_joint.sol.json,results/tmp/e2/pc_sobel_tok2_t1.50_loose.dzn,True,True,,
results/tmp/xB_e2_var_tok2_pc_sobel_2.00_PFcheap.sol.json,results/tmp/e2/pc_sobel_tok2_t2.00_loose.dzn,True,True,,
results/tmp/xB_e2_var_tok2_pc_sobel_2.00_PFlight.sol.json,results/tmp/e2/pc_sobel_tok2_t2.00_loose.dzn,True,True,,
results/tmp/xB_e2_var_tok2_pc_sobel_2.00_PFmax.sol.json,results/tmp/e2/pc_sobel_tok2_t2.00_loose.dzn,True,True,,
results/tmp/xB_e2_var_tok2_pc_sobel_2.00_PFmin.sol.json,results/tmp/e2/pc_sobel_tok2_t2.00_loose.dzn,True,True,,
results/tmp/xB_e2_var_tok2_pc_sobel_2.00_SL.sol.json,results/tmp/e2/pc_sobel_tok2_t2.00_loose.dzn,True,True,,
results/tmp/xB_e2_var_tok2_pc_sobel_2.00_SL_step1.sol.json,results/tmp/e2/pc_sobel_tok2_t2.00_nopat.dzn,True,True,,
results/tmp/xB_e2_var_tok2_pc_sobel_2.00_joint.sol.json,results/tmp/e2/pc_sobel_tok2_t2.00_loose.dzn,True,True,,
results/tmp/xB_e2_var_tok2_pc_sobel_none_PFcheap.sol.json,results/tmp/e2/pc_sobel_tok2_loose.dzn,True,True,,
results/tmp/xB_e2_var_tok2_pc_sobel_none_PFlight.sol.json,results/tmp/e2/pc_sobel_tok2_loose.dzn,True,True,,
results/tmp/xB_e2_var_tok2_pc_sobel_none_PFmax.sol.json,results/tmp/e2/pc_sobel_tok2_loose.dzn,True,True,,
results/tmp/xB_e2_var_tok2_pc_sobel_none_PFmin.sol.json,results/tmp/e2/pc_sobel_tok2_loose.dzn,True,True,,
results/tmp/xB_e2_var_tok2_pc_sobel_none_SL.sol.json,results/tmp/e2/pc_sobel_tok2_loose.dzn,True,True,,
results/tmp/xB_e2_var_tok2_pc_sobel_none_SL_step1.sol.json,results/tmp/e2/pc_sobel_tok2_nopat.dzn,True,True,,
results/tmp/xB_e2_var_tok2_pc_sobel_none_joint.sol.json,results/tmp/e2/pc_sobel_tok2_loose.dzn,True,True,,
results/tmp/xB_e2_var_tok2_v_nvp_-_min_period.sol.json,results/tmp/e2/v_nvp_tok2.dzn,True,True,,
results/tmp/xB_e2_var_tok2_v_nvp_1.00_PFcheap.sol.json,results/tmp/e2/v_nvp_tok2_t1.00_loose.dzn,True,True,,
results/tmp/xB_e2_var_tok2_v_nvp_1.00_PFlight.sol.json,results/tmp/e2/v_nvp_tok2_t1.00_loose.dzn,True,True,,
results/tmp/xB_e2_var_tok2_v_nvp_1.00_PFmax.sol.json,results/tmp/e2/v_nvp_tok2_t1.00_loose.dzn,True,True,,
results/tmp/xB_e2_var_tok2_v_nvp_1.00_PFmin.sol.json,results/tmp/e2/v_nvp_tok2_t1.00_loose.dzn,True,True,,
results/tmp/xB_e2_var_tok2_v_nvp_1.00_SL.sol.json,results/tmp/e2/v_nvp_tok2_t1.00_loose.dzn,True,True,,
results/tmp/xB_e2_var_tok2_v_nvp_1.00_SL_step1.sol.json,results/tmp/e2/v_nvp_tok2_t1.00_nopat.dzn,True,True,,
results/tmp/xB_e2_var_tok2_v_nvp_1.00_joint.sol.json,results/tmp/e2/v_nvp_tok2_t1.00_loose.dzn,True,True,,
results/tmp/xB_e2_var_tok2_v_nvp_1.10_PFcheap.sol.json,results/tmp/e2/v_nvp_tok2_t1.10_loose.dzn,True,True,,
results/tmp/xB_e2_var_tok2_v_nvp_1.10_PFlight.sol.json,results/tmp/e2/v_nvp_tok2_t1.10_loose.dzn,True,True,,
results/tmp/xB_e2_var_tok2_v_nvp_1.10_PFmax.sol.json,results/tmp/e2/v_nvp_tok2_t1.10_loose.dzn,True,True,,
results/tmp/xB_e2_var_tok2_v_nvp_1.10_PFmin.sol.json,results/tmp/e2/v_nvp_tok2_t1.10_loose.dzn,True,True,,
results/tmp/xB_e2_var_tok2_v_nvp_1.10_SL.sol.json,results/tmp/e2/v_nvp_tok2_t1.10_loose.dzn,True,True,,
results/tmp/xB_e2_var_tok2_v_nvp_1.10_SL_step1.sol.json,results/tmp/e2/v_nvp_tok2_t1.10_nopat.dzn,True,True,,
results/tmp/xB_e2_var_tok2_v_nvp_1.10_joint.sol.json,results/tmp/e2/v_nvp_tok2_t1.10_loose.dzn,True,True,,
results/tmp/xB_e2_var_tok2_v_nvp_1.25_PFcheap.sol.json,results/tmp/e2/v_nvp_tok2_t1.25_loose.dzn,True,True,,
results/tmp/xB_e2_var_tok2_v_nvp_1.25_PFlight.sol.json,results/tmp/e2/v_nvp_tok2_t1.25_loose.dzn,True,True,,
results/tmp/xB_e2_var_tok2_v_nvp_1.25_PFmax.sol.json,results/tmp/e2/v_nvp_tok2_t1.25_loose.dzn,True,True,,
results/tmp/xB_e2_var_tok2_v_nvp_1.25_PFmin.sol.json,results/tmp/e2/v_nvp_tok2_t1.25_loose.dzn,True,True,,
results/tmp/xB_e2_var_tok2_v_nvp_1.25_SL.sol.json,results/tmp/e2/v_nvp_tok2_t1.25_loose.dzn,True,True,,
results/tmp/xB_e2_var_tok2_v_nvp_1.25_SL_step1.sol.json,results/tmp/e2/v_nvp_tok2_t1.25_nopat.dzn,True,True,,
results/tmp/xB_e2_var_tok2_v_nvp_1.25_joint.sol.json,results/tmp/e2/v_nvp_tok2_t1.25_loose.dzn,True,True,,
results/tmp/xB_e2_var_tok2_v_nvp_1.50_PFcheap.sol.json,results/tmp/e2/v_nvp_tok2_t1.50_loose.dzn,True,True,,
results/tmp/xB_e2_var_tok2_v_nvp_1.50_PFlight.sol.json,results/tmp/e2/v_nvp_tok2_t1.50_loose.dzn,True,True,,
results/tmp/xB_e2_var_tok2_v_nvp_1.50_PFmax.sol.json,results/tmp/e2/v_nvp_tok2_t1.50_loose.dzn,True,True,,
results/tmp/xB_e2_var_tok2_v_nvp_1.50_PFmin.sol.json,results/tmp/e2/v_nvp_tok2_t1.50_loose.dzn,True,True,,
results/tmp/xB_e2_var_tok2_v_nvp_1.50_SL.sol.json,results/tmp/e2/v_nvp_tok2_t1.50_loose.dzn,True,True,,
results/tmp/xB_e2_var_tok2_v_nvp_1.50_SL_step1.sol.json,results/tmp/e2/v_nvp_tok2_t1.50_nopat.dzn,True,True,,
results/tmp/xB_e2_var_tok2_v_nvp_1.50_joint.sol.json,results/tmp/e2/v_nvp_tok2_t1.50_loose.dzn,True,True,,
results/tmp/xB_e2_var_tok2_v_nvp_2.00_PFcheap.sol.json,results/tmp/e2/v_nvp_tok2_t2.00_loose.dzn,True,True,,
results/tmp/xB_e2_var_tok2_v_nvp_2.00_PFlight.sol.json,results/tmp/e2/v_nvp_tok2_t2.00_loose.dzn,True,True,,
results/tmp/xB_e2_var_tok2_v_nvp_2.00_PFmax.sol.json,results/tmp/e2/v_nvp_tok2_t2.00_loose.dzn,True,True,,
results/tmp/xB_e2_var_tok2_v_nvp_2.00_PFmin.sol.json,results/tmp/e2/v_nvp_tok2_t2.00_loose.dzn,True,True,,
results/tmp/xB_e2_var_tok2_v_nvp_2.00_SL.sol.json,results/tmp/e2/v_nvp_tok2_t2.00_loose.dzn,True,True,,
results/tmp/xB_e2_var_tok2_v_nvp_2.00_SL_step1.sol.json,results/tmp/e2/v_nvp_tok2_t2.00_nopat.dzn,True,True,,
results/tmp/xB_e2_var_tok2_v_nvp_2.00_joint.sol.json,results/tmp/e2/v_nvp_tok2_t2.00_loose.dzn,True,True,,
results/tmp/xB_e2_var_tok2_v_nvp_none_PFcheap.sol.json,results/tmp/e2/v_nvp_tok2.dzn,True,True,,
results/tmp/xB_e2_var_tok2_v_nvp_none_PFlight.sol.json,results/tmp/e2/v_nvp_tok2.dzn,True,True,,
results/tmp/xB_e2_var_tok2_v_nvp_none_PFmax.sol.json,results/tmp/e2/v_nvp_tok2.dzn,True,True,,
results/tmp/xB_e2_var_tok2_v_nvp_none_PFmin.sol.json,results/tmp/e2/v_nvp_tok2.dzn,True,True,,
results/tmp/xB_e2_var_tok2_v_nvp_none_SL.sol.json,results/tmp/e2/v_nvp_tok2.dzn,True,True,,
results/tmp/xB_e2_var_tok2_v_nvp_none_SL_step1.sol.json,results/tmp/e2/v_nvp_tok2_nopat.dzn,True,True,,
results/tmp/xB_e2_var_tok2_v_nvp_none_joint.sol.json,results/tmp/e2/v_nvp_tok2.dzn,True,True,,
results/tmp/xB_e4_comm_model_pc_sobel_100000.sol.json,results/tmp/exact/pc_sobel_loose.dzn,True,True,,
results/tmp/xB_e4_consolidation_s_myklebust2015_1.sol.json,safedse/out/s_myklebust2015.dzn,True,True,,
results/tmp/xB_e4_consolidation_s_myklebust2015_2.sol.json,safedse/out/s_myklebust2015.dzn,True,True,,
results/tmp/xB_e4_consolidation_s_myklebust2015_3.sol.json,safedse/out/s_myklebust2015.dzn,True,True,,
results/tmp/xB_e4_cost_profile_x_do178b_.sol.json,safedse/out/x_do178b.dzn,True,True,,
results/tmp/xB_e4_cost_profile_x_klosterman_.sol.json,safedse/out/x_klosterman.dzn,True,True,,
results/tmp/xB_e4_cost_profile_x_myklebust2015_.sol.json,safedse/out/x_myklebust2015.dzn,True,True,,
results/tmp/xB_e4_fault_model_d_random_hw_.sol.json,safedse/out/d_random_hw.dzn,True,True,,
results/tmp/xB_e4_fault_model_d_systematic_sw_.sol.json,safedse/out/d_systematic_sw.dzn,True,True,,
results/tmp/xB_e4_nvp_v_nvp_.sol.json,safedse/out/v_nvp.dzn,True,True,,
results/tmp/xB_e4_profile_consolidation_x_do178b_1.sol.json,safedse/out/x_do178b.dzn,True,True,,
results/tmp/xB_e4_profile_consolidation_x_do178b_2.sol.json,safedse/out/x_do178b.dzn,True,True,,
results/tmp/xB_e4_profile_consolidation_x_do178b_3.sol.json,safedse/out/x_do178b.dzn,True,True,,
results/tmp/xB_e4_profile_consolidation_x_klosterman_1.sol.json,safedse/out/x_klosterman.dzn,True,True,,
results/tmp/xB_e4_profile_consolidation_x_klosterman_2.sol.json,safedse/out/x_klosterman.dzn,True,True,,
results/tmp/xB_e4_profile_consolidation_x_klosterman_3.sol.json,safedse/out/x_klosterman.dzn,True,True,,
results/tmp/xB_e4_profile_consolidation_x_myklebust2015_1.sol.json,safedse/out/x_myklebust2015.dzn,True,True,,
results/tmp/xB_e4_profile_consolidation_x_myklebust2015_2.sol.json,safedse/out/x_myklebust2015.dzn,True,True,,
results/tmp/xB_e4_profile_consolidation_x_myklebust2015_3.sol.json,safedse/out/x_myklebust2015.dzn,True,True,,
results/tmp/xBdiag_e2thr_base_f_random_hw_SL.sol.json,results/tmp/e2/f_random_hw.dzn,True,True,,
results/tmp/xBdiag_e2thr_chk10_f_random_hw_SL.sol.json,results/tmp/e2/f_random_hw_chk10.dzn,True,True,,
results/tmp/xBdiag_e2thr_chk50_c_pat_SL.sol.json,results/tmp/e2/c_pat_chk50.dzn,True,True,,
results/tmp/xBdiag_e2thr_chk50_f_random_hw_SL.sol.json,results/tmp/e2/f_random_hw_chk50.dzn,True,True,,
results/tmp/xBdiag_e2thr_tok2_f_random_hw_SL.sol.json,results/tmp/e2/f_random_hw_tok2.dzn,True,True,,
results/tmp/xBdiag_e2v_tok2_p_rasta_1.10_SL.sol.json,results/tmp/e2/p_rasta_tok2_t1.10_loose.dzn,True,True,,
results/tmp/xBdiag_e2v_tok2_p_rasta_1.25_SL.sol.json,results/tmp/e2/p_rasta_tok2_t1.25_loose.dzn,True,True,,
results/tmp/xOdiag_e2thr_base_f_random_hw_SL.sol.json,results/tmp/e2/f_random_hw.dzn,True,True,,
results/tmp/xOdiag_e2thr_chk10_f_random_hw_SL.sol.json,results/tmp/e2/f_random_hw_chk10.dzn,True,True,,
results/tmp/xOdiag_e2thr_chk50_c_pat_SL.sol.json,results/tmp/e2/c_pat_chk50.dzn,True,True,,
results/tmp/xOdiag_e2thr_chk50_f_random_hw_SL.sol.json,results/tmp/e2/f_random_hw_chk50.dzn,True,True,,
results/tmp/xOdiag_e2thr_tok2_f_random_hw_SL.sol.json,results/tmp/e2/f_random_hw_tok2.dzn,True,True,,
results/tmp/xOdiag_e2v_tok2_p_rasta_1.25_SL.sol.json,results/tmp/e2/p_rasta_tok2_t1.25_loose.dzn,True,True,,
