config,instance,factor,baseline,rep,period_ub,pst,status,seconds,total_cost,mu_max,nprocs,hw_cost,dev_cost,promotion_cost,partition_total,pattern_cost,patterns,verify_ok,fix_ok,pin_ok,step1_status,doer_lowered,r2
E1,p_rasta,none,joint,1,,,OPTIMAL,6.065,3218,1012,2,320,2862,0,30,6,frontEnd=high_sil_isolated_checker;rasta=none;powspec=none;audspec=none;compJah=two_of_two_high_sil;rastaFilter=none;backEnd=low_sil_doer_checker,True,,True,,1,0
E1,p_rasta,1.00,joint,1,235,,OPTIMAL,9.059,3506,235,9,623,2862,0,15,6,frontEnd=high_sil_isolated_checker;rasta=none;powspec=none;audspec=none;compJah=high_sil_isolated_checker;rastaFilter=none;backEnd=low_sil_doer_checker,True,,True,,1,0
E1,p_rasta,1.10,joint,1,259,,OPTIMAL,11.864,3503,245,9,620,2862,0,15,6,frontEnd=high_sil_isolated_checker;rasta=none;powspec=none;audspec=none;compJah=high_sil_isolated_checker;rastaFilter=none;backEnd=low_sil_doer_checker,True,,True,,1,0
E1,p_rasta,1.25,joint,1,294,,OPTIMAL,21.818,3355,277,8,457,2862,0,30,6,frontEnd=high_sil_isolated_checker;rasta=none;powspec=none;audspec=none;compJah=high_sil_isolated_checker;rastaFilter=none;backEnd=low_sil_doer_checker,True,,True,,1,0
E1,p_rasta,1.50,joint,1,353,,OPTIMAL,24.401,3340,340,8,457,2862,0,15,6,frontEnd=high_sil_isolated_checker;rasta=none;powspec=none;audspec=none;compJah=two_of_two_high_sil;rastaFilter=none;backEnd=low_sil_doer_checker,True,,True,,1,0
E1,p_rasta,2.00,joint,1,470,,OPTIMAL,39.655,3283,449,6,415,2862,0,0,6,frontEnd=high_sil_isolated_checker;rasta=none;powspec=none;audspec=none;compJah=two_of_two_high_sil;rastaFilter=none;backEnd=low_sil_doer_checker,True,,True,,1,0
E1,f_random_hw,none,joint,1,,,OPTIMAL,9.703,3229,1292,4,361,2862,0,0,6,frontEnd=high_sil_isolated_checker;rasta=none;powspec=none;audspec=none;compJah=two_of_two_high_sil;rastaFilter=none;backEnd=low_sil_doer_checker,True,,True,,1,0
E1,f_random_hw,1.00,joint,1,235,,OPTIMAL,8.457,3524,235,10,656,2862,0,0,6,frontEnd=high_sil_isolated_checker;rasta=none;powspec=none;audspec=none;compJah=high_sil_isolated_checker;rastaFilter=none;backEnd=low_sil_doer_checker,True,,True,,1,0
E1,f_random_hw,1.10,joint,1,259,,OPTIMAL,16.589,3524,235,10,656,2862,0,0,6,frontEnd=high_sil_isolated_checker;rasta=none;powspec=none;audspec=none;compJah=high_sil_isolated_checker;rastaFilter=none;backEnd=low_sil_doer_checker,True,,True,,1,0
E1,f_random_hw,1.25,joint,1,294,,OPTIMAL,15.363,3372,282,10,504,2862,0,0,6,frontEnd=two_of_two_high_sil;rasta=none;powspec=none;audspec=none;compJah=high_sil_isolated_checker;rastaFilter=none;backEnd=low_sil_doer_checker,True,,True,,1,0
E1,f_random_hw,1.50,joint,1,353,,OPTIMAL,17.0,3361,319,9,493,2862,0,0,6,frontEnd=high_sil_isolated_checker;rasta=none;powspec=none;audspec=none;compJah=high_sil_isolated_checker;rastaFilter=none;backEnd=low_sil_doer_checker,True,,True,,1,0
E1,f_random_hw,2.00,joint,1,470,,OPTIMAL,17.607,3283,449,6,415,2862,0,0,6,frontEnd=high_sil_isolated_checker;rasta=none;powspec=none;audspec=none;compJah=high_sil_isolated_checker;rastaFilter=none;backEnd=low_sil_doer_checker,True,,True,,1,0
E1,d_random_hw,none,joint,1,,,OPTIMAL,5.008,1513,1620,2,41,1466,0,0,6,frontEnd=low_sil_doer_checker;rasta=none;powspec=none;audspec=none;compJah=low_sil_doer_checker;rastaFilter=none;backEnd=low_sil_doer_checker,True,,True,,3,0
E1,d_random_hw,1.00,joint,1,235,,OPTIMAL,6.194,1793,235,9,321,1466,0,0,6,frontEnd=low_sil_doer_checker;rasta=none;powspec=none;audspec=none;compJah=low_sil_doer_checker;rastaFilter=none;backEnd=low_sil_doer_checker,True,,True,,3,0
E1,d_random_hw,1.10,joint,1,259,,OPTIMAL,9.632,1787,252,9,315,1466,0,0,6,frontEnd=low_sil_doer_checker;rasta=none;powspec=none;audspec=none;compJah=low_sil_doer_checker;rastaFilter=none;backEnd=low_sil_doer_checker,True,,True,,3,0
E1,d_random_hw,1.25,joint,1,294,,OPTIMAL,8.507,1628,293,9,156,1466,0,0,6,frontEnd=low_sil_doer_checker;rasta=none;powspec=none;audspec=none;compJah=low_sil_doer_checker;rastaFilter=none;backEnd=low_sil_doer_checker,True,,True,,3,0
E1,d_random_hw,1.50,joint,1,353,,OPTIMAL,8.682,1592,334,8,120,1466,0,0,6,frontEnd=low_sil_doer_checker;rasta=none;powspec=none;audspec=none;compJah=low_sil_doer_checker;rastaFilter=none;backEnd=low_sil_doer_checker,True,,True,,3,0
E1,d_random_hw,2.00,joint,1,470,,OPTIMAL,7.562,1573,445,6,101,1466,0,0,6,frontEnd=low_sil_doer_checker;rasta=none;powspec=none;audspec=none;compJah=low_sil_doer_checker;rastaFilter=none;backEnd=low_sil_doer_checker,True,,True,,3,0
E1,d_systematic_sw,none,joint,1,,,OPTIMAL,2.333,1665,1143,2,193,1466,0,0,6,frontEnd=low_sil_diverse_doer_checker;rasta=none;powspec=none;audspec=none;compJah=low_sil_diverse_doer_checker;rastaFilter=none;backEnd=low_sil_diverse_doer_checker,True,,True,,3,0
E1,d_systematic_sw,1.00,joint,1,235,,OPTIMAL,2.61,1968,235,9,496,1466,0,0,6,frontEnd=low_sil_diverse_doer_checker;rasta=none;powspec=none;audspec=none;compJah=low_sil_diverse_doer_checker;rastaFilter=none;backEnd=low_sil_diverse_doer_checker,True,,True,,3,0
E1,d_systematic_sw,1.10,joint,1,259,,OPTIMAL,3.792,1965,252,9,493,1466,0,0,6,frontEnd=low_sil_diverse_doer_checker;rasta=none;powspec=none;audspec=none;compJah=low_sil_diverse_doer_checker;rastaFilter=none;backEnd=low_sil_diverse_doer_checker,True,,True,,3,0
E1,d_systematic_sw,1.25,joint,1,294,,OPTIMAL,6.181,1879,282,7,296,1578,112,0,5,frontEnd=low_sil_diverse_doer_checker;rasta=none;powspec=none;audspec=none;compJah=low_sil_diverse_doer_checker;rastaFilter=none;backEnd=same_cpu_doer_checker,True,,True,,2,0
E1,d_systematic_sw,1.50,joint,1,353,,OPTIMAL,5.247,1774,344,7,302,1466,0,0,6,frontEnd=low_sil_diverse_doer_checker;rasta=none;powspec=none;audspec=none;compJah=low_sil_diverse_doer_checker;rastaFilter=none;backEnd=low_sil_diverse_doer_checker,True,,True,,3,0
E1,d_systematic_sw,2.00,joint,1,470,,OPTIMAL,4.85,1724,445,5,252,1466,0,0,6,frontEnd=low_sil_diverse_doer_checker;rasta=none;powspec=none;audspec=none;compJah=low_sil_diverse_doer_checker;rastaFilter=none;backEnd=low_sil_diverse_doer_checker,True,,True,,3,0
E1,f_sw3,none,joint,1,,,OPTIMAL,7.635,3286,871,4,418,2862,0,0,6,frontEnd=two_of_two_high_sil;rasta=none;powspec=none;audspec=none;compJah=two_of_two_high_sil;rastaFilter=none;backEnd=low_sil_diverse_doer_checker,True,,True,,1,0
E1,f_sw3,1.00,joint,1,235,,OPTIMAL,8.069,3903,235,10,696,3200,112,0,7,frontEnd=mixed_sil_doer_checker;rasta=none;powspec=none;audspec=none;compJah=mixed_sil_doer_checker;rastaFilter=none;backEnd=same_cpu_doer_checker,True,,True,,2,0
E1,f_sw3,1.10,joint,1,259,,OPTIMAL,9.354,3825,255,11,729,3088,0,0,8,frontEnd=mixed_sil_doer_checker;rasta=none;powspec=none;audspec=none;compJah=mixed_sil_doer_checker;rastaFilter=none;backEnd=low_sil_diverse_doer_checker,True,,True,,3,0
E1,f_sw3,1.25,joint,1,294,,OPTIMAL,13.716,3744,282,10,537,3200,112,0,7,frontEnd=mixed_sil_doer_checker;rasta=none;powspec=none;audspec=none;compJah=mixed_sil_doer_checker;rastaFilter=none;backEnd=same_cpu_doer_checker,True,,True,,2,0
E1,f_sw3,1.50,joint,1,353,,OPTIMAL,11.707,3586,334,8,493,3087,112,0,6,frontEnd=two_of_two_high_sil;rasta=none;powspec=none;audspec=none;compJah=mixed_sil_doer_checker;rastaFilter=none;backEnd=same_cpu_doer_checker,True,,True,,1,0
E1,f_sw3,2.00,joint,1,470,,OPTIMAL,10.971,3342,461,6,474,2862,0,0,6,frontEnd=two_of_two_high_sil;rasta=none;powspec=none;audspec=none;compJah=two_of_two_high_sil;rastaFilter=none;backEnd=low_sil_diverse_doer_checker,True,,True,,1,0
E1,f_both3,none,joint,1,,,OPTIMAL,7.798,3286,871,4,418,2862,0,0,6,frontEnd=two_of_two_high_sil;rasta=none;powspec=none;audspec=none;compJah=two_of_two_high_sil;rastaFilter=none;backEnd=low_sil_diverse_doer_checker,True,,True,,1,0
E1,f_both3,1.00,joint,1,235,,OPTIMAL,9.175,3949,235,11,853,3088,0,0,8,frontEnd=mixed_sil_doer_checker;rasta=none;powspec=none;audspec=none;compJah=mixed_sil_doer_checker;rastaFilter=none;backEnd=low_sil_diverse_doer_checker,True,,True,,3,0
E1,f_both3,1.10,joint,1,259,,OPTIMAL,9.204,3825,255,11,729,3088,0,0,8,frontEnd=mixed_sil_doer_checker;rasta=none;powspec=none;audspec=none;compJah=mixed_sil_doer_checker;rastaFilter=none;backEnd=low_sil_diverse_doer_checker,True,,True,,3,0
E1,f_both3,1.25,joint,1,294,,OPTIMAL,14.92,3781,294,9,685,3088,0,0,8,frontEnd=mixed_sil_doer_checker;rasta=none;powspec=none;audspec=none;compJah=mixed_sil_doer_checker;rastaFilter=none;backEnd=low_sil_diverse_doer_checker,True,,True,,3,0
E1,f_both3,1.50,joint,1,353,,OPTIMAL,13.584,3589,345,8,493,3088,0,0,8,frontEnd=mixed_sil_doer_checker;rasta=none;powspec=none;audspec=none;compJah=mixed_sil_doer_checker;rastaFilter=none;backEnd=low_sil_diverse_doer_checker,True,,True,,3,0
E1,f_both3,2.00,joint,1,470,,OPTIMAL,10.569,3342,461,6,474,2862,0,0,6,frontEnd=two_of_two_high_sil;rasta=none;powspec=none;audspec=none;compJah=two_of_two_high_sil;rastaFilter=none;backEnd=low_sil_diverse_doer_checker,True,,True,,1,0
E1,c_pat,none,joint,1,,,OPTIMAL,17.665,3229,1350,4,361,2862,0,0,6,frontEnd=high_sil_isolated_checker;rasta=none;powspec=none;audspec=none;compJah=high_sil_isolated_checker;rastaFilter=none;backEnd=low_sil_doer_checker,True,,True,,1,0
E1,c_pat,1.00,joint,1,235,,OPTIMAL,12.837,3524,235,10,656,2862,0,0,6,frontEnd=high_sil_isolated_checker;rasta=none;powspec=none;audspec=none;compJah=high_sil_isolated_checker;rastaFilter=none;backEnd=low_sil_doer_checker,True,,True,,1,0
E1,c_pat,1.10,joint,1,259,,OPTIMAL,25.464,3524,248,10,656,2862,0,0,6,frontEnd=high_sil_isolated_checker;rasta=none;powspec=none;audspec=none;compJah=high_sil_isolated_checker;rastaFilter=none;backEnd=low_sil_doer_checker,True,,True,,1,0
E1,c_pat,1.25,joint,1,294,,OPTIMAL,30.958,3372,282,10,504,2862,0,0,6,frontEnd=high_sil_isolated_checker;rasta=none;powspec=none;audspec=none;compJah=high_sil_isolated_checker;rastaFilter=none;backEnd=low_sil_doer_checker,True,,True,,1,0
E1,c_pat,1.50,joint,1,353,,OPTIMAL,30.989,3361,319,9,493,2862,0,0,6,frontEnd=high_sil_isolated_checker;rasta=none;powspec=none;audspec=none;compJah=high_sil_isolated_checker;rastaFilter=none;backEnd=low_sil_doer_checker,True,,True,,1,0
E1,c_pat,2.00,joint,1,470,,OPTIMAL,24.027,3283,456,6,415,2862,0,0,6,frontEnd=high_sil_isolated_checker;rasta=none;powspec=none;audspec=none;compJah=high_sil_isolated_checker;rastaFilter=none;backEnd=low_sil_doer_checker,True,,True,,1,0
E1,pc_sobel,none,joint,1,100000,,OPTIMAL,3.301,1401,499,3,24,1375,0,0,2,get_pixel=high_sil_isolated_checker;gx=none;gy=none;abs=none,True,,True,,0,0
E1,pc_sobel,1.00,joint,1,333,,OPTIMAL,2.625,1411,333,3,34,1375,0,0,2,get_pixel=high_sil_isolated_checker;gx=none;gy=none;abs=none,True,,True,,0,0
E1,pc_sobel,1.10,joint,1,367,,OPTIMAL,3.155,1405,352,3,28,1375,0,0,2,get_pixel=high_sil_isolated_checker;gx=none;gy=none;abs=none,True,,True,,0,0
E1,pc_sobel,1.25,joint,1,417,,OPTIMAL,3.204,1403,416,3,26,1375,0,0,2,get_pixel=high_sil_isolated_checker;gx=none;gy=none;abs=none,True,,True,,0,0
E1,pc_sobel,1.50,joint,1,500,,OPTIMAL,2.949,1401,499,3,24,1375,0,0,2,get_pixel=high_sil_isolated_checker;gx=none;gy=none;abs=none,True,,True,,0,0
E1,pc_sobel,2.00,joint,1,666,,OPTIMAL,3.418,1401,480,3,24,1375,0,0,2,get_pixel=high_sil_isolated_checker;gx=none;gy=none;abs=none,True,,True,,0,0
E1,v_nvp,none,joint,1,,,OPTIMAL,5.101,5560,977,5,616,4934,0,0,10,frontEnd=nvp_three_version;rasta=none;powspec=none;audspec=none;compJah=nvp_three_version;rastaFilter=none;backEnd=low_sil_diverse_doer_checker,True,,True,,1,0
E1,v_nvp,1.00,joint,1,235,,OPTIMAL,6.242,5880,235,12,936,4934,0,0,10,frontEnd=nvp_three_version;rasta=none;powspec=none;audspec=none;compJah=nvp_three_version;rastaFilter=none;backEnd=low_sil_diverse_doer_checker,True,,True,,1,0
E1,v_nvp,1.10,joint,1,259,,OPTIMAL,5.828,5880,237,12,936,4934,0,0,10,frontEnd=nvp_three_version;rasta=none;powspec=none;audspec=none;compJah=nvp_three_version;rastaFilter=none;backEnd=low_sil_diverse_doer_checker,True,,True,,1,0
E1,v_nvp,1.25,joint,1,294,,OPTIMAL,13.817,5872,266,11,928,4934,0,0,10,frontEnd=nvp_three_version;rasta=none;powspec=none;audspec=none;compJah=nvp_three_version;rastaFilter=none;backEnd=low_sil_diverse_doer_checker,True,,True,,1,0
E1,v_nvp,1.50,joint,1,353,,OPTIMAL,14.791,5832,327,10,888,4934,0,0,10,frontEnd=nvp_three_version;rasta=none;powspec=none;audspec=none;compJah=nvp_three_version;rastaFilter=none;backEnd=low_sil_diverse_doer_checker,True,,True,,1,0
E1,v_nvp,2.00,joint,1,470,,OPTIMAL,17.16,5824,449,9,880,4934,0,0,10,frontEnd=nvp_three_version;rasta=none;powspec=none;audspec=none;compJah=nvp_three_version;rastaFilter=none;backEnd=low_sil_diverse_doer_checker,True,,True,,1,0
E2,p_rasta,none,joint,1,,,OPTIMAL,5.684,3330,1012,2,320,2974,0,30,6,frontEnd=high_sil_isolated_checker;rasta=none;powspec=none;audspec=none;compJah=high_sil_isolated_checker;rastaFilter=none;backEnd=low_sil_doer_checker,True,,True,,0,0
E2,p_rasta,1.00,joint,1,235,,OPTIMAL,7.039,3618,235,9,623,2974,0,15,6,frontEnd=high_sil_isolated_checker;rasta=none;powspec=none;audspec=none;compJah=high_sil_isolated_checker;rastaFilter=none;backEnd=low_sil_doer_checker,True,,True,,0,0
E2,p_rasta,1.10,joint,1,259,,OPTIMAL,12.957,3615,245,9,620,2974,0,15,6,frontEnd=high_sil_isolated_checker;rasta=none;powspec=none;audspec=none;compJah=high_sil_isolated_checker;rastaFilter=none;backEnd=low_sil_doer_checker,True,,True,,0,0
E2,p_rasta,1.25,joint,1,294,,OPTIMAL,12.291,3467,277,8,457,2974,0,30,6,frontEnd=high_sil_isolated_checker;rasta=none;powspec=none;audspec=none;compJah=high_sil_isolated_checker;rastaFilter=none;backEnd=low_sil_doer_checker,True,,True,,0,0
E2,p_rasta,1.50,joint,1,353,,OPTIMAL,20.104,3452,340,8,457,2974,0,15,6,frontEnd=high_sil_isolated_checker;rasta=none;powspec=none;audspec=none;compJah=two_of_two_high_sil;rastaFilter=none;backEnd=low_sil_doer_checker,True,,True,,0,0
E2,p_rasta,2.00,joint,1,470,,OPTIMAL,27.972,3399,451,5,404,2974,0,15,6,frontEnd=two_of_two_high_sil;rasta=none;powspec=none;audspec=none;compJah=high_sil_isolated_checker;rastaFilter=none;backEnd=low_sil_doer_checker,True,,True,,0,0
E2,f_random_hw,none,joint,1,,,OPTIMAL,8.739,3349,1079,5,369,2974,0,0,6,frontEnd=two_of_two_high_sil;rasta=none;powspec=none;audspec=none;compJah=high_sil_isolated_checker;rastaFilter=none;backEnd=low_sil_doer_checker,True,,True,,0,0
E2,f_random_hw,1.00,joint,1,235,,OPTIMAL,7.064,3636,235,10,656,2974,0,0,6,frontEnd=high_sil_isolated_checker;rasta=none;powspec=none;audspec=none;compJah=high_sil_isolated_checker;rastaFilter=none;backEnd=low_sil_doer_checker,True,,True,,0,0
E2,f_random_hw,1.10,joint,1,259,,OPTIMAL,7.267,3636,235,10,656,2974,0,0,6,frontEnd=high_sil_isolated_checker;rasta=none;powspec=none;audspec=none;compJah=high_sil_isolated_checker;rastaFilter=none;backEnd=low_sil_doer_checker,True,,True,,0,0
E2,f_random_hw,1.25,joint,1,294,,OPTIMAL,11.512,3484,282,10,504,2974,0,0,6,frontEnd=high_sil_isolated_checker;rasta=none;powspec=none;audspec=none;compJah=high_sil_isolated_checker;rastaFilter=none;backEnd=low_sil_doer_checker,True,,True,,0,0
E2,f_random_hw,1.50,joint,1,353,,OPTIMAL,14.189,3473,319,9,493,2974,0,0,6,frontEnd=two_of_two_high_sil;rasta=none;powspec=none;audspec=none;compJah=high_sil_isolated_checker;rastaFilter=none;backEnd=low_sil_doer_checker,True,,True,,0,0
E2,f_random_hw,2.00,joint,1,470,,OPTIMAL,12.581,3400,449,7,420,2974,0,0,6,frontEnd=high_sil_isolated_checker;rasta=none;powspec=none;audspec=none;compJah=high_sil_isolated_checker;rastaFilter=none;backEnd=low_sil_doer_checker,True,,True,,0,0
E2,d_random_hw,none,joint,1,,,OPTIMAL,5.845,1857,1620,3,49,1802,0,0,6,frontEnd=low_sil_doer_checker;rasta=none;powspec=none;audspec=none;compJah=low_sil_doer_checker;rastaFilter=none;backEnd=low_sil_doer_checker,True,,True,,0,0
E2,d_random_hw,1.00,joint,1,235,,OPTIMAL,6.304,2137,235,10,329,1802,0,0,6,frontEnd=low_sil_doer_checker;rasta=none;powspec=none;audspec=none;compJah=low_sil_doer_checker;rastaFilter=none;backEnd=low_sil_doer_checker,True,,True,,0,0
E2,d_random_hw,1.10,joint,1,259,,OPTIMAL,7.874,2131,252,10,323,1802,0,0,6,frontEnd=low_sil_doer_checker;rasta=none;powspec=none;audspec=none;compJah=low_sil_doer_checker;rastaFilter=none;backEnd=low_sil_doer_checker,True,,True,,0,0
E2,d_random_hw,1.25,joint,1,294,,OPTIMAL,16.415,1972,293,10,164,1802,0,0,6,frontEnd=low_sil_doer_checker;rasta=none;powspec=none;audspec=none;compJah=low_sil_doer_checker;rastaFilter=none;backEnd=low_sil_doer_checker,True,,True,,0,0
E2,d_random_hw,1.50,joint,1,353,,OPTIMAL,8.995,1934,329,8,126,1802,0,0,6,frontEnd=low_sil_doer_checker;rasta=none;powspec=none;audspec=none;compJah=low_sil_doer_checker;rastaFilter=none;backEnd=low_sil_doer_checker,True,,True,,0,0
E2,d_random_hw,2.00,joint,1,470,,OPTIMAL,8.876,1912,465,6,104,1802,0,0,6,frontEnd=low_sil_doer_checker;rasta=none;powspec=none;audspec=none;compJah=low_sil_doer_checker;rastaFilter=none;backEnd=low_sil_doer_checker,True,,True,,0,0
E2,d_systematic_sw,none,joint,1,,,OPTIMAL,3.433,1846,1684,2,41,1802,0,0,3,frontEnd=same_cpu_doer_checker;rasta=none;powspec=none;audspec=none;compJah=same_cpu_doer_checker;rastaFilter=none;backEnd=same_cpu_doer_checker,True,,True,,0,0
E2,d_systematic_sw,1.00,joint,1,235,,OPTIMAL,2.485,2104,235,7,299,1802,0,0,3,frontEnd=same_cpu_doer_checker;rasta=none;powspec=none;audspec=none;compJah=same_cpu_doer_checker;rastaFilter=none;backEnd=same_cpu_doer_checker,True,,True,,0,0
E2,d_systematic_sw,1.10,joint,1,259,,OPTIMAL,2.952,2104,235,7,299,1802,0,0,3,frontEnd=same_cpu_doer_checker;rasta=none;powspec=none;audspec=none;compJah=same_cpu_doer_checker;rastaFilter=none;backEnd=same_cpu_doer_checker,True,,True,,0,0
E2,d_systematic_sw,1.25,joint,1,294,,OPTIMAL,3.113,1920,293,7,115,1802,0,0,3,frontEnd=same_cpu_doer_checker;rasta=none;powspec=none;audspec=none;compJah=same_cpu_doer_checker;rastaFilter=none;backEnd=same_cpu_doer_checker,True,,True,,0,0
E2,d_systematic_sw,1.50,joint,1,353,,OPTIMAL,3.942,1909,319,6,104,1802,0,0,3,frontEnd=same_cpu_doer_checker;rasta=none;powspec=none;audspec=none;compJah=same_cpu_doer_checker;rastaFilter=none;backEnd=same_cpu_doer_checker,True,,True,,0,0
E2,d_systematic_sw,2.00,joint,1,470,,OPTIMAL,3.9,1898,449,5,93,1802,0,0,3,frontEnd=same_cpu_doer_checker;rasta=none;powspec=none;audspec=none;compJah=same_cpu_doer_checker;rastaFilter=none;backEnd=same_cpu_doer_checker,True,,True,,0,0
E2,f_sw3,none,joint,1,,,OPTIMAL,5.437,4401,1079,4,386,4010,0,0,5,frontEnd=two_of_two_high_sil;rasta=none;powspec=none;audspec=none;compJah=two_of_two_high_sil;rastaFilter=none;backEnd=same_cpu_doer_checker,True,,True,,0,0
E2,f_sw3,1.00,joint,1,235,,OPTIMAL,3.446,4670,235,9,653,4010,0,0,7,frontEnd=mixed_sil_doer_checker;rasta=none;powspec=none;audspec=none;compJah=mixed_sil_doer_checker;rastaFilter=none;backEnd=same_cpu_doer_checker,True,,True,,0,0
E2,f_sw3,1.10,joint,1,259,,OPTIMAL,5.16,4670,235,9,653,4010,0,0,7,frontEnd=mixed_sil_doer_checker;rasta=none;powspec=none;audspec=none;compJah=mixed_sil_doer_checker;rastaFilter=none;backEnd=same_cpu_doer_checker,True,,True,,0,0
E2,f_sw3,1.25,joint,1,294,,OPTIMAL,4.511,4502,290,7,485,4010,0,0,7,frontEnd=mixed_sil_doer_checker;rasta=none;powspec=none;audspec=none;compJah=mixed_sil_doer_checker;rastaFilter=none;backEnd=same_cpu_doer_checker,True,,True,,0,0
E2,f_sw3,1.50,joint,1,353,,OPTIMAL,7.381,4462,319,7,445,4010,0,0,7,frontEnd=mixed_sil_doer_checker;rasta=none;powspec=none;audspec=none;compJah=mixed_sil_doer_checker;rastaFilter=none;backEnd=same_cpu_doer_checker,True,,True,,0,0
E2,f_sw3,2.00,joint,1,470,,OPTIMAL,5.952,4453,454,6,437,4010,0,0,6,frontEnd=mixed_sil_doer_checker;rasta=none;powspec=none;audspec=none;compJah=two_of_two_high_sil;rastaFilter=none;backEnd=same_cpu_doer_checker,True,,True,,0,0
E2,f_both3,none,joint,1,,,OPTIMAL,5.705,4667,1079,5,426,4235,0,0,6,frontEnd=two_of_two_high_sil;rasta=none;powspec=none;audspec=none;compJah=two_of_two_high_sil;rastaFilter=none;backEnd=low_sil_diverse_doer_checker,True,,True,,0,0
E2,f_both3,1.00,joint,1,235,,OPTIMAL,3.828,4933,235,10,690,4235,0,0,8,frontEnd=mixed_sil_doer_checker;rasta=none;powspec=none;audspec=none;compJah=mixed_sil_doer_checker;rastaFilter=none;backEnd=low_sil_diverse_doer_checker,True,,True,,0,0
E2,f_both3,1.10,joint,1,259,,OPTIMAL,4.592,4933,253,10,690,4235,0,0,8,frontEnd=mixed_sil_doer_checker;rasta=none;powspec=none;audspec=none;compJah=mixed_sil_doer_checker;rastaFilter=none;backEnd=low_sil_diverse_doer_checker,True,,True,,0,0
E2,f_both3,1.25,joint,1,294,,OPTIMAL,7.398,4925,266,9,682,4235,0,0,8,frontEnd=mixed_sil_doer_checker;rasta=none;powspec=none;audspec=none;compJah=mixed_sil_doer_checker;rastaFilter=none;backEnd=low_sil_diverse_doer_checker,True,,True,,0,0
E2,f_both3,1.50,joint,1,353,,OPTIMAL,9.65,4888,319,9,645,4235,0,0,8,frontEnd=mixed_sil_doer_checker;rasta=none;powspec=none;audspec=none;compJah=mixed_sil_doer_checker;rastaFilter=none;backEnd=low_sil_diverse_doer_checker,True,,True,,0,0
E2,f_both3,2.00,joint,1,470,,OPTIMAL,7.867,4723,461,7,482,4235,0,0,6,frontEnd=two_of_two_high_sil;rasta=none;powspec=none;audspec=none;compJah=two_of_two_high_sil;rastaFilter=none;backEnd=low_sil_diverse_doer_checker,True,,True,,0,0
E2,c_pat,none,joint,1,,,OPTIMAL,14.563,3349,1188,5,369,2974,0,0,6,frontEnd=high_sil_isolated_checker;rasta=none;powspec=none;audspec=none;compJah=high_sil_isolated_checker;rastaFilter=none;backEnd=low_sil_doer_checker,True,,True,,0,0
E2,c_pat,1.00,joint,1,235,,OPTIMAL,10.609,3636,235,10,656,2974,0,0,6,frontEnd=high_sil_isolated_checker;rasta=none;powspec=none;audspec=none;compJah=high_sil_isolated_checker;rastaFilter=none;backEnd=low_sil_doer_checker,True,,True,,0,0
E2,c_pat,1.10,joint,1,259,,OPTIMAL,15.4,3636,251,10,656,2974,0,0,6,frontEnd=high_sil_isolated_checker;rasta=none;powspec=none;audspec=none;compJah=high_sil_isolated_checker;rastaFilter=none;backEnd=low_sil_doer_checker,True,,True,,0,0
E2,c_pat,1.25,joint,1,294,,OPTIMAL,19.34,3484,282,10,504,2974,0,0,6,frontEnd=high_sil_isolated_checker;rasta=none;powspec=none;audspec=none;compJah=high_sil_isolated_checker;rastaFilter=none;backEnd=low_sil_doer_checker,True,,True,,0,0
E2,c_pat,1.50,joint,1,353,,OPTIMAL,25.377,3473,319,9,493,2974,0,0,6,frontEnd=high_sil_isolated_checker;rasta=none;powspec=none;audspec=none;compJah=high_sil_isolated_checker;rastaFilter=none;backEnd=low_sil_doer_checker,True,,True,,0,0
E2,c_pat,2.00,joint,1,470,,OPTIMAL,25.896,3400,456,7,420,2974,0,0,6,frontEnd=high_sil_isolated_checker;rasta=none;powspec=none;audspec=none;compJah=high_sil_isolated_checker;rastaFilter=none;backEnd=low_sil_doer_checker,True,,True,,0,0
E2,pc_sobel,none,joint,1,100000,,OPTIMAL,3.042,1401,768,3,24,1375,0,0,2,get_pixel=two_of_two_high_sil;gx=none;gy=none;abs=none,True,,True,,0,0
E2,pc_sobel,1.00,joint,1,333,,OPTIMAL,2.533,1411,333,3,34,1375,0,0,2,get_pixel=high_sil_isolated_checker;gx=none;gy=none;abs=none,True,,True,,0,0
E2,pc_sobel,1.10,joint,1,367,,OPTIMAL,3.052,1405,352,3,28,1375,0,0,2,get_pixel=high_sil_isolated_checker;gx=none;gy=none;abs=none,True,,True,,0,0
E2,pc_sobel,1.25,joint,1,417,,OPTIMAL,2.913,1403,416,3,26,1375,0,0,2,get_pixel=high_sil_isolated_checker;gx=none;gy=none;abs=none,True,,True,,0,0
E2,pc_sobel,1.50,joint,1,500,,OPTIMAL,3.211,1401,480,3,24,1375,0,0,2,get_pixel=high_sil_isolated_checker;gx=none;gy=none;abs=none,True,,True,,0,0
E2,pc_sobel,2.00,joint,1,666,,OPTIMAL,3.333,1401,499,3,24,1375,0,0,2,get_pixel=high_sil_isolated_checker;gx=none;gy=none;abs=none,True,,True,,0,0
E2,v_nvp,none,joint,1,,,OPTIMAL,4.911,5283,1180,6,624,4649,0,0,10,frontEnd=nvp_three_version;rasta=none;powspec=none;audspec=none;compJah=nvp_three_version;rastaFilter=none;backEnd=low_sil_diverse_doer_checker,True,,True,,0,0
E2,v_nvp,1.00,joint,1,235,,OPTIMAL,4.734,5595,235,12,936,4649,0,0,10,frontEnd=nvp_three_version;rasta=none;powspec=none;audspec=none;compJah=nvp_three_version;rastaFilter=none;backEnd=low_sil_diverse_doer_checker,True,,True,,0,0
E2,v_nvp,1.10,joint,1,259,,OPTIMAL,5.394,5595,235,12,936,4649,0,0,10,frontEnd=nvp_three_version;rasta=none;powspec=none;audspec=none;compJah=nvp_three_version;rastaFilter=none;backEnd=low_sil_diverse_doer_checker,True,,True,,0,0
E2,v_nvp,1.25,joint,1,294,,OPTIMAL,9.834,5587,266,11,928,4649,0,0,10,frontEnd=nvp_three_version;rasta=none;powspec=none;audspec=none;compJah=nvp_three_version;rastaFilter=none;backEnd=low_sil_diverse_doer_checker,True,,True,,0,0
E2,v_nvp,1.50,joint,1,353,,OPTIMAL,10.821,5555,319,11,896,4649,0,0,10,frontEnd=nvp_three_version;rasta=none;powspec=none;audspec=none;compJah=nvp_three_version;rastaFilter=none;backEnd=low_sil_diverse_doer_checker,True,,True,,0,0
E2,v_nvp,2.00,joint,1,470,,OPTIMAL,11.273,5547,449,10,888,4649,0,0,10,frontEnd=nvp_three_version;rasta=none;powspec=none;audspec=none;compJah=nvp_three_version;rastaFilter=none;backEnd=low_sil_diverse_doer_checker,True,,True,,0,0
E12,p_rasta,none,joint,1,,,OPTIMAL,6.813,3218,1264,2,320,2862,0,30,6,frontEnd=high_sil_isolated_checker;rasta=none;powspec=none;audspec=none;compJah=two_of_two_high_sil;rastaFilter=none;backEnd=low_sil_doer_checker,True,,True,,1,0
E12,p_rasta,none,joint,2,,,OPTIMAL,6.831,3218,1012,2,320,2862,0,30,6,frontEnd=high_sil_isolated_checker;rasta=none;powspec=none;audspec=none;compJah=two_of_two_high_sil;rastaFilter=none;backEnd=low_sil_doer_checker,True,,True,,1,0
E12,p_rasta,none,joint,3,,,OPTIMAL,6.719,3218,1012,2,320,2862,0,30,6,frontEnd=high_sil_isolated_checker;rasta=none;powspec=none;audspec=none;compJah=high_sil_isolated_checker;rastaFilter=none;backEnd=low_sil_doer_checker,True,,True,,1,0
E12,p_rasta,none,SL,1,,,OPTIMAL,6.208,3218,1012,2,320,2862,0,30,6,frontEnd=high_sil_isolated_checker;rasta=none;powspec=none;audspec=none;compJah=high_sil_isolated_checker;rastaFilter=none;backEnd=low_sil_doer_checker,True,True,True,OPTIMAL,1,0
E12,p_rasta,none,PFmin,1,,,OPTIMAL,4.185,3218,1012,2,320,2862,0,30,6,frontEnd=two_of_two_high_sil;rasta=none;powspec=none;audspec=none;compJah=two_of_two_high_sil;rastaFilter=none;backEnd=low_sil_doer_checker,True,True,True,,1,0
E12,p_rasta,none,PFmax,1,,,OPTIMAL,3.381,3443,1012,2,320,3087,0,30,6,frontEnd=two_of_two_high_sil;rasta=none;powspec=none;audspec=none;compJah=two_of_two_high_sil;rastaFilter=none;backEnd=low_sil_diverse_doer_checker,True,True,True,,1,0
E12,p_rasta,none,PFlight,1,,,OPTIMAL,4.178,3218,1012,2,320,2862,0,30,6,frontEnd=high_sil_isolated_checker;rasta=none;powspec=none;audspec=none;compJah=high_sil_isolated_checker;rastaFilter=none;backEnd=low_sil_doer_checker,True,True,True,,1,0
E12,p_rasta,none,PFcheap,1,,,OPTIMAL,4.249,3218,1012,2,320,2862,0,30,6,frontEnd=high_sil_isolated_checker;rasta=none;powspec=none;audspec=none;compJah=high_sil_isolated_checker;rastaFilter=none;backEnd=low_sil_doer_checker,True,True,True,,1,0
E12,p_rasta,none,NP,1,,,OPTIMAL,5.913,3218,1012,2,320,2862,0,30,6,frontEnd=high_sil_isolated_checker;rasta=none;powspec=none;audspec=none;compJah=high_sil_isolated_checker;rastaFilter=none;backEnd=low_sil_doer_checker,True,,True,,1,0
E12,p_rasta,1.00,joint,1,235,,OPTIMAL,9.025,3506,235,9,623,2862,0,15,6,frontEnd=high_sil_isolated_checker;rasta=none;powspec=none;audspec=none;compJah=high_sil_isolated_checker;rastaFilter=none;backEnd=low_sil_doer_checker,True,,True,,1,0
E12,p_rasta,1.00,joint,2,235,,OPTIMAL,8.982,3506,235,9,623,2862,0,15,6,frontEnd=high_sil_isolated_checker;rasta=none;powspec=none;audspec=none;compJah=high_sil_isolated_checker;rastaFilter=none;backEnd=low_sil_doer_checker,True,,True,,1,0
E12,p_rasta,1.00,joint,3,235,,OPTIMAL,9.182,3506,235,9,623,2862,0,15,6,frontEnd=high_sil_isolated_checker;rasta=none;powspec=none;audspec=none;compJah=high_sil_isolated_checker;rastaFilter=none;backEnd=low_sil_doer_checker,True,,True,,1,0
E12,p_rasta,1.00,SL,1,235,,OPTIMAL,5.039,3524,235,10,656,2862,0,0,6,frontEnd=high_sil_isolated_checker;rasta=none;powspec=none;audspec=none;compJah=high_sil_isolated_checker;rastaFilter=none;backEnd=low_sil_doer_checker,True,True,True,OPTIMAL,1,0
E12,p_rasta,1.00,PFmin,1,235,,UNSAT,1.244,,,,,,,,,frontEnd=two_of_two_high_sil;rasta=none;powspec=none;audspec=none;compJah=two_of_two_high_sil;rastaFilter=none;backEnd=low_sil_doer_checker,,,,,,
E12,p_rasta,1.00,PFmax,1,235,,UNSAT,1.177,,,,,,,,,frontEnd=two_of_two_high_sil;rasta=none;powspec=none;audspec=none;compJah=two_of_two_high_sil;rastaFilter=none;backEnd=low_sil_diverse_doer_checker,,,,,,
E12,p_rasta,1.00,PFlight,1,235,,OPTIMAL,3.353,3506,235,9,623,2862,0,15,6,frontEnd=high_sil_isolated_checker;rasta=none;powspec=none;audspec=none;compJah=high_sil_isolated_checker;rastaFilter=none;backEnd=low_sil_doer_checker,True,True,True,,1,0
E12,p_rasta,1.00,PFcheap,1,235,,OPTIMAL,3.357,3506,235,9,623,2862,0,15,6,frontEnd=high_sil_isolated_checker;rasta=none;powspec=none;audspec=none;compJah=high_sil_isolated_checker;rastaFilter=none;backEnd=low_sil_doer_checker,True,True,True,,1,0
E12,p_rasta,1.00,NP,1,235,,OPTIMAL,7.122,3506,235,9,623,2862,0,15,6,frontEnd=high_sil_isolated_checker;rasta=none;powspec=none;audspec=none;compJah=high_sil_isolated_checker;rastaFilter=none;backEnd=low_sil_doer_checker,True,,True,,1,0
E12,p_rasta,1.10,joint,1,259,,OPTIMAL,19.058,3503,245,9,620,2862,0,15,6,frontEnd=high_sil_isolated_checker;rasta=none;powspec=none;audspec=none;compJah=high_sil_isolated_checker;rastaFilter=none;backEnd=low_sil_doer_checker,True,,True,,1,0
E12,p_rasta,1.10,joint,2,259,,OPTIMAL,17.551,3503,245,9,620,2862,0,15,6,frontEnd=high_sil_isolated_checker;rasta=none;powspec=none;audspec=none;compJah=high_sil_isolated_checker;rastaFilter=none;backEnd=low_sil_doer_checker,True,,True,,1,0
E12,p_rasta,1.10,joint,3,259,,OPTIMAL,21.279,3503,245,9,620,2862,0,15,6,frontEnd=high_sil_isolated_checker;rasta=none;powspec=none;audspec=none;compJah=high_sil_isolated_checker;rastaFilter=none;backEnd=low_sil_doer_checker,True,,True,,1,0
E12,p_rasta,1.10,SL,1,259,,OPTIMAL,4.794,3524,235,10,656,2862,0,0,6,frontEnd=high_sil_isolated_checker;rasta=none;powspec=none;audspec=none;compJah=high_sil_isolated_checker;rastaFilter=none;backEnd=low_sil_doer_checker,True,True,True,OPTIMAL,1,0
E12,p_rasta,1.10,PFmin,1,259,,UNSAT,1.265,,,,,,,,,frontEnd=two_of_two_high_sil;rasta=none;powspec=none;audspec=none;compJah=two_of_two_high_sil;rastaFilter=none;backEnd=low_sil_doer_checker,,,,,,
E12,p_rasta,1.10,PFmax,1,259,,UNSAT,1.227,,,,,,,,,frontEnd=two_of_two_high_sil;rasta=none;powspec=none;audspec=none;compJah=two_of_two_high_sil;rastaFilter=none;backEnd=low_sil_diverse_doer_checker,,,,,,
E12,p_rasta,1.10,PFlight,1,259,,OPTIMAL,3.578,3503,245,9,620,2862,0,15,6,frontEnd=high_sil_isolated_checker;rasta=none;powspec=none;audspec=none;compJah=high_sil_isolated_checker;rastaFilter=none;backEnd=low_sil_doer_checker,True,True,True,,1,0
E12,p_rasta,1.10,PFcheap,1,259,,OPTIMAL,3.627,3503,245,9,620,2862,0,15,6,frontEnd=high_sil_isolated_checker;rasta=none;powspec=none;audspec=none;compJah=high_sil_isolated_checker;rastaFilter=none;backEnd=low_sil_doer_checker,True,True,True,,1,0
E12,p_rasta,1.10,NP,1,259,,OPTIMAL,10.21,3503,245,9,620,2862,0,15,6,frontEnd=high_sil_isolated_checker;rasta=none;powspec=none;audspec=none;compJah=high_sil_isolated_checker;rastaFilter=none;backEnd=low_sil_doer_checker,True,,True,,1,0
E12,p_rasta,1.25,joint,1,294,,OPTIMAL,20.925,3355,277,8,457,2862,0,30,6,frontEnd=high_sil_isolated_checker;rasta=none;powspec=none;audspec=none;compJah=high_sil_isolated_checker;rastaFilter=none;backEnd=low_sil_doer_checker,True,,True,,1,0
E12,p_rasta,1.25,joint,2,294,,OPTIMAL,27.268,3355,277,8,457,2862,0,30,6,frontEnd=high_sil_isolated_checker;rasta=none;powspec=none;audspec=none;compJah=high_sil_isolated_checker;rastaFilter=none;backEnd=low_sil_doer_checker,True,,True,,1,0
E12,p_rasta,1.25,joint,3,294,,OPTIMAL,20.943,3355,277,8,457,2862,0,30,6,frontEnd=high_sil_isolated_checker;rasta=none;powspec=none;audspec=none;compJah=high_sil_isolated_checker;rastaFilter=none;backEnd=low_sil_doer_checker,True,,True,,1,0
E12,p_rasta,1.25,SL,1,294,,OPTIMAL,6.516,3379,282,9,496,2862,0,15,6,frontEnd=high_sil_isolated_checker;rasta=none;powspec=none;audspec=none;compJah=high_sil_isolated_checker;rastaFilter=none;backEnd=low_sil_doer_checker,True,True,True,OPTIMAL,1,0
E12,p_rasta,1.25,PFmin,1,294,,UNSAT,1.388,,,,,,,,,frontEnd=two_of_two_high_sil;rasta=none;powspec=none;audspec=none;compJah=two_of_two_high_sil;rastaFilter=none;backEnd=low_sil_doer_checker,,,,,,
E12,p_rasta,1.25,PFmax,1,294,,UNSAT,1.357,,,,,,,,,frontEnd=two_of_two_high_sil;rasta=none;powspec=none;audspec=none;compJah=two_of_two_high_sil;rastaFilter=none;backEnd=low_sil_diverse_doer_checker,,,,,,
E12,p_rasta,1.25,PFlight,1,294,,OPTIMAL,4.798,3355,277,8,457,2862,0,30,6,frontEnd=high_sil_isolated_checker;rasta=none;powspec=none;audspec=none;compJah=high_sil_isolated_checker;rastaFilter=none;backEnd=low_sil_doer_checker,True,True,True,,1,0
E12,p_rasta,1.25,PFcheap,1,294,,OPTIMAL,4.681,3355,277,8,457,2862,0,30,6,frontEnd=high_sil_isolated_checker;rasta=none;powspec=none;audspec=none;compJah=high_sil_isolated_checker;rastaFilter=none;backEnd=low_sil_doer_checker,True,True,True,,1,0
E12,p_rasta,1.25,NP,1,294,,OPTIMAL,11.619,3355,277,8,457,2862,0,30,6,frontEnd=high_sil_isolated_checker;rasta=none;powspec=none;audspec=none;compJah=high_sil_isolated_checker;rastaFilter=none;backEnd=low_sil_doer_checker,True,,True,,1,0
E12,p_rasta,1.50,joint,1,353,,OPTIMAL,25.844,3340,310,8,457,2862,0,15,6,frontEnd=high_sil_isolated_checker;rasta=none;powspec=none;audspec=none;compJah=high_sil_isolated_checker;rastaFilter=none;backEnd=low_sil_doer_checker,True,,True,,1,0
E12,p_rasta,1.50,joint,2,353,,OPTIMAL,24.349,3340,340,8,457,2862,0,15,6,frontEnd=high_sil_isolated_checker;rasta=none;powspec=none;audspec=none;compJah=two_of_two_high_sil;rastaFilter=none;backEnd=low_sil_doer_checker,True,,True,,1,0
E12,p_rasta,1.50,joint,3,353,,OPTIMAL,24.505,3340,310,8,457,2862,0,15,6,frontEnd=high_sil_isolated_checker;rasta=none;powspec=none;audspec=none;compJah=high_sil_isolated_checker;rastaFilter=none;backEnd=low_sil_doer_checker,True,,True,,1,0
E12,p_rasta,1.50,SL,1,353,,OPTIMAL,8.171,3349,327,8,466,2862,0,15,6,frontEnd=two_of_two_high_sil;rasta=none;powspec=none;audspec=none;compJah=high_sil_isolated_checker;rastaFilter=none;backEnd=low_sil_doer_checker,True,True,True,OPTIMAL,1,0
E12,p_rasta,1.50,PFmin,1,353,,OPTIMAL,5.091,3343,340,8,460,2862,0,15,6,frontEnd=two_of_two_high_sil;rasta=none;powspec=none;audspec=none;compJah=two_of_two_high_sil;rastaFilter=none;backEnd=low_sil_doer_checker,True,True,True,,1,0
E12,p_rasta,1.50,PFmax,1,353,,OPTIMAL,4.977,3571,353,8,463,3087,0,15,6,frontEnd=two_of_two_high_sil;rasta=none;powspec=none;audspec=none;compJah=two_of_two_high_sil;rastaFilter=none;backEnd=low_sil_diverse_doer_checker,True,True,True,,1,0
E12,p_rasta,1.50,PFlight,1,353,,OPTIMAL,6.306,3340,310,8,457,2862,0,15,6,frontEnd=high_sil_isolated_checker;rasta=none;powspec=none;audspec=none;compJah=high_sil_isolated_checker;rastaFilter=none;backEnd=low_sil_doer_checker,True,True,True,,1,0
E12,p_rasta,1.50,PFcheap,1,353,,OPTIMAL,6.319,3340,310,8,457,2862,0,15,6,frontEnd=high_sil_isolated_checker;rasta=none;powspec=none;audspec=none;compJah=high_sil_isolated_checker;rastaFilter=none;backEnd=low_sil_doer_checker,True,True,True,,1,0
E12,p_rasta,1.50,NP,1,353,,OPTIMAL,19.867,3340,340,8,457,2862,0,15,6,frontEnd=high_sil_isolated_checker;rasta=none;powspec=none;audspec=none;compJah=two_of_two_high_sil;rastaFilter=none;backEnd=low_sil_doer_checker,True,,True,,1,0
E12,p_rasta,2.00,joint,1,470,,OPTIMAL,38.749,3283,449,6,415,2862,0,0,6,frontEnd=high_sil_isolated_checker;rasta=none;powspec=none;audspec=none;compJah=high_sil_isolated_checker;rastaFilter=none;backEnd=low_sil_doer_checker,True,,True,,1,0
E12,p_rasta,2.00,joint,2,470,,OPTIMAL,34.011,3283,451,6,415,2862,0,0,6,frontEnd=two_of_two_high_sil;rasta=none;powspec=none;audspec=none;compJah=high_sil_isolated_checker;rastaFilter=none;backEnd=low_sil_doer_checker,True,,True,,1,0
E12,p_rasta,2.00,joint,3,470,,OPTIMAL,38.04,3283,449,6,415,2862,0,0,6,frontEnd=high_sil_isolated_checker;rasta=none;powspec=none;audspec=none;compJah=high_sil_isolated_checker;rastaFilter=none;backEnd=low_sil_doer_checker,True,,True,,1,0
E12,p_rasta,2.00,SL,1,470,,OPTIMAL,7.85,3288,449,7,420,2862,0,0,6,frontEnd=high_sil_isolated_checker;rasta=none;powspec=none;audspec=none;compJah=high_sil_isolated_checker;rastaFilter=none;backEnd=low_sil_doer_checker,True,True,True,OPTIMAL,1,0
E12,p_rasta,2.00,PFmin,1,470,,OPTIMAL,5.905,3283,451,6,415,2862,0,0,6,frontEnd=two_of_two_high_sil;rasta=none;powspec=none;audspec=none;compJah=two_of_two_high_sil;rastaFilter=none;backEnd=low_sil_doer_checker,True,True,True,,1,0
E12,p_rasta,2.00,PFmax,1,470,,OPTIMAL,6.419,3515,451,5,407,3087,0,15,6,frontEnd=two_of_two_high_sil;rasta=none;powspec=none;audspec=none;compJah=two_of_two_high_sil;rastaFilter=none;backEnd=low_sil_diverse_doer_checker,True,True,True,,1,0
E12,p_rasta,2.00,PFlight,1,470,,OPTIMAL,13.969,3283,449,6,415,2862,0,0,6,frontEnd=high_sil_isolated_checker;rasta=none;powspec=none;audspec=none;compJah=high_sil_isolated_checker;rastaFilter=none;backEnd=low_sil_doer_checker,True,True,True,,1,0
E12,p_rasta,2.00,PFcheap,1,470,,OPTIMAL,13.94,3283,449,6,415,2862,0,0,6,frontEnd=high_sil_isolated_checker;rasta=none;powspec=none;audspec=none;compJah=high_sil_isolated_checker;rastaFilter=none;backEnd=low_sil_doer_checker,True,True,True,,1,0
E12,p_rasta,2.00,NP,1,470,,OPTIMAL,39.629,3283,451,6,415,2862,0,0,6,frontEnd=two_of_two_high_sil;rasta=none;powspec=none;audspec=none;compJah=high_sil_isolated_checker;rastaFilter=none;backEnd=low_sil_doer_checker,True,,True,,1,0
E12,f_random_hw,none,joint,1,,,OPTIMAL,10.439,3229,1292,4,361,2862,0,0,6,frontEnd=high_sil_isolated_checker;rasta=none;powspec=none;audspec=none;compJah=two_of_two_high_sil;rastaFilter=none;backEnd=low_sil_doer_checker,True,,True,,1,0
E12,f_random_hw,none,joint,2,,,OPTIMAL,10.618,3229,1292,4,361,2862,0,0,6,frontEnd=high_sil_isolated_checker;rasta=none;powspec=none;audspec=none;compJah=two_of_two_high_sil;rastaFilter=none;backEnd=low_sil_doer_checker,True,,True,,1,0
E12,f_random_hw,none,joint,3,,,OPTIMAL,10.532,3229,1292,4,361,2862,0,0,6,frontEnd=high_sil_isolated_checker;rasta=none;powspec=none;audspec=none;compJah=two_of_two_high_sil;rastaFilter=none;backEnd=low_sil_doer_checker,True,,True,,1,0
E12,f_random_hw,none,SL,1,,,OPTIMAL,8.498,3237,1102,5,369,2862,0,0,6,frontEnd=two_of_two_high_sil;rasta=none;powspec=none;audspec=none;compJah=high_sil_isolated_checker;rastaFilter=none;backEnd=low_sil_doer_checker,True,True,True,OPTIMAL,1,0
E12,f_random_hw,none,PFmin,1,,,OPTIMAL,4.872,3229,1292,4,361,2862,0,0,6,frontEnd=two_of_two_high_sil;rasta=none;powspec=none;audspec=none;compJah=two_of_two_high_sil;rastaFilter=none;backEnd=low_sil_doer_checker,True,True,True,,1,0
E12,f_random_hw,none,PFmax,1,,,OPTIMAL,4.849,3479,1292,4,386,3087,0,0,6,frontEnd=two_of_two_high_sil;rasta=none;powspec=none;audspec=none;compJah=two_of_two_high_sil;rastaFilter=none;backEnd=low_sil_diverse_doer_checker,True,True,True,,1,0
E12,f_random_hw,none,PFlight,1,,,OPTIMAL,4.811,3229,1292,4,361,2862,0,0,6,frontEnd=high_sil_isolated_checker;rasta=none;powspec=none;audspec=none;compJah=high_sil_isolated_checker;rastaFilter=none;backEnd=low_sil_doer_checker,True,True,True,,1,0
E12,f_random_hw,none,PFcheap,1,,,OPTIMAL,5.076,3229,1292,4,361,2862,0,0,6,frontEnd=high_sil_isolated_checker;rasta=none;powspec=none;audspec=none;compJah=high_sil_isolated_checker;rastaFilter=none;backEnd=low_sil_doer_checker,True,True,True,,1,0
E12,f_random_hw,none,NP,1,,,OPTIMAL,5.944,3229,1292,4,361,2862,0,0,6,frontEnd=two_of_two_high_sil;rasta=none;powspec=none;audspec=none;compJah=high_sil_isolated_checker;rastaFilter=none;backEnd=low_sil_doer_checker,True,,True,,1,0
E12,f_random_hw,1.00,joint,1,235,,OPTIMAL,8.916,3524,235,10,656,2862,0,0,6,frontEnd=high_sil_isolated_checker;rasta=none;powspec=none;audspec=none;compJah=high_sil_isolated_checker;rastaFilter=none;backEnd=low_sil_doer_checker,True,,True,,1,0
E12,f_random_hw,1.00,joint,2,235,,OPTIMAL,9.46,3524,235,10,656,2862,0,0,6,frontEnd=high_sil_isolated_checker;rasta=none;powspec=none;audspec=none;compJah=high_sil_isolated_checker;rastaFilter=none;backEnd=low_sil_doer_checker,True,,True,,1,0
E12,f_random_hw,1.00,joint,3,235,,OPTIMAL,9.783,3524,235,10,656,2862,0,0,6,frontEnd=high_sil_isolated_checker;rasta=none;powspec=none;audspec=none;compJah=high_sil_isolated_checker;rastaFilter=none;backEnd=low_sil_doer_checker,True,,True,,1,0
E12,f_random_hw,1.00,SL,1,235,,OPTIMAL,5.212,3524,235,10,656,2862,0,0,6,frontEnd=high_sil_isolated_checker;rasta=none;powspec=none;audspec=none;compJah=high_sil_isolated_checker;rastaFilter=none;backEnd=low_sil_doer_checker,True,True,True,OPTIMAL,1,0
E12,f_random_hw,1.00,PFmin,1,235,,UNSAT,1.287,,,,,,,,,frontEnd=two_of_two_high_sil;rasta=none;powspec=none;audspec=none;compJah=two_of_two_high_sil;rastaFilter=none;backEnd=low_sil_doer_checker,,,,,,
E12,f_random_hw,1.00,PFmax,1,235,,UNSAT,1.262,,,,,,,,,frontEnd=two_of_two_high_sil;rasta=none;powspec=none;audspec=none;compJah=two_of_two_high_sil;rastaFilter=none;backEnd=low_sil_diverse_doer_checker,,,,,,
E12,f_random_hw,1.00,PFlight,1,235,,OPTIMAL,3.744,3524,235,10,656,2862,0,0,6,frontEnd=high_sil_isolated_checker;rasta=none;powspec=none;audspec=none;compJah=high_sil_isolated_checker;rastaFilter=none;backEnd=low_sil_doer_checker,True,True,True,,1,0
E12,f_random_hw,1.00,PFcheap,1,235,,OPTIMAL,3.478,3524,235,10,656,2862,0,0,6,frontEnd=high_sil_isolated_checker;rasta=none;powspec=none;audspec=none;compJah=high_sil_isolated_checker;rastaFilter=none;backEnd=low_sil_doer_checker,True,True,True,,1,0
E12,f_random_hw,1.00,NP,1,235,,OPTIMAL,6.175,3524,235,10,656,2862,0,0,6,frontEnd=high_sil_isolated_checker;rasta=none;powspec=none;audspec=none;compJah=high_sil_isolated_checker;rastaFilter=none;backEnd=low_sil_doer_checker,True,,True,,1,0
E12,f_random_hw,1.10,joint,1,259,,OPTIMAL,16.891,3524,235,10,656,2862,0,0,6,frontEnd=high_sil_isolated_checker;rasta=none;powspec=none;audspec=none;compJah=high_sil_isolated_checker;rastaFilter=none;backEnd=low_sil_doer_checker,True,,True,,1,0
E12,f_random_hw,1.10,joint,2,259,,OPTIMAL,15.412,3524,235,10,656,2862,0,0,6,frontEnd=high_sil_isolated_checker;rasta=none;powspec=none;audspec=none;compJah=high_sil_isolated_checker;rastaFilter=none;backEnd=low_sil_doer_checker,True,,True,,1,0
E12,f_random_hw,1.10,joint,3,259,,OPTIMAL,16.617,3524,235,10,656,2862,0,0,6,frontEnd=high_sil_isolated_checker;rasta=none;powspec=none;audspec=none;compJah=high_sil_isolated_checker;rastaFilter=none;backEnd=low_sil_doer_checker,True,,True,,1,0
E12,f_random_hw,1.10,SL,1,259,,OPTIMAL,5.139,3524,235,10,656,2862,0,0,6,frontEnd=high_sil_isolated_checker;rasta=none;powspec=none;audspec=none;compJah=high_sil_isolated_checker;rastaFilter=none;backEnd=low_sil_doer_checker,True,True,True,OPTIMAL,1,0
E12,f_random_hw,1.10,PFmin,1,259,,UNSAT,1.209,,,,,,,,,frontEnd=two_of_two_high_sil;rasta=none;powspec=none;audspec=none;compJah=two_of_two_high_sil;rastaFilter=none;backEnd=low_sil_doer_checker,,,,,,
E12,f_random_hw,1.10,PFmax,1,259,,UNSAT,1.204,,,,,,,,,frontEnd=two_of_two_high_sil;rasta=none;powspec=none;audspec=none;compJah=two_of_two_high_sil;rastaFilter=none;backEnd=low_sil_diverse_doer_checker,,,,,,
E12,f_random_hw,1.10,PFlight,1,259,,OPTIMAL,3.443,3524,235,10,656,2862,0,0,6,frontEnd=high_sil_isolated_checker;rasta=none;powspec=none;audspec=none;compJah=high_sil_isolated_checker;rastaFilter=none;backEnd=low_sil_doer_checker,True,True,True,,1,0
E12,f_random_hw,1.10,PFcheap,1,259,,OPTIMAL,3.522,3524,235,10,656,2862,0,0,6,frontEnd=high_sil_isolated_checker;rasta=none;powspec=none;audspec=none;compJah=high_sil_isolated_checker;rastaFilter=none;backEnd=low_sil_doer_checker,True,True,True,,1,0
E12,f_random_hw,1.10,NP,1,259,,OPTIMAL,5.651,3524,235,10,656,2862,0,0,6,frontEnd=high_sil_isolated_checker;rasta=none;powspec=none;audspec=none;compJah=high_sil_isolated_checker;rastaFilter=none;backEnd=low_sil_doer_checker,True,,True,,1,0
E12,f_random_hw,1.25,joint,1,294,,OPTIMAL,15.199,3372,282,10,504,2862,0,0,6,frontEnd=high_sil_isolated_checker;rasta=none;powspec=none;audspec=none;compJah=high_sil_isolated_checker;rastaFilter=none;backEnd=low_sil_doer_checker,True,,True,,1,0
E12,f_random_hw,1.25,joint,2,294,,OPTIMAL,16.804,3372,282,10,504,2862,0,0,6,frontEnd=high_sil_isolated_checker;rasta=none;powspec=none;audspec=none;compJah=high_sil_isolated_checker;rastaFilter=none;backEnd=low_sil_doer_checker,True,,True,,1,0
E12,f_random_hw,1.25,joint,3,294,,OPTIMAL,20.63,3372,282,10,504,2862,0,0,6,frontEnd=high_sil_isolated_checker;rasta=none;powspec=none;audspec=none;compJah=high_sil_isolated_checker;rastaFilter=none;backEnd=low_sil_doer_checker,True,,True,,1,0
E12,f_random_hw,1.25,SL,1,294,,OPTIMAL,6.453,3372,282,10,504,2862,0,0,6,frontEnd=high_sil_isolated_checker;rasta=none;powspec=none;audspec=none;compJah=high_sil_isolated_checker;rastaFilter=none;backEnd=low_sil_doer_checker,True,True,True,OPTIMAL,1,0
E12,f_random_hw,1.25,PFmin,1,294,,UNSAT,1.411,,,,,,,,,frontEnd=two_of_two_high_sil;rasta=none;powspec=none;audspec=none;compJah=two_of_two_high_sil;rastaFilter=none;backEnd=low_sil_doer_checker,,,,,,
E12,f_random_hw,1.25,PFmax,1,294,,UNSAT,1.356,,,,,,,,,frontEnd=two_of_two_high_sil;rasta=none;powspec=none;audspec=none;compJah=two_of_two_high_sil;rastaFilter=none;backEnd=low_sil_diverse_doer_checker,,,,,,
E12,f_random_hw,1.25,PFlight,1,294,,OPTIMAL,3.812,3372,282,10,504,2862,0,0,6,frontEnd=high_sil_isolated_checker;rasta=none;powspec=none;audspec=none;compJah=high_sil_isolated_checker;rastaFilter=none;backEnd=low_sil_doer_checker,True,True,True,,1,0
E12,f_random_hw,1.25,PFcheap,1,294,,OPTIMAL,3.801,3372,282,10,504,2862,0,0,6,frontEnd=high_sil_isolated_checker;rasta=none;powspec=none;audspec=none;compJah=high_sil_isolated_checker;rastaFilter=none;backEnd=low_sil_doer_checker,True,True,True,,1,0
E12,f_random_hw,1.25,NP,1,294,,OPTIMAL,6.91,3372,282,10,504,2862,0,0,6,frontEnd=high_sil_isolated_checker;rasta=none;powspec=none;audspec=none;compJah=high_sil_isolated_checker;rastaFilter=none;backEnd=low_sil_doer_checker,True,,True,,1,0
E12,f_random_hw,1.50,joint,1,353,,OPTIMAL,18.782,3361,319,9,493,2862,0,0,6,frontEnd=high_sil_isolated_checker;rasta=none;powspec=none;audspec=none;compJah=high_sil_isolated_checker;rastaFilter=none;backEnd=low_sil_doer_checker,True,,True,,1,0
E12,f_random_hw,1.50,joint,2,353,,OPTIMAL,19.357,3361,319,9,493,2862,0,0,6,frontEnd=two_of_two_high_sil;rasta=none;powspec=none;audspec=none;compJah=high_sil_isolated_checker;rastaFilter=none;backEnd=low_sil_doer_checker,True,,True,,1,0
E12,f_random_hw,1.50,joint,3,353,,OPTIMAL,17.126,3361,319,9,493,2862,0,0,6,frontEnd=high_sil_isolated_checker;rasta=none;powspec=none;audspec=none;compJah=high_sil_isolated_checker;rastaFilter=none;backEnd=low_sil_doer_checker,True,,True,,1,0
E12,f_random_hw,1.50,SL,1,353,,OPTIMAL,7.75,3361,319,9,493,2862,0,0,6,frontEnd=high_sil_isolated_checker;rasta=none;powspec=none;audspec=none;compJah=high_sil_isolated_checker;rastaFilter=none;backEnd=low_sil_doer_checker,True,True,True,OPTIMAL,1,0
E12,f_random_hw,1.50,PFmin,1,353,,OPTIMAL,4.441,3361,340,9,493,2862,0,0,6,frontEnd=two_of_two_high_sil;rasta=none;powspec=none;audspec=none;compJah=two_of_two_high_sil;rastaFilter=none;backEnd=low_sil_doer_checker,True,True,True,,1,0
E12,f_random_hw,1.50,PFmax,1,353,,OPTIMAL,4.359,3586,340,9,493,3087,0,0,6,frontEnd=two_of_two_high_sil;rasta=none;powspec=none;audspec=none;compJah=two_of_two_high_sil;rastaFilter=none;backEnd=low_sil_diverse_doer_checker,True,True,True,,1,0
E12,f_random_hw,1.50,PFlight,1,353,,OPTIMAL,4.446,3361,319,9,493,2862,0,0,6,frontEnd=high_sil_isolated_checker;rasta=none;powspec=none;audspec=none;compJah=high_sil_isolated_checker;rastaFilter=none;backEnd=low_sil_doer_checker,True,True,True,,1,0
E12,f_random_hw,1.50,PFcheap,1,353,,OPTIMAL,4.381,3361,319,9,493,2862,0,0,6,frontEnd=high_sil_isolated_checker;rasta=none;powspec=none;audspec=none;compJah=high_sil_isolated_checker;rastaFilter=none;backEnd=low_sil_doer_checker,True,True,True,,1,0
E12,f_random_hw,1.50,NP,1,353,,OPTIMAL,10.884,3361,319,9,493,2862,0,0,6,frontEnd=high_sil_isolated_checker;rasta=none;powspec=none;audspec=none;compJah=high_sil_isolated_checker;rastaFilter=none;backEnd=low_sil_doer_checker,True,,True,,1,0
E12,f_random_hw,2.00,joint,1,470,,OPTIMAL,20.31,3283,449,6,415,2862,0,0,6,frontEnd=high_sil_isolated_checker;rasta=none;powspec=none;audspec=none;compJah=high_sil_isolated_checker;rastaFilter=none;backEnd=low_sil_doer_checker,True,,True,,1,0
E12,f_random_hw,2.00,joint,2,470,,OPTIMAL,18.394,3283,449,6,415,2862,0,0,6,frontEnd=high_sil_isolated_checker;rasta=none;powspec=none;audspec=none;compJah=high_sil_isolated_checker;rastaFilter=none;backEnd=low_sil_doer_checker,True,,True,,1,0
E12,f_random_hw,2.00,joint,3,470,,OPTIMAL,16.912,3283,451,6,415,2862,0,0,6,frontEnd=two_of_two_high_sil;rasta=none;powspec=none;audspec=none;compJah=high_sil_isolated_checker;rastaFilter=none;backEnd=low_sil_doer_checker,True,,True,,1,0
E12,f_random_hw,2.00,SL,1,470,,OPTIMAL,7.723,3288,449,7,420,2862,0,0,6,frontEnd=high_sil_isolated_checker;rasta=none;powspec=none;audspec=none;compJah=high_sil_isolated_checker;rastaFilter=none;backEnd=low_sil_doer_checker,True,True,True,OPTIMAL,1,0
E12,f_random_hw,2.00,PFmin,1,470,,OPTIMAL,5.407,3283,451,6,415,2862,0,0,6,frontEnd=two_of_two_high_sil;rasta=none;powspec=none;audspec=none;compJah=two_of_two_high_sil;rastaFilter=none;backEnd=low_sil_doer_checker,True,True,True,,1,0
E12,f_random_hw,2.00,PFmax,1,470,,OPTIMAL,4.789,3533,451,6,440,3087,0,0,6,frontEnd=two_of_two_high_sil;rasta=none;powspec=none;audspec=none;compJah=two_of_two_high_sil;rastaFilter=none;backEnd=low_sil_diverse_doer_checker,True,True,True,,1,0
E12,f_random_hw,2.00,PFlight,1,470,,OPTIMAL,5.005,3283,449,6,415,2862,0,0,6,frontEnd=high_sil_isolated_checker;rasta=none;powspec=none;audspec=none;compJah=high_sil_isolated_checker;rastaFilter=none;backEnd=low_sil_doer_checker,True,True,True,,1,0
E12,f_random_hw,2.00,PFcheap,1,470,,OPTIMAL,4.831,3283,449,6,415,2862,0,0,6,frontEnd=high_sil_isolated_checker;rasta=none;powspec=none;audspec=none;compJah=high_sil_isolated_checker;rastaFilter=none;backEnd=low_sil_doer_checker,True,True,True,,1,0
E12,f_random_hw,2.00,NP,1,470,,OPTIMAL,9.969,3283,449,6,415,2862,0,0,6,frontEnd=high_sil_isolated_checker;rasta=none;powspec=none;audspec=none;compJah=high_sil_isolated_checker;rastaFilter=none;backEnd=low_sil_doer_checker,True,,True,,1,0
E12,d_random_hw,none,joint,1,,,OPTIMAL,8.062,1513,1620,2,41,1466,0,0,6,frontEnd=low_sil_doer_checker;rasta=none;powspec=none;audspec=none;compJah=low_sil_doer_checker;rastaFilter=none;backEnd=low_sil_doer_checker,True,,True,,3,0
E12,d_random_hw,none,joint,2,,,OPTIMAL,7.953,1513,1620,2,41,1466,0,0,6,frontEnd=low_sil_doer_checker;rasta=none;powspec=none;audspec=none;compJah=low_sil_doer_checker;rastaFilter=none;backEnd=low_sil_doer_checker,True,,True,,3,0
E12,d_random_hw,none,joint,3,,,OPTIMAL,7.925,1513,1620,2,41,1466,0,0,6,frontEnd=low_sil_doer_checker;rasta=none;powspec=none;audspec=none;compJah=low_sil_doer_checker;rastaFilter=none;backEnd=low_sil_doer_checker,True,,True,,3,0
E12,d_random_hw,none,SL,1,,,OPTIMAL,5.999,1521,1620,3,49,1466,0,0,6,frontEnd=low_sil_doer_checker;rasta=none;powspec=none;audspec=none;compJah=low_sil_doer_checker;rastaFilter=none;backEnd=low_sil_doer_checker,True,True,True,OPTIMAL,3,0
E12,d_random_hw,none,PFmin,1,,,OPTIMAL,3.266,1513,1833,2,41,1466,0,0,6,frontEnd=low_sil_doer_checker;rasta=none;powspec=none;audspec=none;compJah=low_sil_doer_checker;rastaFilter=none;backEnd=low_sil_doer_checker,True,True,True,,3,0
E12,d_random_hw,none,PFmax,1,,,OPTIMAL,3.285,2213,1833,2,66,2141,0,0,6,frontEnd=low_sil_diverse_doer_checker;rasta=none;powspec=none;audspec=none;compJah=low_sil_diverse_doer_checker;rastaFilter=none;backEnd=low_sil_diverse_doer_checker,True,True,True,,3,0
E12,d_random_hw,none,PFlight,1,,,OPTIMAL,3.333,1513,1620,2,41,1466,0,0,6,frontEnd=low_sil_doer_checker;rasta=none;powspec=none;audspec=none;compJah=low_sil_doer_checker;rastaFilter=none;backEnd=low_sil_doer_checker,True,True,True,,3,0
E12,d_random_hw,none,PFcheap,1,,,OPTIMAL,3.225,1513,1620,2,41,1466,0,0,6,frontEnd=low_sil_doer_checker;rasta=none;powspec=none;audspec=none;compJah=low_sil_doer_checker;rastaFilter=none;backEnd=low_sil_doer_checker,True,True,True,,3,0
E12,d_random_hw,none,NP,1,,,OPTIMAL,4.945,1513,1620,2,41,1466,0,0,6,frontEnd=low_sil_doer_checker;rasta=none;powspec=none;audspec=none;compJah=low_sil_doer_checker;rastaFilter=none;backEnd=low_sil_doer_checker,True,,True,,3,0
E12,d_random_hw,1.00,joint,1,235,,OPTIMAL,5.744,1793,235,9,321,1466,0,0,6,frontEnd=low_sil_doer_checker;rasta=none;powspec=none;audspec=none;compJah=low_sil_doer_checker;rastaFilter=none;backEnd=low_sil_doer_checker,True,,True,,3,0
E12,d_random_hw,1.00,joint,2,235,,OPTIMAL,7.248,1793,235,9,321,1466,0,0,6,frontEnd=low_sil_doer_checker;rasta=none;powspec=none;audspec=none;compJah=low_sil_doer_checker;rastaFilter=none;backEnd=low_sil_doer_checker,True,,True,,3,0
E12,d_random_hw,1.00,joint,3,235,,OPTIMAL,5.972,1793,235,9,321,1466,0,0,6,frontEnd=low_sil_doer_checker;rasta=none;powspec=none;audspec=none;compJah=low_sil_doer_checker;rastaFilter=none;backEnd=low_sil_doer_checker,True,,True,,3,0
E12,d_random_hw,1.00,SL,1,235,,UNSAT,3.487,,,,,,,,,,,,,OPTIMAL,,
E12,d_random_hw,1.00,PFmin,1,235,,OPTIMAL,2.576,1793,235,9,321,1466,0,0,6,frontEnd=low_sil_doer_checker;rasta=none;powspec=none;audspec=none;compJah=low_sil_doer_checker;rastaFilter=none;backEnd=low_sil_doer_checker,True,True,True,,3,0
E12,d_random_hw,1.00,PFmax,1,235,,OPTIMAL,2.392,2468,235,9,321,2141,0,0,6,frontEnd=low_sil_diverse_doer_checker;rasta=none;powspec=none;audspec=none;compJah=low_sil_diverse_doer_checker;rastaFilter=none;backEnd=low_sil_diverse_doer_checker,True,True,True,,3,0
E12,d_random_hw,1.00,PFlight,1,235,,OPTIMAL,2.503,1793,235,9,321,1466,0,0,6,frontEnd=low_sil_doer_checker;rasta=none;powspec=none;audspec=none;compJah=low_sil_doer_checker;rastaFilter=none;backEnd=low_sil_doer_checker,True,True,True,,3,0
E12,d_random_hw,1.00,PFcheap,1,235,,OPTIMAL,2.534,1793,235,9,321,1466,0,0,6,frontEnd=low_sil_doer_checker;rasta=none;powspec=none;audspec=none;compJah=low_sil_doer_checker;rastaFilter=none;backEnd=low_sil_doer_checker,True,True,True,,3,0
E12,d_random_hw,1.00,NP,1,235,,OPTIMAL,3.36,1793,235,9,321,1466,0,0,6,frontEnd=low_sil_doer_checker;rasta=none;powspec=none;audspec=none;compJah=low_sil_doer_checker;rastaFilter=none;backEnd=low_sil_doer_checker,True,,True,,3,0
E12,d_random_hw,1.10,joint,1,259,,OPTIMAL,7.411,1787,252,9,315,1466,0,0,6,frontEnd=low_sil_doer_checker;rasta=none;powspec=none;audspec=none;compJah=low_sil_doer_checker;rastaFilter=none;backEnd=low_sil_doer_checker,True,,True,,3,0
E12,d_random_hw,1.10,joint,2,259,,OPTIMAL,7.711,1787,252,9,315,1466,0,0,6,frontEnd=low_sil_doer_checker;rasta=none;powspec=none;audspec=none;compJah=low_sil_doer_checker;rastaFilter=none;backEnd=low_sil_doer_checker,True,,True,,3,0
E12,d_random_hw,1.10,joint,3,259,,OPTIMAL,7.555,1787,252,9,315,1466,0,0,6,frontEnd=low_sil_doer_checker;rasta=none;powspec=none;audspec=none;compJah=low_sil_doer_checker;rastaFilter=none;backEnd=low_sil_doer_checker,True,,True,,3,0
E12,d_random_hw,1.10,SL,1,259,,OPTIMAL,4.126,1798,255,10,326,1466,0,0,6,frontEnd=low_sil_doer_checker;rasta=none;powspec=none;audspec=none;compJah=low_sil_doer_checker;rastaFilter=none;backEnd=low_sil_doer_checker,True,True,True,OPTIMAL,3,0
E12,d_random_hw,1.10,PFmin,1,259,,OPTIMAL,2.904,1787,252,9,315,1466,0,0,6,frontEnd=low_sil_doer_checker;rasta=none;powspec=none;audspec=none;compJah=low_sil_doer_checker;rastaFilter=none;backEnd=low_sil_doer_checker,True,True,True,,3,0
E12,d_random_hw,1.10,PFmax,1,259,,OPTIMAL,2.778,2462,252,9,315,2141,0,0,6,frontEnd=low_sil_diverse_doer_checker;rasta=none;powspec=none;audspec=none;compJah=low_sil_diverse_doer_checker;rastaFilter=none;backEnd=low_sil_diverse_doer_checker,True,True,True,,3,0
E12,d_random_hw,1.10,PFlight,1,259,,OPTIMAL,2.872,1787,252,9,315,1466,0,0,6,frontEnd=low_sil_doer_checker;rasta=none;powspec=none;audspec=none;compJah=low_sil_doer_checker;rastaFilter=none;backEnd=low_sil_doer_checker,True,True,True,,3,0
E12,d_random_hw,1.10,PFcheap,1,259,,OPTIMAL,3.025,1787,252,9,315,1466,0,0,6,frontEnd=low_sil_doer_checker;rasta=none;powspec=none;audspec=none;compJah=low_sil_doer_checker;rastaFilter=none;backEnd=low_sil_doer_checker,True,True,True,,3,0
E12,d_random_hw,1.10,NP,1,259,,OPTIMAL,3.902,1787,252,9,315,1466,0,0,6,frontEnd=low_sil_doer_checker;rasta=none;powspec=none;audspec=none;compJah=low_sil_doer_checker;rastaFilter=none;backEnd=low_sil_doer_checker,True,,True,,3,0
E12,d_random_hw,1.25,joint,1,294,,OPTIMAL,12.165,1628,293,9,156,1466,0,0,6,frontEnd=low_sil_doer_checker;rasta=none;powspec=none;audspec=none;compJah=low_sil_doer_checker;rastaFilter=none;backEnd=low_sil_doer_checker,True,,True,,3,0
E12,d_random_hw,1.25,joint,2,294,,OPTIMAL,13.036,1628,293,9,156,1466,0,0,6,frontEnd=low_sil_doer_checker;rasta=none;powspec=none;audspec=none;compJah=low_sil_doer_checker;rastaFilter=none;backEnd=low_sil_doer_checker,True,,True,,3,0
E12,d_random_hw,1.25,joint,3,294,,OPTIMAL,14.931,1628,293,9,156,1466,0,0,6,frontEnd=low_sil_doer_checker;rasta=none;powspec=none;audspec=none;compJah=low_sil_doer_checker;rastaFilter=none;backEnd=low_sil_doer_checker,True,,True,,3,0
E12,d_random_hw,1.25,SL,1,294,,OPTIMAL,4.368,1636,293,10,164,1466,0,0,6,frontEnd=low_sil_doer_checker;rasta=none;powspec=none;audspec=none;compJah=low_sil_doer_checker;rastaFilter=none;backEnd=low_sil_doer_checker,True,True,True,OPTIMAL,3,0
E12,d_random_hw,1.25,PFmin,1,294,,OPTIMAL,7.398,1628,293,9,156,1466,0,0,6,frontEnd=low_sil_doer_checker;rasta=none;powspec=none;audspec=none;compJah=low_sil_doer_checker;rastaFilter=none;backEnd=low_sil_doer_checker,True,True,True,,3,0
E12,d_random_hw,1.25,PFmax,1,294,,OPTIMAL,6.406,2303,293,9,156,2141,0,0,6,frontEnd=low_sil_diverse_doer_checker;rasta=none;powspec=none;audspec=none;compJah=low_sil_diverse_doer_checker;rastaFilter=none;backEnd=low_sil_diverse_doer_checker,True,True,True,,3,0
E12,d_random_hw,1.25,PFlight,1,294,,OPTIMAL,7.549,1628,293,9,156,1466,0,0,6,frontEnd=low_sil_doer_checker;rasta=none;powspec=none;audspec=none;compJah=low_sil_doer_checker;rastaFilter=none;backEnd=low_sil_doer_checker,True,True,True,,3,0
E12,d_random_hw,1.25,PFcheap,1,294,,OPTIMAL,7.039,1628,293,9,156,1466,0,0,6,frontEnd=low_sil_doer_checker;rasta=none;powspec=none;audspec=none;compJah=low_sil_doer_checker;rastaFilter=none;backEnd=low_sil_doer_checker,True,True,True,,3,0
E12,d_random_hw,1.25,NP,1,294,,OPTIMAL,3.693,1628,293,9,156,1466,0,0,6,frontEnd=low_sil_doer_checker;rasta=none;powspec=none;audspec=none;compJah=low_sil_doer_checker;rastaFilter=none;backEnd=low_sil_doer_checker,True,,True,,3,0
E12,d_random_hw,1.50,joint,1,353,,OPTIMAL,8.987,1592,334,8,120,1466,0,0,6,frontEnd=low_sil_doer_checker;rasta=none;powspec=none;audspec=none;compJah=low_sil_doer_checker;rastaFilter=none;backEnd=low_sil_doer_checker,True,,True,,3,0
E12,d_random_hw,1.50,joint,2,353,,OPTIMAL,8.606,1592,334,8,120,1466,0,0,6,frontEnd=low_sil_doer_checker;rasta=none;powspec=none;audspec=none;compJah=low_sil_doer_checker;rastaFilter=none;backEnd=low_sil_doer_checker,True,,True,,3,0
E12,d_random_hw,1.50,joint,3,353,,OPTIMAL,10.353,1592,334,8,120,1466,0,0,6,frontEnd=low_sil_doer_checker;rasta=none;powspec=none;audspec=none;compJah=low_sil_doer_checker;rastaFilter=none;backEnd=low_sil_doer_checker,True,,True,,3,0
E12,d_random_hw,1.50,SL,1,353,,OPTIMAL,5.585,1601,353,8,129,1466,0,0,6,frontEnd=low_sil_doer_checker;rasta=none;powspec=none;audspec=none;compJah=low_sil_doer_checker;rastaFilter=none;backEnd=low_sil_doer_checker,True,True,True,OPTIMAL,3,0
E12,d_random_hw,1.50,PFmin,1,353,,OPTIMAL,3.769,1592,334,8,120,1466,0,0,6,frontEnd=low_sil_doer_checker;rasta=none;powspec=none;audspec=none;compJah=low_sil_doer_checker;rastaFilter=none;backEnd=low_sil_doer_checker,True,True,True,,3,0
E12,d_random_hw,1.50,PFmax,1,353,,OPTIMAL,3.591,2267,334,8,120,2141,0,0,6,frontEnd=low_sil_diverse_doer_checker;rasta=none;powspec=none;audspec=none;compJah=low_sil_diverse_doer_checker;rastaFilter=none;backEnd=low_sil_diverse_doer_checker,True,True,True,,3,0
E12,d_random_hw,1.50,PFlight,1,353,,OPTIMAL,3.803,1592,334,8,120,1466,0,0,6,frontEnd=low_sil_doer_checker;rasta=none;powspec=none;audspec=none;compJah=low_sil_doer_checker;rastaFilter=none;backEnd=low_sil_doer_checker,True,True,True,,3,0
E12,d_random_hw,1.50,PFcheap,1,353,,OPTIMAL,3.795,1592,334,8,120,1466,0,0,6,frontEnd=low_sil_doer_checker;rasta=none;powspec=none;audspec=none;compJah=low_sil_doer_checker;rastaFilter=none;backEnd=low_sil_doer_checker,True,True,True,,3,0
E12,d_random_hw,1.50,NP,1,353,,OPTIMAL,3.355,1592,334,8,120,1466,0,0,6,frontEnd=low_sil_doer_checker;rasta=none;powspec=none;audspec=none;compJah=low_sil_doer_checker;rastaFilter=none;backEnd=low_sil_doer_checker,True,,True,,3,0
E12,d_random_hw,2.00,joint,1,470,,OPTIMAL,6.671,1573,445,6,101,1466,0,0,6,frontEnd=low_sil_doer_checker;rasta=none;powspec=none;audspec=none;compJah=low_sil_doer_checker;rastaFilter=none;backEnd=low_sil_doer_checker,True,,True,,3,0
E12,d_random_hw,2.00,joint,2,470,,OPTIMAL,7.988,1573,445,6,101,1466,0,0,6,frontEnd=low_sil_doer_checker;rasta=none;powspec=none;audspec=none;compJah=low_sil_doer_checker;rastaFilter=none;backEnd=low_sil_doer_checker,True,,True,,3,0
E12,d_random_hw,2.00,joint,3,470,,OPTIMAL,7.954,1573,445,6,101,1466,0,0,6,frontEnd=low_sil_doer_checker;rasta=none;powspec=none;audspec=none;compJah=low_sil_doer_checker;rastaFilter=none;backEnd=low_sil_doer_checker,True,,True,,3,0
E12,d_random_hw,2.00,SL,1,470,,OPTIMAL,6.314,1584,452,7,112,1466,0,0,6,frontEnd=low_sil_doer_checker;rasta=none;powspec=none;audspec=none;compJah=low_sil_doer_checker;rastaFilter=none;backEnd=low_sil_doer_checker,True,True,True,OPTIMAL,3,0
E12,d_random_hw,2.00,PFmin,1,470,,OPTIMAL,3.01,1573,445,6,101,1466,0,0,6,frontEnd=low_sil_doer_checker;rasta=none;powspec=none;audspec=none;compJah=low_sil_doer_checker;rastaFilter=none;backEnd=low_sil_doer_checker,True,True,True,,3,0
E12,d_random_hw,2.00,PFmax,1,470,,OPTIMAL,3.73,2248,445,6,101,2141,0,0,6,frontEnd=low_sil_diverse_doer_checker;rasta=none;powspec=none;audspec=none;compJah=low_sil_diverse_doer_checker;rastaFilter=none;backEnd=low_sil_diverse_doer_checker,True,True,True,,3,0
E12,d_random_hw,2.00,PFlight,1,470,,OPTIMAL,3.086,1573,445,6,101,1466,0,0,6,frontEnd=low_sil_doer_checker;rasta=none;powspec=none;audspec=none;compJah=low_sil_doer_checker;rastaFilter=none;backEnd=low_sil_doer_checker,True,True,True,,3,0
E12,d_random_hw,2.00,PFcheap,1,470,,OPTIMAL,3.049,1573,445,6,101,1466,0,0,6,frontEnd=low_sil_doer_checker;rasta=none;powspec=none;audspec=none;compJah=low_sil_doer_checker;rastaFilter=none;backEnd=low_sil_doer_checker,True,True,True,,3,0
E12,d_random_hw,2.00,NP,1,470,,OPTIMAL,5.007,1573,445,6,101,1466,0,0,6,frontEnd=low_sil_doer_checker;rasta=none;powspec=none;audspec=none;compJah=low_sil_doer_checker;rastaFilter=none;backEnd=low_sil_doer_checker,True,,True,,3,0
E12,d_systematic_sw,none,joint,1,,,OPTIMAL,3.735,1846,1833,2,41,1802,336,0,3,frontEnd=same_cpu_doer_checker;rasta=none;powspec=none;audspec=none;compJah=same_cpu_doer_checker;rastaFilter=none;backEnd=same_cpu_doer_checker,True,,True,,0,0
E12,d_systematic_sw,none,joint,2,,,OPTIMAL,4.153,1846,1766,2,41,1802,336,0,3,frontEnd=same_cpu_doer_checker;rasta=none;powspec=none;audspec=none;compJah=same_cpu_doer_checker;rastaFilter=none;backEnd=same_cpu_doer_checker,True,,True,,0,0
E12,d_systematic_sw,none,joint,3,,,OPTIMAL,4.147,1846,1833,2,41,1802,336,0,3,frontEnd=same_cpu_doer_checker;rasta=none;powspec=none;audspec=none;compJah=same_cpu_doer_checker;rastaFilter=none;backEnd=same_cpu_doer_checker,True,,True,,0,0
E12,d_systematic_sw,none,SL,1,,,OPTIMAL,3.595,1846,1833,2,41,1802,336,0,3,frontEnd=same_cpu_doer_checker;rasta=none;powspec=none;audspec=none;compJah=same_cpu_doer_checker;rastaFilter=none;backEnd=same_cpu_doer_checker,True,True,True,OPTIMAL,0,0
E12,d_systematic_sw,none,PFmin,1,,,OPTIMAL,2.263,1846,1684,2,41,1802,336,0,3,frontEnd=same_cpu_doer_checker;rasta=none;powspec=none;audspec=none;compJah=same_cpu_doer_checker;rastaFilter=none;backEnd=same_cpu_doer_checker,True,True,True,,0,0
E12,d_systematic_sw,none,PFmax,1,,,OPTIMAL,2.127,2340,1143,2,193,2141,0,0,6,frontEnd=low_sil_diverse_doer_checker;rasta=none;powspec=none;audspec=none;compJah=low_sil_diverse_doer_checker;rastaFilter=none;backEnd=low_sil_diverse_doer_checker,True,True,True,,3,0
E12,d_systematic_sw,none,PFlight,1,,,OPTIMAL,2.24,1846,1684,2,41,1802,336,0,3,frontEnd=same_cpu_doer_checker;rasta=none;powspec=none;audspec=none;compJah=same_cpu_doer_checker;rastaFilter=none;backEnd=same_cpu_doer_checker,True,True,True,,0,0
E12,d_systematic_sw,none,PFcheap,1,,,OPTIMAL,2.26,1846,1684,2,41,1802,336,0,3,frontEnd=same_cpu_doer_checker;rasta=none;powspec=none;audspec=none;compJah=same_cpu_doer_checker;rastaFilter=none;backEnd=same_cpu_doer_checker,True,True,True,,0,0
E12,d_systematic_sw,none,NP,1,,,OPTIMAL,2.19,2340,1143,2,193,2141,0,0,6,frontEnd=low_sil_diverse_doer_checker;rasta=none;powspec=none;audspec=none;compJah=low_sil_diverse_doer_checker;rastaFilter=none;backEnd=low_sil_diverse_doer_checker,True,,True,,3,0
E12,d_systematic_sw,1.00,joint,1,235,,OPTIMAL,2.722,2104,235,7,299,1802,336,0,3,frontEnd=same_cpu_doer_checker;rasta=none;powspec=none;audspec=none;compJah=same_cpu_doer_checker;rastaFilter=none;backEnd=same_cpu_doer_checker,True,,True,,0,0
E12,d_systematic_sw,1.00,joint,2,235,,OPTIMAL,2.663,2104,235,7,299,1802,336,0,3,frontEnd=same_cpu_doer_checker;rasta=none;powspec=none;audspec=none;compJah=same_cpu_doer_checker;rastaFilter=none;backEnd=same_cpu_doer_checker,True,,True,,0,0
E12,d_systematic_sw,1.00,joint,3,235,,OPTIMAL,2.618,2104,235,7,299,1802,336,0,3,frontEnd=same_cpu_doer_checker;rasta=none;powspec=none;audspec=none;compJah=same_cpu_doer_checker;rastaFilter=none;backEnd=same_cpu_doer_checker,True,,True,,0,0
E12,d_systematic_sw,1.00,SL,1,235,,UNSAT,3.288,,,,,,,,,,,,,OPTIMAL,,
E12,d_systematic_sw,1.00,PFmin,1,235,,OPTIMAL,4.177,2104,235,7,299,1802,336,0,3,frontEnd=same_cpu_doer_checker;rasta=none;powspec=none;audspec=none;compJah=same_cpu_doer_checker;rastaFilter=none;backEnd=same_cpu_doer_checker,True,True,True,,0,0
E12,d_systematic_sw,1.00,PFmax,1,235,,OPTIMAL,1.777,2643,235,9,496,2141,0,0,6,frontEnd=low_sil_diverse_doer_checker;rasta=none;powspec=none;audspec=none;compJah=low_sil_diverse_doer_checker;rastaFilter=none;backEnd=low_sil_diverse_doer_checker,True,True,True,,3,0
E12,d_systematic_sw,1.00,PFlight,1,235,,OPTIMAL,4.333,2104,235,7,299,1802,336,0,3,frontEnd=same_cpu_doer_checker;rasta=none;powspec=none;audspec=none;compJah=same_cpu_doer_checker;rastaFilter=none;backEnd=same_cpu_doer_checker,True,True,True,,0,0
E12,d_systematic_sw,1.00,PFcheap,1,235,,OPTIMAL,4.243,2104,235,7,299,1802,336,0,3,frontEnd=same_cpu_doer_checker;rasta=none;powspec=none;audspec=none;compJah=same_cpu_doer_checker;rastaFilter=none;backEnd=same_cpu_doer_checker,True,True,True,,0,0
E12,d_systematic_sw,1.00,NP,1,235,,OPTIMAL,6.15,2643,235,9,496,2141,0,0,6,frontEnd=low_sil_diverse_doer_checker;rasta=none;powspec=none;audspec=none;compJah=low_sil_diverse_doer_checker;rastaFilter=none;backEnd=low_sil_diverse_doer_checker,True,,True,,3,0
E12,d_systematic_sw,1.10,joint,1,259,,OPTIMAL,3.555,2104,235,7,299,1802,336,0,3,frontEnd=same_cpu_doer_checker;rasta=none;powspec=none;audspec=none;compJah=same_cpu_doer_checker;rastaFilter=none;backEnd=same_cpu_doer_checker,True,,True,,0,0
E12,d_systematic_sw,1.10,joint,2,259,,OPTIMAL,3.741,2104,235,7,299,1802,336,0,3,frontEnd=same_cpu_doer_checker;rasta=none;powspec=none;audspec=none;compJah=same_cpu_doer_checker;rastaFilter=none;backEnd=same_cpu_doer_checker,True,,True,,0,0
E12,d_systematic_sw,1.10,joint,3,259,,OPTIMAL,3.391,2104,235,7,299,1802,336,0,3,frontEnd=same_cpu_doer_checker;rasta=none;powspec=none;audspec=none;compJah=same_cpu_doer_checker;rastaFilter=none;backEnd=same_cpu_doer_checker,True,,True,,0,0
E12,d_systematic_sw,1.10,SL,1,259,,OPTIMAL,3.619,2229,255,8,310,1915,224,0,4,frontEnd=same_cpu_doer_checker;rasta=none;powspec=none;audspec=none;compJah=low_sil_diverse_doer_checker;rastaFilter=none;backEnd=same_cpu_doer_checker,True,True,True,OPTIMAL,1,0
E12,d_systematic_sw,1.10,PFmin,1,259,,OPTIMAL,2.65,2104,235,7,299,1802,336,0,3,frontEnd=same_cpu_doer_checker;rasta=none;powspec=none;audspec=none;compJah=same_cpu_doer_checker;rastaFilter=none;backEnd=same_cpu_doer_checker,True,True,True,,0,0
E12,d_systematic_sw,1.10,PFmax,1,259,,OPTIMAL,2.252,2640,252,9,493,2141,0,0,6,frontEnd=low_sil_diverse_doer_checker;rasta=none;powspec=none;audspec=none;compJah=low_sil_diverse_doer_checker;rastaFilter=none;backEnd=low_sil_diverse_doer_checker,True,True,True,,3,0
E12,d_systematic_sw,1.10,PFlight,1,259,,OPTIMAL,2.65,2104,235,7,299,1802,336,0,3,frontEnd=same_cpu_doer_checker;rasta=none;powspec=none;audspec=none;compJah=same_cpu_doer_checker;rastaFilter=none;backEnd=same_cpu_doer_checker,True,True,True,,0,0
E12,d_systematic_sw,1.10,PFcheap,1,259,,OPTIMAL,2.624,2104,235,7,299,1802,336,0,3,frontEnd=same_cpu_doer_checker;rasta=none;powspec=none;audspec=none;compJah=same_cpu_doer_checker;rastaFilter=none;backEnd=same_cpu_doer_checker,True,True,True,,0,0
E12,d_systematic_sw,1.10,NP,1,259,,OPTIMAL,2.247,2640,252,9,493,2141,0,0,6,frontEnd=low_sil_diverse_doer_checker;rasta=none;powspec=none;audspec=none;compJah=low_sil_diverse_doer_checker;rastaFilter=none;backEnd=low_sil_diverse_doer_checker,True,,True,,3,0
E12,d_systematic_sw,1.25,joint,1,294,,OPTIMAL,4.012,1920,293,7,115,1802,336,0,3,frontEnd=same_cpu_doer_checker;rasta=none;powspec=none;audspec=none;compJah=same_cpu_doer_checker;rastaFilter=none;backEnd=same_cpu_doer_checker,True,,True,,0,0
E12,d_systematic_sw,1.25,joint,2,294,,OPTIMAL,4.461,1920,293,7,115,1802,336,0,3,frontEnd=same_cpu_doer_checker;rasta=none;powspec=none;audspec=none;compJah=same_cpu_doer_checker;rastaFilter=none;backEnd=same_cpu_doer_checker,True,,True,,0,0
E12,d_systematic_sw,1.25,joint,3,294,,OPTIMAL,4.159,1920,293,7,115,1802,336,0,3,frontEnd=same_cpu_doer_checker;rasta=none;powspec=none;audspec=none;compJah=same_cpu_doer_checker;rastaFilter=none;backEnd=same_cpu_doer_checker,True,,True,,0,0
E12,d_systematic_sw,1.25,SL,1,294,,OPTIMAL,3.548,1920,293,7,115,1802,336,0,3,frontEnd=same_cpu_doer_checker;rasta=none;powspec=none;audspec=none;compJah=same_cpu_doer_checker;rastaFilter=none;backEnd=same_cpu_doer_checker,True,True,True,OPTIMAL,0,0
E12,d_systematic_sw,1.25,PFmin,1,294,,OPTIMAL,2.093,1920,293,7,115,1802,336,0,3,frontEnd=same_cpu_doer_checker;rasta=none;powspec=none;audspec=none;compJah=same_cpu_doer_checker;rastaFilter=none;backEnd=same_cpu_doer_checker,True,True,True,,0,0
E12,d_systematic_sw,1.25,PFmax,1,294,,OPTIMAL,3.004,2603,282,8,456,2141,0,0,6,frontEnd=low_sil_diverse_doer_checker;rasta=none;powspec=none;audspec=none;compJah=low_sil_diverse_doer_checker;rastaFilter=none;backEnd=low_sil_diverse_doer_checker,True,True,True,,3,0
E12,d_systematic_sw,1.25,PFlight,1,294,,OPTIMAL,2.221,1920,293,7,115,1802,336,0,3,frontEnd=same_cpu_doer_checker;rasta=none;powspec=none;audspec=none;compJah=same_cpu_doer_checker;rastaFilter=none;backEnd=same_cpu_doer_checker,True,True,True,,0,0
E12,d_systematic_sw,1.25,PFcheap,1,294,,OPTIMAL,2.152,1920,293,7,115,1802,336,0,3,frontEnd=same_cpu_doer_checker;rasta=none;powspec=none;audspec=none;compJah=same_cpu_doer_checker;rastaFilter=none;backEnd=same_cpu_doer_checker,True,True,True,,0,0
E12,d_systematic_sw,1.25,NP,1,294,,OPTIMAL,2.899,2603,282,8,456,2141,0,0,6,frontEnd=low_sil_diverse_doer_checker;rasta=none;powspec=none;audspec=none;compJah=low_sil_diverse_doer_checker;rastaFilter=none;backEnd=low_sil_diverse_doer_checker,True,,True,,3,0
E12,d_systematic_sw,1.50,joint,1,353,,OPTIMAL,4.694,1909,319,6,104,1802,336,0,3,frontEnd=same_cpu_doer_checker;rasta=none;powspec=none;audspec=none;compJah=same_cpu_doer_checker;rastaFilter=none;backEnd=same_cpu_doer_checker,True,,True,,0,0
E12,d_systematic_sw,1.50,joint,2,353,,OPTIMAL,4.638,1909,319,6,104,1802,336,0,3,frontEnd=same_cpu_doer_checker;rasta=none;powspec=none;audspec=none;compJah=same_cpu_doer_checker;rastaFilter=none;backEnd=same_cpu_doer_checker,True,,True,,0,0
E12,d_systematic_sw,1.50,joint,3,353,,OPTIMAL,4.865,1909,319,6,104,1802,336,0,3,frontEnd=same_cpu_doer_checker;rasta=none;powspec=none;audspec=none;compJah=same_cpu_doer_checker;rastaFilter=none;backEnd=same_cpu_doer_checker,True,,True,,0,0
E12,d_systematic_sw,1.50,SL,1,353,,OPTIMAL,3.577,1909,319,6,104,1802,336,0,3,frontEnd=same_cpu_doer_checker;rasta=none;powspec=none;audspec=none;compJah=same_cpu_doer_checker;rastaFilter=none;backEnd=same_cpu_doer_checker,True,True,True,OPTIMAL,0,0
E12,d_systematic_sw,1.50,PFmin,1,353,,OPTIMAL,1.924,1909,319,6,104,1802,336,0,3,frontEnd=same_cpu_doer_checker;rasta=none;powspec=none;audspec=none;compJah=same_cpu_doer_checker;rastaFilter=none;backEnd=same_cpu_doer_checker,True,True,True,,0,0
E12,d_systematic_sw,1.50,PFmax,1,353,,OPTIMAL,2.784,2449,344,7,302,2141,0,0,6,frontEnd=low_sil_diverse_doer_checker;rasta=none;powspec=none;audspec=none;compJah=low_sil_diverse_doer_checker;rastaFilter=none;backEnd=low_sil_diverse_doer_checker,True,True,True,,3,0
E12,d_systematic_sw,1.50,PFlight,1,353,,OPTIMAL,1.898,1909,319,6,104,1802,336,0,3,frontEnd=same_cpu_doer_checker;rasta=none;powspec=none;audspec=none;compJah=same_cpu_doer_checker;rastaFilter=none;backEnd=same_cpu_doer_checker,True,True,True,,0,0
E12,d_systematic_sw,1.50,PFcheap,1,353,,OPTIMAL,1.901,1909,319,6,104,1802,336,0,3,frontEnd=same_cpu_doer_checker;rasta=none;powspec=none;audspec=none;compJah=same_cpu_doer_checker;rastaFilter=none;backEnd=same_cpu_doer_checker,True,True,True,,0,0
E12,d_systematic_sw,1.50,NP,1,353,,OPTIMAL,2.977,2449,344,7,302,2141,0,0,6,frontEnd=low_sil_diverse_doer_checker;rasta=none;powspec=none;audspec=none;compJah=low_sil_diverse_doer_checker;rastaFilter=none;backEnd=low_sil_diverse_doer_checker,True,,True,,3,0
E12,d_systematic_sw,2.00,joint,1,470,,OPTIMAL,3.782,1898,449,5,93,1802,336,0,3,frontEnd=same_cpu_doer_checker;rasta=none;powspec=none;audspec=none;compJah=same_cpu_doer_checker;rastaFilter=none;backEnd=same_cpu_doer_checker,True,,True,,0,0
E12,d_systematic_sw,2.00,joint,2,470,,OPTIMAL,3.657,1898,449,5,93,1802,336,0,3,frontEnd=same_cpu_doer_checker;rasta=none;powspec=none;audspec=none;compJah=same_cpu_doer_checker;rastaFilter=none;backEnd=same_cpu_doer_checker,True,,True,,0,0
E12,d_systematic_sw,2.00,joint,3,470,,OPTIMAL,3.838,1898,449,5,93,1802,336,0,3,frontEnd=same_cpu_doer_checker;rasta=none;powspec=none;audspec=none;compJah=same_cpu_doer_checker;rastaFilter=none;backEnd=same_cpu_doer_checker,True,,True,,0,0
E12,d_systematic_sw,2.00,SL,1,470,,OPTIMAL,3.8,1898,449,5,93,1802,336,0,3,frontEnd=same_cpu_doer_checker;rasta=none;powspec=none;audspec=none;compJah=same_cpu_doer_checker;rastaFilter=none;backEnd=same_cpu_doer_checker,True,True,True,OPTIMAL,0,0
E12,d_systematic_sw,2.00,PFmin,1,470,,OPTIMAL,2.212,1898,449,5,93,1802,336,0,3,frontEnd=same_cpu_doer_checker;rasta=none;powspec=none;audspec=none;compJah=same_cpu_doer_checker;rastaFilter=none;backEnd=same_cpu_doer_checker,True,True,True,,0,0
E12,d_systematic_sw,2.00,PFmax,1,470,,OPTIMAL,2.739,2399,445,5,252,2141,0,0,6,frontEnd=low_sil_diverse_doer_checker;rasta=none;powspec=none;audspec=none;compJah=low_sil_diverse_doer_checker;rastaFilter=none;backEnd=low_sil_diverse_doer_checker,True,True,True,,3,0
E12,d_systematic_sw,2.00,PFlight,1,470,,OPTIMAL,2.266,1898,449,5,93,1802,336,0,3,frontEnd=same_cpu_doer_checker;rasta=none;powspec=none;audspec=none;compJah=same_cpu_doer_checker;rastaFilter=none;backEnd=same_cpu_doer_checker,True,True,True,,0,0
E12,d_systematic_sw,2.00,PFcheap,1,470,,OPTIMAL,2.239,1898,449,5,93,1802,336,0,3,frontEnd=same_cpu_doer_checker;rasta=none;powspec=none;audspec=none;compJah=same_cpu_doer_checker;rastaFilter=none;backEnd=same_cpu_doer_checker,True,True,True,,0,0
E12,d_systematic_sw,2.00,NP,1,470,,OPTIMAL,2.862,2399,445,5,252,2141,0,0,6,frontEnd=low_sil_diverse_doer_checker;rasta=none;powspec=none;audspec=none;compJah=low_sil_diverse_doer_checker;rastaFilter=none;backEnd=low_sil_diverse_doer_checker,True,,True,,3,0
E12,f_sw3,none,joint,1,,,OPTIMAL,7.149,3593,1407,4,386,3200,112,0,7,frontEnd=mixed_sil_doer_checker;rasta=none;powspec=none;audspec=none;compJah=mixed_sil_doer_checker;rastaFilter=none;backEnd=same_cpu_doer_checker,True,,True,,2,0
E12,f_sw3,none,joint,2,,,OPTIMAL,7.221,3593,1407,4,386,3200,112,0,7,frontEnd=mixed_sil_doer_checker;rasta=none;powspec=none;audspec=none;compJah=mixed_sil_doer_checker;rastaFilter=none;backEnd=same_cpu_doer_checker,True,,True,,2,0
E12,f_sw3,none,joint,3,,,OPTIMAL,7.334,3593,1407,4,386,3200,112,0,7,frontEnd=mixed_sil_doer_checker;rasta=none;powspec=none;audspec=none;compJah=mixed_sil_doer_checker;rastaFilter=none;backEnd=same_cpu_doer_checker,True,,True,,2,0
E12,f_sw3,none,SL,1,,,OPTIMAL,4.803,3633,1079,5,426,3200,112,0,7,frontEnd=mixed_sil_doer_checker;rasta=none;powspec=none;audspec=none;compJah=mixed_sil_doer_checker;rastaFilter=none;backEnd=same_cpu_doer_checker,True,True,True,OPTIMAL,2,0
E12,f_sw3,none,PFmin,1,,,OPTIMAL,3.199,4401,1105,4,386,4010,112,0,5,frontEnd=two_of_two_high_sil;rasta=none;powspec=none;audspec=none;compJah=two_of_two_high_sil;rastaFilter=none;backEnd=same_cpu_doer_checker,True,True,True,,0,0
E12,f_sw3,none,PFmax,1,,,OPTIMAL,3.402,4547,1317,4,418,4123,0,0,6,frontEnd=two_of_two_high_sil;rasta=none;powspec=none;audspec=none;compJah=two_of_two_high_sil;rastaFilter=none;backEnd=low_sil_diverse_doer_checker,True,True,True,,1,0
E12,f_sw3,none,PFlight,1,,,OPTIMAL,3.946,3593,1407,4,386,3200,112,0,7,frontEnd=mixed_sil_doer_checker;rasta=none;powspec=none;audspec=none;compJah=mixed_sil_doer_checker;rastaFilter=none;backEnd=same_cpu_doer_checker,True,True,True,,2,0
E12,f_sw3,none,PFcheap,1,,,OPTIMAL,4.038,3593,1407,4,386,3200,112,0,7,frontEnd=mixed_sil_doer_checker;rasta=none;powspec=none;audspec=none;compJah=mixed_sil_doer_checker;rastaFilter=none;backEnd=same_cpu_doer_checker,True,True,True,,2,0
E12,f_sw3,none,NP,1,,,OPTIMAL,5.242,3739,1620,4,418,3313,0,0,8,frontEnd=mixed_sil_doer_checker;rasta=none;powspec=none;audspec=none;compJah=mixed_sil_doer_checker;rastaFilter=none;backEnd=low_sil_diverse_doer_checker,True,,True,,3,0
E12,f_sw3,1.00,joint,1,235,,OPTIMAL,7.731,3903,235,10,696,3200,112,0,7,frontEnd=mixed_sil_doer_checker;rasta=none;powspec=none;audspec=none;compJah=mixed_sil_doer_checker;rastaFilter=none;backEnd=same_cpu_doer_checker,True,,True,,2,0
E12,f_sw3,1.00,joint,2,235,,OPTIMAL,7.662,3903,235,10,696,3200,112,0,7,frontEnd=mixed_sil_doer_checker;rasta=none;powspec=none;audspec=none;compJah=mixed_sil_doer_checker;rastaFilter=none;backEnd=same_cpu_doer_checker,True,,True,,2,0
E12,f_sw3,1.00,joint,3,235,,OPTIMAL,8.571,3903,235,10,696,3200,112,0,7,frontEnd=mixed_sil_doer_checker;rasta=none;powspec=none;audspec=none;compJah=mixed_sil_doer_checker;rastaFilter=none;backEnd=same_cpu_doer_checker,True,,True,,2,0
E12,f_sw3,1.00,SL,1,235,,OPTIMAL,4.102,4060,235,11,853,3200,112,0,7,frontEnd=mixed_sil_doer_checker;rasta=none;powspec=none;audspec=none;compJah=mixed_sil_doer_checker;rastaFilter=none;backEnd=same_cpu_doer_checker,True,True,True,OPTIMAL,2,0
E12,f_sw3,1.00,PFmin,1,235,,UNSAT,0.856,,,,,,,,,frontEnd=two_of_two_high_sil;rasta=none;powspec=none;audspec=none;compJah=two_of_two_high_sil;rastaFilter=none;backEnd=same_cpu_doer_checker,,,,,,
E12,f_sw3,1.00,PFmax,1,235,,UNSAT,0.836,,,,,,,,,frontEnd=two_of_two_high_sil;rasta=none;powspec=none;audspec=none;compJah=two_of_two_high_sil;rastaFilter=none;backEnd=low_sil_diverse_doer_checker,,,,,,
E12,f_sw3,1.00,PFlight,1,235,,OPTIMAL,2.542,3903,235,10,696,3200,112,0,7,frontEnd=mixed_sil_doer_checker;rasta=none;powspec=none;audspec=none;compJah=mixed_sil_doer_checker;rastaFilter=none;backEnd=same_cpu_doer_checker,True,True,True,,2,0
E12,f_sw3,1.00,PFcheap,1,235,,OPTIMAL,2.497,3903,235,10,696,3200,112,0,7,frontEnd=mixed_sil_doer_checker;rasta=none;powspec=none;audspec=none;compJah=mixed_sil_doer_checker;rastaFilter=none;backEnd=same_cpu_doer_checker,True,True,True,,2,0
E12,f_sw3,1.00,NP,1,235,,OPTIMAL,3.13,4174,235,11,853,3313,0,0,8,frontEnd=mixed_sil_doer_checker;rasta=none;powspec=none;audspec=none;compJah=mixed_sil_doer_checker;rastaFilter=none;backEnd=low_sil_diverse_doer_checker,True,,True,,3,0
E12,f_sw3,1.10,joint,1,259,,OPTIMAL,8.967,3899,255,10,692,3200,112,0,7,frontEnd=mixed_sil_doer_checker;rasta=none;powspec=none;audspec=none;compJah=mixed_sil_doer_checker;rastaFilter=none;backEnd=same_cpu_doer_checker,True,,True,,2,0
E12,f_sw3,1.10,joint,2,259,,OPTIMAL,9.201,3899,255,10,692,3200,112,0,7,frontEnd=mixed_sil_doer_checker;rasta=none;powspec=none;audspec=none;compJah=mixed_sil_doer_checker;rastaFilter=none;backEnd=same_cpu_doer_checker,True,,True,,2,0
E12,f_sw3,1.10,joint,3,259,,OPTIMAL,9.517,3899,255,10,692,3200,112,0,7,frontEnd=mixed_sil_doer_checker;rasta=none;powspec=none;audspec=none;compJah=mixed_sil_doer_checker;rastaFilter=none;backEnd=same_cpu_doer_checker,True,,True,,2,0
E12,f_sw3,1.10,SL,1,259,,OPTIMAL,4.14,4060,235,11,853,3200,112,0,7,frontEnd=mixed_sil_doer_checker;rasta=none;powspec=none;audspec=none;compJah=mixed_sil_doer_checker;rastaFilter=none;backEnd=same_cpu_doer_checker,True,True,True,OPTIMAL,2,0
E12,f_sw3,1.10,PFmin,1,259,,UNSAT,0.876,,,,,,,,,frontEnd=two_of_two_high_sil;rasta=none;powspec=none;audspec=none;compJah=two_of_two_high_sil;rastaFilter=none;backEnd=same_cpu_doer_checker,,,,,,
E12,f_sw3,1.10,PFmax,1,259,,UNSAT,0.885,,,,,,,,,frontEnd=two_of_two_high_sil;rasta=none;powspec=none;audspec=none;compJah=two_of_two_high_sil;rastaFilter=none;backEnd=low_sil_diverse_doer_checker,,,,,,
E12,f_sw3,1.10,PFlight,1,259,,OPTIMAL,3.036,3899,255,10,692,3200,112,0,7,frontEnd=mixed_sil_doer_checker;rasta=none;powspec=none;audspec=none;compJah=mixed_sil_doer_checker;rastaFilter=none;backEnd=same_cpu_doer_checker,True,True,True,,2,0
E12,f_sw3,1.10,PFcheap,1,259,,OPTIMAL,3.032,3899,255,10,692,3200,112,0,7,frontEnd=mixed_sil_doer_checker;rasta=none;powspec=none;audspec=none;compJah=mixed_sil_doer_checker;rastaFilter=none;backEnd=same_cpu_doer_checker,True,True,True,,2,0
E12,f_sw3,1.10,NP,1,259,,OPTIMAL,3.405,4050,255,11,729,3313,0,0,8,frontEnd=mixed_sil_doer_checker;rasta=none;powspec=none;audspec=none;compJah=mixed_sil_doer_checker;rastaFilter=none;backEnd=low_sil_diverse_doer_checker,True,,True,,3,0
E12,f_sw3,1.25,joint,1,294,,OPTIMAL,11.61,3744,282,10,537,3200,112,0,7,frontEnd=mixed_sil_doer_checker;rasta=none;powspec=none;audspec=none;compJah=mixed_sil_doer_checker;rastaFilter=none;backEnd=same_cpu_doer_checker,True,,True,,2,0
E12,f_sw3,1.25,joint,2,294,,OPTIMAL,11.299,3744,282,10,537,3200,112,0,7,frontEnd=mixed_sil_doer_checker;rasta=none;powspec=none;audspec=none;compJah=mixed_sil_doer_checker;rastaFilter=none;backEnd=same_cpu_doer_checker,True,,True,,2,0
E12,f_sw3,1.25,joint,3,294,,OPTIMAL,9.392,3744,282,10,537,3200,112,0,7,frontEnd=mixed_sil_doer_checker;rasta=none;powspec=none;audspec=none;compJah=mixed_sil_doer_checker;rastaFilter=none;backEnd=same_cpu_doer_checker,True,,True,,2,0
E12,f_sw3,1.25,SL,1,294,,OPTIMAL,4.76,3933,282,11,726,3200,112,0,7,frontEnd=mixed_sil_doer_checker;rasta=none;powspec=none;audspec=none;compJah=mixed_sil_doer_checker;rastaFilter=none;backEnd=same_cpu_doer_checker,True,True,True,OPTIMAL,2,0
E12,f_sw3,1.25,PFmin,1,294,,UNSAT,0.887,,,,,,,,,frontEnd=two_of_two_high_sil;rasta=none;powspec=none;audspec=none;compJah=two_of_two_high_sil;rastaFilter=none;backEnd=same_cpu_doer_checker,,,,,,
E12,f_sw3,1.25,PFmax,1,294,,UNSAT,0.921,,,,,,,,,frontEnd=two_of_two_high_sil;rasta=none;powspec=none;audspec=none;compJah=two_of_two_high_sil;rastaFilter=none;backEnd=low_sil_diverse_doer_checker,,,,,,
E12,f_sw3,1.25,PFlight,1,294,,OPTIMAL,3.71,3744,282,10,537,3200,112,0,7,frontEnd=mixed_sil_doer_checker;rasta=none;powspec=none;audspec=none;compJah=mixed_sil_doer_checker;rastaFilter=none;backEnd=same_cpu_doer_checker,True,True,True,,2,0
E12,f_sw3,1.25,PFcheap,1,294,,OPTIMAL,3.872,3744,282,10,537,3200,112,0,7,frontEnd=mixed_sil_doer_checker;rasta=none;powspec=none;audspec=none;compJah=mixed_sil_doer_checker;rastaFilter=none;backEnd=same_cpu_doer_checker,True,True,True,,2,0
E12,f_sw3,1.25,NP,1,294,,OPTIMAL,4.934,4006,294,9,685,3313,0,0,8,frontEnd=mixed_sil_doer_checker;rasta=none;powspec=none;audspec=none;compJah=mixed_sil_doer_checker;rastaFilter=none;backEnd=low_sil_diverse_doer_checker,True,,True,,3,0
E12,f_sw3,1.50,joint,1,353,,OPTIMAL,9.497,3688,352,8,481,3200,112,0,7,frontEnd=mixed_sil_doer_checker;rasta=none;powspec=none;audspec=none;compJah=mixed_sil_doer_checker;rastaFilter=none;backEnd=same_cpu_doer_checker,True,,True,,2,0
E12,f_sw3,1.50,joint,2,353,,OPTIMAL,12.639,3688,347,8,481,3200,112,0,7,frontEnd=mixed_sil_doer_checker;rasta=none;powspec=none;audspec=none;compJah=mixed_sil_doer_checker;rastaFilter=none;backEnd=same_cpu_doer_checker,True,,True,,2,0
E12,f_sw3,1.50,joint,3,353,,OPTIMAL,9.71,3688,347,8,481,3200,112,0,7,frontEnd=mixed_sil_doer_checker;rasta=none;powspec=none;audspec=none;compJah=mixed_sil_doer_checker;rastaFilter=none;backEnd=same_cpu_doer_checker,True,,True,,2,0
E12,f_sw3,1.50,SL,1,353,,OPTIMAL,4.628,3852,335,9,645,3200,112,0,7,frontEnd=mixed_sil_doer_checker;rasta=none;powspec=none;audspec=none;compJah=mixed_sil_doer_checker;rastaFilter=none;backEnd=same_cpu_doer_checker,True,True,True,OPTIMAL,2,0
E12,f_sw3,1.50,PFmin,1,353,,UNSAT,1.259,,,,,,,,,frontEnd=two_of_two_high_sil;rasta=none;powspec=none;audspec=none;compJah=two_of_two_high_sil;rastaFilter=none;backEnd=same_cpu_doer_checker,,,,,,
E12,f_sw3,1.50,PFmax,1,353,,UNSAT,1.172,,,,,,,,,frontEnd=two_of_two_high_sil;rasta=none;powspec=none;audspec=none;compJah=two_of_two_high_sil;rastaFilter=none;backEnd=low_sil_diverse_doer_checker,,,,,,
E12,f_sw3,1.50,PFlight,1,353,,OPTIMAL,4.259,3688,347,8,481,3200,112,0,7,frontEnd=mixed_sil_doer_checker;rasta=none;powspec=none;audspec=none;compJah=mixed_sil_doer_checker;rastaFilter=none;backEnd=same_cpu_doer_checker,True,True,True,,2,0
E12,f_sw3,1.50,PFcheap,1,353,,OPTIMAL,4.163,3688,347,8,481,3200,112,0,7,frontEnd=mixed_sil_doer_checker;rasta=none;powspec=none;audspec=none;compJah=mixed_sil_doer_checker;rastaFilter=none;backEnd=same_cpu_doer_checker,True,True,True,,2,0
E12,f_sw3,1.50,NP,1,353,,OPTIMAL,3.563,3814,345,8,493,3313,0,0,8,frontEnd=mixed_sil_doer_checker;rasta=none;powspec=none;audspec=none;compJah=mixed_sil_doer_checker;rastaFilter=none;backEnd=low_sil_diverse_doer_checker,True,,True,,3,0
E12,f_sw3,2.00,joint,1,470,,OPTIMAL,10.7,3618,458,6,411,3200,112,0,7,frontEnd=mixed_sil_doer_checker;rasta=none;powspec=none;audspec=none;compJah=mixed_sil_doer_checker;rastaFilter=none;backEnd=same_cpu_doer_checker,True,,True,,2,0
E12,f_sw3,2.00,joint,2,470,,OPTIMAL,11.819,3618,458,6,411,3200,112,0,7,frontEnd=mixed_sil_doer_checker;rasta=none;powspec=none;audspec=none;compJah=mixed_sil_doer_checker;rastaFilter=none;backEnd=same_cpu_doer_checker,True,,True,,2,0
E12,f_sw3,2.00,joint,3,470,,OPTIMAL,9.983,3618,458,6,411,3200,112,0,7,frontEnd=mixed_sil_doer_checker;rasta=none;powspec=none;audspec=none;compJah=mixed_sil_doer_checker;rastaFilter=none;backEnd=same_cpu_doer_checker,True,,True,,2,0
E12,f_sw3,2.00,SL,1,470,,OPTIMAL,4.863,3804,449,7,597,3200,112,0,7,frontEnd=mixed_sil_doer_checker;rasta=none;powspec=none;audspec=none;compJah=mixed_sil_doer_checker;rastaFilter=none;backEnd=same_cpu_doer_checker,True,True,True,OPTIMAL,2,0
E12,f_sw3,2.00,PFmin,1,470,,OPTIMAL,3.217,4457,461,6,442,4010,112,0,5,frontEnd=two_of_two_high_sil;rasta=none;powspec=none;audspec=none;compJah=two_of_two_high_sil;rastaFilter=none;backEnd=same_cpu_doer_checker,True,True,True,,0,0
E12,f_sw3,2.00,PFmax,1,470,,OPTIMAL,3.52,4603,461,6,474,4123,0,0,6,frontEnd=two_of_two_high_sil;rasta=none;powspec=none;audspec=none;compJah=two_of_two_high_sil;rastaFilter=none;backEnd=low_sil_diverse_doer_checker,True,True,True,,1,0
E12,f_sw3,2.00,PFlight,1,470,,OPTIMAL,4.225,3618,458,6,411,3200,112,0,7,frontEnd=mixed_sil_doer_checker;rasta=none;powspec=none;audspec=none;compJah=mixed_sil_doer_checker;rastaFilter=none;backEnd=same_cpu_doer_checker,True,True,True,,2,0
E12,f_sw3,2.00,PFcheap,1,470,,OPTIMAL,4.133,3618,458,6,411,3200,112,0,7,frontEnd=mixed_sil_doer_checker;rasta=none;powspec=none;audspec=none;compJah=mixed_sil_doer_checker;rastaFilter=none;backEnd=same_cpu_doer_checker,True,True,True,,2,0
E12,f_sw3,2.00,NP,1,470,,OPTIMAL,5.647,3772,465,7,451,3313,0,0,8,frontEnd=mixed_sil_doer_checker;rasta=none;powspec=none;audspec=none;compJah=mixed_sil_doer_checker;rastaFilter=none;backEnd=low_sil_diverse_doer_checker,True,,True,,3,0
E12,f_both3,none,joint,1,,,OPTIMAL,7.537,3739,1012,4,418,3313,0,0,8,frontEnd=mixed_sil_doer_checker;rasta=none;powspec=none;audspec=none;compJah=mixed_sil_doer_checker;rastaFilter=none;backEnd=low_sil_diverse_doer_checker,True,,True,,3,0
E12,f_both3,none,joint,2,,,OPTIMAL,7.845,3739,1012,4,418,3313,0,0,8,frontEnd=mixed_sil_doer_checker;rasta=none;powspec=none;audspec=none;compJah=mixed_sil_doer_checker;rastaFilter=none;backEnd=low_sil_diverse_doer_checker,True,,True,,3,0
E12,f_both3,none,joint,3,,,OPTIMAL,7.817,3739,1012,4,418,3313,0,0,8,frontEnd=mixed_sil_doer_checker;rasta=none;powspec=none;audspec=none;compJah=mixed_sil_doer_checker;rastaFilter=none;backEnd=low_sil_diverse_doer_checker,True,,True,,3,0
E12,f_both3,none,SL,1,,,OPTIMAL,4.883,3792,1079,6,471,3313,0,0,8,frontEnd=mixed_sil_doer_checker;rasta=none;powspec=none;audspec=none;compJah=mixed_sil_doer_checker;rastaFilter=none;backEnd=low_sil_diverse_doer_checker,True,True,True,OPTIMAL,3,0
E12,f_both3,none,PFmin,1,,,OPTIMAL,3.504,4547,1292,4,418,4123,0,0,6,frontEnd=two_of_two_high_sil;rasta=none;powspec=none;audspec=none;compJah=two_of_two_high_sil;rastaFilter=none;backEnd=low_sil_diverse_doer_checker,True,True,True,,1,0
E12,f_both3,none,PFmax,1,,,OPTIMAL,3.54,4547,871,4,418,4123,0,0,6,frontEnd=two_of_two_high_sil;rasta=none;powspec=none;audspec=none;compJah=two_of_two_high_sil;rastaFilter=none;backEnd=low_sil_diverse_doer_checker,True,True,True,,1,0
E12,f_both3,none,PFlight,1,,,OPTIMAL,4.258,3739,1315,4,418,3313,0,0,8,frontEnd=mixed_sil_doer_checker;rasta=none;powspec=none;audspec=none;compJah=mixed_sil_doer_checker;rastaFilter=none;backEnd=low_sil_diverse_doer_checker,True,True,True,,3,0
E12,f_both3,none,PFcheap,1,,,OPTIMAL,4.351,3739,1315,4,418,3313,0,0,8,frontEnd=mixed_sil_doer_checker;rasta=none;powspec=none;audspec=none;compJah=mixed_sil_doer_checker;rastaFilter=none;backEnd=low_sil_diverse_doer_checker,True,True,True,,3,0
E12,f_both3,none,NP,1,,,OPTIMAL,5.382,3739,1620,4,418,3313,0,0,8,frontEnd=mixed_sil_doer_checker;rasta=none;powspec=none;audspec=none;compJah=mixed_sil_doer_checker;rastaFilter=none;backEnd=low_sil_diverse_doer_checker,True,,True,,3,0
E12,f_both3,1.00,joint,1,235,,OPTIMAL,6.779,4174,235,11,853,3313,0,0,8,frontEnd=mixed_sil_doer_checker;rasta=none;powspec=none;audspec=none;compJah=mixed_sil_doer_checker;rastaFilter=none;backEnd=low_sil_diverse_doer_checker,True,,True,,3,0
E12,f_both3,1.00,joint,2,235,,OPTIMAL,7.213,4174,235,11,853,3313,0,0,8,frontEnd=mixed_sil_doer_checker;rasta=none;powspec=none;audspec=none;compJah=mixed_sil_doer_checker;rastaFilter=none;backEnd=low_sil_diverse_doer_checker,True,,True,,3,0
E12,f_both3,1.00,joint,3,235,,OPTIMAL,6.454,4174,235,11,853,3313,0,0,8,frontEnd=mixed_sil_doer_checker;rasta=none;powspec=none;audspec=none;compJah=mixed_sil_doer_checker;rastaFilter=none;backEnd=low_sil_diverse_doer_checker,True,,True,,3,0
E12,f_both3,1.00,SL,1,235,,OPTIMAL,4.014,4214,235,12,893,3313,0,0,8,frontEnd=mixed_sil_doer_checker;rasta=none;powspec=none;audspec=none;compJah=mixed_sil_doer_checker;rastaFilter=none;backEnd=low_sil_diverse_doer_checker,True,True,True,OPTIMAL,3,0
E12,f_both3,1.00,PFmin,1,235,,UNSAT,0.879,,,,,,,,,frontEnd=two_of_two_high_sil;rasta=none;powspec=none;audspec=none;compJah=two_of_two_high_sil;rastaFilter=none;backEnd=low_sil_diverse_doer_checker,,,,,,
E12,f_both3,1.00,PFmax,1,235,,UNSAT,0.834,,,,,,,,,frontEnd=two_of_two_high_sil;rasta=none;powspec=none;audspec=none;compJah=two_of_two_high_sil;rastaFilter=none;backEnd=low_sil_diverse_doer_checker,,,,,,
E12,f_both3,1.00,PFlight,1,235,,OPTIMAL,3.895,4174,235,11,853,3313,0,0,8,frontEnd=mixed_sil_doer_checker;rasta=none;powspec=none;audspec=none;compJah=mixed_sil_doer_checker;rastaFilter=none;backEnd=low_sil_diverse_doer_checker,True,True,True,,3,0
E12,f_both3,1.00,PFcheap,1,235,,OPTIMAL,3.893,4174,235,11,853,3313,0,0,8,frontEnd=mixed_sil_doer_checker;rasta=none;powspec=none;audspec=none;compJah=mixed_sil_doer_checker;rastaFilter=none;backEnd=low_sil_diverse_doer_checker,True,True,True,,3,0
E12,f_both3,1.00,NP,1,235,,OPTIMAL,3.103,4174,235,11,853,3313,0,0,8,frontEnd=mixed_sil_doer_checker;rasta=none;powspec=none;audspec=none;compJah=mixed_sil_doer_checker;rastaFilter=none;backEnd=low_sil_diverse_doer_checker,True,,True,,3,0
E12,f_both3,1.10,joint,1,259,,OPTIMAL,9.028,4050,255,11,729,3313,0,0,8,frontEnd=mixed_sil_doer_checker;rasta=none;powspec=none;audspec=none;compJah=mixed_sil_doer_checker;rastaFilter=none;backEnd=low_sil_diverse_doer_checker,True,,True,,3,0
E12,f_both3,1.10,joint,2,259,,OPTIMAL,7.362,4050,255,11,729,3313,0,0,8,frontEnd=mixed_sil_doer_checker;rasta=none;powspec=none;audspec=none;compJah=mixed_sil_doer_checker;rastaFilter=none;backEnd=low_sil_diverse_doer_checker,True,,True,,3,0
E12,f_both3,1.10,joint,3,259,,OPTIMAL,8.854,4050,255,11,729,3313,0,0,8,frontEnd=mixed_sil_doer_checker;rasta=none;powspec=none;audspec=none;compJah=mixed_sil_doer_checker;rastaFilter=none;backEnd=low_sil_diverse_doer_checker,True,,True,,3,0
E12,f_both3,1.10,SL,1,259,,OPTIMAL,4.062,4211,253,12,890,3313,0,0,8,frontEnd=mixed_sil_doer_checker;rasta=none;powspec=none;audspec=none;compJah=mixed_sil_doer_checker;rastaFilter=none;backEnd=low_sil_diverse_doer_checker,True,True,True,OPTIMAL,3,0
E12,f_both3,1.10,PFmin,1,259,,UNSAT,0.864,,,,,,,,,frontEnd=two_of_two_high_sil;rasta=none;powspec=none;audspec=none;compJah=two_of_two_high_sil;rastaFilter=none;backEnd=low_sil_diverse_doer_checker,,,,,,
E12,f_both3,1.10,PFmax,1,259,,UNSAT,0.841,,,,,,,,,frontEnd=two_of_two_high_sil;rasta=none;powspec=none;audspec=none;compJah=two_of_two_high_sil;rastaFilter=none;backEnd=low_sil_diverse_doer_checker,,,,,,
E12,f_both3,1.10,PFlight,1,259,,OPTIMAL,4.253,4050,255,11,729,3313,0,0,8,frontEnd=mixed_sil_doer_checker;rasta=none;powspec=none;audspec=none;compJah=mixed_sil_doer_checker;rastaFilter=none;backEnd=low_sil_diverse_doer_checker,True,True,True,,3,0
E12,f_both3,1.10,PFcheap,1,259,,OPTIMAL,3.901,4050,255,11,729,3313,0,0,8,frontEnd=mixed_sil_doer_checker;rasta=none;powspec=none;audspec=none;compJah=mixed_sil_doer_checker;rastaFilter=none;backEnd=low_sil_diverse_doer_checker,True,True,True,,3,0
E12,f_both3,1.10,NP,1,259,,OPTIMAL,3.512,4050,255,11,729,3313,0,0,8,frontEnd=mixed_sil_doer_checker;rasta=none;powspec=none;audspec=none;compJah=mixed_sil_doer_checker;rastaFilter=none;backEnd=low_sil_diverse_doer_checker,True,,True,,3,0
E12,f_both3,1.25,joint,1,294,,OPTIMAL,12.788,4006,294,9,685,3313,0,0,8,frontEnd=mixed_sil_doer_checker;rasta=none;powspec=none;audspec=none;compJah=mixed_sil_doer_checker;rastaFilter=none;backEnd=low_sil_diverse_doer_checker,True,,True,,3,0
E12,f_both3,1.25,joint,2,294,,OPTIMAL,12.513,4006,294,9,685,3313,0,0,8,frontEnd=mixed_sil_doer_checker;rasta=none;powspec=none;audspec=none;compJah=mixed_sil_doer_checker;rastaFilter=none;backEnd=low_sil_diverse_doer_checker,True,,True,,3,0
E12,f_both3,1.25,joint,3,294,,OPTIMAL,12.52,4006,294,9,685,3313,0,0,8,frontEnd=mixed_sil_doer_checker;rasta=none;powspec=none;audspec=none;compJah=mixed_sil_doer_checker;rastaFilter=none;backEnd=low_sil_diverse_doer_checker,True,,True,,3,0
E12,f_both3,1.25,SL,1,294,,OPTIMAL,4.386,4207,282,12,886,3313,0,0,8,frontEnd=mixed_sil_doer_checker;rasta=none;powspec=none;audspec=none;compJah=mixed_sil_doer_checker;rastaFilter=none;backEnd=low_sil_diverse_doer_checker,True,True,True,OPTIMAL,3,0
E12,f_both3,1.25,PFmin,1,294,,UNSAT,0.886,,,,,,,,,frontEnd=two_of_two_high_sil;rasta=none;powspec=none;audspec=none;compJah=two_of_two_high_sil;rastaFilter=none;backEnd=low_sil_diverse_doer_checker,,,,,,
E12,f_both3,1.25,PFmax,1,294,,UNSAT,0.882,,,,,,,,,frontEnd=two_of_two_high_sil;rasta=none;powspec=none;audspec=none;compJah=two_of_two_high_sil;rastaFilter=none;backEnd=low_sil_diverse_doer_checker,,,,,,
E12,f_both3,1.25,PFlight,1,294,,OPTIMAL,5.467,4006,294,9,685,3313,0,0,8,frontEnd=mixed_sil_doer_checker;rasta=none;powspec=none;audspec=none;compJah=mixed_sil_doer_checker;rastaFilter=none;backEnd=low_sil_diverse_doer_checker,True,True,True,,3,0
E12,f_both3,1.25,PFcheap,1,294,,OPTIMAL,5.583,4006,294,9,685,3313,0,0,8,frontEnd=mixed_sil_doer_checker;rasta=none;powspec=none;audspec=none;compJah=mixed_sil_doer_checker;rastaFilter=none;backEnd=low_sil_diverse_doer_checker,True,True,True,,3,0
E12,f_both3,1.25,NP,1,294,,OPTIMAL,5.081,4006,294,9,685,3313,0,0,8,frontEnd=mixed_sil_doer_checker;rasta=none;powspec=none;audspec=none;compJah=mixed_sil_doer_checker;rastaFilter=none;backEnd=low_sil_diverse_doer_checker,True,,True,,3,0
E12,f_both3,1.50,joint,1,353,,OPTIMAL,10.538,3814,350,8,493,3313,0,0,8,frontEnd=mixed_sil_doer_checker;rasta=none;powspec=none;audspec=none;compJah=mixed_sil_doer_checker;rastaFilter=none;backEnd=low_sil_diverse_doer_checker,True,,True,,3,0
E12,f_both3,1.50,joint,2,353,,OPTIMAL,9.943,3814,345,8,493,3313,0,0,8,frontEnd=mixed_sil_doer_checker;rasta=none;powspec=none;audspec=none;compJah=mixed_sil_doer_checker;rastaFilter=none;backEnd=low_sil_diverse_doer_checker,True,,True,,3,0
E12,f_both3,1.50,joint,3,353,,OPTIMAL,10.379,3814,345,8,493,3313,0,0,8,frontEnd=mixed_sil_doer_checker;rasta=none;powspec=none;audspec=none;compJah=mixed_sil_doer_checker;rastaFilter=none;backEnd=low_sil_diverse_doer_checker,True,,True,,3,0
E12,f_both3,1.50,SL,1,353,,OPTIMAL,4.526,4011,319,10,690,3313,0,0,8,frontEnd=mixed_sil_doer_checker;rasta=none;powspec=none;audspec=none;compJah=mixed_sil_doer_checker;rastaFilter=none;backEnd=low_sil_diverse_doer_checker,True,True,True,OPTIMAL,3,0
E12,f_both3,1.50,PFmin,1,353,,UNSAT,1.224,,,,,,,,,frontEnd=two_of_two_high_sil;rasta=none;powspec=none;audspec=none;compJah=two_of_two_high_sil;rastaFilter=none;backEnd=low_sil_diverse_doer_checker,,,,,,
E12,f_both3,1.50,PFmax,1,353,,UNSAT,1.2,,,,,,,,,frontEnd=two_of_two_high_sil;rasta=none;powspec=none;audspec=none;compJah=two_of_two_high_sil;rastaFilter=none;backEnd=low_sil_diverse_doer_checker,,,,,,
E12,f_both3,1.50,PFlight,1,353,,OPTIMAL,4.268,3814,345,8,493,3313,0,0,8,frontEnd=mixed_sil_doer_checker;rasta=none;powspec=none;audspec=none;compJah=mixed_sil_doer_checker;rastaFilter=none;backEnd=low_sil_diverse_doer_checker,True,True,True,,3,0
E12,f_both3,1.50,PFcheap,1,353,,OPTIMAL,4.259,3814,340,8,493,3313,0,0,8,frontEnd=mixed_sil_doer_checker;rasta=none;powspec=none;audspec=none;compJah=mixed_sil_doer_checker;rastaFilter=none;backEnd=low_sil_diverse_doer_checker,True,True,True,,3,0
E12,f_both3,1.50,NP,1,353,,OPTIMAL,3.622,3814,345,8,493,3313,0,0,8,frontEnd=mixed_sil_doer_checker;rasta=none;powspec=none;audspec=none;compJah=mixed_sil_doer_checker;rastaFilter=none;backEnd=low_sil_diverse_doer_checker,True,,True,,3,0
E12,f_both3,2.00,joint,1,470,,OPTIMAL,9.83,3772,458,7,451,3313,0,0,8,frontEnd=mixed_sil_doer_checker;rasta=none;powspec=none;audspec=none;compJah=mixed_sil_doer_checker;rastaFilter=none;backEnd=low_sil_diverse_doer_checker,True,,True,,3,0
E12,f_both3,2.00,joint,2,470,,OPTIMAL,11.059,3772,458,7,451,3313,0,0,8,frontEnd=mixed_sil_doer_checker;rasta=none;powspec=none;audspec=none;compJah=mixed_sil_doer_checker;rastaFilter=none;backEnd=low_sil_diverse_doer_checker,True,,True,,3,0
E12,f_both3,2.00,joint,3,470,,OPTIMAL,10.886,3772,458,7,451,3313,0,0,8,frontEnd=mixed_sil_doer_checker;rasta=none;powspec=none;audspec=none;compJah=mixed_sil_doer_checker;rastaFilter=none;backEnd=low_sil_diverse_doer_checker,True,,True,,3,0
E12,f_both3,2.00,SL,1,470,,OPTIMAL,4.807,3958,449,8,637,3313,0,0,8,frontEnd=mixed_sil_doer_checker;rasta=none;powspec=none;audspec=none;compJah=mixed_sil_doer_checker;rastaFilter=none;backEnd=low_sil_diverse_doer_checker,True,True,True,OPTIMAL,3,0
E12,f_both3,2.00,PFmin,1,470,,OPTIMAL,2.509,4603,461,6,474,4123,0,0,6,frontEnd=two_of_two_high_sil;rasta=none;powspec=none;audspec=none;compJah=two_of_two_high_sil;rastaFilter=none;backEnd=low_sil_diverse_doer_checker,True,True,True,,1,0
E12,f_both3,2.00,PFmax,1,470,,OPTIMAL,2.731,4603,461,6,474,4123,0,0,6,frontEnd=two_of_two_high_sil;rasta=none;powspec=none;audspec=none;compJah=two_of_two_high_sil;rastaFilter=none;backEnd=low_sil_diverse_doer_checker,True,True,True,,1,0
E12,f_both3,2.00,PFlight,1,470,,OPTIMAL,4.901,3772,465,7,451,3313,0,0,8,frontEnd=mixed_sil_doer_checker;rasta=none;powspec=none;audspec=none;compJah=mixed_sil_doer_checker;rastaFilter=none;backEnd=low_sil_diverse_doer_checker,True,True,True,,3,0
E12,f_both3,2.00,PFcheap,1,470,,OPTIMAL,4.727,3772,458,7,451,3313,0,0,8,frontEnd=mixed_sil_doer_checker;rasta=none;powspec=none;audspec=none;compJah=mixed_sil_doer_checker;rastaFilter=none;backEnd=low_sil_diverse_doer_checker,True,True,True,,3,0
E12,f_both3,2.00,NP,1,470,,OPTIMAL,5.896,3772,465,7,451,3313,0,0,8,frontEnd=mixed_sil_doer_checker;rasta=none;powspec=none;audspec=none;compJah=mixed_sil_doer_checker;rastaFilter=none;backEnd=low_sil_diverse_doer_checker,True,,True,,3,0
E12,c_pat,none,joint,1,,,OPTIMAL,16.871,3229,1350,4,361,2862,0,0,6,frontEnd=high_sil_isolated_checker;rasta=none;powspec=none;audspec=none;compJah=high_sil_isolated_checker;rastaFilter=none;backEnd=low_sil_doer_checker,True,,True,,1,0
E12,c_pat,none,joint,2,,,OPTIMAL,16.591,3229,1350,4,361,2862,0,0,6,frontEnd=high_sil_isolated_checker;rasta=none;powspec=none;audspec=none;compJah=high_sil_isolated_checker;rastaFilter=none;backEnd=low_sil_doer_checker,True,,True,,1,0
E12,c_pat,none,joint,3,,,OPTIMAL,16.623,3229,1350,4,361,2862,0,0,6,frontEnd=two_of_two_high_sil;rasta=none;powspec=none;audspec=none;compJah=two_of_two_high_sil;rastaFilter=none;backEnd=low_sil_doer_checker,True,,True,,1,0
E12,c_pat,none,SL,1,,,OPTIMAL,14.199,3237,1137,5,369,2862,0,0,6,frontEnd=high_sil_isolated_checker;rasta=none;powspec=none;audspec=none;compJah=high_sil_isolated_checker;rastaFilter=none;backEnd=low_sil_doer_checker,True,True,True,OPTIMAL,1,0
E12,c_pat,none,PFmin,1,,,OPTIMAL,9.637,3229,1401,4,361,2862,0,0,6,frontEnd=two_of_two_high_sil;rasta=none;powspec=none;audspec=none;compJah=two_of_two_high_sil;rastaFilter=none;backEnd=low_sil_doer_checker,True,True,True,,1,0
E12,c_pat,none,PFmax,1,,,OPTIMAL,9.399,3479,1368,4,386,3087,0,0,6,frontEnd=two_of_two_high_sil;rasta=none;powspec=none;audspec=none;compJah=two_of_two_high_sil;rastaFilter=none;backEnd=low_sil_diverse_doer_checker,True,True,True,,1,0
E12,c_pat,none,PFlight,1,,,OPTIMAL,9.656,3229,1418,4,361,2862,0,0,6,frontEnd=high_sil_isolated_checker;rasta=none;powspec=none;audspec=none;compJah=high_sil_isolated_checker;rastaFilter=none;backEnd=low_sil_doer_checker,True,True,True,,1,0
E12,c_pat,none,PFcheap,1,,,OPTIMAL,9.804,3229,1367,4,361,2862,0,0,6,frontEnd=high_sil_isolated_checker;rasta=none;powspec=none;audspec=none;compJah=high_sil_isolated_checker;rastaFilter=none;backEnd=low_sil_doer_checker,True,True,True,,1,0
E12,c_pat,none,NP,1,,,OPTIMAL,13.169,3229,1350,4,361,2862,0,0,6,frontEnd=high_sil_isolated_checker;rasta=none;powspec=none;audspec=none;compJah=high_sil_isolated_checker;rastaFilter=none;backEnd=low_sil_doer_checker,True,,True,,1,0
E12,c_pat,1.00,joint,1,235,,OPTIMAL,11.988,3524,235,10,656,2862,0,0,6,frontEnd=high_sil_isolated_checker;rasta=none;powspec=none;audspec=none;compJah=high_sil_isolated_checker;rastaFilter=none;backEnd=low_sil_doer_checker,True,,True,,1,0
E12,c_pat,1.00,joint,2,235,,OPTIMAL,12.125,3524,235,10,656,2862,0,0,6,frontEnd=high_sil_isolated_checker;rasta=none;powspec=none;audspec=none;compJah=high_sil_isolated_checker;rastaFilter=none;backEnd=low_sil_doer_checker,True,,True,,1,0
E12,c_pat,1.00,joint,3,235,,OPTIMAL,12.017,3524,235,10,656,2862,0,0,6,frontEnd=high_sil_isolated_checker;rasta=none;powspec=none;audspec=none;compJah=high_sil_isolated_checker;rastaFilter=none;backEnd=low_sil_doer_checker,True,,True,,1,0
E12,c_pat,1.00,SL,1,235,,OPTIMAL,9.893,3524,235,10,656,2862,0,0,6,frontEnd=high_sil_isolated_checker;rasta=none;powspec=none;audspec=none;compJah=high_sil_isolated_checker;rastaFilter=none;backEnd=low_sil_doer_checker,True,True,True,OPTIMAL,1,0
E12,c_pat,1.00,PFmin,1,235,,UNSAT,2.014,,,,,,,,,frontEnd=two_of_two_high_sil;rasta=none;powspec=none;audspec=none;compJah=two_of_two_high_sil;rastaFilter=none;backEnd=low_sil_doer_checker,,,,,,
E12,c_pat,1.00,PFmax,1,235,,UNSAT,2.017,,,,,,,,,frontEnd=two_of_two_high_sil;rasta=none;powspec=none;audspec=none;compJah=two_of_two_high_sil;rastaFilter=none;backEnd=low_sil_diverse_doer_checker,,,,,,
E12,c_pat,1.00,PFlight,1,235,,OPTIMAL,6.074,3524,235,10,656,2862,0,0,6,frontEnd=high_sil_isolated_checker;rasta=none;powspec=none;audspec=none;compJah=high_sil_isolated_checker;rastaFilter=none;backEnd=low_sil_doer_checker,True,True,True,,1,0
E12,c_pat,1.00,PFcheap,1,235,,OPTIMAL,6.016,3524,235,10,656,2862,0,0,6,frontEnd=high_sil_isolated_checker;rasta=none;powspec=none;audspec=none;compJah=high_sil_isolated_checker;rastaFilter=none;backEnd=low_sil_doer_checker,True,True,True,,1,0
E12,c_pat,1.00,NP,1,235,,OPTIMAL,8.904,3524,235,10,656,2862,0,0,6,frontEnd=high_sil_isolated_checker;rasta=none;powspec=none;audspec=none;compJah=high_sil_isolated_checker;rastaFilter=none;backEnd=low_sil_doer_checker,True,,True,,1,0
E12,c_pat,1.10,joint,1,259,,OPTIMAL,18.587,3524,235,10,656,2862,0,0,6,frontEnd=high_sil_isolated_checker;rasta=none;powspec=none;audspec=none;compJah=high_sil_isolated_checker;rastaFilter=none;backEnd=low_sil_doer_checker,True,,True,,1,0
E12,c_pat,1.10,joint,2,259,,OPTIMAL,19.813,3524,251,10,656,2862,0,0,6,frontEnd=high_sil_isolated_checker;rasta=none;powspec=none;audspec=none;compJah=high_sil_isolated_checker;rastaFilter=none;backEnd=low_sil_doer_checker,True,,True,,1,0
E12,c_pat,1.10,joint,3,259,,OPTIMAL,19.152,3524,251,10,656,2862,0,0,6,frontEnd=high_sil_isolated_checker;rasta=none;powspec=none;audspec=none;compJah=high_sil_isolated_checker;rastaFilter=none;backEnd=low_sil_doer_checker,True,,True,,1,0
E12,c_pat,1.10,SL,1,259,,OPTIMAL,11.706,3524,251,10,656,2862,0,0,6,frontEnd=high_sil_isolated_checker;rasta=none;powspec=none;audspec=none;compJah=high_sil_isolated_checker;rastaFilter=none;backEnd=low_sil_doer_checker,True,True,True,OPTIMAL,1,0
E12,c_pat,1.10,PFmin,1,259,,UNSAT,2.073,,,,,,,,,frontEnd=two_of_two_high_sil;rasta=none;powspec=none;audspec=none;compJah=two_of_two_high_sil;rastaFilter=none;backEnd=low_sil_doer_checker,,,,,,
E12,c_pat,1.10,PFmax,1,259,,UNSAT,1.99,,,,,,,,,frontEnd=two_of_two_high_sil;rasta=none;powspec=none;audspec=none;compJah=two_of_two_high_sil;rastaFilter=none;backEnd=low_sil_diverse_doer_checker,,,,,,
E12,c_pat,1.10,PFlight,1,259,,OPTIMAL,7.743,3524,235,10,656,2862,0,0,6,frontEnd=high_sil_isolated_checker;rasta=none;powspec=none;audspec=none;compJah=high_sil_isolated_checker;rastaFilter=none;backEnd=low_sil_doer_checker,True,True,True,,1,0
E12,c_pat,1.10,PFcheap,1,259,,OPTIMAL,7.745,3524,235,10,656,2862,0,0,6,frontEnd=high_sil_isolated_checker;rasta=none;powspec=none;audspec=none;compJah=high_sil_isolated_checker;rastaFilter=none;backEnd=low_sil_doer_checker,True,True,True,,1,0
E12,c_pat,1.10,NP,1,259,,OPTIMAL,12.982,3524,249,10,656,2862,0,0,6,frontEnd=high_sil_isolated_checker;rasta=none;powspec=none;audspec=none;compJah=high_sil_isolated_checker;rastaFilter=none;backEnd=low_sil_doer_checker,True,,True,,1,0
E12,c_pat,1.25,joint,1,294,,OPTIMAL,37.827,3372,282,10,504,2862,0,0,6,frontEnd=two_of_two_high_sil;rasta=none;powspec=none;audspec=none;compJah=high_sil_isolated_checker;rastaFilter=none;backEnd=low_sil_doer_checker,True,,True,,1,0
E12,c_pat,1.25,joint,2,294,,OPTIMAL,29.658,3372,282,10,504,2862,0,0,6,frontEnd=high_sil_isolated_checker;rasta=none;powspec=none;audspec=none;compJah=high_sil_isolated_checker;rastaFilter=none;backEnd=low_sil_doer_checker,True,,True,,1,0
E12,c_pat,1.25,joint,3,294,,OPTIMAL,26.978,3372,282,10,504,2862,0,0,6,frontEnd=high_sil_isolated_checker;rasta=none;powspec=none;audspec=none;compJah=high_sil_isolated_checker;rastaFilter=none;backEnd=low_sil_doer_checker,True,,True,,1,0
E12,c_pat,1.25,SL,1,294,,OPTIMAL,15.003,3372,282,10,504,2862,0,0,6,frontEnd=high_sil_isolated_checker;rasta=none;powspec=none;audspec=none;compJah=high_sil_isolated_checker;rastaFilter=none;backEnd=low_sil_doer_checker,True,True,True,OPTIMAL,1,0
E12,c_pat,1.25,PFmin,1,294,,UNSAT,3.069,,,,,,,,,frontEnd=two_of_two_high_sil;rasta=none;powspec=none;audspec=none;compJah=two_of_two_high_sil;rastaFilter=none;backEnd=low_sil_doer_checker,,,,,,
E12,c_pat,1.25,PFmax,1,294,,UNSAT,3.069,,,,,,,,,frontEnd=two_of_two_high_sil;rasta=none;powspec=none;audspec=none;compJah=two_of_two_high_sil;rastaFilter=none;backEnd=low_sil_diverse_doer_checker,,,,,,
E12,c_pat,1.25,PFlight,1,294,,OPTIMAL,9.305,3372,282,10,504,2862,0,0,6,frontEnd=high_sil_isolated_checker;rasta=none;powspec=none;audspec=none;compJah=high_sil_isolated_checker;rastaFilter=none;backEnd=low_sil_doer_checker,True,True,True,,1,0
E12,c_pat,1.25,PFcheap,1,294,,OPTIMAL,9.264,3372,282,10,504,2862,0,0,6,frontEnd=high_sil_isolated_checker;rasta=none;powspec=none;audspec=none;compJah=high_sil_isolated_checker;rastaFilter=none;backEnd=low_sil_doer_checker,True,True,True,,1,0
E12,c_pat,1.25,NP,1,294,,OPTIMAL,10.764,3372,282,10,504,2862,0,0,6,frontEnd=high_sil_isolated_checker;rasta=none;powspec=none;audspec=none;compJah=high_sil_isolated_checker;rastaFilter=none;backEnd=low_sil_doer_checker,True,,True,,1,0
E12,c_pat,1.50,joint,1,353,,OPTIMAL,34.086,3361,326,9,493,2862,0,0,6,frontEnd=high_sil_isolated_checker;rasta=none;powspec=none;audspec=none;compJah=high_sil_isolated_checker;rastaFilter=none;backEnd=low_sil_doer_checker,True,,True,,1,0
E12,c_pat,1.50,joint,2,353,,OPTIMAL,33.463,3361,319,9,493,2862,0,0,6,frontEnd=high_sil_isolated_checker;rasta=none;powspec=none;audspec=none;compJah=high_sil_isolated_checker;rastaFilter=none;backEnd=low_sil_doer_checker,True,,True,,1,0
E12,c_pat,1.50,joint,3,353,,OPTIMAL,32.809,3361,340,9,493,2862,0,0,6,frontEnd=high_sil_isolated_checker;rasta=none;powspec=none;audspec=none;compJah=two_of_two_high_sil;rastaFilter=none;backEnd=low_sil_doer_checker,True,,True,,1,0
E12,c_pat,1.50,SL,1,353,,OPTIMAL,13.481,3361,325,9,493,2862,0,0,6,frontEnd=high_sil_isolated_checker;rasta=none;powspec=none;audspec=none;compJah=high_sil_isolated_checker;rastaFilter=none;backEnd=low_sil_doer_checker,True,True,True,OPTIMAL,1,0
E12,c_pat,1.50,PFmin,1,353,,OPTIMAL,9.632,3361,340,9,493,2862,0,0,6,frontEnd=two_of_two_high_sil;rasta=none;powspec=none;audspec=none;compJah=two_of_two_high_sil;rastaFilter=none;backEnd=low_sil_doer_checker,True,True,True,,1,0
E12,c_pat,1.50,PFmax,1,353,,OPTIMAL,9.939,3586,340,9,493,3087,0,0,6,frontEnd=two_of_two_high_sil;rasta=none;powspec=none;audspec=none;compJah=two_of_two_high_sil;rastaFilter=none;backEnd=low_sil_diverse_doer_checker,True,True,True,,1,0
E12,c_pat,1.50,PFlight,1,353,,OPTIMAL,10.142,3361,319,9,493,2862,0,0,6,frontEnd=high_sil_isolated_checker;rasta=none;powspec=none;audspec=none;compJah=high_sil_isolated_checker;rastaFilter=none;backEnd=low_sil_doer_checker,True,True,True,,1,0
E12,c_pat,1.50,PFcheap,1,353,,OPTIMAL,10.174,3361,319,9,493,2862,0,0,6,frontEnd=high_sil_isolated_checker;rasta=none;powspec=none;audspec=none;compJah=high_sil_isolated_checker;rastaFilter=none;backEnd=low_sil_doer_checker,True,True,True,,1,0
E12,c_pat,1.50,NP,1,353,,OPTIMAL,17.476,3361,326,9,493,2862,0,0,6,frontEnd=two_of_two_high_sil;rasta=none;powspec=none;audspec=none;compJah=high_sil_isolated_checker;rastaFilter=none;backEnd=low_sil_doer_checker,True,,True,,1,0
E12,c_pat,2.00,joint,1,470,,OPTIMAL,35.24,3283,449,6,415,2862,0,0,6,frontEnd=high_sil_isolated_checker;rasta=none;powspec=none;audspec=none;compJah=high_sil_isolated_checker;rastaFilter=none;backEnd=low_sil_doer_checker,True,,True,,1,0
E12,c_pat,2.00,joint,2,470,,OPTIMAL,29.987,3283,456,6,415,2862,0,0,6,frontEnd=high_sil_isolated_checker;rasta=none;powspec=none;audspec=none;compJah=high_sil_isolated_checker;rastaFilter=none;backEnd=low_sil_doer_checker,True,,True,,1,0
E12,c_pat,2.00,joint,3,470,,OPTIMAL,29.045,3283,449,6,415,2862,0,0,6,frontEnd=high_sil_isolated_checker;rasta=none;powspec=none;audspec=none;compJah=high_sil_isolated_checker;rastaFilter=none;backEnd=low_sil_doer_checker,True,,True,,1,0
E12,c_pat,2.00,SL,1,470,,OPTIMAL,14.088,3288,456,7,420,2862,0,0,6,frontEnd=high_sil_isolated_checker;rasta=none;powspec=none;audspec=none;compJah=high_sil_isolated_checker;rastaFilter=none;backEnd=low_sil_doer_checker,True,True,True,OPTIMAL,1,0
E12,c_pat,2.00,PFmin,1,470,,OPTIMAL,10.016,3312,442,6,444,2862,0,0,6,frontEnd=two_of_two_high_sil;rasta=none;powspec=none;audspec=none;compJah=two_of_two_high_sil;rastaFilter=none;backEnd=low_sil_doer_checker,True,True,True,,1,0
E12,c_pat,2.00,PFmax,1,470,,OPTIMAL,10.267,3562,468,6,469,3087,0,0,6,frontEnd=two_of_two_high_sil;rasta=none;powspec=none;audspec=none;compJah=two_of_two_high_sil;rastaFilter=none;backEnd=low_sil_diverse_doer_checker,True,True,True,,1,0
E12,c_pat,2.00,PFlight,1,470,,OPTIMAL,10.904,3283,449,6,415,2862,0,0,6,frontEnd=high_sil_isolated_checker;rasta=none;powspec=none;audspec=none;compJah=high_sil_isolated_checker;rastaFilter=none;backEnd=low_sil_doer_checker,True,True,True,,1,0
E12,c_pat,2.00,PFcheap,1,470,,OPTIMAL,10.675,3283,456,6,415,2862,0,0,6,frontEnd=high_sil_isolated_checker;rasta=none;powspec=none;audspec=none;compJah=high_sil_isolated_checker;rastaFilter=none;backEnd=low_sil_doer_checker,True,True,True,,1,0
E12,c_pat,2.00,NP,1,470,,OPTIMAL,15.306,3283,449,6,415,2862,0,0,6,frontEnd=high_sil_isolated_checker;rasta=none;powspec=none;audspec=none;compJah=high_sil_isolated_checker;rastaFilter=none;backEnd=low_sil_doer_checker,True,,True,,1,0
E12,pc_sobel,none,joint,1,100000,,OPTIMAL,3.124,1401,480,3,24,1375,0,0,2,get_pixel=high_sil_isolated_checker;gx=none;gy=none;abs=none,True,,True,,0,0
E12,pc_sobel,none,joint,2,100000,,OPTIMAL,3.135,1401,480,3,24,1375,0,0,2,get_pixel=high_sil_isolated_checker;gx=none;gy=none;abs=none,True,,True,,0,0
E12,pc_sobel,none,joint,3,100000,,OPTIMAL,3.104,1401,499,3,24,1375,0,0,2,get_pixel=high_sil_isolated_checker;gx=none;gy=none;abs=none,True,,True,,0,0
E12,pc_sobel,none,SL,1,100000,,OPTIMAL,5.315,1401,499,3,24,1375,0,0,2,get_pixel=high_sil_isolated_checker;gx=none;gy=none;abs=none,True,True,True,OPTIMAL,0,0
E12,pc_sobel,none,PFmin,1,100000,,OPTIMAL,2.04,1401,768,3,24,1375,0,0,2,get_pixel=two_of_two_high_sil;gx=none;gy=none;abs=none,True,True,True,,0,0
E12,pc_sobel,none,PFmax,1,100000,,OPTIMAL,1.941,1401,768,3,24,1375,0,0,2,get_pixel=two_of_two_high_sil;gx=none;gy=none;abs=none,True,True,True,,0,0
E12,pc_sobel,none,PFlight,1,100000,,OPTIMAL,2.049,1401,480,3,24,1375,0,0,2,get_pixel=high_sil_isolated_checker;gx=none;gy=none;abs=none,True,True,True,,0,0
E12,pc_sobel,none,PFcheap,1,100000,,OPTIMAL,1.977,1401,480,3,24,1375,0,0,2,get_pixel=high_sil_isolated_checker;gx=none;gy=none;abs=none,True,True,True,,0,0
E12,pc_sobel,none,NP,1,100000,,OPTIMAL,2.325,1401,768,3,24,1375,0,0,2,get_pixel=two_of_two_high_sil;gx=none;gy=none;abs=none,True,,True,,0,0
E12,pc_sobel,1.00,joint,1,333,,OPTIMAL,2.56,1411,333,3,34,1375,0,0,2,get_pixel=high_sil_isolated_checker;gx=none;gy=none;abs=none,True,,True,,0,0
E12,pc_sobel,1.00,joint,2,333,,OPTIMAL,2.544,1411,333,3,34,1375,0,0,2,get_pixel=high_sil_isolated_checker;gx=none;gy=none;abs=none,True,,True,,0,0
E12,pc_sobel,1.00,joint,3,333,,OPTIMAL,2.483,1411,333,3,34,1375,0,0,2,get_pixel=high_sil_isolated_checker;gx=none;gy=none;abs=none,True,,True,,0,0
E12,pc_sobel,1.00,SL,1,333,,OPTIMAL,4.743,1411,333,3,34,1375,0,0,2,get_pixel=high_sil_isolated_checker;gx=none;gy=none;abs=none,True,True,True,OPTIMAL,0,0
E12,pc_sobel,1.00,PFmin,1,333,,UNSAT,1.141,,,,,,,,,get_pixel=two_of_two_high_sil;gx=none;gy=none;abs=none,,,,,,
E12,pc_sobel,1.00,PFmax,1,333,,UNSAT,1.129,,,,,,,,,get_pixel=two_of_two_high_sil;gx=none;gy=none;abs=none,,,,,,
E12,pc_sobel,1.00,PFlight,1,333,,OPTIMAL,1.929,1411,333,3,34,1375,0,0,2,get_pixel=high_sil_isolated_checker;gx=none;gy=none;abs=none,True,True,True,,0,0
E12,pc_sobel,1.00,PFcheap,1,333,,OPTIMAL,1.766,1411,333,3,34,1375,0,0,2,get_pixel=high_sil_isolated_checker;gx=none;gy=none;abs=none,True,True,True,,0,0
E12,pc_sobel,1.00,NP,1,333,,OPTIMAL,2.258,1411,333,3,34,1375,0,0,2,get_pixel=high_sil_isolated_checker;gx=none;gy=none;abs=none,True,,True,,0,0
E12,pc_sobel,1.10,joint,1,367,,OPTIMAL,2.824,1405,352,3,28,1375,0,0,2,get_pixel=high_sil_isolated_checker;gx=none;gy=none;abs=none,True,,True,,0,0
E12,pc_sobel,1.10,joint,2,367,,OPTIMAL,3.065,1405,352,3,28,1375,0,0,2,get_pixel=high_sil_isolated_checker;gx=none;gy=none;abs=none,True,,True,,0,0
E12,pc_sobel,1.10,joint,3,367,,OPTIMAL,3.12,1405,352,3,28,1375,0,0,2,get_pixel=high_sil_isolated_checker;gx=none;gy=none;abs=none,True,,True,,0,0
E12,pc_sobel,1.10,SL,1,367,,OPTIMAL,4.826,1405,352,3,28,1375,0,0,2,get_pixel=high_sil_isolated_checker;gx=none;gy=none;abs=none,True,True,True,OPTIMAL,0,0
E12,pc_sobel,1.10,PFmin,1,367,,UNSAT,1.088,,,,,,,,,get_pixel=two_of_two_high_sil;gx=none;gy=none;abs=none,,,,,,
E12,pc_sobel,1.10,PFmax,1,367,,UNSAT,1.087,,,,,,,,,get_pixel=two_of_two_high_sil;gx=none;gy=none;abs=none,,,,,,
E12,pc_sobel,1.10,PFlight,1,367,,OPTIMAL,2.294,1405,352,3,28,1375,0,0,2,get_pixel=high_sil_isolated_checker;gx=none;gy=none;abs=none,True,True,True,,0,0
E12,pc_sobel,1.10,PFcheap,1,367,,OPTIMAL,2.351,1405,352,3,28,1375,0,0,2,get_pixel=high_sil_isolated_checker;gx=none;gy=none;abs=none,True,True,True,,0,0
E12,pc_sobel,1.10,NP,1,367,,OPTIMAL,2.65,1405,352,3,28,1375,0,0,2,get_pixel=high_sil_isolated_checker;gx=none;gy=none;abs=none,True,,True,,0,0
E12,pc_sobel,1.25,joint,1,417,,OPTIMAL,3.308,1403,416,3,26,1375,0,0,2,get_pixel=high_sil_isolated_checker;gx=none;gy=none;abs=none,True,,True,,0,0
E12,pc_sobel,1.25,joint,2,417,,OPTIMAL,3.11,1403,416,3,26,1375,0,0,2,get_pixel=high_sil_isolated_checker;gx=none;gy=none;abs=none,True,,True,,0,0
E12,pc_sobel,1.25,joint,3,417,,OPTIMAL,3.205,1403,416,3,26,1375,0,0,2,get_pixel=high_sil_isolated_checker;gx=none;gy=none;abs=none,True,,True,,0,0
E12,pc_sobel,1.25,SL,1,417,,OPTIMAL,4.858,1403,416,3,26,1375,0,0,2,get_pixel=high_sil_isolated_checker;gx=none;gy=none;abs=none,True,True,True,OPTIMAL,0,0
E12,pc_sobel,1.25,PFmin,1,417,,UNSAT,1.096,,,,,,,,,get_pixel=two_of_two_high_sil;gx=none;gy=none;abs=none,,,,,,
E12,pc_sobel,1.25,PFmax,1,417,,UNSAT,1.07,,,,,,,,,get_pixel=two_of_two_high_sil;gx=none;gy=none;abs=none,,,,,,
E12,pc_sobel,1.25,PFlight,1,417,,OPTIMAL,2.29,1403,416,3,26,1375,0,0,2,get_pixel=high_sil_isolated_checker;gx=none;gy=none;abs=none,True,True,True,,0,0
E12,pc_sobel,1.25,PFcheap,1,417,,OPTIMAL,2.332,1403,416,3,26,1375,0,0,2,get_pixel=high_sil_isolated_checker;gx=none;gy=none;abs=none,True,True,True,,0,0
E12,pc_sobel,1.25,NP,1,417,,OPTIMAL,2.741,1403,416,3,26,1375,0,0,2,get_pixel=high_sil_isolated_checker;gx=none;gy=none;abs=none,True,,True,,0,0
E12,pc_sobel,1.50,joint,1,500,,OPTIMAL,2.936,1401,480,3,24,1375,0,0,2,get_pixel=high_sil_isolated_checker;gx=none;gy=none;abs=none,True,,True,,0,0
E12,pc_sobel,1.50,joint,2,500,,OPTIMAL,2.905,1401,480,3,24,1375,0,0,2,get_pixel=high_sil_isolated_checker;gx=none;gy=none;abs=none,True,,True,,0,0
E12,pc_sobel,1.50,joint,3,500,,OPTIMAL,2.844,1401,480,3,24,1375,0,0,2,get_pixel=high_sil_isolated_checker;gx=none;gy=none;abs=none,True,,True,,0,0
E12,pc_sobel,1.50,SL,1,500,,OPTIMAL,5.041,1401,499,3,24,1375,0,0,2,get_pixel=high_sil_isolated_checker;gx=none;gy=none;abs=none,True,True,True,OPTIMAL,0,0
E12,pc_sobel,1.50,PFmin,1,500,,UNSAT,1.114,,,,,,,,,get_pixel=two_of_two_high_sil;gx=none;gy=none;abs=none,,,,,,
E12,pc_sobel,1.50,PFmax,1,500,,UNSAT,1.126,,,,,,,,,get_pixel=two_of_two_high_sil;gx=none;gy=none;abs=none,,,,,,
E12,pc_sobel,1.50,PFlight,1,500,,OPTIMAL,2.206,1401,480,3,24,1375,0,0,2,get_pixel=high_sil_isolated_checker;gx=none;gy=none;abs=none,True,True,True,,0,0
E12,pc_sobel,1.50,PFcheap,1,500,,OPTIMAL,2.225,1401,480,3,24,1375,0,0,2,get_pixel=high_sil_isolated_checker;gx=none;gy=none;abs=none,True,True,True,,0,0
E12,pc_sobel,1.50,NP,1,500,,OPTIMAL,2.774,1401,499,3,24,1375,0,0,2,get_pixel=high_sil_isolated_checker;gx=none;gy=none;abs=none,True,,True,,0,0
E12,pc_sobel,2.00,joint,1,666,,OPTIMAL,3.3,1401,499,3,24,1375,0,0,2,get_pixel=high_sil_isolated_checker;gx=none;gy=none;abs=none,True,,True,,0,0
E12,pc_sobel,2.00,joint,2,666,,OPTIMAL,3.395,1401,480,3,24,1375,0,0,2,get_pixel=high_sil_isolated_checker;gx=none;gy=none;abs=none,True,,True,,0,0
E12,pc_sobel,2.00,joint,3,666,,OPTIMAL,3.491,1401,499,3,24,1375,0,0,2,get_pixel=high_sil_isolated_checker;gx=none;gy=none;abs=none,True,,True,,0,0
E12,pc_sobel,2.00,SL,1,666,,OPTIMAL,5.157,1401,499,3,24,1375,0,0,2,get_pixel=high_sil_isolated_checker;gx=none;gy=none;abs=none,True,True,True,OPTIMAL,0,0
E12,pc_sobel,2.00,PFmin,1,666,,OPTIMAL,2.046,1405,640,3,28,1375,0,0,2,get_pixel=two_of_two_high_sil;gx=none;gy=none;abs=none,True,True,True,,0,0
E12,pc_sobel,2.00,PFmax,1,666,,OPTIMAL,2.094,1405,640,3,28,1375,0,0,2,get_pixel=two_of_two_high_sil;gx=none;gy=none;abs=none,True,True,True,,0,0
E12,pc_sobel,2.00,PFlight,1,666,,OPTIMAL,2.245,1401,499,3,24,1375,0,0,2,get_pixel=high_sil_isolated_checker;gx=none;gy=none;abs=none,True,True,True,,0,0
E12,pc_sobel,2.00,PFcheap,1,666,,OPTIMAL,2.196,1401,480,3,24,1375,0,0,2,get_pixel=high_sil_isolated_checker;gx=none;gy=none;abs=none,True,True,True,,0,0
E12,pc_sobel,2.00,NP,1,666,,OPTIMAL,2.744,1401,499,3,24,1375,0,0,2,get_pixel=high_sil_isolated_checker;gx=none;gy=none;abs=none,True,,True,,0,0
E12,v_nvp,none,joint,1,,,OPTIMAL,5.242,5163,977,5,616,4537,0,0,10,frontEnd=nvp_three_version;rasta=none;powspec=none;audspec=none;compJah=nvp_three_version;rastaFilter=none;backEnd=low_sil_diverse_doer_checker,True,,True,,1,0
E12,v_nvp,none,joint,2,,,OPTIMAL,5.39,5163,972,5,616,4537,0,0,10,frontEnd=nvp_three_version;rasta=none;powspec=none;audspec=none;compJah=nvp_three_version;rastaFilter=none;backEnd=low_sil_diverse_doer_checker,True,,True,,1,0
E12,v_nvp,none,joint,3,,,OPTIMAL,5.314,5163,972,5,616,4537,0,0,10,frontEnd=nvp_three_version;rasta=none;powspec=none;audspec=none;compJah=nvp_three_version;rastaFilter=none;backEnd=low_sil_diverse_doer_checker,True,,True,,1,0
E12,v_nvp,none,SL,1,,,OPTIMAL,5.04,5171,1180,6,624,4537,0,0,10,frontEnd=nvp_three_version;rasta=none;powspec=none;audspec=none;compJah=nvp_three_version;rastaFilter=none;backEnd=low_sil_diverse_doer_checker,True,True,True,OPTIMAL,1,0
E12,v_nvp,none,PFmin,1,,,OPTIMAL,3.941,5163,1393,5,616,4537,0,0,10,frontEnd=nvp_three_version;rasta=none;powspec=none;audspec=none;compJah=nvp_three_version;rastaFilter=none;backEnd=low_sil_diverse_doer_checker,True,True,True,,1,0
E12,v_nvp,none,PFmax,1,,,OPTIMAL,3.853,5163,1385,5,616,4537,0,0,10,frontEnd=nvp_three_version;rasta=none;powspec=none;audspec=none;compJah=nvp_three_version;rastaFilter=none;backEnd=low_sil_diverse_doer_checker,True,True,True,,1,0
E12,v_nvp,none,PFlight,1,,,OPTIMAL,3.812,5163,1182,5,616,4537,0,0,10,frontEnd=nvp_three_version;rasta=none;powspec=none;audspec=none;compJah=nvp_three_version;rastaFilter=none;backEnd=low_sil_diverse_doer_checker,True,True,True,,1,0
E12,v_nvp,none,PFcheap,1,,,OPTIMAL,3.777,5163,1182,5,616,4537,0,0,10,frontEnd=nvp_three_version;rasta=none;powspec=none;audspec=none;compJah=nvp_three_version;rastaFilter=none;backEnd=low_sil_diverse_doer_checker,True,True,True,,1,0
E12,v_nvp,none,NP,1,,,OPTIMAL,3.861,5163,1393,5,616,4537,0,0,10,frontEnd=nvp_three_version;rasta=none;powspec=none;audspec=none;compJah=nvp_three_version;rastaFilter=none;backEnd=low_sil_diverse_doer_checker,True,,True,,1,0
E12,v_nvp,1.00,joint,1,235,,OPTIMAL,4.655,5483,235,12,936,4537,0,0,10,frontEnd=nvp_three_version;rasta=none;powspec=none;audspec=none;compJah=nvp_three_version;rastaFilter=none;backEnd=low_sil_diverse_doer_checker,True,,True,,1,0
E12,v_nvp,1.00,joint,2,235,,OPTIMAL,4.766,5483,235,12,936,4537,0,0,10,frontEnd=nvp_three_version;rasta=none;powspec=none;audspec=none;compJah=nvp_three_version;rastaFilter=none;backEnd=low_sil_diverse_doer_checker,True,,True,,1,0
E12,v_nvp,1.00,joint,3,235,,OPTIMAL,4.646,5483,235,12,936,4537,0,0,10,frontEnd=nvp_three_version;rasta=none;powspec=none;audspec=none;compJah=nvp_three_version;rastaFilter=none;backEnd=low_sil_diverse_doer_checker,True,,True,,1,0
E12,v_nvp,1.00,SL,1,235,,OPTIMAL,12.089,5646,235,13,1099,4537,0,0,10,frontEnd=nvp_three_version;rasta=none;powspec=none;audspec=none;compJah=nvp_three_version;rastaFilter=none;backEnd=low_sil_diverse_doer_checker,True,True,True,OPTIMAL,1,0
E12,v_nvp,1.00,PFmin,1,235,,OPTIMAL,3.521,5483,235,12,936,4537,0,0,10,frontEnd=nvp_three_version;rasta=none;powspec=none;audspec=none;compJah=nvp_three_version;rastaFilter=none;backEnd=low_sil_diverse_doer_checker,True,True,True,,1,0
E12,v_nvp,1.00,PFmax,1,235,,OPTIMAL,3.685,5483,235,12,936,4537,0,0,10,frontEnd=nvp_three_version;rasta=none;powspec=none;audspec=none;compJah=nvp_three_version;rastaFilter=none;backEnd=low_sil_diverse_doer_checker,True,True,True,,1,0
E12,v_nvp,1.00,PFlight,1,235,,OPTIMAL,3.549,5483,235,12,936,4537,0,0,10,frontEnd=nvp_three_version;rasta=none;powspec=none;audspec=none;compJah=nvp_three_version;rastaFilter=none;backEnd=low_sil_diverse_doer_checker,True,True,True,,1,0
E12,v_nvp,1.00,PFcheap,1,235,,OPTIMAL,3.624,5483,235,12,936,4537,0,0,10,frontEnd=nvp_three_version;rasta=none;powspec=none;audspec=none;compJah=nvp_three_version;rastaFilter=none;backEnd=low_sil_diverse_doer_checker,True,True,True,,1,0
E12,v_nvp,1.00,NP,1,235,,OPTIMAL,3.304,5483,235,12,936,4537,0,0,10,frontEnd=nvp_three_version;rasta=none;powspec=none;audspec=none;compJah=nvp_three_version;rastaFilter=none;backEnd=low_sil_diverse_doer_checker,True,,True,,1,0
E12,v_nvp,1.10,joint,1,259,,OPTIMAL,4.62,5483,254,12,936,4537,0,0,10,frontEnd=nvp_three_version;rasta=none;powspec=none;audspec=none;compJah=nvp_three_version;rastaFilter=none;backEnd=low_sil_diverse_doer_checker,True,,True,,1,0
E12,v_nvp,1.10,joint,2,259,,OPTIMAL,6.639,5483,253,12,936,4537,0,0,10,frontEnd=nvp_three_version;rasta=none;powspec=none;audspec=none;compJah=nvp_three_version;rastaFilter=none;backEnd=low_sil_diverse_doer_checker,True,,True,,1,0
E12,v_nvp,1.10,joint,3,259,,OPTIMAL,5.586,5483,254,12,936,4537,0,0,10,frontEnd=nvp_three_version;rasta=none;powspec=none;audspec=none;compJah=nvp_three_version;rastaFilter=none;backEnd=low_sil_diverse_doer_checker,True,,True,,1,0
E12,v_nvp,1.10,SL,1,259,,OPTIMAL,5.234,5483,254,12,936,4537,0,0,10,frontEnd=nvp_three_version;rasta=none;powspec=none;audspec=none;compJah=nvp_three_version;rastaFilter=none;backEnd=low_sil_diverse_doer_checker,True,True,True,OPTIMAL,1,0
E12,v_nvp,1.10,PFmin,1,259,,OPTIMAL,3.664,5483,254,12,936,4537,0,0,10,frontEnd=nvp_three_version;rasta=none;powspec=none;audspec=none;compJah=nvp_three_version;rastaFilter=none;backEnd=low_sil_diverse_doer_checker,True,True,True,,1,0
E12,v_nvp,1.10,PFmax,1,259,,OPTIMAL,3.788,5483,254,12,936,4537,0,0,10,frontEnd=nvp_three_version;rasta=none;powspec=none;audspec=none;compJah=nvp_three_version;rastaFilter=none;backEnd=low_sil_diverse_doer_checker,True,True,True,,1,0
E12,v_nvp,1.10,PFlight,1,259,,OPTIMAL,3.67,5483,235,12,936,4537,0,0,10,frontEnd=nvp_three_version;rasta=none;powspec=none;audspec=none;compJah=nvp_three_version;rastaFilter=none;backEnd=low_sil_diverse_doer_checker,True,True,True,,1,0
E12,v_nvp,1.10,PFcheap,1,259,,OPTIMAL,3.794,5483,254,12,936,4537,0,0,10,frontEnd=nvp_three_version;rasta=none;powspec=none;audspec=none;compJah=nvp_three_version;rastaFilter=none;backEnd=low_sil_diverse_doer_checker,True,True,True,,1,0
E12,v_nvp,1.10,NP,1,259,,OPTIMAL,3.441,5483,254,12,936,4537,0,0,10,frontEnd=nvp_three_version;rasta=none;powspec=none;audspec=none;compJah=nvp_three_version;rastaFilter=none;backEnd=low_sil_diverse_doer_checker,True,,True,,1,0
E12,v_nvp,1.25,joint,1,294,,OPTIMAL,13.217,5475,266,11,928,4537,0,0,10,frontEnd=nvp_three_version;rasta=none;powspec=none;audspec=none;compJah=nvp_three_version;rastaFilter=none;backEnd=low_sil_diverse_doer_checker,True,,True,,1,0
E12,v_nvp,1.25,joint,2,294,,OPTIMAL,13.698,5475,266,11,928,4537,0,0,10,frontEnd=nvp_three_version;rasta=none;powspec=none;audspec=none;compJah=nvp_three_version;rastaFilter=none;backEnd=low_sil_diverse_doer_checker,True,,True,,1,0
E12,v_nvp,1.25,joint,3,294,,OPTIMAL,13.3,5475,266,11,928,4537,0,0,10,frontEnd=nvp_three_version;rasta=none;powspec=none;audspec=none;compJah=nvp_three_version;rastaFilter=none;backEnd=low_sil_diverse_doer_checker,True,,True,,1,0
E12,v_nvp,1.25,SL,1,294,,OPTIMAL,10.629,5479,282,12,932,4537,0,0,10,frontEnd=nvp_three_version;rasta=none;powspec=none;audspec=none;compJah=nvp_three_version;rastaFilter=none;backEnd=low_sil_diverse_doer_checker,True,True,True,OPTIMAL,1,0
E12,v_nvp,1.25,PFmin,1,294,,OPTIMAL,7.913,5475,266,11,928,4537,0,0,10,frontEnd=nvp_three_version;rasta=none;powspec=none;audspec=none;compJah=nvp_three_version;rastaFilter=none;backEnd=low_sil_diverse_doer_checker,True,True,True,,1,0
E12,v_nvp,1.25,PFmax,1,294,,OPTIMAL,7.835,5475,266,11,928,4537,0,0,10,frontEnd=nvp_three_version;rasta=none;powspec=none;audspec=none;compJah=nvp_three_version;rastaFilter=none;backEnd=low_sil_diverse_doer_checker,True,True,True,,1,0
E12,v_nvp,1.25,PFlight,1,294,,OPTIMAL,7.996,5475,266,11,928,4537,0,0,10,frontEnd=nvp_three_version;rasta=none;powspec=none;audspec=none;compJah=nvp_three_version;rastaFilter=none;backEnd=low_sil_diverse_doer_checker,True,True,True,,1,0
E12,v_nvp,1.25,PFcheap,1,294,,OPTIMAL,7.378,5475,266,11,928,4537,0,0,10,frontEnd=nvp_three_version;rasta=none;powspec=none;audspec=none;compJah=nvp_three_version;rastaFilter=none;backEnd=low_sil_diverse_doer_checker,True,True,True,,1,0
E12,v_nvp,1.25,NP,1,294,,OPTIMAL,4.605,5475,266,11,928,4537,0,0,10,frontEnd=nvp_three_version;rasta=none;powspec=none;audspec=none;compJah=nvp_three_version;rastaFilter=none;backEnd=low_sil_diverse_doer_checker,True,,True,,1,0
E12,v_nvp,1.50,joint,1,353,,OPTIMAL,9.367,5435,327,10,888,4537,0,0,10,frontEnd=nvp_three_version;rasta=none;powspec=none;audspec=none;compJah=nvp_three_version;rastaFilter=none;backEnd=low_sil_diverse_doer_checker,True,,True,,1,0
E12,v_nvp,1.50,joint,2,353,,OPTIMAL,9.034,5435,327,10,888,4537,0,0,10,frontEnd=nvp_three_version;rasta=none;powspec=none;audspec=none;compJah=nvp_three_version;rastaFilter=none;backEnd=low_sil_diverse_doer_checker,True,,True,,1,0
E12,v_nvp,1.50,joint,3,353,,OPTIMAL,13.744,5435,327,10,888,4537,0,0,10,frontEnd=nvp_three_version;rasta=none;powspec=none;audspec=none;compJah=nvp_three_version;rastaFilter=none;backEnd=low_sil_diverse_doer_checker,True,,True,,1,0
E12,v_nvp,1.50,SL,1,353,,OPTIMAL,4.88,5443,319,11,896,4537,0,0,10,frontEnd=nvp_three_version;rasta=none;powspec=none;audspec=none;compJah=nvp_three_version;rastaFilter=none;backEnd=low_sil_diverse_doer_checker,True,True,True,OPTIMAL,1,0
E12,v_nvp,1.50,PFmin,1,353,,OPTIMAL,7.036,5435,327,10,888,4537,0,0,10,frontEnd=nvp_three_version;rasta=none;powspec=none;audspec=none;compJah=nvp_three_version;rastaFilter=none;backEnd=low_sil_diverse_doer_checker,True,True,True,,1,0
E12,v_nvp,1.50,PFmax,1,353,,OPTIMAL,6.988,5435,327,10,888,4537,0,0,10,frontEnd=nvp_three_version;rasta=none;powspec=none;audspec=none;compJah=nvp_three_version;rastaFilter=none;backEnd=low_sil_diverse_doer_checker,True,True,True,,1,0
E12,v_nvp,1.50,PFlight,1,353,,OPTIMAL,8.511,5435,327,10,888,4537,0,0,10,frontEnd=nvp_three_version;rasta=none;powspec=none;audspec=none;compJah=nvp_three_version;rastaFilter=none;backEnd=low_sil_diverse_doer_checker,True,True,True,,1,0
E12,v_nvp,1.50,PFcheap,1,353,,OPTIMAL,8.507,5435,327,10,888,4537,0,0,10,frontEnd=nvp_three_version;rasta=none;powspec=none;audspec=none;compJah=nvp_three_version;rastaFilter=none;backEnd=low_sil_diverse_doer_checker,True,True,True,,1,0
E12,v_nvp,1.50,NP,1,353,,OPTIMAL,4.926,5435,327,10,888,4537,0,0,10,frontEnd=nvp_three_version;rasta=none;powspec=none;audspec=none;compJah=nvp_three_version;rastaFilter=none;backEnd=low_sil_diverse_doer_checker,True,,True,,1,0
E12,v_nvp,2.00,joint,1,470,,OPTIMAL,21.584,5427,449,9,880,4537,0,0,10,frontEnd=nvp_three_version;rasta=none;powspec=none;audspec=none;compJah=nvp_three_version;rastaFilter=none;backEnd=low_sil_diverse_doer_checker,True,,True,,1,0
E12,v_nvp,2.00,joint,2,470,,OPTIMAL,15.298,5427,449,9,880,4537,0,0,10,frontEnd=nvp_three_version;rasta=none;powspec=none;audspec=none;compJah=nvp_three_version;rastaFilter=none;backEnd=low_sil_diverse_doer_checker,True,,True,,1,0
E12,v_nvp,2.00,joint,3,470,,OPTIMAL,15.511,5427,449,9,880,4537,0,0,10,frontEnd=nvp_three_version;rasta=none;powspec=none;audspec=none;compJah=nvp_three_version;rastaFilter=none;backEnd=low_sil_diverse_doer_checker,True,,True,,1,0
E12,v_nvp,2.00,SL,1,470,,OPTIMAL,4.996,5435,449,10,888,4537,0,0,10,frontEnd=nvp_three_version;rasta=none;powspec=none;audspec=none;compJah=nvp_three_version;rastaFilter=none;backEnd=low_sil_diverse_doer_checker,True,True,True,OPTIMAL,1,0
E12,v_nvp,2.00,PFmin,1,470,,OPTIMAL,8.099,5427,449,9,880,4537,0,0,10,frontEnd=nvp_three_version;rasta=none;powspec=none;audspec=none;compJah=nvp_three_version;rastaFilter=none;backEnd=low_sil_diverse_doer_checker,True,True,True,,1,0
E12,v_nvp,2.00,PFmax,1,470,,OPTIMAL,8.554,5427,449,9,880,4537,0,0,10,frontEnd=nvp_three_version;rasta=none;powspec=none;audspec=none;compJah=nvp_three_version;rastaFilter=none;backEnd=low_sil_diverse_doer_checker,True,True,True,,1,0
E12,v_nvp,2.00,PFlight,1,470,,OPTIMAL,11.088,5427,449,9,880,4537,0,0,10,frontEnd=nvp_three_version;rasta=none;powspec=none;audspec=none;compJah=nvp_three_version;rastaFilter=none;backEnd=low_sil_diverse_doer_checker,True,True,True,,1,0
E12,v_nvp,2.00,PFcheap,1,470,,OPTIMAL,6.873,5427,449,9,880,4537,0,0,10,frontEnd=nvp_three_version;rasta=none;powspec=none;audspec=none;compJah=nvp_three_version;rastaFilter=none;backEnd=low_sil_diverse_doer_checker,True,True,True,,1,0
E12,v_nvp,2.00,NP,1,470,,OPTIMAL,5.692,5427,449,9,880,4537,0,0,10,frontEnd=nvp_three_version;rasta=none;powspec=none;audspec=none;compJah=nvp_three_version;rastaFilter=none;backEnd=low_sil_diverse_doer_checker,True,,True,,1,0
E3k1,p_rasta,1.00,joint,1,235,235,OPTIMAL,6.832,3618,235,9,623,2974,0,15,6,frontEnd=high_sil_isolated_checker;rasta=none;powspec=none;audspec=none;compJah=high_sil_isolated_checker;rastaFilter=none;backEnd=low_sil_doer_checker,True,,True,,0,0
E3k1,p_rasta,1.00,SL,1,235,235,OPTIMAL,4.69,3636,235,10,656,2974,0,0,6,frontEnd=high_sil_isolated_checker;rasta=none;powspec=none;audspec=none;compJah=high_sil_isolated_checker;rastaFilter=none;backEnd=low_sil_diverse_doer_checker,True,True,True,OPTIMAL,0,0
E3k1,p_rasta,1.00,PFmin,1,235,235,UNSAT,1.206,,,,,,,,,frontEnd=two_of_two_high_sil;rasta=none;powspec=none;audspec=none;compJah=two_of_two_high_sil;rastaFilter=none;backEnd=low_sil_doer_checker,,,,,,
E3k1,p_rasta,1.00,PFmax,1,235,235,UNSAT,1.221,,,,,,,,,frontEnd=two_of_two_high_sil;rasta=none;powspec=none;audspec=none;compJah=two_of_two_high_sil;rastaFilter=none;backEnd=low_sil_diverse_doer_checker,,,,,,
E3k1,p_rasta,1.00,PFlight,1,235,235,OPTIMAL,3.152,3618,235,9,623,2974,0,15,6,frontEnd=high_sil_isolated_checker;rasta=none;powspec=none;audspec=none;compJah=high_sil_isolated_checker;rastaFilter=none;backEnd=low_sil_doer_checker,True,True,True,,0,0
E3k1,p_rasta,1.00,PFcheap,1,235,235,OPTIMAL,3.245,3618,235,9,623,2974,0,15,6,frontEnd=high_sil_isolated_checker;rasta=none;powspec=none;audspec=none;compJah=high_sil_isolated_checker;rastaFilter=none;backEnd=low_sil_doer_checker,True,True,True,,0,0
E3k1,p_rasta,1.10,joint,1,259,259,OPTIMAL,11.133,3615,245,9,620,2974,0,15,6,frontEnd=high_sil_isolated_checker;rasta=none;powspec=none;audspec=none;compJah=high_sil_isolated_checker;rastaFilter=none;backEnd=low_sil_doer_checker,True,,True,,0,0
E3k1,p_rasta,1.10,SL,1,259,259,OPTIMAL,4.758,3636,235,10,656,2974,0,0,6,frontEnd=high_sil_isolated_checker;rasta=none;powspec=none;audspec=none;compJah=high_sil_isolated_checker;rastaFilter=none;backEnd=low_sil_diverse_doer_checker,True,True,True,OPTIMAL,0,0
E3k1,p_rasta,1.10,PFmin,1,259,259,UNSAT,1.2,,,,,,,,,frontEnd=two_of_two_high_sil;rasta=none;powspec=none;audspec=none;compJah=two_of_two_high_sil;rastaFilter=none;backEnd=low_sil_doer_checker,,,,,,
E3k1,p_rasta,1.10,PFmax,1,259,259,UNSAT,1.196,,,,,,,,,frontEnd=two_of_two_high_sil;rasta=none;powspec=none;audspec=none;compJah=two_of_two_high_sil;rastaFilter=none;backEnd=low_sil_diverse_doer_checker,,,,,,
E3k1,p_rasta,1.10,PFlight,1,259,259,OPTIMAL,3.676,3615,245,9,620,2974,0,15,6,frontEnd=high_sil_isolated_checker;rasta=none;powspec=none;audspec=none;compJah=high_sil_isolated_checker;rastaFilter=none;backEnd=low_sil_doer_checker,True,True,True,,0,0
E3k1,p_rasta,1.10,PFcheap,1,259,259,OPTIMAL,3.408,3615,245,9,620,2974,0,15,6,frontEnd=high_sil_isolated_checker;rasta=none;powspec=none;audspec=none;compJah=high_sil_isolated_checker;rastaFilter=none;backEnd=low_sil_doer_checker,True,True,True,,0,0
E3k1,p_rasta,1.25,joint,1,294,294,OPTIMAL,11.419,3467,277,8,457,2974,0,30,6,frontEnd=high_sil_isolated_checker;rasta=none;powspec=none;audspec=none;compJah=high_sil_isolated_checker;rastaFilter=none;backEnd=low_sil_doer_checker,True,,True,,0,0
E3k1,p_rasta,1.25,SL,1,294,294,OPTIMAL,6.091,3491,282,9,496,2974,0,15,6,frontEnd=high_sil_isolated_checker;rasta=none;powspec=none;audspec=none;compJah=high_sil_isolated_checker;rastaFilter=none;backEnd=low_sil_diverse_doer_checker,True,True,True,OPTIMAL,0,0
E3k1,p_rasta,1.25,PFmin,1,294,294,UNSAT,1.332,,,,,,,,,frontEnd=two_of_two_high_sil;rasta=none;powspec=none;audspec=none;compJah=two_of_two_high_sil;rastaFilter=none;backEnd=low_sil_doer_checker,,,,,,
E3k1,p_rasta,1.25,PFmax,1,294,294,UNSAT,1.437,,,,,,,,,frontEnd=two_of_two_high_sil;rasta=none;powspec=none;audspec=none;compJah=two_of_two_high_sil;rastaFilter=none;backEnd=low_sil_diverse_doer_checker,,,,,,
E3k1,p_rasta,1.25,PFlight,1,294,294,OPTIMAL,4.38,3467,277,8,457,2974,0,30,6,frontEnd=high_sil_isolated_checker;rasta=none;powspec=none;audspec=none;compJah=high_sil_isolated_checker;rastaFilter=none;backEnd=low_sil_doer_checker,True,True,True,,0,0
E3k1,p_rasta,1.25,PFcheap,1,294,294,OPTIMAL,4.378,3467,277,8,457,2974,0,30,6,frontEnd=high_sil_isolated_checker;rasta=none;powspec=none;audspec=none;compJah=high_sil_isolated_checker;rastaFilter=none;backEnd=low_sil_doer_checker,True,True,True,,0,0
E3k1,p_rasta,1.50,joint,1,353,353,OPTIMAL,22.324,3452,310,8,457,2974,0,15,6,frontEnd=high_sil_isolated_checker;rasta=none;powspec=none;audspec=none;compJah=high_sil_isolated_checker;rastaFilter=none;backEnd=low_sil_doer_checker,True,,True,,0,0
E3k1,p_rasta,1.50,SL,1,353,353,OPTIMAL,7.176,3461,327,8,466,2974,0,15,6,frontEnd=high_sil_isolated_checker;rasta=none;powspec=none;audspec=none;compJah=high_sil_isolated_checker;rastaFilter=none;backEnd=low_sil_diverse_doer_checker,True,True,True,OPTIMAL,0,0
E3k1,p_rasta,1.50,PFmin,1,353,353,OPTIMAL,4.649,3455,340,8,460,2974,0,15,6,frontEnd=two_of_two_high_sil;rasta=none;powspec=none;audspec=none;compJah=two_of_two_high_sil;rastaFilter=none;backEnd=low_sil_doer_checker,True,True,True,,0,0
E3k1,p_rasta,1.50,PFmax,1,353,353,OPTIMAL,4.583,3458,353,8,463,2974,0,15,6,frontEnd=two_of_two_high_sil;rasta=none;powspec=none;audspec=none;compJah=two_of_two_high_sil;rastaFilter=none;backEnd=low_sil_diverse_doer_checker,True,True,True,,0,0
E3k1,p_rasta,1.50,PFlight,1,353,353,OPTIMAL,5.675,3452,310,8,457,2974,0,15,6,frontEnd=high_sil_isolated_checker;rasta=none;powspec=none;audspec=none;compJah=high_sil_isolated_checker;rastaFilter=none;backEnd=low_sil_doer_checker,True,True,True,,0,0
E3k1,p_rasta,1.50,PFcheap,1,353,353,OPTIMAL,5.563,3452,310,8,457,2974,0,15,6,frontEnd=high_sil_isolated_checker;rasta=none;powspec=none;audspec=none;compJah=high_sil_isolated_checker;rastaFilter=none;backEnd=low_sil_doer_checker,True,True,True,,0,0
E3k1,p_rasta,2.00,joint,1,470,470,OPTIMAL,37.653,3399,451,5,404,2974,0,15,6,frontEnd=two_of_two_high_sil;rasta=none;powspec=none;audspec=none;compJah=high_sil_isolated_checker;rastaFilter=none;backEnd=low_sil_doer_checker,True,,True,,0,0
E3k1,p_rasta,2.00,SL,1,470,470,OPTIMAL,6.196,3400,449,7,420,2974,0,0,6,frontEnd=high_sil_isolated_checker;rasta=none;powspec=none;audspec=none;compJah=high_sil_isolated_checker;rastaFilter=none;backEnd=low_sil_doer_checker,True,True,True,OPTIMAL,0,0
E3k1,p_rasta,2.00,PFmin,1,470,470,OPTIMAL,5.746,3400,451,7,420,2974,0,0,6,frontEnd=two_of_two_high_sil;rasta=none;powspec=none;audspec=none;compJah=two_of_two_high_sil;rastaFilter=none;backEnd=low_sil_doer_checker,True,True,True,,0,0
E3k1,p_rasta,2.00,PFmax,1,470,470,OPTIMAL,6.587,3407,452,6,412,2974,0,15,6,frontEnd=two_of_two_high_sil;rasta=none;powspec=none;audspec=none;compJah=two_of_two_high_sil;rastaFilter=none;backEnd=low_sil_diverse_doer_checker,True,True,True,,0,0
E3k1,p_rasta,2.00,PFlight,1,470,470,OPTIMAL,16.621,3399,449,5,404,2974,0,15,6,frontEnd=high_sil_isolated_checker;rasta=none;powspec=none;audspec=none;compJah=high_sil_isolated_checker;rastaFilter=none;backEnd=low_sil_doer_checker,True,True,True,,0,0
E3k1,p_rasta,2.00,PFcheap,1,470,470,OPTIMAL,20.132,3399,449,5,404,2974,0,15,6,frontEnd=high_sil_isolated_checker;rasta=none;powspec=none;audspec=none;compJah=high_sil_isolated_checker;rastaFilter=none;backEnd=low_sil_doer_checker,True,True,True,,0,0
E3k1,f_random_hw,1.00,joint,1,235,235,OPTIMAL,6.631,3636,235,10,656,2974,0,0,6,frontEnd=high_sil_isolated_checker;rasta=none;powspec=none;audspec=none;compJah=high_sil_isolated_checker;rastaFilter=none;backEnd=low_sil_doer_checker,True,,True,,0,0
E3k1,f_random_hw,1.00,SL,1,235,235,OPTIMAL,4.639,3636,235,10,656,2974,0,0,6,frontEnd=high_sil_isolated_checker;rasta=none;powspec=none;audspec=none;compJah=high_sil_isolated_checker;rastaFilter=none;backEnd=low_sil_diverse_doer_checker,True,True,True,OPTIMAL,0,0
E3k1,f_random_hw,1.00,PFmin,1,235,235,UNSAT,1.199,,,,,,,,,frontEnd=two_of_two_high_sil;rasta=none;powspec=none;audspec=none;compJah=two_of_two_high_sil;rastaFilter=none;backEnd=low_sil_doer_checker,,,,,,
E3k1,f_random_hw,1.00,PFmax,1,235,235,UNSAT,1.247,,,,,,,,,frontEnd=two_of_two_high_sil;rasta=none;powspec=none;audspec=none;compJah=two_of_two_high_sil;rastaFilter=none;backEnd=low_sil_diverse_doer_checker,,,,,,
E3k1,f_random_hw,1.00,PFlight,1,235,235,OPTIMAL,3.279,3636,235,10,656,2974,0,0,6,frontEnd=high_sil_isolated_checker;rasta=none;powspec=none;audspec=none;compJah=high_sil_isolated_checker;rastaFilter=none;backEnd=low_sil_doer_checker,True,True,True,,0,0
E3k1,f_random_hw,1.00,PFcheap,1,235,235,OPTIMAL,3.356,3636,235,10,656,2974,0,0,6,frontEnd=high_sil_isolated_checker;rasta=none;powspec=none;audspec=none;compJah=high_sil_isolated_checker;rastaFilter=none;backEnd=low_sil_doer_checker,True,True,True,,0,0
E3k1,f_random_hw,1.10,joint,1,259,259,OPTIMAL,9.524,3636,235,10,656,2974,0,0,6,frontEnd=high_sil_isolated_checker;rasta=none;powspec=none;audspec=none;compJah=high_sil_isolated_checker;rastaFilter=none;backEnd=low_sil_doer_checker,True,,True,,0,0
E3k1,f_random_hw,1.10,SL,1,259,259,OPTIMAL,5.036,3636,235,10,656,2974,0,0,6,frontEnd=high_sil_isolated_checker;rasta=none;powspec=none;audspec=none;compJah=high_sil_isolated_checker;rastaFilter=none;backEnd=low_sil_diverse_doer_checker,True,True,True,OPTIMAL,0,0
E3k1,f_random_hw,1.10,PFmin,1,259,259,UNSAT,1.205,,,,,,,,,frontEnd=two_of_two_high_sil;rasta=none;powspec=none;audspec=none;compJah=two_of_two_high_sil;rastaFilter=none;backEnd=low_sil_doer_checker,,,,,,
E3k1,f_random_hw,1.10,PFmax,1,259,259,UNSAT,1.244,,,,,,,,,frontEnd=two_of_two_high_sil;rasta=none;powspec=none;audspec=none;compJah=two_of_two_high_sil;rastaFilter=none;backEnd=low_sil_diverse_doer_checker,,,,,,
E3k1,f_random_hw,1.10,PFlight,1,259,259,OPTIMAL,3.243,3636,235,10,656,2974,0,0,6,frontEnd=high_sil_isolated_checker;rasta=none;powspec=none;audspec=none;compJah=high_sil_isolated_checker;rastaFilter=none;backEnd=low_sil_doer_checker,True,True,True,,0,0
E3k1,f_random_hw,1.10,PFcheap,1,259,259,OPTIMAL,3.444,3636,235,10,656,2974,0,0,6,frontEnd=high_sil_isolated_checker;rasta=none;powspec=none;audspec=none;compJah=high_sil_isolated_checker;rastaFilter=none;backEnd=low_sil_doer_checker,True,True,True,,0,0
E3k1,f_random_hw,1.25,joint,1,294,294,OPTIMAL,9.026,3484,282,10,504,2974,0,0,6,frontEnd=high_sil_isolated_checker;rasta=none;powspec=none;audspec=none;compJah=high_sil_isolated_checker;rastaFilter=none;backEnd=low_sil_doer_checker,True,,True,,0,0
E3k1,f_random_hw,1.25,SL,1,294,294,OPTIMAL,5.481,3484,282,10,504,2974,0,0,6,frontEnd=high_sil_isolated_checker;rasta=none;powspec=none;audspec=none;compJah=high_sil_isolated_checker;rastaFilter=none;backEnd=low_sil_doer_checker,True,True,True,OPTIMAL,0,0
E3k1,f_random_hw,1.25,PFmin,1,294,294,UNSAT,1.429,,,,,,,,,frontEnd=two_of_two_high_sil;rasta=none;powspec=none;audspec=none;compJah=two_of_two_high_sil;rastaFilter=none;backEnd=low_sil_doer_checker,,,,,,
E3k1,f_random_hw,1.25,PFmax,1,294,294,UNSAT,1.326,,,,,,,,,frontEnd=two_of_two_high_sil;rasta=none;powspec=none;audspec=none;compJah=two_of_two_high_sil;rastaFilter=none;backEnd=low_sil_diverse_doer_checker,,,,,,
E3k1,f_random_hw,1.25,PFlight,1,294,294,OPTIMAL,2.975,3484,282,10,504,2974,0,0,6,frontEnd=high_sil_isolated_checker;rasta=none;powspec=none;audspec=none;compJah=high_sil_isolated_checker;rastaFilter=none;backEnd=low_sil_doer_checker,True,True,True,,0,0
E3k1,f_random_hw,1.25,PFcheap,1,294,294,OPTIMAL,3.439,3484,282,10,504,2974,0,0,6,frontEnd=high_sil_isolated_checker;rasta=none;powspec=none;audspec=none;compJah=high_sil_isolated_checker;rastaFilter=none;backEnd=low_sil_doer_checker,True,True,True,,0,0
E3k1,f_random_hw,1.50,joint,1,353,353,OPTIMAL,14.501,3473,319,9,493,2974,0,0,6,frontEnd=high_sil_isolated_checker;rasta=none;powspec=none;audspec=none;compJah=high_sil_isolated_checker;rastaFilter=none;backEnd=low_sil_doer_checker,True,,True,,0,0
E3k1,f_random_hw,1.50,SL,1,353,353,OPTIMAL,8.369,3473,319,9,493,2974,0,0,6,frontEnd=two_of_two_high_sil;rasta=none;powspec=none;audspec=none;compJah=high_sil_isolated_checker;rastaFilter=none;backEnd=low_sil_diverse_doer_checker,True,True,True,OPTIMAL,0,0
E3k1,f_random_hw,1.50,PFmin,1,353,353,OPTIMAL,4.801,3473,340,9,493,2974,0,0,6,frontEnd=two_of_two_high_sil;rasta=none;powspec=none;audspec=none;compJah=two_of_two_high_sil;rastaFilter=none;backEnd=low_sil_doer_checker,True,True,True,,0,0
E3k1,f_random_hw,1.50,PFmax,1,353,353,OPTIMAL,4.044,3473,340,9,493,2974,0,0,6,frontEnd=two_of_two_high_sil;rasta=none;powspec=none;audspec=none;compJah=two_of_two_high_sil;rastaFilter=none;backEnd=low_sil_diverse_doer_checker,True,True,True,,0,0
E3k1,f_random_hw,1.50,PFlight,1,353,353,OPTIMAL,4.283,3473,319,9,493,2974,0,0,6,frontEnd=high_sil_isolated_checker;rasta=none;powspec=none;audspec=none;compJah=high_sil_isolated_checker;rastaFilter=none;backEnd=low_sil_doer_checker,True,True,True,,0,0
E3k1,f_random_hw,1.50,PFcheap,1,353,353,OPTIMAL,4.207,3473,319,9,493,2974,0,0,6,frontEnd=high_sil_isolated_checker;rasta=none;powspec=none;audspec=none;compJah=high_sil_isolated_checker;rastaFilter=none;backEnd=low_sil_doer_checker,True,True,True,,0,0
E3k1,f_random_hw,2.00,joint,1,470,470,OPTIMAL,12.732,3400,449,7,420,2974,0,0,6,frontEnd=high_sil_isolated_checker;rasta=none;powspec=none;audspec=none;compJah=high_sil_isolated_checker;rastaFilter=none;backEnd=low_sil_doer_checker,True,,True,,0,0
E3k1,f_random_hw,2.00,SL,1,470,470,OPTIMAL,7.389,3400,449,7,420,2974,0,0,6,frontEnd=high_sil_isolated_checker;rasta=none;powspec=none;audspec=none;compJah=high_sil_isolated_checker;rastaFilter=none;backEnd=low_sil_doer_checker,True,True,True,OPTIMAL,0,0
E3k1,f_random_hw,2.00,PFmin,1,470,470,OPTIMAL,3.867,3400,451,7,420,2974,0,0,6,frontEnd=two_of_two_high_sil;rasta=none;powspec=none;audspec=none;compJah=two_of_two_high_sil;rastaFilter=none;backEnd=low_sil_doer_checker,True,True,True,,0,0
E3k1,f_random_hw,2.00,PFmax,1,470,470,OPTIMAL,4.968,3425,451,7,445,2974,0,0,6,frontEnd=two_of_two_high_sil;rasta=none;powspec=none;audspec=none;compJah=two_of_two_high_sil;rastaFilter=none;backEnd=low_sil_diverse_doer_checker,True,True,True,,0,0
E3k1,f_random_hw,2.00,PFlight,1,470,470,OPTIMAL,5.308,3400,449,7,420,2974,0,0,6,frontEnd=high_sil_isolated_checker;rasta=none;powspec=none;audspec=none;compJah=high_sil_isolated_checker;rastaFilter=none;backEnd=low_sil_doer_checker,True,True,True,,0,0
E3k1,f_random_hw,2.00,PFcheap,1,470,470,OPTIMAL,4.949,3400,449,7,420,2974,0,0,6,frontEnd=high_sil_isolated_checker;rasta=none;powspec=none;audspec=none;compJah=high_sil_isolated_checker;rastaFilter=none;backEnd=low_sil_doer_checker,True,True,True,,0,0
E3k1,d_random_hw,1.00,joint,1,235,235,OPTIMAL,7.065,2137,235,10,329,1802,0,0,6,frontEnd=low_sil_doer_checker;rasta=none;powspec=none;audspec=none;compJah=low_sil_doer_checker;rastaFilter=none;backEnd=low_sil_doer_checker,True,,True,,0,0
E3k1,d_random_hw,1.00,SL,1,235,235,UNSAT,3.793,,,,,,,,,,,,,OPTIMAL,,
E3k1,d_random_hw,1.00,PFmin,1,235,235,OPTIMAL,2.778,2137,235,10,329,1802,0,0,6,frontEnd=low_sil_doer_checker;rasta=none;powspec=none;audspec=none;compJah=low_sil_doer_checker;rastaFilter=none;backEnd=low_sil_doer_checker,True,True,True,,0,0
E3k1,d_random_hw,1.00,PFmax,1,235,235,OPTIMAL,2.465,2137,235,10,329,1802,0,0,6,frontEnd=low_sil_diverse_doer_checker;rasta=none;powspec=none;audspec=none;compJah=low_sil_diverse_doer_checker;rastaFilter=none;backEnd=low_sil_diverse_doer_checker,True,True,True,,0,0
E3k1,d_random_hw,1.00,PFlight,1,235,235,OPTIMAL,2.54,2137,235,10,329,1802,0,0,6,frontEnd=low_sil_doer_checker;rasta=none;powspec=none;audspec=none;compJah=low_sil_doer_checker;rastaFilter=none;backEnd=low_sil_doer_checker,True,True,True,,0,0
E3k1,d_random_hw,1.00,PFcheap,1,235,235,OPTIMAL,2.554,2137,235,10,329,1802,0,0,6,frontEnd=low_sil_doer_checker;rasta=none;powspec=none;audspec=none;compJah=low_sil_doer_checker;rastaFilter=none;backEnd=low_sil_doer_checker,True,True,True,,0,0
E3k1,d_random_hw,1.10,joint,1,259,259,OPTIMAL,9.533,2131,252,10,323,1802,0,0,6,frontEnd=low_sil_doer_checker;rasta=none;powspec=none;audspec=none;compJah=low_sil_doer_checker;rastaFilter=none;backEnd=low_sil_doer_checker,True,,True,,0,0
E3k1,d_random_hw,1.10,SL,1,259,259,OPTIMAL,4.578,2134,255,10,326,1802,0,0,6,frontEnd=low_sil_diverse_doer_checker;rasta=none;powspec=none;audspec=none;compJah=low_sil_diverse_doer_checker;rastaFilter=none;backEnd=low_sil_doer_checker,True,True,True,OPTIMAL,0,0
E3k1,d_random_hw,1.10,PFmin,1,259,259,OPTIMAL,2.891,2131,252,10,323,1802,0,0,6,frontEnd=low_sil_doer_checker;rasta=none;powspec=none;audspec=none;compJah=low_sil_doer_checker;rastaFilter=none;backEnd=low_sil_doer_checker,True,True,True,,0,0
E3k1,d_random_hw,1.10,PFmax,1,259,259,OPTIMAL,2.59,2131,252,10,323,1802,0,0,6,frontEnd=low_sil_diverse_doer_checker;rasta=none;powspec=none;audspec=none;compJah=low_sil_diverse_doer_checker;rastaFilter=none;backEnd=low_sil_diverse_doer_checker,True,True,True,,0,0
E3k1,d_random_hw,1.10,PFlight,1,259,259,OPTIMAL,2.865,2131,252,10,323,1802,0,0,6,frontEnd=low_sil_doer_checker;rasta=none;powspec=none;audspec=none;compJah=low_sil_doer_checker;rastaFilter=none;backEnd=low_sil_doer_checker,True,True,True,,0,0
E3k1,d_random_hw,1.10,PFcheap,1,259,259,OPTIMAL,3.386,2131,252,10,323,1802,0,0,6,frontEnd=low_sil_doer_checker;rasta=none;powspec=none;audspec=none;compJah=low_sil_doer_checker;rastaFilter=none;backEnd=low_sil_doer_checker,True,True,True,,0,0
E3k1,d_random_hw,1.25,joint,1,294,294,OPTIMAL,15.058,1972,293,10,164,1802,0,0,6,frontEnd=low_sil_doer_checker;rasta=none;powspec=none;audspec=none;compJah=low_sil_doer_checker;rastaFilter=none;backEnd=low_sil_doer_checker,True,,True,,0,0
E3k1,d_random_hw,1.25,SL,1,294,294,OPTIMAL,4.43,1972,293,10,164,1802,0,0,6,frontEnd=low_sil_diverse_doer_checker;rasta=none;powspec=none;audspec=none;compJah=low_sil_diverse_doer_checker;rastaFilter=none;backEnd=low_sil_diverse_doer_checker,True,True,True,OPTIMAL,0,0
E3k1,d_random_hw,1.25,PFmin,1,294,294,OPTIMAL,3.815,1972,293,10,164,1802,0,0,6,frontEnd=low_sil_doer_checker;rasta=none;powspec=none;audspec=none;compJah=low_sil_doer_checker;rastaFilter=none;backEnd=low_sil_doer_checker,True,True,True,,0,0
E3k1,d_random_hw,1.25,PFmax,1,294,294,OPTIMAL,5.192,1972,293,10,164,1802,0,0,6,frontEnd=low_sil_diverse_doer_checker;rasta=none;powspec=none;audspec=none;compJah=low_sil_diverse_doer_checker;rastaFilter=none;backEnd=low_sil_diverse_doer_checker,True,True,True,,0,0
E3k1,d_random_hw,1.25,PFlight,1,294,294,OPTIMAL,3.908,1972,293,10,164,1802,0,0,6,frontEnd=low_sil_doer_checker;rasta=none;powspec=none;audspec=none;compJah=low_sil_doer_checker;rastaFilter=none;backEnd=low_sil_doer_checker,True,True,True,,0,0
E3k1,d_random_hw,1.25,PFcheap,1,294,294,OPTIMAL,3.959,1972,293,10,164,1802,0,0,6,frontEnd=low_sil_doer_checker;rasta=none;powspec=none;audspec=none;compJah=low_sil_doer_checker;rastaFilter=none;backEnd=low_sil_doer_checker,True,True,True,,0,0
E3k1,d_random_hw,1.50,joint,1,353,353,OPTIMAL,7.414,1934,329,8,126,1802,0,0,6,frontEnd=low_sil_doer_checker;rasta=none;powspec=none;audspec=none;compJah=low_sil_doer_checker;rastaFilter=none;backEnd=low_sil_doer_checker,True,,True,,0,0
E3k1,d_random_hw,1.50,SL,1,353,353,OPTIMAL,4.436,1934,329,8,126,1802,0,0,6,frontEnd=low_sil_diverse_doer_checker;rasta=none;powspec=none;audspec=none;compJah=low_sil_diverse_doer_checker;rastaFilter=none;backEnd=low_sil_doer_checker,True,True,True,OPTIMAL,0,0
E3k1,d_random_hw,1.50,PFmin,1,353,353,OPTIMAL,3.276,1934,329,8,126,1802,0,0,6,frontEnd=low_sil_doer_checker;rasta=none;powspec=none;audspec=none;compJah=low_sil_doer_checker;rastaFilter=none;backEnd=low_sil_doer_checker,True,True,True,,0,0
E3k1,d_random_hw,1.50,PFmax,1,353,353,OPTIMAL,3.265,1934,329,8,126,1802,0,0,6,frontEnd=low_sil_diverse_doer_checker;rasta=none;powspec=none;audspec=none;compJah=low_sil_diverse_doer_checker;rastaFilter=none;backEnd=low_sil_diverse_doer_checker,True,True,True,,0,0
E3k1,d_random_hw,1.50,PFlight,1,353,353,OPTIMAL,3.231,1934,329,8,126,1802,0,0,6,frontEnd=low_sil_doer_checker;rasta=none;powspec=none;audspec=none;compJah=low_sil_doer_checker;rastaFilter=none;backEnd=low_sil_doer_checker,True,True,True,,0,0
E3k1,d_random_hw,1.50,PFcheap,1,353,353,OPTIMAL,3.262,1934,329,8,126,1802,0,0,6,frontEnd=low_sil_doer_checker;rasta=none;powspec=none;audspec=none;compJah=low_sil_doer_checker;rastaFilter=none;backEnd=low_sil_doer_checker,True,True,True,,0,0
E3k1,d_random_hw,2.00,joint,1,470,470,OPTIMAL,8.206,1912,465,6,104,1802,0,0,6,frontEnd=low_sil_doer_checker;rasta=none;powspec=none;audspec=none;compJah=low_sil_doer_checker;rastaFilter=none;backEnd=low_sil_doer_checker,True,,True,,0,0
E3k1,d_random_hw,2.00,SL,1,470,470,OPTIMAL,5.417,1912,465,6,104,1802,0,0,6,frontEnd=low_sil_doer_checker;rasta=none;powspec=none;audspec=none;compJah=low_sil_diverse_doer_checker;rastaFilter=none;backEnd=low_sil_doer_checker,True,True,True,OPTIMAL,0,0
E3k1,d_random_hw,2.00,PFmin,1,470,470,OPTIMAL,2.703,1912,465,6,104,1802,0,0,6,frontEnd=low_sil_doer_checker;rasta=none;powspec=none;audspec=none;compJah=low_sil_doer_checker;rastaFilter=none;backEnd=low_sil_doer_checker,True,True,True,,0,0
E3k1,d_random_hw,2.00,PFmax,1,470,470,OPTIMAL,3.37,1912,465,6,104,1802,0,0,6,frontEnd=low_sil_diverse_doer_checker;rasta=none;powspec=none;audspec=none;compJah=low_sil_diverse_doer_checker;rastaFilter=none;backEnd=low_sil_diverse_doer_checker,True,True,True,,0,0
E3k1,d_random_hw,2.00,PFlight,1,470,470,OPTIMAL,2.56,1912,465,6,104,1802,0,0,6,frontEnd=low_sil_doer_checker;rasta=none;powspec=none;audspec=none;compJah=low_sil_doer_checker;rastaFilter=none;backEnd=low_sil_doer_checker,True,True,True,,0,0
E3k1,d_random_hw,2.00,PFcheap,1,470,470,OPTIMAL,2.603,1912,465,6,104,1802,0,0,6,frontEnd=low_sil_doer_checker;rasta=none;powspec=none;audspec=none;compJah=low_sil_doer_checker;rastaFilter=none;backEnd=low_sil_doer_checker,True,True,True,,0,0
E3k1,d_systematic_sw,1.00,joint,1,235,235,OPTIMAL,2.298,2104,235,7,299,1802,0,0,3,frontEnd=same_cpu_doer_checker;rasta=none;powspec=none;audspec=none;compJah=same_cpu_doer_checker;rastaFilter=none;backEnd=same_cpu_doer_checker,True,,True,,0,0
E3k1,d_systematic_sw,1.00,SL,1,235,235,UNSAT,3.026,,,,,,,,,,,,,OPTIMAL,,
E3k1,d_systematic_sw,1.00,PFmin,1,235,235,OPTIMAL,3.86,2104,235,7,299,1802,0,0,3,frontEnd=same_cpu_doer_checker;rasta=none;powspec=none;audspec=none;compJah=same_cpu_doer_checker;rastaFilter=none;backEnd=same_cpu_doer_checker,True,True,True,,0,0
E3k1,d_systematic_sw,1.00,PFmax,1,235,235,OPTIMAL,1.629,2312,235,10,504,1802,0,0,6,frontEnd=low_sil_diverse_doer_checker;rasta=none;powspec=none;audspec=none;compJah=low_sil_diverse_doer_checker;rastaFilter=none;backEnd=low_sil_diverse_doer_checker,True,True,True,,0,0
E3k1,d_systematic_sw,1.00,PFlight,1,235,235,OPTIMAL,4.237,2104,235,7,299,1802,0,0,3,frontEnd=same_cpu_doer_checker;rasta=none;powspec=none;audspec=none;compJah=same_cpu_doer_checker;rastaFilter=none;backEnd=same_cpu_doer_checker,True,True,True,,0,0
E3k1,d_systematic_sw,1.00,PFcheap,1,235,235,OPTIMAL,4.07,2104,235,7,299,1802,0,0,3,frontEnd=same_cpu_doer_checker;rasta=none;powspec=none;audspec=none;compJah=same_cpu_doer_checker;rastaFilter=none;backEnd=same_cpu_doer_checker,True,True,True,,0,0
E3k1,d_systematic_sw,1.10,joint,1,259,259,OPTIMAL,2.684,2104,235,7,299,1802,0,0,3,frontEnd=same_cpu_doer_checker;rasta=none;powspec=none;audspec=none;compJah=same_cpu_doer_checker;rastaFilter=none;backEnd=same_cpu_doer_checker,True,,True,,0,0
E3k1,d_systematic_sw,1.10,SL,1,259,259,OPTIMAL,3.296,2116,255,8,310,1802,0,0,4,frontEnd=same_cpu_doer_checker;rasta=none;powspec=none;audspec=none;compJah=low_sil_diverse_doer_checker;rastaFilter=none;backEnd=same_cpu_doer_checker,True,True,True,OPTIMAL,0,0
E3k1,d_systematic_sw,1.10,PFmin,1,259,259,OPTIMAL,2.332,2104,235,7,299,1802,0,0,3,frontEnd=same_cpu_doer_checker;rasta=none;powspec=none;audspec=none;compJah=same_cpu_doer_checker;rastaFilter=none;backEnd=same_cpu_doer_checker,True,True,True,,0,0
E3k1,d_systematic_sw,1.10,PFmax,1,259,259,OPTIMAL,1.923,2309,252,10,501,1802,0,0,6,frontEnd=low_sil_diverse_doer_checker;rasta=none;powspec=none;audspec=none;compJah=low_sil_diverse_doer_checker;rastaFilter=none;backEnd=low_sil_diverse_doer_checker,True,True,True,,0,0
E3k1,d_systematic_sw,1.10,PFlight,1,259,259,OPTIMAL,2.297,2104,235,7,299,1802,0,0,3,frontEnd=same_cpu_doer_checker;rasta=none;powspec=none;audspec=none;compJah=same_cpu_doer_checker;rastaFilter=none;backEnd=same_cpu_doer_checker,True,True,True,,0,0
E3k1,d_systematic_sw,1.10,PFcheap,1,259,259,OPTIMAL,2.336,2104,235,7,299,1802,0,0,3,frontEnd=same_cpu_doer_checker;rasta=none;powspec=none;audspec=none;compJah=same_cpu_doer_checker;rastaFilter=none;backEnd=same_cpu_doer_checker,True,True,True,,0,0
E3k1,d_systematic_sw,1.25,joint,1,294,294,OPTIMAL,3.047,1920,293,7,115,1802,0,0,3,frontEnd=same_cpu_doer_checker;rasta=none;powspec=none;audspec=none;compJah=same_cpu_doer_checker;rastaFilter=none;backEnd=same_cpu_doer_checker,True,,True,,0,0
E3k1,d_systematic_sw,1.25,SL,1,294,294,OPTIMAL,3.228,1920,293,7,115,1802,0,0,3,frontEnd=same_cpu_doer_checker;rasta=none;powspec=none;audspec=none;compJah=same_cpu_doer_checker;rastaFilter=none;backEnd=same_cpu_doer_checker,True,True,True,OPTIMAL,0,0
E3k1,d_systematic_sw,1.25,PFmin,1,294,294,OPTIMAL,1.744,1920,293,7,115,1802,0,0,3,frontEnd=same_cpu_doer_checker;rasta=none;powspec=none;audspec=none;compJah=same_cpu_doer_checker;rastaFilter=none;backEnd=same_cpu_doer_checker,True,True,True,,0,0
E3k1,d_systematic_sw,1.25,PFmax,1,294,294,OPTIMAL,2.755,2268,291,8,460,1802,0,0,6,frontEnd=low_sil_diverse_doer_checker;rasta=none;powspec=none;audspec=none;compJah=low_sil_diverse_doer_checker;rastaFilter=none;backEnd=low_sil_diverse_doer_checker,True,True,True,,0,0
E3k1,d_systematic_sw,1.25,PFlight,1,294,294,OPTIMAL,1.732,1920,293,7,115,1802,0,0,3,frontEnd=same_cpu_doer_checker;rasta=none;powspec=none;audspec=none;compJah=same_cpu_doer_checker;rastaFilter=none;backEnd=same_cpu_doer_checker,True,True,True,,0,0
E3k1,d_systematic_sw,1.25,PFcheap,1,294,294,OPTIMAL,1.779,1920,293,7,115,1802,0,0,3,frontEnd=same_cpu_doer_checker;rasta=none;powspec=none;audspec=none;compJah=same_cpu_doer_checker;rastaFilter=none;backEnd=same_cpu_doer_checker,True,True,True,,0,0
E3k1,d_systematic_sw,1.50,joint,1,353,353,OPTIMAL,3.449,1909,319,6,104,1802,0,0,3,frontEnd=same_cpu_doer_checker;rasta=none;powspec=none;audspec=none;compJah=same_cpu_doer_checker;rastaFilter=none;backEnd=same_cpu_doer_checker,True,,True,,0,0
E3k1,d_systematic_sw,1.50,SL,1,353,353,OPTIMAL,3.247,1909,319,6,104,1802,0,0,3,frontEnd=same_cpu_doer_checker;rasta=none;powspec=none;audspec=none;compJah=same_cpu_doer_checker;rastaFilter=none;backEnd=same_cpu_doer_checker,True,True,True,OPTIMAL,0,0
E3k1,d_systematic_sw,1.50,PFmin,1,353,353,OPTIMAL,1.697,1909,319,6,104,1802,0,0,3,frontEnd=same_cpu_doer_checker;rasta=none;powspec=none;audspec=none;compJah=same_cpu_doer_checker;rastaFilter=none;backEnd=same_cpu_doer_checker,True,True,True,,0,0
E3k1,d_systematic_sw,1.50,PFmax,1,353,353,OPTIMAL,2.986,2112,349,8,304,1802,0,0,6,frontEnd=low_sil_diverse_doer_checker;rasta=none;powspec=none;audspec=none;compJah=low_sil_diverse_doer_checker;rastaFilter=none;backEnd=low_sil_diverse_doer_checker,True,True,True,,0,0
E3k1,d_systematic_sw,1.50,PFlight,1,353,353,OPTIMAL,1.786,1909,319,6,104,1802,0,0,3,frontEnd=same_cpu_doer_checker;rasta=none;powspec=none;audspec=none;compJah=same_cpu_doer_checker;rastaFilter=none;backEnd=same_cpu_doer_checker,True,True,True,,0,0
E3k1,d_systematic_sw,1.50,PFcheap,1,353,353,OPTIMAL,1.742,1909,319,6,104,1802,0,0,3,frontEnd=same_cpu_doer_checker;rasta=none;powspec=none;audspec=none;compJah=same_cpu_doer_checker;rastaFilter=none;backEnd=same_cpu_doer_checker,True,True,True,,0,0
E3k1,d_systematic_sw,2.00,joint,1,470,470,OPTIMAL,4.49,1898,449,5,93,1802,0,0,3,frontEnd=same_cpu_doer_checker;rasta=none;powspec=none;audspec=none;compJah=same_cpu_doer_checker;rastaFilter=none;backEnd=same_cpu_doer_checker,True,,True,,0,0
E3k1,d_systematic_sw,2.00,SL,1,470,470,OPTIMAL,3.801,1898,449,5,93,1802,0,0,3,frontEnd=same_cpu_doer_checker;rasta=none;powspec=none;audspec=none;compJah=same_cpu_doer_checker;rastaFilter=none;backEnd=same_cpu_doer_checker,True,True,True,OPTIMAL,0,0
E3k1,d_systematic_sw,2.00,PFmin,1,470,470,OPTIMAL,2.384,1898,449,5,93,1802,0,0,3,frontEnd=same_cpu_doer_checker;rasta=none;powspec=none;audspec=none;compJah=same_cpu_doer_checker;rastaFilter=none;backEnd=same_cpu_doer_checker,True,True,True,,0,0
E3k1,d_systematic_sw,2.00,PFmax,1,470,470,OPTIMAL,2.338,2068,449,6,260,1802,0,0,6,frontEnd=low_sil_diverse_doer_checker;rasta=none;powspec=none;audspec=none;compJah=low_sil_diverse_doer_checker;rastaFilter=none;backEnd=low_sil_diverse_doer_checker,True,True,True,,0,0
E3k1,d_systematic_sw,2.00,PFlight,1,470,470,OPTIMAL,2.264,1898,449,5,93,1802,0,0,3,frontEnd=same_cpu_doer_checker;rasta=none;powspec=none;audspec=none;compJah=same_cpu_doer_checker;rastaFilter=none;backEnd=same_cpu_doer_checker,True,True,True,,0,0
E3k1,d_systematic_sw,2.00,PFcheap,1,470,470,OPTIMAL,2.355,1898,449,5,93,1802,0,0,3,frontEnd=same_cpu_doer_checker;rasta=none;powspec=none;audspec=none;compJah=same_cpu_doer_checker;rastaFilter=none;backEnd=same_cpu_doer_checker,True,True,True,,0,0
E3k1,f_sw3,1.00,joint,1,235,235,OPTIMAL,4.255,4670,235,9,653,4010,0,0,7,frontEnd=mixed_sil_doer_checker;rasta=none;powspec=none;audspec=none;compJah=mixed_sil_doer_checker;rastaFilter=none;backEnd=same_cpu_doer_checker,True,,True,,0,0
E3k1,f_sw3,1.00,SL,1,235,235,OPTIMAL,4.251,4670,235,9,653,4010,0,0,7,frontEnd=mixed_sil_doer_checker;rasta=none;powspec=none;audspec=none;compJah=mixed_sil_doer_checker;rastaFilter=none;backEnd=same_cpu_doer_checker,True,True,True,OPTIMAL,0,0
E3k1,f_sw3,1.00,PFmin,1,235,235,UNSAT,1.077,,,,,,,,,frontEnd=two_of_two_high_sil;rasta=none;powspec=none;audspec=none;compJah=two_of_two_high_sil;rastaFilter=none;backEnd=same_cpu_doer_checker,,,,,,
E3k1,f_sw3,1.00,PFmax,1,235,235,UNSAT,0.923,,,,,,,,,frontEnd=two_of_two_high_sil;rasta=none;powspec=none;audspec=none;compJah=two_of_two_high_sil;rastaFilter=none;backEnd=low_sil_diverse_doer_checker,,,,,,
E3k1,f_sw3,1.00,PFlight,1,235,235,OPTIMAL,2.553,4670,235,9,653,4010,0,0,7,frontEnd=mixed_sil_doer_checker;rasta=none;powspec=none;audspec=none;compJah=mixed_sil_doer_checker;rastaFilter=none;backEnd=same_cpu_doer_checker,True,True,True,,0,0
E3k1,f_sw3,1.00,PFcheap,1,235,235,UNSAT,1.095,,,,,,,,,frontEnd=two_of_two_high_sil;rasta=none;powspec=none;audspec=none;compJah=two_of_two_high_sil;rastaFilter=none;backEnd=same_cpu_doer_checker,,,,,,
E3k1,f_sw3,1.10,joint,1,259,259,OPTIMAL,5.344,4670,254,9,653,4010,0,0,7,frontEnd=mixed_sil_doer_checker;rasta=none;powspec=none;audspec=none;compJah=mixed_sil_doer_checker;rastaFilter=none;backEnd=same_cpu_doer_checker,True,,True,,0,0
E3k1,f_sw3,1.10,SL,1,259,259,OPTIMAL,3.972,4670,235,9,653,4010,0,0,7,frontEnd=mixed_sil_doer_checker;rasta=none;powspec=none;audspec=none;compJah=mixed_sil_doer_checker;rastaFilter=none;backEnd=same_cpu_doer_checker,True,True,True,OPTIMAL,0,0
E3k1,f_sw3,1.10,PFmin,1,259,259,UNSAT,0.837,,,,,,,,,frontEnd=two_of_two_high_sil;rasta=none;powspec=none;audspec=none;compJah=two_of_two_high_sil;rastaFilter=none;backEnd=same_cpu_doer_checker,,,,,,
E3k1,f_sw3,1.10,PFmax,1,259,259,UNSAT,0.857,,,,,,,,,frontEnd=two_of_two_high_sil;rasta=none;powspec=none;audspec=none;compJah=two_of_two_high_sil;rastaFilter=none;backEnd=low_sil_diverse_doer_checker,,,,,,
E3k1,f_sw3,1.10,PFlight,1,259,259,OPTIMAL,2.583,4670,235,9,653,4010,0,0,7,frontEnd=mixed_sil_doer_checker;rasta=none;powspec=none;audspec=none;compJah=mixed_sil_doer_checker;rastaFilter=none;backEnd=same_cpu_doer_checker,True,True,True,,0,0
E3k1,f_sw3,1.10,PFcheap,1,259,259,UNSAT,0.899,,,,,,,,,frontEnd=two_of_two_high_sil;rasta=none;powspec=none;audspec=none;compJah=two_of_two_high_sil;rastaFilter=none;backEnd=same_cpu_doer_checker,,,,,,
E3k1,f_sw3,1.25,joint,1,294,294,OPTIMAL,5.59,4502,290,7,485,4010,0,0,7,frontEnd=mixed_sil_doer_checker;rasta=none;powspec=none;audspec=none;compJah=mixed_sil_doer_checker;rastaFilter=none;backEnd=same_cpu_doer_checker,True,,True,,0,0
E3k1,f_sw3,1.25,SL,1,294,294,OPTIMAL,4.525,4543,282,9,526,4010,0,0,7,frontEnd=mixed_sil_doer_checker;rasta=none;powspec=none;audspec=none;compJah=mixed_sil_doer_checker;rastaFilter=none;backEnd=same_cpu_doer_checker,True,True,True,OPTIMAL,0,0
E3k1,f_sw3,1.25,PFmin,1,294,294,UNSAT,0.92,,,,,,,,,frontEnd=two_of_two_high_sil;rasta=none;powspec=none;audspec=none;compJah=two_of_two_high_sil;rastaFilter=none;backEnd=same_cpu_doer_checker,,,,,,
E3k1,f_sw3,1.25,PFmax,1,294,294,UNSAT,0.919,,,,,,,,,frontEnd=two_of_two_high_sil;rasta=none;powspec=none;audspec=none;compJah=two_of_two_high_sil;rastaFilter=none;backEnd=low_sil_diverse_doer_checker,,,,,,
E3k1,f_sw3,1.25,PFlight,1,294,294,OPTIMAL,3.132,4502,290,7,485,4010,0,0,7,frontEnd=mixed_sil_doer_checker;rasta=none;powspec=none;audspec=none;compJah=mixed_sil_doer_checker;rastaFilter=none;backEnd=same_cpu_doer_checker,True,True,True,,0,0
E3k1,f_sw3,1.25,PFcheap,1,294,294,UNSAT,0.953,,,,,,,,,frontEnd=two_of_two_high_sil;rasta=none;powspec=none;audspec=none;compJah=two_of_two_high_sil;rastaFilter=none;backEnd=same_cpu_doer_checker,,,,,,
E3k1,f_sw3,1.50,joint,1,353,353,OPTIMAL,6.913,3988,319,8,490,3492,0,0,6,frontEnd=two_of_two_high_sil;rasta=none;powspec=none;audspec=none;compJah=mixed_sil_doer_checker;rastaFilter=none;backEnd=same_cpu_doer_checker,True,,True,,0,0
E3k1,f_sw3,1.50,SL,1,353,353,OPTIMAL,4.68,3988,319,8,490,3492,0,0,6,frontEnd=two_of_two_high_sil;rasta=none;powspec=none;audspec=none;compJah=mixed_sil_doer_checker;rastaFilter=none;backEnd=same_cpu_doer_checker,True,True,True,OPTIMAL,0,0
E3k1,f_sw3,1.50,PFmin,1,353,353,UNSAT,1.243,,,,,,,,,frontEnd=two_of_two_high_sil;rasta=none;powspec=none;audspec=none;compJah=two_of_two_high_sil;rastaFilter=none;backEnd=same_cpu_doer_checker,,,,,,
E3k1,f_sw3,1.50,PFmax,1,353,353,UNSAT,1.28,,,,,,,,,frontEnd=two_of_two_high_sil;rasta=none;powspec=none;audspec=none;compJah=two_of_two_high_sil;rastaFilter=none;backEnd=low_sil_diverse_doer_checker,,,,,,
E3k1,f_sw3,1.50,PFlight,1,353,353,OPTIMAL,3.271,4462,326,7,445,4010,0,0,7,frontEnd=mixed_sil_doer_checker;rasta=none;powspec=none;audspec=none;compJah=mixed_sil_doer_checker;rastaFilter=none;backEnd=same_cpu_doer_checker,True,True,True,,0,0
E3k1,f_sw3,1.50,PFcheap,1,353,353,UNSAT,1.23,,,,,,,,,frontEnd=two_of_two_high_sil;rasta=none;powspec=none;audspec=none;compJah=two_of_two_high_sil;rastaFilter=none;backEnd=same_cpu_doer_checker,,,,,,
E3k1,f_sw3,2.00,joint,1,470,470,OPTIMAL,6.793,3421,461,6,442,2974,0,0,5,frontEnd=two_of_two_high_sil;rasta=none;powspec=none;audspec=none;compJah=two_of_two_high_sil;rastaFilter=none;backEnd=same_cpu_doer_checker,True,,True,,0,0
E3k1,f_sw3,2.00,SL,1,470,470,OPTIMAL,4.889,3461,449,7,482,2974,0,0,5,frontEnd=two_of_two_high_sil;rasta=none;powspec=none;audspec=none;compJah=two_of_two_high_sil;rastaFilter=none;backEnd=same_cpu_doer_checker,True,True,True,OPTIMAL,0,0
E3k1,f_sw3,2.00,PFmin,1,470,470,OPTIMAL,3.351,3421,461,6,442,2974,0,0,5,frontEnd=two_of_two_high_sil;rasta=none;powspec=none;audspec=none;compJah=two_of_two_high_sil;rastaFilter=none;backEnd=same_cpu_doer_checker,True,True,True,,0,0
E3k1,f_sw3,2.00,PFmax,1,470,470,OPTIMAL,2.643,3462,461,7,482,2974,0,0,6,frontEnd=two_of_two_high_sil;rasta=none;powspec=none;audspec=none;compJah=two_of_two_high_sil;rastaFilter=none;backEnd=low_sil_diverse_doer_checker,True,True,True,,0,0
E3k1,f_sw3,2.00,PFlight,1,470,470,OPTIMAL,3.634,4454,449,6,437,4010,0,0,7,frontEnd=mixed_sil_doer_checker;rasta=none;powspec=none;audspec=none;compJah=mixed_sil_doer_checker;rastaFilter=none;backEnd=same_cpu_doer_checker,True,True,True,,0,0
E3k1,f_sw3,2.00,PFcheap,1,470,470,OPTIMAL,3.363,3421,461,6,442,2974,0,0,5,frontEnd=two_of_two_high_sil;rasta=none;powspec=none;audspec=none;compJah=two_of_two_high_sil;rastaFilter=none;backEnd=same_cpu_doer_checker,True,True,True,,0,0
E3k1,f_both3,1.00,joint,1,235,235,OPTIMAL,4.54,4708,235,10,690,4010,0,0,8,frontEnd=mixed_sil_doer_checker;rasta=none;powspec=none;audspec=none;compJah=mixed_sil_doer_checker;rastaFilter=none;backEnd=low_sil_diverse_doer_checker,True,,True,,0,0
E3k1,f_both3,1.00,SL,1,235,235,OPTIMAL,4.329,4711,235,10,693,4010,0,0,8,frontEnd=mixed_sil_doer_checker;rasta=none;powspec=none;audspec=none;compJah=mixed_sil_doer_checker;rastaFilter=none;backEnd=low_sil_diverse_doer_checker,True,True,True,OPTIMAL,0,0
E3k1,f_both3,1.00,PFmin,1,235,235,UNSAT,1.021,,,,,,,,,frontEnd=two_of_two_high_sil;rasta=none;powspec=none;audspec=none;compJah=two_of_two_high_sil;rastaFilter=none;backEnd=low_sil_diverse_doer_checker,,,,,,
E3k1,f_both3,1.00,PFmax,1,235,235,UNSAT,0.97,,,,,,,,,frontEnd=two_of_two_high_sil;rasta=none;powspec=none;audspec=none;compJah=two_of_two_high_sil;rastaFilter=none;backEnd=low_sil_diverse_doer_checker,,,,,,
E3k1,f_both3,1.00,PFlight,1,235,235,OPTIMAL,3.156,4708,235,10,690,4010,0,0,8,frontEnd=mixed_sil_doer_checker;rasta=none;powspec=none;audspec=none;compJah=mixed_sil_doer_checker;rastaFilter=none;backEnd=low_sil_diverse_doer_checker,True,True,True,,0,0
E3k1,f_both3,1.00,PFcheap,1,235,235,UNSAT,0.932,,,,,,,,,frontEnd=two_of_two_high_sil;rasta=none;powspec=none;audspec=none;compJah=two_of_two_high_sil;rastaFilter=none;backEnd=low_sil_diverse_doer_checker,,,,,,
E3k1,f_both3,1.10,joint,1,259,259,OPTIMAL,4.879,4708,235,10,690,4010,0,0,8,frontEnd=mixed_sil_doer_checker;rasta=none;powspec=none;audspec=none;compJah=mixed_sil_doer_checker;rastaFilter=none;backEnd=low_sil_diverse_doer_checker,True,,True,,0,0
E3k1,f_both3,1.10,SL,1,259,259,OPTIMAL,4.337,4708,253,10,690,4010,0,0,8,frontEnd=mixed_sil_doer_checker;rasta=none;powspec=none;audspec=none;compJah=mixed_sil_doer_checker;rastaFilter=none;backEnd=low_sil_diverse_doer_checker,True,True,True,OPTIMAL,0,0
E3k1,f_both3,1.10,PFmin,1,259,259,UNSAT,0.861,,,,,,,,,frontEnd=two_of_two_high_sil;rasta=none;powspec=none;audspec=none;compJah=two_of_two_high_sil;rastaFilter=none;backEnd=low_sil_diverse_doer_checker,,,,,,
E3k1,f_both3,1.10,PFmax,1,259,259,UNSAT,0.923,,,,,,,,,frontEnd=two_of_two_high_sil;rasta=none;powspec=none;audspec=none;compJah=two_of_two_high_sil;rastaFilter=none;backEnd=low_sil_diverse_doer_checker,,,,,,
E3k1,f_both3,1.10,PFlight,1,259,259,OPTIMAL,3.484,4708,235,10,690,4010,0,0,8,frontEnd=mixed_sil_doer_checker;rasta=none;powspec=none;audspec=none;compJah=mixed_sil_doer_checker;rastaFilter=none;backEnd=low_sil_diverse_doer_checker,True,True,True,,0,0
E3k1,f_both3,1.10,PFcheap,1,259,259,UNSAT,0.939,,,,,,,,,frontEnd=two_of_two_high_sil;rasta=none;powspec=none;audspec=none;compJah=two_of_two_high_sil;rastaFilter=none;backEnd=low_sil_diverse_doer_checker,,,,,,
E3k1,f_both3,1.25,joint,1,294,294,OPTIMAL,8.304,4700,266,9,682,4010,0,0,8,frontEnd=mixed_sil_doer_checker;rasta=none;powspec=none;audspec=none;compJah=mixed_sil_doer_checker;rastaFilter=none;backEnd=low_sil_diverse_doer_checker,True,,True,,0,0
E3k1,f_both3,1.25,SL,1,294,294,OPTIMAL,4.508,4704,282,10,686,4010,0,0,8,frontEnd=mixed_sil_doer_checker;rasta=none;powspec=none;audspec=none;compJah=mixed_sil_doer_checker;rastaFilter=none;backEnd=low_sil_diverse_doer_checker,True,True,True,OPTIMAL,0,0
E3k1,f_both3,1.25,PFmin,1,294,294,UNSAT,0.832,,,,,,,,,frontEnd=two_of_two_high_sil;rasta=none;powspec=none;audspec=none;compJah=two_of_two_high_sil;rastaFilter=none;backEnd=low_sil_diverse_doer_checker,,,,,,
E3k1,f_both3,1.25,PFmax,1,294,294,UNSAT,0.826,,,,,,,,,frontEnd=two_of_two_high_sil;rasta=none;powspec=none;audspec=none;compJah=two_of_two_high_sil;rastaFilter=none;backEnd=low_sil_diverse_doer_checker,,,,,,
E3k1,f_both3,1.25,PFlight,1,294,294,OPTIMAL,4.27,4700,287,9,682,4010,0,0,8,frontEnd=mixed_sil_doer_checker;rasta=none;powspec=none;audspec=none;compJah=mixed_sil_doer_checker;rastaFilter=none;backEnd=low_sil_diverse_doer_checker,True,True,True,,0,0
E3k1,f_both3,1.25,PFcheap,1,294,294,UNSAT,0.87,,,,,,,,,frontEnd=two_of_two_high_sil;rasta=none;powspec=none;audspec=none;compJah=two_of_two_high_sil;rastaFilter=none;backEnd=low_sil_diverse_doer_checker,,,,,,
E3k1,f_both3,1.50,joint,1,353,353,OPTIMAL,6.906,4149,319,9,650,3492,0,0,7,frontEnd=two_of_two_high_sil;rasta=none;powspec=none;audspec=none;compJah=mixed_sil_doer_checker;rastaFilter=none;backEnd=low_sil_diverse_doer_checker,True,,True,,0,0
E3k1,f_both3,1.50,SL,1,353,353,OPTIMAL,4.205,4149,319,9,650,3492,0,0,7,frontEnd=two_of_two_high_sil;rasta=none;powspec=none;audspec=none;compJah=mixed_sil_doer_checker;rastaFilter=none;backEnd=low_sil_diverse_doer_checker,True,True,True,OPTIMAL,0,0
E3k1,f_both3,1.50,PFmin,1,353,353,UNSAT,1.286,,,,,,,,,frontEnd=two_of_two_high_sil;rasta=none;powspec=none;audspec=none;compJah=two_of_two_high_sil;rastaFilter=none;backEnd=low_sil_diverse_doer_checker,,,,,,
E3k1,f_both3,1.50,PFmax,1,353,353,UNSAT,1.298,,,,,,,,,frontEnd=two_of_two_high_sil;rasta=none;powspec=none;audspec=none;compJah=two_of_two_high_sil;rastaFilter=none;backEnd=low_sil_diverse_doer_checker,,,,,,
E3k1,f_both3,1.50,PFlight,1,353,353,OPTIMAL,4.785,4663,319,9,645,4010,0,0,8,frontEnd=mixed_sil_doer_checker;rasta=none;powspec=none;audspec=none;compJah=mixed_sil_doer_checker;rastaFilter=none;backEnd=low_sil_diverse_doer_checker,True,True,True,,0,0
E3k1,f_both3,1.50,PFcheap,1,353,353,UNSAT,1.322,,,,,,,,,frontEnd=two_of_two_high_sil;rasta=none;powspec=none;audspec=none;compJah=two_of_two_high_sil;rastaFilter=none;backEnd=low_sil_diverse_doer_checker,,,,,,
E3k1,f_both3,2.00,joint,1,470,470,OPTIMAL,7.0,3462,461,7,482,2974,0,0,6,frontEnd=two_of_two_high_sil;rasta=none;powspec=none;audspec=none;compJah=two_of_two_high_sil;rastaFilter=none;backEnd=low_sil_diverse_doer_checker,True,,True,,0,0
E3k1,f_both3,2.00,SL,1,470,470,OPTIMAL,5.035,3622,449,8,642,2974,0,0,6,frontEnd=two_of_two_high_sil;rasta=none;powspec=none;audspec=none;compJah=two_of_two_high_sil;rastaFilter=none;backEnd=low_sil_diverse_doer_checker,True,True,True,OPTIMAL,0,0
E3k1,f_both3,2.00,PFmin,1,470,470,OPTIMAL,3.678,3462,461,7,482,2974,0,0,6,frontEnd=two_of_two_high_sil;rasta=none;powspec=none;audspec=none;compJah=two_of_two_high_sil;rastaFilter=none;backEnd=low_sil_diverse_doer_checker,True,True,True,,0,0
E3k1,f_both3,2.00,PFmax,1,470,470,OPTIMAL,3.649,3462,461,7,482,2974,0,0,6,frontEnd=two_of_two_high_sil;rasta=none;powspec=none;audspec=none;compJah=two_of_two_high_sil;rastaFilter=none;backEnd=low_sil_diverse_doer_checker,True,True,True,,0,0
E3k1,f_both3,2.00,PFlight,1,470,470,OPTIMAL,3.786,4500,465,7,482,4010,0,0,8,frontEnd=mixed_sil_doer_checker;rasta=none;powspec=none;audspec=none;compJah=mixed_sil_doer_checker;rastaFilter=none;backEnd=low_sil_diverse_doer_checker,True,True,True,,0,0
E3k1,f_both3,2.00,PFcheap,1,470,470,OPTIMAL,3.692,3462,461,7,482,2974,0,0,6,frontEnd=two_of_two_high_sil;rasta=none;powspec=none;audspec=none;compJah=two_of_two_high_sil;rastaFilter=none;backEnd=low_sil_diverse_doer_checker,True,True,True,,0,0
E3k1,c_pat,1.00,joint,1,235,235,OPTIMAL,9.44,3636,235,10,656,2974,0,0,6,frontEnd=high_sil_isolated_checker;rasta=none;powspec=none;audspec=none;compJah=high_sil_isolated_checker;rastaFilter=none;backEnd=low_sil_doer_checker,True,,True,,0,0
E3k1,c_pat,1.00,SL,1,235,235,OPTIMAL,9.831,3636,235,10,656,2974,0,0,6,frontEnd=high_sil_isolated_checker;rasta=none;powspec=none;audspec=none;compJah=high_sil_isolated_checker;rastaFilter=none;backEnd=low_sil_doer_checker,True,True,True,OPTIMAL,0,0
E3k1,c_pat,1.00,PFmin,1,235,235,UNSAT,2.103,,,,,,,,,frontEnd=two_of_two_high_sil;rasta=none;powspec=none;audspec=none;compJah=two_of_two_high_sil;rastaFilter=none;backEnd=low_sil_doer_checker,,,,,,
E3k1,c_pat,1.00,PFmax,1,235,235,UNSAT,2.108,,,,,,,,,frontEnd=two_of_two_high_sil;rasta=none;powspec=none;audspec=none;compJah=two_of_two_high_sil;rastaFilter=none;backEnd=low_sil_diverse_doer_checker,,,,,,
E3k1,c_pat,1.00,PFlight,1,235,235,OPTIMAL,5.947,3636,235,10,656,2974,0,0,6,frontEnd=high_sil_isolated_checker;rasta=none;powspec=none;audspec=none;compJah=high_sil_isolated_checker;rastaFilter=none;backEnd=low_sil_doer_checker,True,True,True,,0,0
E3k1,c_pat,1.00,PFcheap,1,235,235,OPTIMAL,5.986,3636,235,10,656,2974,0,0,6,frontEnd=high_sil_isolated_checker;rasta=none;powspec=none;audspec=none;compJah=high_sil_isolated_checker;rastaFilter=none;backEnd=low_sil_doer_checker,True,True,True,,0,0
E3k1,c_pat,1.10,joint,1,259,259,OPTIMAL,14.381,3636,235,10,656,2974,0,0,6,frontEnd=high_sil_isolated_checker;rasta=none;powspec=none;audspec=none;compJah=high_sil_isolated_checker;rastaFilter=none;backEnd=low_sil_doer_checker,True,,True,,0,0
E3k1,c_pat,1.10,SL,1,259,259,OPTIMAL,11.652,3636,235,10,656,2974,0,0,6,frontEnd=high_sil_isolated_checker;rasta=none;powspec=none;audspec=none;compJah=high_sil_isolated_checker;rastaFilter=none;backEnd=low_sil_doer_checker,True,True,True,OPTIMAL,0,0
E3k1,c_pat,1.10,PFmin,1,259,259,UNSAT,2.118,,,,,,,,,frontEnd=two_of_two_high_sil;rasta=none;powspec=none;audspec=none;compJah=two_of_two_high_sil;rastaFilter=none;backEnd=low_sil_doer_checker,,,,,,
E3k1,c_pat,1.10,PFmax,1,259,259,UNSAT,2.121,,,,,,,,,frontEnd=two_of_two_high_sil;rasta=none;powspec=none;audspec=none;compJah=two_of_two_high_sil;rastaFilter=none;backEnd=low_sil_diverse_doer_checker,,,,,,
E3k1,c_pat,1.10,PFlight,1,259,259,OPTIMAL,7.901,3636,235,10,656,2974,0,0,6,frontEnd=high_sil_isolated_checker;rasta=none;powspec=none;audspec=none;compJah=high_sil_isolated_checker;rastaFilter=none;backEnd=low_sil_doer_checker,True,True,True,,0,0
E3k1,c_pat,1.10,PFcheap,1,259,259,OPTIMAL,7.965,3636,235,10,656,2974,0,0,6,frontEnd=high_sil_isolated_checker;rasta=none;powspec=none;audspec=none;compJah=high_sil_isolated_checker;rastaFilter=none;backEnd=low_sil_doer_checker,True,True,True,,0,0
E3k1,c_pat,1.25,joint,1,294,294,OPTIMAL,21.976,3484,282,10,504,2974,0,0,6,frontEnd=high_sil_isolated_checker;rasta=none;powspec=none;audspec=none;compJah=high_sil_isolated_checker;rastaFilter=none;backEnd=low_sil_doer_checker,True,,True,,0,0
E3k1,c_pat,1.25,SL,1,294,294,OPTIMAL,15.13,3484,282,10,504,2974,0,0,6,frontEnd=high_sil_isolated_checker;rasta=none;powspec=none;audspec=none;compJah=high_sil_isolated_checker;rastaFilter=none;backEnd=low_sil_doer_checker,True,True,True,OPTIMAL,0,0
E3k1,c_pat,1.25,PFmin,1,294,294,UNSAT,3.188,,,,,,,,,frontEnd=two_of_two_high_sil;rasta=none;powspec=none;audspec=none;compJah=two_of_two_high_sil;rastaFilter=none;backEnd=low_sil_doer_checker,,,,,,
E3k1,c_pat,1.25,PFmax,1,294,294,UNSAT,3.201,,,,,,,,,frontEnd=two_of_two_high_sil;rasta=none;powspec=none;audspec=none;compJah=two_of_two_high_sil;rastaFilter=none;backEnd=low_sil_diverse_doer_checker,,,,,,
E3k1,c_pat,1.25,PFlight,1,294,294,OPTIMAL,9.136,3484,282,10,504,2974,0,0,6,frontEnd=high_sil_isolated_checker;rasta=none;powspec=none;audspec=none;compJah=high_sil_isolated_checker;rastaFilter=none;backEnd=low_sil_doer_checker,True,True,True,,0,0
E3k1,c_pat,1.25,PFcheap,1,294,294,OPTIMAL,8.976,3484,282,10,504,2974,0,0,6,frontEnd=high_sil_isolated_checker;rasta=none;powspec=none;audspec=none;compJah=high_sil_isolated_checker;rastaFilter=none;backEnd=low_sil_doer_checker,True,True,True,,0,0
E3k1,c_pat,1.50,joint,1,353,353,OPTIMAL,21.163,3473,319,9,493,2974,0,0,6,frontEnd=two_of_two_high_sil;rasta=none;powspec=none;audspec=none;compJah=high_sil_isolated_checker;rastaFilter=none;backEnd=low_sil_doer_checker,True,,True,,0,0
E3k1,c_pat,1.50,SL,1,353,353,OPTIMAL,13.895,3473,326,9,493,2974,0,0,6,frontEnd=two_of_two_high_sil;rasta=none;powspec=none;audspec=none;compJah=high_sil_isolated_checker;rastaFilter=none;backEnd=low_sil_doer_checker,True,True,True,OPTIMAL,0,0
E3k1,c_pat,1.50,PFmin,1,353,353,OPTIMAL,8.431,3473,340,9,493,2974,0,0,6,frontEnd=two_of_two_high_sil;rasta=none;powspec=none;audspec=none;compJah=two_of_two_high_sil;rastaFilter=none;backEnd=low_sil_doer_checker,True,True,True,,0,0
E3k1,c_pat,1.50,PFmax,1,353,353,OPTIMAL,8.513,3473,340,9,493,2974,0,0,6,frontEnd=two_of_two_high_sil;rasta=none;powspec=none;audspec=none;compJah=two_of_two_high_sil;rastaFilter=none;backEnd=low_sil_diverse_doer_checker,True,True,True,,0,0
E3k1,c_pat,1.50,PFlight,1,353,353,OPTIMAL,10.473,3473,323,9,493,2974,0,0,6,frontEnd=high_sil_isolated_checker;rasta=none;powspec=none;audspec=none;compJah=high_sil_isolated_checker;rastaFilter=none;backEnd=low_sil_doer_checker,True,True,True,,0,0
E3k1,c_pat,1.50,PFcheap,1,353,353,OPTIMAL,10.358,3473,323,9,493,2974,0,0,6,frontEnd=high_sil_isolated_checker;rasta=none;powspec=none;audspec=none;compJah=high_sil_isolated_checker;rastaFilter=none;backEnd=low_sil_doer_checker,True,True,True,,0,0
E3k1,c_pat,2.00,joint,1,470,470,OPTIMAL,20.547,3400,456,7,420,2974,0,0,6,frontEnd=high_sil_isolated_checker;rasta=none;powspec=none;audspec=none;compJah=high_sil_isolated_checker;rastaFilter=none;backEnd=low_sil_doer_checker,True,,True,,0,0
E3k1,c_pat,2.00,SL,1,470,470,OPTIMAL,13.596,3400,456,7,420,2974,0,0,6,frontEnd=high_sil_isolated_checker;rasta=none;powspec=none;audspec=none;compJah=high_sil_isolated_checker;rastaFilter=none;backEnd=low_sil_doer_checker,True,True,True,OPTIMAL,0,0
E3k1,c_pat,2.00,PFmin,1,470,470,OPTIMAL,10.654,3429,442,7,449,2974,0,0,6,frontEnd=two_of_two_high_sil;rasta=none;powspec=none;audspec=none;compJah=two_of_two_high_sil;rastaFilter=none;backEnd=low_sil_doer_checker,True,True,True,,0,0
E3k1,c_pat,2.00,PFmax,1,470,470,OPTIMAL,12.854,3454,468,7,474,2974,0,0,6,frontEnd=two_of_two_high_sil;rasta=none;powspec=none;audspec=none;compJah=two_of_two_high_sil;rastaFilter=none;backEnd=low_sil_diverse_doer_checker,True,True,True,,0,0
E3k1,c_pat,2.00,PFlight,1,470,470,OPTIMAL,11.193,3400,456,7,420,2974,0,0,6,frontEnd=high_sil_isolated_checker;rasta=none;powspec=none;audspec=none;compJah=high_sil_isolated_checker;rastaFilter=none;backEnd=low_sil_doer_checker,True,True,True,,0,0
E3k1,c_pat,2.00,PFcheap,1,470,470,OPTIMAL,12.763,3400,456,7,420,2974,0,0,6,frontEnd=high_sil_isolated_checker;rasta=none;powspec=none;audspec=none;compJah=high_sil_isolated_checker;rastaFilter=none;backEnd=low_sil_doer_checker,True,True,True,,0,0
E3k1,pc_sobel,1.00,joint,1,333,333,OPTIMAL,2.591,1411,333,3,34,1375,0,0,2,get_pixel=high_sil_isolated_checker;gx=none;gy=none;abs=none,True,,True,,0,0
E3k1,pc_sobel,1.00,SL,1,333,333,OPTIMAL,5.001,1411,333,3,34,1375,0,0,2,get_pixel=high_sil_isolated_checker;gx=none;gy=none;abs=none,True,True,True,OPTIMAL,0,0
E3k1,pc_sobel,1.00,PFmin,1,333,333,UNSAT,1.191,,,,,,,,,get_pixel=two_of_two_high_sil;gx=none;gy=none;abs=none,,,,,,
E3k1,pc_sobel,1.00,PFmax,1,333,333,UNSAT,1.216,,,,,,,,,get_pixel=two_of_two_high_sil;gx=none;gy=none;abs=none,,,,,,
E3k1,pc_sobel,1.00,PFlight,1,333,333,OPTIMAL,1.882,1411,333,3,34,1375,0,0,2,get_pixel=high_sil_isolated_checker;gx=none;gy=none;abs=none,True,True,True,,0,0
E3k1,pc_sobel,1.00,PFcheap,1,333,333,OPTIMAL,2.028,1411,333,3,34,1375,0,0,2,get_pixel=high_sil_isolated_checker;gx=none;gy=none;abs=none,True,True,True,,0,0
E3k1,pc_sobel,1.10,joint,1,367,367,OPTIMAL,3.098,1405,352,3,28,1375,0,0,2,get_pixel=high_sil_isolated_checker;gx=none;gy=none;abs=none,True,,True,,0,0
E3k1,pc_sobel,1.10,SL,1,367,367,OPTIMAL,5.191,1405,352,3,28,1375,0,0,2,get_pixel=high_sil_isolated_checker;gx=none;gy=none;abs=none,True,True,True,OPTIMAL,0,0
E3k1,pc_sobel,1.10,PFmin,1,367,367,UNSAT,1.184,,,,,,,,,get_pixel=two_of_two_high_sil;gx=none;gy=none;abs=none,,,,,,
E3k1,pc_sobel,1.10,PFmax,1,367,367,UNSAT,1.178,,,,,,,,,get_pixel=two_of_two_high_sil;gx=none;gy=none;abs=none,,,,,,
E3k1,pc_sobel,1.10,PFlight,1,367,367,OPTIMAL,2.404,1405,352,3,28,1375,0,0,2,get_pixel=high_sil_isolated_checker;gx=none;gy=none;abs=none,True,True,True,,0,0
E3k1,pc_sobel,1.10,PFcheap,1,367,367,OPTIMAL,2.439,1405,352,3,28,1375,0,0,2,get_pixel=high_sil_isolated_checker;gx=none;gy=none;abs=none,True,True,True,,0,0
E3k1,pc_sobel,1.25,joint,1,417,417,OPTIMAL,3.086,1403,416,3,26,1375,0,0,2,get_pixel=high_sil_isolated_checker;gx=none;gy=none;abs=none,True,,True,,0,0
E3k1,pc_sobel,1.25,SL,1,417,417,OPTIMAL,5.316,1403,416,3,26,1375,0,0,2,get_pixel=high_sil_isolated_checker;gx=none;gy=none;abs=none,True,True,True,OPTIMAL,0,0
E3k1,pc_sobel,1.25,PFmin,1,417,417,UNSAT,1.207,,,,,,,,,get_pixel=two_of_two_high_sil;gx=none;gy=none;abs=none,,,,,,
E3k1,pc_sobel,1.25,PFmax,1,417,417,UNSAT,1.202,,,,,,,,,get_pixel=two_of_two_high_sil;gx=none;gy=none;abs=none,,,,,,
E3k1,pc_sobel,1.25,PFlight,1,417,417,OPTIMAL,2.434,1403,416,3,26,1375,0,0,2,get_pixel=high_sil_isolated_checker;gx=none;gy=none;abs=none,True,True,True,,0,0
E3k1,pc_sobel,1.25,PFcheap,1,417,417,OPTIMAL,2.429,1403,416,3,26,1375,0,0,2,get_pixel=high_sil_isolated_checker;gx=none;gy=none;abs=none,True,True,True,,0,0
E3k1,pc_sobel,1.50,joint,1,500,500,OPTIMAL,3.076,1401,499,3,24,1375,0,0,2,get_pixel=high_sil_isolated_checker;gx=none;gy=none;abs=none,True,,True,,0,0
E3k1,pc_sobel,1.50,SL,1,500,500,OPTIMAL,5.279,1401,499,3,24,1375,0,0,2,get_pixel=high_sil_isolated_checker;gx=none;gy=none;abs=none,True,True,True,OPTIMAL,0,0
E3k1,pc_sobel,1.50,PFmin,1,500,500,UNSAT,1.163,,,,,,,,,get_pixel=two_of_two_high_sil;gx=none;gy=none;abs=none,,,,,,
E3k1,pc_sobel,1.50,PFmax,1,500,500,UNSAT,1.172,,,,,,,,,get_pixel=two_of_two_high_sil;gx=none;gy=none;abs=none,,,,,,
E3k1,pc_sobel,1.50,PFlight,1,500,500,OPTIMAL,2.424,1401,480,3,24,1375,0,0,2,get_pixel=high_sil_isolated_checker;gx=none;gy=none;abs=none,True,True,True,,0,0
E3k1,pc_sobel,1.50,PFcheap,1,500,500,OPTIMAL,2.414,1401,499,3,24,1375,0,0,2,get_pixel=high_sil_isolated_checker;gx=none;gy=none;abs=none,True,True,True,,0,0
E3k1,pc_sobel,2.00,joint,1,666,666,OPTIMAL,3.557,1401,480,3,24,1375,0,0,2,get_pixel=high_sil_isolated_checker;gx=none;gy=none;abs=none,True,,True,,0,0
E3k1,pc_sobel,2.00,SL,1,666,666,OPTIMAL,5.668,1401,499,3,24,1375,0,0,2,get_pixel=high_sil_isolated_checker;gx=none;gy=none;abs=none,True,True,True,OPTIMAL,0,0
E3k1,pc_sobel,2.00,PFmin,1,666,666,OPTIMAL,2.537,1405,640,3,28,1375,0,0,2,get_pixel=two_of_two_high_sil;gx=none;gy=none;abs=none,True,True,True,,0,0
E3k1,pc_sobel,2.00,PFmax,1,666,666,OPTIMAL,2.562,1405,640,3,28,1375,0,0,2,get_pixel=two_of_two_high_sil;gx=none;gy=none;abs=none,True,True,True,,0,0
E3k1,pc_sobel,2.00,PFlight,1,666,666,OPTIMAL,2.546,1401,499,3,24,1375,0,0,2,get_pixel=high_sil_isolated_checker;gx=none;gy=none;abs=none,True,True,True,,0,0
E3k1,pc_sobel,2.00,PFcheap,1,666,666,OPTIMAL,2.545,1401,480,3,24,1375,0,0,2,get_pixel=high_sil_isolated_checker;gx=none;gy=none;abs=none,True,True,True,,0,0
E3k1,v_nvp,1.00,joint,1,235,235,OPTIMAL,4.884,5992,235,12,936,5046,0,0,10,frontEnd=nvp_three_version;rasta=none;powspec=none;audspec=none;compJah=nvp_three_version;rastaFilter=none;backEnd=low_sil_diverse_doer_checker,True,,True,,0,0
E3k1,v_nvp,1.00,SL,1,235,235,OPTIMAL,12.806,6155,235,13,1099,5046,0,0,10,frontEnd=nvp_three_version;rasta=none;powspec=none;audspec=none;compJah=nvp_three_version;rastaFilter=none;backEnd=low_sil_diverse_doer_checker,True,True,True,OPTIMAL,0,0
E3k1,v_nvp,1.00,PFmin,1,235,235,OPTIMAL,3.722,5992,235,12,936,5046,0,0,10,frontEnd=nvp_three_version;rasta=none;powspec=none;audspec=none;compJah=nvp_three_version;rastaFilter=none;backEnd=low_sil_diverse_doer_checker,True,True,True,,0,0
E3k1,v_nvp,1.00,PFmax,1,235,235,OPTIMAL,3.713,5992,235,12,936,5046,0,0,10,frontEnd=nvp_three_version;rasta=none;powspec=none;audspec=none;compJah=nvp_three_version;rastaFilter=none;backEnd=low_sil_diverse_doer_checker,True,True,True,,0,0
E3k1,v_nvp,1.00,PFlight,1,235,235,OPTIMAL,3.799,5992,235,12,936,5046,0,0,10,frontEnd=nvp_three_version;rasta=none;powspec=none;audspec=none;compJah=nvp_three_version;rastaFilter=none;backEnd=low_sil_diverse_doer_checker,True,True,True,,0,0
E3k1,v_nvp,1.00,PFcheap,1,235,235,OPTIMAL,3.687,5992,235,12,936,5046,0,0,10,frontEnd=nvp_three_version;rasta=none;powspec=none;audspec=none;compJah=nvp_three_version;rastaFilter=none;backEnd=low_sil_diverse_doer_checker,True,True,True,,0,0
E3k1,v_nvp,1.10,joint,1,259,259,OPTIMAL,5.318,5992,254,12,936,5046,0,0,10,frontEnd=nvp_three_version;rasta=none;powspec=none;audspec=none;compJah=nvp_three_version;rastaFilter=none;backEnd=low_sil_diverse_doer_checker,True,,True,,0,0
E3k1,v_nvp,1.10,SL,1,259,259,OPTIMAL,5.478,5992,254,12,936,5046,0,0,10,frontEnd=nvp_three_version;rasta=none;powspec=none;audspec=none;compJah=nvp_three_version;rastaFilter=none;backEnd=low_sil_diverse_doer_checker,True,True,True,OPTIMAL,0,0
E3k1,v_nvp,1.10,PFmin,1,259,259,OPTIMAL,3.945,5992,254,12,936,5046,0,0,10,frontEnd=nvp_three_version;rasta=none;powspec=none;audspec=none;compJah=nvp_three_version;rastaFilter=none;backEnd=low_sil_diverse_doer_checker,True,True,True,,0,0
E3k1,v_nvp,1.10,PFmax,1,259,259,OPTIMAL,3.933,5992,254,12,936,5046,0,0,10,frontEnd=nvp_three_version;rasta=none;powspec=none;audspec=none;compJah=nvp_three_version;rastaFilter=none;backEnd=low_sil_diverse_doer_checker,True,True,True,,0,0
E3k1,v_nvp,1.10,PFlight,1,259,259,OPTIMAL,3.888,5992,254,12,936,5046,0,0,10,frontEnd=nvp_three_version;rasta=none;powspec=none;audspec=none;compJah=nvp_three_version;rastaFilter=none;backEnd=low_sil_diverse_doer_checker,True,True,True,,0,0
E3k1,v_nvp,1.10,PFcheap,1,259,259,OPTIMAL,3.905,5992,254,12,936,5046,0,0,10,frontEnd=nvp_three_version;rasta=none;powspec=none;audspec=none;compJah=nvp_three_version;rastaFilter=none;backEnd=low_sil_diverse_doer_checker,True,True,True,,0,0
E3k1,v_nvp,1.25,joint,1,294,294,OPTIMAL,9.467,5984,266,11,928,5046,0,0,10,frontEnd=nvp_three_version;rasta=none;powspec=none;audspec=none;compJah=nvp_three_version;rastaFilter=none;backEnd=low_sil_diverse_doer_checker,True,,True,,0,0
E3k1,v_nvp,1.25,SL,1,294,294,OPTIMAL,11.172,5988,282,12,932,5046,0,0,10,frontEnd=nvp_three_version;rasta=none;powspec=none;audspec=none;compJah=nvp_three_version;rastaFilter=none;backEnd=low_sil_diverse_doer_checker,True,True,True,OPTIMAL,0,0
E3k1,v_nvp,1.25,PFmin,1,294,294,OPTIMAL,5.892,5984,266,11,928,5046,0,0,10,frontEnd=nvp_three_version;rasta=none;powspec=none;audspec=none;compJah=nvp_three_version;rastaFilter=none;backEnd=low_sil_diverse_doer_checker,True,True,True,,0,0
E3k1,v_nvp,1.25,PFmax,1,294,294,OPTIMAL,6.58,5984,266,11,928,5046,0,0,10,frontEnd=nvp_three_version;rasta=none;powspec=none;audspec=none;compJah=nvp_three_version;rastaFilter=none;backEnd=low_sil_diverse_doer_checker,True,True,True,,0,0
E3k1,v_nvp,1.25,PFlight,1,294,294,OPTIMAL,6.04,5984,266,11,928,5046,0,0,10,frontEnd=nvp_three_version;rasta=none;powspec=none;audspec=none;compJah=nvp_three_version;rastaFilter=none;backEnd=low_sil_diverse_doer_checker,True,True,True,,0,0
E3k1,v_nvp,1.25,PFcheap,1,294,294,OPTIMAL,6.255,5984,266,11,928,5046,0,0,10,frontEnd=nvp_three_version;rasta=none;powspec=none;audspec=none;compJah=nvp_three_version;rastaFilter=none;backEnd=low_sil_diverse_doer_checker,True,True,True,,0,0
E3k1,v_nvp,1.50,joint,1,353,353,OPTIMAL,8.891,5952,319,11,896,5046,0,0,10,frontEnd=nvp_three_version;rasta=none;powspec=none;audspec=none;compJah=nvp_three_version;rastaFilter=none;backEnd=low_sil_diverse_doer_checker,True,,True,,0,0
E3k1,v_nvp,1.50,SL,1,353,353,OPTIMAL,5.203,5952,319,11,896,5046,0,0,10,frontEnd=nvp_three_version;rasta=none;powspec=none;audspec=none;compJah=nvp_three_version;rastaFilter=none;backEnd=low_sil_diverse_doer_checker,True,True,True,OPTIMAL,0,0
E3k1,v_nvp,1.50,PFmin,1,353,353,OPTIMAL,8.821,5952,319,11,896,5046,0,0,10,frontEnd=nvp_three_version;rasta=none;powspec=none;audspec=none;compJah=nvp_three_version;rastaFilter=none;backEnd=low_sil_diverse_doer_checker,True,True,True,,0,0
E3k1,v_nvp,1.50,PFmax,1,353,353,OPTIMAL,9.424,5952,319,11,896,5046,0,0,10,frontEnd=nvp_three_version;rasta=none;powspec=none;audspec=none;compJah=nvp_three_version;rastaFilter=none;backEnd=low_sil_diverse_doer_checker,True,True,True,,0,0
E3k1,v_nvp,1.50,PFlight,1,353,353,OPTIMAL,8.687,5952,319,11,896,5046,0,0,10,frontEnd=nvp_three_version;rasta=none;powspec=none;audspec=none;compJah=nvp_three_version;rastaFilter=none;backEnd=low_sil_diverse_doer_checker,True,True,True,,0,0
E3k1,v_nvp,1.50,PFcheap,1,353,353,OPTIMAL,8.685,5952,319,11,896,5046,0,0,10,frontEnd=nvp_three_version;rasta=none;powspec=none;audspec=none;compJah=nvp_three_version;rastaFilter=none;backEnd=low_sil_diverse_doer_checker,True,True,True,,0,0
E3k1,v_nvp,2.00,joint,1,470,470,OPTIMAL,14.462,5944,449,10,888,5046,0,0,10,frontEnd=nvp_three_version;rasta=none;powspec=none;audspec=none;compJah=nvp_three_version;rastaFilter=none;backEnd=low_sil_diverse_doer_checker,True,,True,,0,0
E3k1,v_nvp,2.00,SL,1,470,470,OPTIMAL,5.405,5944,449,10,888,5046,0,0,10,frontEnd=nvp_three_version;rasta=none;powspec=none;audspec=none;compJah=nvp_three_version;rastaFilter=none;backEnd=low_sil_diverse_doer_checker,True,True,True,OPTIMAL,0,0
E3k1,v_nvp,2.00,PFmin,1,470,470,OPTIMAL,10.156,5944,449,10,888,5046,0,0,10,frontEnd=nvp_three_version;rasta=none;powspec=none;audspec=none;compJah=nvp_three_version;rastaFilter=none;backEnd=low_sil_diverse_doer_checker,True,True,True,,0,0
E3k1,v_nvp,2.00,PFmax,1,470,470,OPTIMAL,10.089,5944,449,10,888,5046,0,0,10,frontEnd=nvp_three_version;rasta=none;powspec=none;audspec=none;compJah=nvp_three_version;rastaFilter=none;backEnd=low_sil_diverse_doer_checker,True,True,True,,0,0
E3k1,v_nvp,2.00,PFlight,1,470,470,OPTIMAL,10.489,5944,449,10,888,5046,0,0,10,frontEnd=nvp_three_version;rasta=none;powspec=none;audspec=none;compJah=nvp_three_version;rastaFilter=none;backEnd=low_sil_diverse_doer_checker,True,True,True,,0,0
E3k1,v_nvp,2.00,PFcheap,1,470,470,OPTIMAL,10.967,5944,449,10,888,5046,0,0,10,frontEnd=nvp_three_version;rasta=none;powspec=none;audspec=none;compJah=nvp_three_version;rastaFilter=none;backEnd=low_sil_diverse_doer_checker,True,True,True,,0,0
E3k15,p_rasta,1.00,joint,1,235,352,OPTIMAL,7.812,3618,235,9,623,2974,0,15,6,frontEnd=high_sil_isolated_checker;rasta=none;powspec=none;audspec=none;compJah=high_sil_isolated_checker;rastaFilter=none;backEnd=low_sil_doer_checker,True,,True,,0,0
E3k15,p_rasta,1.00,SL,1,235,352,OPTIMAL,4.905,3636,235,10,656,2974,0,0,6,frontEnd=high_sil_isolated_checker;rasta=none;powspec=none;audspec=none;compJah=high_sil_isolated_checker;rastaFilter=none;backEnd=low_sil_diverse_doer_checker,True,True,True,OPTIMAL,0,0
E3k15,p_rasta,1.00,PFmin,1,235,352,UNSAT,1.342,,,,,,,,,frontEnd=two_of_two_high_sil;rasta=none;powspec=none;audspec=none;compJah=two_of_two_high_sil;rastaFilter=none;backEnd=low_sil_doer_checker,,,,,,
E3k15,p_rasta,1.00,PFmax,1,235,352,UNSAT,1.335,,,,,,,,,frontEnd=two_of_two_high_sil;rasta=none;powspec=none;audspec=none;compJah=two_of_two_high_sil;rastaFilter=none;backEnd=low_sil_diverse_doer_checker,,,,,,
E3k15,p_rasta,1.00,PFlight,1,235,352,OPTIMAL,3.5,3618,235,9,623,2974,0,15,6,frontEnd=high_sil_isolated_checker;rasta=none;powspec=none;audspec=none;compJah=high_sil_isolated_checker;rastaFilter=none;backEnd=low_sil_doer_checker,True,True,True,,0,0
E3k15,p_rasta,1.00,PFcheap,1,235,352,OPTIMAL,3.432,3618,235,9,623,2974,0,15,6,frontEnd=high_sil_isolated_checker;rasta=none;powspec=none;audspec=none;compJah=high_sil_isolated_checker;rastaFilter=none;backEnd=low_sil_doer_checker,True,True,True,,0,0
E3k15,p_rasta,1.10,joint,1,259,388,OPTIMAL,12.234,3615,245,9,620,2974,0,15,6,frontEnd=high_sil_isolated_checker;rasta=none;powspec=none;audspec=none;compJah=high_sil_isolated_checker;rastaFilter=none;backEnd=low_sil_doer_checker,True,,True,,0,0
E3k15,p_rasta,1.10,SL,1,259,388,OPTIMAL,5.102,3636,235,10,656,2974,0,0,6,frontEnd=high_sil_isolated_checker;rasta=none;powspec=none;audspec=none;compJah=high_sil_isolated_checker;rastaFilter=none;backEnd=low_sil_diverse_doer_checker,True,True,True,OPTIMAL,0,0
E3k15,p_rasta,1.10,PFmin,1,259,388,UNSAT,1.313,,,,,,,,,frontEnd=two_of_two_high_sil;rasta=none;powspec=none;audspec=none;compJah=two_of_two_high_sil;rastaFilter=none;backEnd=low_sil_doer_checker,,,,,,
E3k15,p_rasta,1.10,PFmax,1,259,388,UNSAT,1.309,,,,,,,,,frontEnd=two_of_two_high_sil;rasta=none;powspec=none;audspec=none;compJah=two_of_two_high_sil;rastaFilter=none;backEnd=low_sil_diverse_doer_checker,,,,,,
E3k15,p_rasta,1.10,PFlight,1,259,388,OPTIMAL,3.911,3615,245,9,620,2974,0,15,6,frontEnd=high_sil_isolated_checker;rasta=none;powspec=none;audspec=none;compJah=high_sil_isolated_checker;rastaFilter=none;backEnd=low_sil_doer_checker,True,True,True,,0,0
E3k15,p_rasta,1.10,PFcheap,1,259,388,OPTIMAL,3.959,3615,245,9,620,2974,0,15,6,frontEnd=high_sil_isolated_checker;rasta=none;powspec=none;audspec=none;compJah=high_sil_isolated_checker;rastaFilter=none;backEnd=low_sil_doer_checker,True,True,True,,0,0
E3k15,p_rasta,1.25,joint,1,294,441,OPTIMAL,13.531,3467,277,8,457,2974,0,30,6,frontEnd=high_sil_isolated_checker;rasta=none;powspec=none;audspec=none;compJah=high_sil_isolated_checker;rastaFilter=none;backEnd=low_sil_doer_checker,True,,True,,0,0
E3k15,p_rasta,1.25,SL,1,294,441,OPTIMAL,6.456,3491,282,9,496,2974,0,15,6,frontEnd=two_of_two_high_sil;rasta=none;powspec=none;audspec=none;compJah=high_sil_isolated_checker;rastaFilter=none;backEnd=low_sil_diverse_doer_checker,True,True,True,OPTIMAL,0,0
E3k15,p_rasta,1.25,PFmin,1,294,441,UNSAT,1.451,,,,,,,,,frontEnd=two_of_two_high_sil;rasta=none;powspec=none;audspec=none;compJah=two_of_two_high_sil;rastaFilter=none;backEnd=low_sil_doer_checker,,,,,,
E3k15,p_rasta,1.25,PFmax,1,294,441,UNSAT,1.437,,,,,,,,,frontEnd=two_of_two_high_sil;rasta=none;powspec=none;audspec=none;compJah=two_of_two_high_sil;rastaFilter=none;backEnd=low_sil_diverse_doer_checker,,,,,,
E3k15,p_rasta,1.25,PFlight,1,294,441,OPTIMAL,4.514,3467,277,8,457,2974,0,30,6,frontEnd=high_sil_isolated_checker;rasta=none;powspec=none;audspec=none;compJah=high_sil_isolated_checker;rastaFilter=none;backEnd=low_sil_doer_checker,True,True,True,,0,0
E3k15,p_rasta,1.25,PFcheap,1,294,441,OPTIMAL,5.076,3467,277,8,457,2974,0,30,6,frontEnd=high_sil_isolated_checker;rasta=none;powspec=none;audspec=none;compJah=high_sil_isolated_checker;rastaFilter=none;backEnd=low_sil_doer_checker,True,True,True,,0,0
E3k15,p_rasta,1.50,joint,1,353,529,OPTIMAL,30.021,3452,310,8,457,2974,0,15,6,frontEnd=high_sil_isolated_checker;rasta=none;powspec=none;audspec=none;compJah=high_sil_isolated_checker;rastaFilter=none;backEnd=low_sil_doer_checker,True,,True,,0,0
E3k15,p_rasta,1.50,SL,1,353,529,OPTIMAL,7.598,3461,327,8,466,2974,0,15,6,frontEnd=two_of_two_high_sil;rasta=none;powspec=none;audspec=none;compJah=high_sil_isolated_checker;rastaFilter=none;backEnd=low_sil_diverse_doer_checker,True,True,True,OPTIMAL,0,0
E3k15,p_rasta,1.50,PFmin,1,353,529,OPTIMAL,5.726,3455,340,8,460,2974,0,15,6,frontEnd=two_of_two_high_sil;rasta=none;powspec=none;audspec=none;compJah=two_of_two_high_sil;rastaFilter=none;backEnd=low_sil_doer_checker,True,True,True,,0,0
E3k15,p_rasta,1.50,PFmax,1,353,529,OPTIMAL,5.399,3458,353,8,463,2974,0,15,6,frontEnd=two_of_two_high_sil;rasta=none;powspec=none;audspec=none;compJah=two_of_two_high_sil;rastaFilter=none;backEnd=low_sil_diverse_doer_checker,True,True,True,,0,0
E3k15,p_rasta,1.50,PFlight,1,353,529,OPTIMAL,7.615,3452,310,8,457,2974,0,15,6,frontEnd=high_sil_isolated_checker;rasta=none;powspec=none;audspec=none;compJah=high_sil_isolated_checker;rastaFilter=none;backEnd=low_sil_doer_checker,True,True,True,,0,0
E3k15,p_rasta,1.50,PFcheap,1,353,529,OPTIMAL,8.307,3452,310,8,457,2974,0,15,6,frontEnd=high_sil_isolated_checker;rasta=none;powspec=none;audspec=none;compJah=high_sil_isolated_checker;rastaFilter=none;backEnd=low_sil_doer_checker,True,True,True,,0,0
E3k15,p_rasta,2.00,joint,1,470,705,OPTIMAL,97.149,3399,449,5,404,2974,0,15,6,frontEnd=high_sil_isolated_checker;rasta=none;powspec=none;audspec=none;compJah=high_sil_isolated_checker;rastaFilter=none;backEnd=low_sil_doer_checker,True,,True,,0,0
E3k15,p_rasta,2.00,SL,1,470,705,OPTIMAL,6.692,3400,449,7,420,2974,0,0,6,frontEnd=high_sil_isolated_checker;rasta=none;powspec=none;audspec=none;compJah=high_sil_isolated_checker;rastaFilter=none;backEnd=low_sil_doer_checker,True,True,True,OPTIMAL,0,0
E3k15,p_rasta,2.00,PFmin,1,470,705,OPTIMAL,12.801,3400,451,7,420,2974,0,0,6,frontEnd=two_of_two_high_sil;rasta=none;powspec=none;audspec=none;compJah=two_of_two_high_sil;rastaFilter=none;backEnd=low_sil_doer_checker,True,True,True,,0,0
E3k15,p_rasta,2.00,PFmax,1,470,705,OPTIMAL,9.178,3407,451,6,412,2974,0,15,6,frontEnd=two_of_two_high_sil;rasta=none;powspec=none;audspec=none;compJah=two_of_two_high_sil;rastaFilter=none;backEnd=low_sil_diverse_doer_checker,True,True,True,,0,0
E3k15,p_rasta,2.00,PFlight,1,470,705,OPTIMAL,28.924,3399,449,5,404,2974,0,15,6,frontEnd=high_sil_isolated_checker;rasta=none;powspec=none;audspec=none;compJah=high_sil_isolated_checker;rastaFilter=none;backEnd=low_sil_doer_checker,True,True,True,,0,0
E3k15,p_rasta,2.00,PFcheap,1,470,705,OPTIMAL,32.222,3399,449,5,404,2974,0,15,6,frontEnd=high_sil_isolated_checker;rasta=none;powspec=none;audspec=none;compJah=high_sil_isolated_checker;rastaFilter=none;backEnd=low_sil_doer_checker,True,True,True,,0,0
E3k15,f_random_hw,1.00,joint,1,235,352,OPTIMAL,8.015,3636,235,10,656,2974,0,0,6,frontEnd=high_sil_isolated_checker;rasta=none;powspec=none;audspec=none;compJah=high_sil_isolated_checker;rastaFilter=none;backEnd=low_sil_doer_checker,True,,True,,0,0
E3k15,f_random_hw,1.00,SL,1,235,352,OPTIMAL,4.761,3636,235,10,656,2974,0,0,6,frontEnd=high_sil_isolated_checker;rasta=none;powspec=none;audspec=none;compJah=high_sil_isolated_checker;rastaFilter=none;backEnd=low_sil_diverse_doer_checker,True,True,True,OPTIMAL,0,0
E3k15,f_random_hw,1.00,PFmin,1,235,352,UNSAT,1.239,,,,,,,,,frontEnd=two_of_two_high_sil;rasta=none;powspec=none;audspec=none;compJah=two_of_two_high_sil;rastaFilter=none;backEnd=low_sil_doer_checker,,,,,,
E3k15,f_random_hw,1.00,PFmax,1,235,352,UNSAT,1.227,,,,,,,,,frontEnd=two_of_two_high_sil;rasta=none;powspec=none;audspec=none;compJah=two_of_two_high_sil;rastaFilter=none;backEnd=low_sil_diverse_doer_checker,,,,,,
E3k15,f_random_hw,1.00,PFlight,1,235,352,OPTIMAL,3.581,3636,235,10,656,2974,0,0,6,frontEnd=high_sil_isolated_checker;rasta=none;powspec=none;audspec=none;compJah=high_sil_isolated_checker;rastaFilter=none;backEnd=low_sil_doer_checker,True,True,True,,0,0
E3k15,f_random_hw,1.00,PFcheap,1,235,352,OPTIMAL,3.316,3636,235,10,656,2974,0,0,6,frontEnd=high_sil_isolated_checker;rasta=none;powspec=none;audspec=none;compJah=high_sil_isolated_checker;rastaFilter=none;backEnd=low_sil_doer_checker,True,True,True,,0,0
E3k15,f_random_hw,1.10,joint,1,259,388,OPTIMAL,8.215,3636,235,10,656,2974,0,0,6,frontEnd=high_sil_isolated_checker;rasta=none;powspec=none;audspec=none;compJah=high_sil_isolated_checker;rastaFilter=none;backEnd=low_sil_doer_checker,True,,True,,0,0
E3k15,f_random_hw,1.10,SL,1,259,388,OPTIMAL,4.778,3636,235,10,656,2974,0,0,6,frontEnd=high_sil_isolated_checker;rasta=none;powspec=none;audspec=none;compJah=high_sil_isolated_checker;rastaFilter=none;backEnd=low_sil_diverse_doer_checker,True,True,True,OPTIMAL,0,0
E3k15,f_random_hw,1.10,PFmin,1,259,388,UNSAT,1.215,,,,,,,,,frontEnd=two_of_two_high_sil;rasta=none;powspec=none;audspec=none;compJah=two_of_two_high_sil;rastaFilter=none;backEnd=low_sil_doer_checker,,,,,,
E3k15,f_random_hw,1.10,PFmax,1,259,388,UNSAT,1.188,,,,,,,,,frontEnd=two_of_two_high_sil;rasta=none;powspec=none;audspec=none;compJah=two_of_two_high_sil;rastaFilter=none;backEnd=low_sil_diverse_doer_checker,,,,,,
E3k15,f_random_hw,1.10,PFlight,1,259,388,OPTIMAL,3.218,3636,235,10,656,2974,0,0,6,frontEnd=high_sil_isolated_checker;rasta=none;powspec=none;audspec=none;compJah=high_sil_isolated_checker;rastaFilter=none;backEnd=low_sil_doer_checker,True,True,True,,0,0
E3k15,f_random_hw,1.10,PFcheap,1,259,388,OPTIMAL,3.19,3636,235,10,656,2974,0,0,6,frontEnd=high_sil_isolated_checker;rasta=none;powspec=none;audspec=none;compJah=high_sil_isolated_checker;rastaFilter=none;backEnd=low_sil_doer_checker,True,True,True,,0,0
E3k15,f_random_hw,1.25,joint,1,294,441,OPTIMAL,12.24,3484,282,10,504,2974,0,0,6,frontEnd=high_sil_isolated_checker;rasta=none;powspec=none;audspec=none;compJah=high_sil_isolated_checker;rastaFilter=none;backEnd=low_sil_doer_checker,True,,True,,0,0
E3k15,f_random_hw,1.25,SL,1,294,441,OPTIMAL,5.331,3484,282,10,504,2974,0,0,6,frontEnd=high_sil_isolated_checker;rasta=none;powspec=none;audspec=none;compJah=high_sil_isolated_checker;rastaFilter=none;backEnd=low_sil_doer_checker,True,True,True,OPTIMAL,0,0
E3k15,f_random_hw,1.25,PFmin,1,294,441,UNSAT,1.32,,,,,,,,,frontEnd=two_of_two_high_sil;rasta=none;powspec=none;audspec=none;compJah=two_of_two_high_sil;rastaFilter=none;backEnd=low_sil_doer_checker,,,,,,
E3k15,f_random_hw,1.25,PFmax,1,294,441,UNSAT,1.332,,,,,,,,,frontEnd=two_of_two_high_sil;rasta=none;powspec=none;audspec=none;compJah=two_of_two_high_sil;rastaFilter=none;backEnd=low_sil_diverse_doer_checker,,,,,,
E3k15,f_random_hw,1.25,PFlight,1,294,441,OPTIMAL,3.568,3484,282,10,504,2974,0,0,6,frontEnd=high_sil_isolated_checker;rasta=none;powspec=none;audspec=none;compJah=high_sil_isolated_checker;rastaFilter=none;backEnd=low_sil_doer_checker,True,True,True,,0,0
E3k15,f_random_hw,1.25,PFcheap,1,294,441,OPTIMAL,3.601,3484,282,10,504,2974,0,0,6,frontEnd=high_sil_isolated_checker;rasta=none;powspec=none;audspec=none;compJah=high_sil_isolated_checker;rastaFilter=none;backEnd=low_sil_doer_checker,True,True,True,,0,0
E3k15,f_random_hw,1.50,joint,1,353,529,OPTIMAL,13.729,3473,319,9,493,2974,0,0,6,frontEnd=high_sil_isolated_checker;rasta=none;powspec=none;audspec=none;compJah=high_sil_isolated_checker;rastaFilter=none;backEnd=low_sil_doer_checker,True,,True,,0,0
E3k15,f_random_hw,1.50,SL,1,353,529,OPTIMAL,6.854,3473,319,9,493,2974,0,0,6,frontEnd=high_sil_isolated_checker;rasta=none;powspec=none;audspec=none;compJah=high_sil_isolated_checker;rastaFilter=none;backEnd=low_sil_diverse_doer_checker,True,True,True,OPTIMAL,0,0
E3k15,f_random_hw,1.50,PFmin,1,353,529,OPTIMAL,3.957,3473,340,9,493,2974,0,0,6,frontEnd=two_of_two_high_sil;rasta=none;powspec=none;audspec=none;compJah=two_of_two_high_sil;rastaFilter=none;backEnd=low_sil_doer_checker,True,True,True,,0,0
E3k15,f_random_hw,1.50,PFmax,1,353,529,OPTIMAL,4.789,3473,340,9,493,2974,0,0,6,frontEnd=two_of_two_high_sil;rasta=none;powspec=none;audspec=none;compJah=two_of_two_high_sil;rastaFilter=none;backEnd=low_sil_diverse_doer_checker,True,True,True,,0,0
E3k15,f_random_hw,1.50,PFlight,1,353,529,OPTIMAL,4.686,3473,319,9,493,2974,0,0,6,frontEnd=high_sil_isolated_checker;rasta=none;powspec=none;audspec=none;compJah=high_sil_isolated_checker;rastaFilter=none;backEnd=low_sil_doer_checker,True,True,True,,0,0
E3k15,f_random_hw,1.50,PFcheap,1,353,529,OPTIMAL,5.31,3473,319,9,493,2974,0,0,6,frontEnd=high_sil_isolated_checker;rasta=none;powspec=none;audspec=none;compJah=high_sil_isolated_checker;rastaFilter=none;backEnd=low_sil_doer_checker,True,True,True,,0,0
E3k15,f_random_hw,2.00,joint,1,470,705,OPTIMAL,23.213,3400,449,7,420,2974,0,0,6,frontEnd=high_sil_isolated_checker;rasta=none;powspec=none;audspec=none;compJah=high_sil_isolated_checker;rastaFilter=none;backEnd=low_sil_doer_checker,True,,True,,0,0
E3k15,f_random_hw,2.00,SL,1,470,705,OPTIMAL,7.922,3400,449,7,420,2974,0,0,6,frontEnd=high_sil_isolated_checker;rasta=none;powspec=none;audspec=none;compJah=high_sil_isolated_checker;rastaFilter=none;backEnd=low_sil_doer_checker,True,True,True,OPTIMAL,0,0
E3k15,f_random_hw,2.00,PFmin,1,470,705,OPTIMAL,5.596,3400,451,7,420,2974,0,0,6,frontEnd=two_of_two_high_sil;rasta=none;powspec=none;audspec=none;compJah=two_of_two_high_sil;rastaFilter=none;backEnd=low_sil_doer_checker,True,True,True,,0,0
E3k15,f_random_hw,2.00,PFmax,1,470,705,OPTIMAL,7.797,3425,451,7,445,2974,0,0,6,frontEnd=two_of_two_high_sil;rasta=none;powspec=none;audspec=none;compJah=two_of_two_high_sil;rastaFilter=none;backEnd=low_sil_diverse_doer_checker,True,True,True,,0,0
E3k15,f_random_hw,2.00,PFlight,1,470,705,OPTIMAL,11.676,3400,449,7,420,2974,0,0,6,frontEnd=high_sil_isolated_checker;rasta=none;powspec=none;audspec=none;compJah=high_sil_isolated_checker;rastaFilter=none;backEnd=low_sil_doer_checker,True,True,True,,0,0
E3k15,f_random_hw,2.00,PFcheap,1,470,705,OPTIMAL,6.515,3400,449,7,420,2974,0,0,6,frontEnd=high_sil_isolated_checker;rasta=none;powspec=none;audspec=none;compJah=high_sil_isolated_checker;rastaFilter=none;backEnd=low_sil_doer_checker,True,True,True,,0,0
E3k15,d_random_hw,1.00,joint,1,235,352,OPTIMAL,6.312,2137,235,10,329,1802,0,0,6,frontEnd=low_sil_doer_checker;rasta=none;powspec=none;audspec=none;compJah=low_sil_doer_checker;rastaFilter=none;backEnd=low_sil_doer_checker,True,,True,,0,0
E3k15,d_random_hw,1.00,SL,1,235,352,UNSAT,3.683,,,,,,,,,,,,,OPTIMAL,,
E3k15,d_random_hw,1.00,PFmin,1,235,352,OPTIMAL,2.784,2137,235,10,329,1802,0,0,6,frontEnd=low_sil_doer_checker;rasta=none;powspec=none;audspec=none;compJah=low_sil_doer_checker;rastaFilter=none;backEnd=low_sil_doer_checker,True,True,True,,0,0
E3k15,d_random_hw,1.00,PFmax,1,235,352,OPTIMAL,2.62,2137,235,10,329,1802,0,0,6,frontEnd=low_sil_diverse_doer_checker;rasta=none;powspec=none;audspec=none;compJah=low_sil_diverse_doer_checker;rastaFilter=none;backEnd=low_sil_diverse_doer_checker,True,True,True,,0,0
E3k15,d_random_hw,1.00,PFlight,1,235,352,OPTIMAL,2.726,2137,235,10,329,1802,0,0,6,frontEnd=low_sil_doer_checker;rasta=none;powspec=none;audspec=none;compJah=low_sil_doer_checker;rastaFilter=none;backEnd=low_sil_doer_checker,True,True,True,,0,0
E3k15,d_random_hw,1.00,PFcheap,1,235,352,OPTIMAL,2.683,2137,235,10,329,1802,0,0,6,frontEnd=low_sil_doer_checker;rasta=none;powspec=none;audspec=none;compJah=low_sil_doer_checker;rastaFilter=none;backEnd=low_sil_doer_checker,True,True,True,,0,0
E3k15,d_random_hw,1.10,joint,1,259,388,OPTIMAL,9.363,2131,252,10,323,1802,0,0,6,frontEnd=low_sil_doer_checker;rasta=none;powspec=none;audspec=none;compJah=low_sil_doer_checker;rastaFilter=none;backEnd=low_sil_doer_checker,True,,True,,0,0
E3k15,d_random_hw,1.10,SL,1,259,388,OPTIMAL,4.712,2134,255,10,326,1802,0,0,6,frontEnd=low_sil_diverse_doer_checker;rasta=none;powspec=none;audspec=none;compJah=low_sil_diverse_doer_checker;rastaFilter=none;backEnd=low_sil_doer_checker,True,True,True,OPTIMAL,0,0
E3k15,d_random_hw,1.10,PFmin,1,259,388,OPTIMAL,2.997,2131,252,10,323,1802,0,0,6,frontEnd=low_sil_doer_checker;rasta=none;powspec=none;audspec=none;compJah=low_sil_doer_checker;rastaFilter=none;backEnd=low_sil_doer_checker,True,True,True,,0,0
E3k15,d_random_hw,1.10,PFmax,1,259,388,OPTIMAL,2.858,2131,252,10,323,1802,0,0,6,frontEnd=low_sil_diverse_doer_checker;rasta=none;powspec=none;audspec=none;compJah=low_sil_diverse_doer_checker;rastaFilter=none;backEnd=low_sil_diverse_doer_checker,True,True,True,,0,0
E3k15,d_random_hw,1.10,PFlight,1,259,388,OPTIMAL,2.947,2131,252,10,323,1802,0,0,6,frontEnd=low_sil_doer_checker;rasta=none;powspec=none;audspec=none;compJah=low_sil_doer_checker;rastaFilter=none;backEnd=low_sil_doer_checker,True,True,True,,0,0
E3k15,d_random_hw,1.10,PFcheap,1,259,388,OPTIMAL,3.107,2131,252,10,323,1802,0,0,6,frontEnd=low_sil_doer_checker;rasta=none;powspec=none;audspec=none;compJah=low_sil_doer_checker;rastaFilter=none;backEnd=low_sil_doer_checker,True,True,True,,0,0
E3k15,d_random_hw,1.25,joint,1,294,441,OPTIMAL,16.44,1972,293,10,164,1802,0,0,6,frontEnd=low_sil_doer_checker;rasta=none;powspec=none;audspec=none;compJah=low_sil_doer_checker;rastaFilter=none;backEnd=low_sil_doer_checker,True,,True,,0,0
E3k15,d_random_hw,1.25,SL,1,294,441,OPTIMAL,4.538,1972,293,10,164,1802,0,0,6,frontEnd=low_sil_diverse_doer_checker;rasta=none;powspec=none;audspec=none;compJah=low_sil_diverse_doer_checker;rastaFilter=none;backEnd=low_sil_diverse_doer_checker,True,True,True,OPTIMAL,0,0
E3k15,d_random_hw,1.25,PFmin,1,294,441,OPTIMAL,4.631,1972,293,10,164,1802,0,0,6,frontEnd=low_sil_doer_checker;rasta=none;powspec=none;audspec=none;compJah=low_sil_doer_checker;rastaFilter=none;backEnd=low_sil_doer_checker,True,True,True,,0,0
E3k15,d_random_hw,1.25,PFmax,1,294,441,OPTIMAL,6.386,1972,293,10,164,1802,0,0,6,frontEnd=low_sil_diverse_doer_checker;rasta=none;powspec=none;audspec=none;compJah=low_sil_diverse_doer_checker;rastaFilter=none;backEnd=low_sil_diverse_doer_checker,True,True,True,,0,0
E3k15,d_random_hw,1.25,PFlight,1,294,441,OPTIMAL,4.367,1972,293,10,164,1802,0,0,6,frontEnd=low_sil_doer_checker;rasta=none;powspec=none;audspec=none;compJah=low_sil_doer_checker;rastaFilter=none;backEnd=low_sil_doer_checker,True,True,True,,0,0
E3k15,d_random_hw,1.25,PFcheap,1,294,441,OPTIMAL,4.646,1972,293,10,164,1802,0,0,6,frontEnd=low_sil_doer_checker;rasta=none;powspec=none;audspec=none;compJah=low_sil_doer_checker;rastaFilter=none;backEnd=low_sil_doer_checker,True,True,True,,0,0
E3k15,d_random_hw,1.50,joint,1,353,529,OPTIMAL,9.875,1934,329,8,126,1802,0,0,6,frontEnd=low_sil_doer_checker;rasta=none;powspec=none;audspec=none;compJah=low_sil_doer_checker;rastaFilter=none;backEnd=low_sil_doer_checker,True,,True,,0,0
E3k15,d_random_hw,1.50,SL,1,353,529,OPTIMAL,5.187,1934,329,8,126,1802,0,0,6,frontEnd=low_sil_diverse_doer_checker;rasta=none;powspec=none;audspec=none;compJah=low_sil_diverse_doer_checker;rastaFilter=none;backEnd=low_sil_doer_checker,True,True,True,OPTIMAL,0,0
E3k15,d_random_hw,1.50,PFmin,1,353,529,OPTIMAL,4.401,1934,329,8,126,1802,0,0,6,frontEnd=low_sil_doer_checker;rasta=none;powspec=none;audspec=none;compJah=low_sil_doer_checker;rastaFilter=none;backEnd=low_sil_doer_checker,True,True,True,,0,0
E3k15,d_random_hw,1.50,PFmax,1,353,529,OPTIMAL,4.077,1934,329,8,126,1802,0,0,6,frontEnd=low_sil_diverse_doer_checker;rasta=none;powspec=none;audspec=none;compJah=low_sil_diverse_doer_checker;rastaFilter=none;backEnd=low_sil_diverse_doer_checker,True,True,True,,0,0
E3k15,d_random_hw,1.50,PFlight,1,353,529,OPTIMAL,4.845,1934,329,8,126,1802,0,0,6,frontEnd=low_sil_doer_checker;rasta=none;powspec=none;audspec=none;compJah=low_sil_doer_checker;rastaFilter=none;backEnd=low_sil_doer_checker,True,True,True,,0,0
E3k15,d_random_hw,1.50,PFcheap,1,353,529,OPTIMAL,4.379,1934,329,8,126,1802,0,0,6,frontEnd=low_sil_doer_checker;rasta=none;powspec=none;audspec=none;compJah=low_sil_doer_checker;rastaFilter=none;backEnd=low_sil_doer_checker,True,True,True,,0,0
E3k15,d_random_hw,2.00,joint,1,470,705,OPTIMAL,9.261,1912,465,6,104,1802,0,0,6,frontEnd=low_sil_doer_checker;rasta=none;powspec=none;audspec=none;compJah=low_sil_doer_checker;rastaFilter=none;backEnd=low_sil_doer_checker,True,,True,,0,0
E3k15,d_random_hw,2.00,SL,1,470,705,OPTIMAL,6.364,1912,465,6,104,1802,0,0,6,frontEnd=low_sil_doer_checker;rasta=none;powspec=none;audspec=none;compJah=low_sil_diverse_doer_checker;rastaFilter=none;backEnd=low_sil_doer_checker,True,True,True,OPTIMAL,0,0
E3k15,d_random_hw,2.00,PFmin,1,470,705,OPTIMAL,4.621,1912,465,6,104,1802,0,0,6,frontEnd=low_sil_doer_checker;rasta=none;powspec=none;audspec=none;compJah=low_sil_doer_checker;rastaFilter=none;backEnd=low_sil_doer_checker,True,True,True,,0,0
E3k15,d_random_hw,2.00,PFmax,1,470,705,OPTIMAL,4.147,1912,465,6,104,1802,0,0,6,frontEnd=low_sil_diverse_doer_checker;rasta=none;powspec=none;audspec=none;compJah=low_sil_diverse_doer_checker;rastaFilter=none;backEnd=low_sil_diverse_doer_checker,True,True,True,,0,0
E3k15,d_random_hw,2.00,PFlight,1,470,705,OPTIMAL,4.541,1912,465,6,104,1802,0,0,6,frontEnd=low_sil_doer_checker;rasta=none;powspec=none;audspec=none;compJah=low_sil_doer_checker;rastaFilter=none;backEnd=low_sil_doer_checker,True,True,True,,0,0
E3k15,d_random_hw,2.00,PFcheap,1,470,705,OPTIMAL,4.882,1912,465,6,104,1802,0,0,6,frontEnd=low_sil_doer_checker;rasta=none;powspec=none;audspec=none;compJah=low_sil_doer_checker;rastaFilter=none;backEnd=low_sil_doer_checker,True,True,True,,0,0
E3k15,d_systematic_sw,1.00,joint,1,235,352,OPTIMAL,2.752,2104,235,7,299,1802,0,0,3,frontEnd=same_cpu_doer_checker;rasta=none;powspec=none;audspec=none;compJah=same_cpu_doer_checker;rastaFilter=none;backEnd=same_cpu_doer_checker,True,,True,,0,0
E3k15,d_systematic_sw,1.00,SL,1,235,352,UNSAT,3.503,,,,,,,,,,,,,OPTIMAL,,
E3k15,d_systematic_sw,1.00,PFmin,1,235,352,OPTIMAL,4.585,2104,235,7,299,1802,0,0,3,frontEnd=same_cpu_doer_checker;rasta=none;powspec=none;audspec=none;compJah=same_cpu_doer_checker;rastaFilter=none;backEnd=same_cpu_doer_checker,True,True,True,,0,0
E3k15,d_systematic_sw,1.00,PFmax,1,235,352,OPTIMAL,1.91,2312,235,10,504,1802,0,0,6,frontEnd=low_sil_diverse_doer_checker;rasta=none;powspec=none;audspec=none;compJah=low_sil_diverse_doer_checker;rastaFilter=none;backEnd=low_sil_diverse_doer_checker,True,True,True,,0,0
E3k15,d_systematic_sw,1.00,PFlight,1,235,352,OPTIMAL,4.617,2104,235,7,299,1802,0,0,3,frontEnd=same_cpu_doer_checker;rasta=none;powspec=none;audspec=none;compJah=same_cpu_doer_checker;rastaFilter=none;backEnd=same_cpu_doer_checker,True,True,True,,0,0
E3k15,d_systematic_sw,1.00,PFcheap,1,235,352,OPTIMAL,4.646,2104,235,7,299,1802,0,0,3,frontEnd=same_cpu_doer_checker;rasta=none;powspec=none;audspec=none;compJah=same_cpu_doer_checker;rastaFilter=none;backEnd=same_cpu_doer_checker,True,True,True,,0,0
E3k15,d_systematic_sw,1.10,joint,1,259,388,OPTIMAL,3.011,2104,235,7,299,1802,0,0,3,frontEnd=same_cpu_doer_checker;rasta=none;powspec=none;audspec=none;compJah=same_cpu_doer_checker;rastaFilter=none;backEnd=same_cpu_doer_checker,True,,True,,0,0
E3k15,d_systematic_sw,1.10,SL,1,259,388,OPTIMAL,3.782,2116,255,8,310,1802,0,0,4,frontEnd=same_cpu_doer_checker;rasta=none;powspec=none;audspec=none;compJah=low_sil_diverse_doer_checker;rastaFilter=none;backEnd=same_cpu_doer_checker,True,True,True,OPTIMAL,0,0
E3k15,d_systematic_sw,1.10,PFmin,1,259,388,OPTIMAL,2.713,2104,235,7,299,1802,0,0,3,frontEnd=same_cpu_doer_checker;rasta=none;powspec=none;audspec=none;compJah=same_cpu_doer_checker;rastaFilter=none;backEnd=same_cpu_doer_checker,True,True,True,,0,0
E3k15,d_systematic_sw,1.10,PFmax,1,259,388,OPTIMAL,2.242,2309,252,10,501,1802,0,0,6,frontEnd=low_sil_diverse_doer_checker;rasta=none;powspec=none;audspec=none;compJah=low_sil_diverse_doer_checker;rastaFilter=none;backEnd=low_sil_diverse_doer_checker,True,True,True,,0,0
E3k15,d_systematic_sw,1.10,PFlight,1,259,388,OPTIMAL,2.724,2104,235,7,299,1802,0,0,3,frontEnd=same_cpu_doer_checker;rasta=none;powspec=none;audspec=none;compJah=same_cpu_doer_checker;rastaFilter=none;backEnd=same_cpu_doer_checker,True,True,True,,0,0
E3k15,d_systematic_sw,1.10,PFcheap,1,259,388,OPTIMAL,2.778,2104,235,7,299,1802,0,0,3,frontEnd=same_cpu_doer_checker;rasta=none;powspec=none;audspec=none;compJah=same_cpu_doer_checker;rastaFilter=none;backEnd=same_cpu_doer_checker,True,True,True,,0,0
E3k15,d_systematic_sw,1.25,joint,1,294,441,OPTIMAL,3.631,1920,293,7,115,1802,0,0,3,frontEnd=same_cpu_doer_checker;rasta=none;powspec=none;audspec=none;compJah=same_cpu_doer_checker;rastaFilter=none;backEnd=same_cpu_doer_checker,True,,True,,0,0
E3k15,d_systematic_sw,1.25,SL,1,294,441,OPTIMAL,3.644,1920,293,7,115,1802,0,0,3,frontEnd=same_cpu_doer_checker;rasta=none;powspec=none;audspec=none;compJah=same_cpu_doer_checker;rastaFilter=none;backEnd=same_cpu_doer_checker,True,True,True,OPTIMAL,0,0
E3k15,d_systematic_sw,1.25,PFmin,1,294,441,OPTIMAL,2.06,1920,293,7,115,1802,0,0,3,frontEnd=same_cpu_doer_checker;rasta=none;powspec=none;audspec=none;compJah=same_cpu_doer_checker;rastaFilter=none;backEnd=same_cpu_doer_checker,True,True,True,,0,0
E3k15,d_systematic_sw,1.25,PFmax,1,294,441,OPTIMAL,3.138,2268,291,8,460,1802,0,0,6,frontEnd=low_sil_diverse_doer_checker;rasta=none;powspec=none;audspec=none;compJah=low_sil_diverse_doer_checker;rastaFilter=none;backEnd=low_sil_diverse_doer_checker,True,True,True,,0,0
E3k15,d_systematic_sw,1.25,PFlight,1,294,441,OPTIMAL,2.113,1920,293,7,115,1802,0,0,3,frontEnd=same_cpu_doer_checker;rasta=none;powspec=none;audspec=none;compJah=same_cpu_doer_checker;rastaFilter=none;backEnd=same_cpu_doer_checker,True,True,True,,0,0
E3k15,d_systematic_sw,1.25,PFcheap,1,294,441,OPTIMAL,2.054,1920,293,7,115,1802,0,0,3,frontEnd=same_cpu_doer_checker;rasta=none;powspec=none;audspec=none;compJah=same_cpu_doer_checker;rastaFilter=none;backEnd=same_cpu_doer_checker,True,True,True,,0,0
E3k15,d_systematic_sw,1.50,joint,1,353,529,OPTIMAL,2.434,1909,319,6,104,1802,0,0,3,frontEnd=same_cpu_doer_checker;rasta=none;powspec=none;audspec=none;compJah=same_cpu_doer_checker;rastaFilter=none;backEnd=same_cpu_doer_checker,True,,True,,0,0
E3k15,d_systematic_sw,1.50,SL,1,353,529,OPTIMAL,3.705,1909,319,6,104,1802,0,0,3,frontEnd=same_cpu_doer_checker;rasta=none;powspec=none;audspec=none;compJah=same_cpu_doer_checker;rastaFilter=none;backEnd=same_cpu_doer_checker,True,True,True,OPTIMAL,0,0
E3k15,d_systematic_sw,1.50,PFmin,1,353,529,OPTIMAL,1.736,1909,319,6,104,1802,0,0,3,frontEnd=same_cpu_doer_checker;rasta=none;powspec=none;audspec=none;compJah=same_cpu_doer_checker;rastaFilter=none;backEnd=same_cpu_doer_checker,True,True,True,,0,0
E3k15,d_systematic_sw,1.50,PFmax,1,353,529,OPTIMAL,3.153,2112,349,8,304,1802,0,0,6,frontEnd=low_sil_diverse_doer_checker;rasta=none;powspec=none;audspec=none;compJah=low_sil_diverse_doer_checker;rastaFilter=none;backEnd=low_sil_diverse_doer_checker,True,True,True,,0,0
E3k15,d_systematic_sw,1.50,PFlight,1,353,529,OPTIMAL,1.765,1909,319,6,104,1802,0,0,3,frontEnd=same_cpu_doer_checker;rasta=none;powspec=none;audspec=none;compJah=same_cpu_doer_checker;rastaFilter=none;backEnd=same_cpu_doer_checker,True,True,True,,0,0
E3k15,d_systematic_sw,1.50,PFcheap,1,353,529,OPTIMAL,1.86,1909,319,6,104,1802,0,0,3,frontEnd=same_cpu_doer_checker;rasta=none;powspec=none;audspec=none;compJah=same_cpu_doer_checker;rastaFilter=none;backEnd=same_cpu_doer_checker,True,True,True,,0,0
E3k15,d_systematic_sw,2.00,joint,1,470,705,OPTIMAL,4.256,1898,449,5,93,1802,0,0,3,frontEnd=same_cpu_doer_checker;rasta=none;powspec=none;audspec=none;compJah=same_cpu_doer_checker;rastaFilter=none;backEnd=same_cpu_doer_checker,True,,True,,0,0
E3k15,d_systematic_sw,2.00,SL,1,470,705,OPTIMAL,4.105,1898,449,5,93,1802,0,0,3,frontEnd=same_cpu_doer_checker;rasta=none;powspec=none;audspec=none;compJah=same_cpu_doer_checker;rastaFilter=none;backEnd=same_cpu_doer_checker,True,True,True,OPTIMAL,0,0
E3k15,d_systematic_sw,2.00,PFmin,1,470,705,OPTIMAL,2.893,1898,449,5,93,1802,0,0,3,frontEnd=same_cpu_doer_checker;rasta=none;powspec=none;audspec=none;compJah=same_cpu_doer_checker;rastaFilter=none;backEnd=same_cpu_doer_checker,True,True,True,,0,0
E3k15,d_systematic_sw,2.00,PFmax,1,470,705,OPTIMAL,2.542,2068,449,6,260,1802,0,0,6,frontEnd=low_sil_diverse_doer_checker;rasta=none;powspec=none;audspec=none;compJah=low_sil_diverse_doer_checker;rastaFilter=none;backEnd=low_sil_diverse_doer_checker,True,True,True,,0,0
E3k15,d_systematic_sw,2.00,PFlight,1,470,705,OPTIMAL,2.595,1898,449,5,93,1802,0,0,3,frontEnd=same_cpu_doer_checker;rasta=none;powspec=none;audspec=none;compJah=same_cpu_doer_checker;rastaFilter=none;backEnd=same_cpu_doer_checker,True,True,True,,0,0
E3k15,d_systematic_sw,2.00,PFcheap,1,470,705,OPTIMAL,2.604,1898,449,5,93,1802,0,0,3,frontEnd=same_cpu_doer_checker;rasta=none;powspec=none;audspec=none;compJah=same_cpu_doer_checker;rastaFilter=none;backEnd=same_cpu_doer_checker,True,True,True,,0,0
E3k15,f_sw3,1.00,joint,1,235,352,OPTIMAL,4.249,4670,235,9,653,4010,0,0,7,frontEnd=mixed_sil_doer_checker;rasta=none;powspec=none;audspec=none;compJah=mixed_sil_doer_checker;rastaFilter=none;backEnd=same_cpu_doer_checker,True,,True,,0,0
E3k15,f_sw3,1.00,SL,1,235,352,OPTIMAL,4.117,4670,235,9,653,4010,0,0,7,frontEnd=mixed_sil_doer_checker;rasta=none;powspec=none;audspec=none;compJah=mixed_sil_doer_checker;rastaFilter=none;backEnd=same_cpu_doer_checker,True,True,True,OPTIMAL,0,0
E3k15,f_sw3,1.00,PFmin,1,235,352,UNSAT,0.931,,,,,,,,,frontEnd=two_of_two_high_sil;rasta=none;powspec=none;audspec=none;compJah=two_of_two_high_sil;rastaFilter=none;backEnd=same_cpu_doer_checker,,,,,,
E3k15,f_sw3,1.00,PFmax,1,235,352,UNSAT,0.918,,,,,,,,,frontEnd=two_of_two_high_sil;rasta=none;powspec=none;audspec=none;compJah=two_of_two_high_sil;rastaFilter=none;backEnd=low_sil_diverse_doer_checker,,,,,,
E3k15,f_sw3,1.00,PFlight,1,235,352,OPTIMAL,2.047,4670,235,9,653,4010,0,0,7,frontEnd=mixed_sil_doer_checker;rasta=none;powspec=none;audspec=none;compJah=mixed_sil_doer_checker;rastaFilter=none;backEnd=same_cpu_doer_checker,True,True,True,,0,0
E3k15,f_sw3,1.00,PFcheap,1,235,352,UNSAT,0.934,,,,,,,,,frontEnd=two_of_two_high_sil;rasta=none;powspec=none;audspec=none;compJah=two_of_two_high_sil;rastaFilter=none;backEnd=same_cpu_doer_checker,,,,,,
E3k15,f_sw3,1.10,joint,1,259,388,OPTIMAL,5.274,4670,235,9,653,4010,0,0,7,frontEnd=mixed_sil_doer_checker;rasta=none;powspec=none;audspec=none;compJah=mixed_sil_doer_checker;rastaFilter=none;backEnd=same_cpu_doer_checker,True,,True,,0,0
E3k15,f_sw3,1.10,SL,1,259,388,OPTIMAL,4.25,4670,235,9,653,4010,0,0,7,frontEnd=mixed_sil_doer_checker;rasta=none;powspec=none;audspec=none;compJah=mixed_sil_doer_checker;rastaFilter=none;backEnd=same_cpu_doer_checker,True,True,True,OPTIMAL,0,0
E3k15,f_sw3,1.10,PFmin,1,259,388,UNSAT,0.891,,,,,,,,,frontEnd=two_of_two_high_sil;rasta=none;powspec=none;audspec=none;compJah=two_of_two_high_sil;rastaFilter=none;backEnd=same_cpu_doer_checker,,,,,,
E3k15,f_sw3,1.10,PFmax,1,259,388,UNSAT,0.903,,,,,,,,,frontEnd=two_of_two_high_sil;rasta=none;powspec=none;audspec=none;compJah=two_of_two_high_sil;rastaFilter=none;backEnd=low_sil_diverse_doer_checker,,,,,,
E3k15,f_sw3,1.10,PFlight,1,259,388,OPTIMAL,2.313,4670,235,9,653,4010,0,0,7,frontEnd=mixed_sil_doer_checker;rasta=none;powspec=none;audspec=none;compJah=mixed_sil_doer_checker;rastaFilter=none;backEnd=same_cpu_doer_checker,True,True,True,,0,0
E3k15,f_sw3,1.10,PFcheap,1,259,388,UNSAT,0.906,,,,,,,,,frontEnd=two_of_two_high_sil;rasta=none;powspec=none;audspec=none;compJah=two_of_two_high_sil;rastaFilter=none;backEnd=same_cpu_doer_checker,,,,,,
E3k15,f_sw3,1.25,joint,1,294,441,OPTIMAL,5.836,4502,290,7,485,4010,0,0,7,frontEnd=mixed_sil_doer_checker;rasta=none;powspec=none;audspec=none;compJah=mixed_sil_doer_checker;rastaFilter=none;backEnd=same_cpu_doer_checker,True,,True,,0,0
E3k15,f_sw3,1.25,SL,1,294,441,OPTIMAL,4.598,4543,282,9,526,4010,0,0,7,frontEnd=mixed_sil_doer_checker;rasta=none;powspec=none;audspec=none;compJah=mixed_sil_doer_checker;rastaFilter=none;backEnd=same_cpu_doer_checker,True,True,True,OPTIMAL,0,0
E3k15,f_sw3,1.25,PFmin,1,294,441,UNSAT,0.968,,,,,,,,,frontEnd=two_of_two_high_sil;rasta=none;powspec=none;audspec=none;compJah=two_of_two_high_sil;rastaFilter=none;backEnd=same_cpu_doer_checker,,,,,,
E3k15,f_sw3,1.25,PFmax,1,294,441,UNSAT,0.928,,,,,,,,,frontEnd=two_of_two_high_sil;rasta=none;powspec=none;audspec=none;compJah=two_of_two_high_sil;rastaFilter=none;backEnd=low_sil_diverse_doer_checker,,,,,,
E3k15,f_sw3,1.25,PFlight,1,294,441,OPTIMAL,2.956,4502,290,7,485,4010,0,0,7,frontEnd=mixed_sil_doer_checker;rasta=none;powspec=none;audspec=none;compJah=mixed_sil_doer_checker;rastaFilter=none;backEnd=same_cpu_doer_checker,True,True,True,,0,0
E3k15,f_sw3,1.25,PFcheap,1,294,441,UNSAT,0.936,,,,,,,,,frontEnd=two_of_two_high_sil;rasta=none;powspec=none;audspec=none;compJah=two_of_two_high_sil;rastaFilter=none;backEnd=same_cpu_doer_checker,,,,,,
E3k15,f_sw3,1.50,joint,1,353,529,OPTIMAL,8.496,3632,235,9,653,2974,0,0,5,frontEnd=two_of_two_high_sil;rasta=none;powspec=none;audspec=none;compJah=two_of_two_high_sil;rastaFilter=none;backEnd=same_cpu_doer_checker,True,,True,,0,2
E3k15,f_sw3,1.50,SL,1,353,529,OPTIMAL,4.775,3988,319,8,490,3492,0,0,6,frontEnd=two_of_two_high_sil;rasta=none;powspec=none;audspec=none;compJah=mixed_sil_doer_checker;rastaFilter=none;backEnd=same_cpu_doer_checker,True,True,True,OPTIMAL,0,0
E3k15,f_sw3,1.50,PFmin,1,353,529,OPTIMAL,2.768,3632,235,9,653,2974,0,0,5,frontEnd=two_of_two_high_sil;rasta=none;powspec=none;audspec=none;compJah=two_of_two_high_sil;rastaFilter=none;backEnd=same_cpu_doer_checker,True,True,True,,0,2
E3k15,f_sw3,1.50,PFmax,1,353,529,OPTIMAL,2.558,3670,235,10,690,2974,0,0,6,frontEnd=two_of_two_high_sil;rasta=none;powspec=none;audspec=none;compJah=two_of_two_high_sil;rastaFilter=none;backEnd=low_sil_diverse_doer_checker,True,True,True,,0,3
E3k15,f_sw3,1.50,PFlight,1,353,529,OPTIMAL,3.354,4462,326,7,445,4010,0,0,7,frontEnd=mixed_sil_doer_checker;rasta=none;powspec=none;audspec=none;compJah=mixed_sil_doer_checker;rastaFilter=none;backEnd=same_cpu_doer_checker,True,True,True,,0,0
E3k15,f_sw3,1.50,PFcheap,1,353,529,OPTIMAL,2.839,3632,235,9,653,2974,0,0,5,frontEnd=two_of_two_high_sil;rasta=none;powspec=none;audspec=none;compJah=two_of_two_high_sil;rastaFilter=none;backEnd=same_cpu_doer_checker,True,True,True,,0,2
E3k15,f_sw3,2.00,joint,1,470,705,OPTIMAL,8.93,3421,461,6,442,2974,0,0,5,frontEnd=two_of_two_high_sil;rasta=none;powspec=none;audspec=none;compJah=two_of_two_high_sil;rastaFilter=none;backEnd=same_cpu_doer_checker,True,,True,,0,0
E3k15,f_sw3,2.00,SL,1,470,705,OPTIMAL,5.027,3461,449,7,482,2974,0,0,5,frontEnd=two_of_two_high_sil;rasta=none;powspec=none;audspec=none;compJah=two_of_two_high_sil;rastaFilter=none;backEnd=same_cpu_doer_checker,True,True,True,OPTIMAL,0,0
E3k15,f_sw3,2.00,PFmin,1,470,705,OPTIMAL,3.701,3421,461,6,442,2974,0,0,5,frontEnd=two_of_two_high_sil;rasta=none;powspec=none;audspec=none;compJah=two_of_two_high_sil;rastaFilter=none;backEnd=same_cpu_doer_checker,True,True,True,,0,0
E3k15,f_sw3,2.00,PFmax,1,470,705,OPTIMAL,3.903,3462,461,7,482,2974,0,0,6,frontEnd=two_of_two_high_sil;rasta=none;powspec=none;audspec=none;compJah=two_of_two_high_sil;rastaFilter=none;backEnd=low_sil_diverse_doer_checker,True,True,True,,0,0
E3k15,f_sw3,2.00,PFlight,1,470,705,OPTIMAL,3.918,4454,449,6,437,4010,0,0,7,frontEnd=mixed_sil_doer_checker;rasta=none;powspec=none;audspec=none;compJah=mixed_sil_doer_checker;rastaFilter=none;backEnd=same_cpu_doer_checker,True,True,True,,0,0
E3k15,f_sw3,2.00,PFcheap,1,470,705,OPTIMAL,3.748,3421,461,6,442,2974,0,0,5,frontEnd=two_of_two_high_sil;rasta=none;powspec=none;audspec=none;compJah=two_of_two_high_sil;rastaFilter=none;backEnd=same_cpu_doer_checker,True,True,True,,0,0
E3k15,f_both3,1.00,joint,1,235,352,OPTIMAL,3.644,4708,235,10,690,4010,0,0,8,frontEnd=mixed_sil_doer_checker;rasta=none;powspec=none;audspec=none;compJah=mixed_sil_doer_checker;rastaFilter=none;backEnd=low_sil_diverse_doer_checker,True,,True,,0,0
E3k15,f_both3,1.00,SL,1,235,352,OPTIMAL,4.039,4711,235,10,693,4010,0,0,8,frontEnd=mixed_sil_doer_checker;rasta=none;powspec=none;audspec=none;compJah=mixed_sil_doer_checker;rastaFilter=none;backEnd=low_sil_diverse_doer_checker,True,True,True,OPTIMAL,0,0
E3k15,f_both3,1.00,PFmin,1,235,352,UNSAT,0.926,,,,,,,,,frontEnd=two_of_two_high_sil;rasta=none;powspec=none;audspec=none;compJah=two_of_two_high_sil;rastaFilter=none;backEnd=low_sil_diverse_doer_checker,,,,,,
E3k15,f_both3,1.00,PFmax,1,235,352,UNSAT,0.9,,,,,,,,,frontEnd=two_of_two_high_sil;rasta=none;powspec=none;audspec=none;compJah=two_of_two_high_sil;rastaFilter=none;backEnd=low_sil_diverse_doer_checker,,,,,,
E3k15,f_both3,1.00,PFlight,1,235,352,OPTIMAL,2.811,4708,235,10,690,4010,0,0,8,frontEnd=mixed_sil_doer_checker;rasta=none;powspec=none;audspec=none;compJah=mixed_sil_doer_checker;rastaFilter=none;backEnd=low_sil_diverse_doer_checker,True,True,True,,0,0
E3k15,f_both3,1.00,PFcheap,1,235,352,UNSAT,0.914,,,,,,,,,frontEnd=two_of_two_high_sil;rasta=none;powspec=none;audspec=none;compJah=two_of_two_high_sil;rastaFilter=none;backEnd=low_sil_diverse_doer_checker,,,,,,
E3k15,f_both3,1.10,joint,1,259,388,OPTIMAL,4.83,4708,235,10,690,4010,0,0,8,frontEnd=mixed_sil_doer_checker;rasta=none;powspec=none;audspec=none;compJah=mixed_sil_doer_checker;rastaFilter=none;backEnd=low_sil_diverse_doer_checker,True,,True,,0,0
E3k15,f_both3,1.10,SL,1,259,388,OPTIMAL,4.196,4708,253,10,690,4010,0,0,8,frontEnd=mixed_sil_doer_checker;rasta=none;powspec=none;audspec=none;compJah=mixed_sil_doer_checker;rastaFilter=none;backEnd=low_sil_diverse_doer_checker,True,True,True,OPTIMAL,0,0
E3k15,f_both3,1.10,PFmin,1,259,388,UNSAT,0.953,,,,,,,,,frontEnd=two_of_two_high_sil;rasta=none;powspec=none;audspec=none;compJah=two_of_two_high_sil;rastaFilter=none;backEnd=low_sil_diverse_doer_checker,,,,,,
E3k15,f_both3,1.10,PFmax,1,259,388,UNSAT,0.945,,,,,,,,,frontEnd=two_of_two_high_sil;rasta=none;powspec=none;audspec=none;compJah=two_of_two_high_sil;rastaFilter=none;backEnd=low_sil_diverse_doer_checker,,,,,,
E3k15,f_both3,1.10,PFlight,1,259,388,OPTIMAL,3.179,4708,235,10,690,4010,0,0,8,frontEnd=mixed_sil_doer_checker;rasta=none;powspec=none;audspec=none;compJah=mixed_sil_doer_checker;rastaFilter=none;backEnd=low_sil_diverse_doer_checker,True,True,True,,0,0
E3k15,f_both3,1.10,PFcheap,1,259,388,UNSAT,0.943,,,,,,,,,frontEnd=two_of_two_high_sil;rasta=none;powspec=none;audspec=none;compJah=two_of_two_high_sil;rastaFilter=none;backEnd=low_sil_diverse_doer_checker,,,,,,
E3k15,f_both3,1.25,joint,1,294,441,OPTIMAL,8.048,4700,266,9,682,4010,0,0,8,frontEnd=mixed_sil_doer_checker;rasta=none;powspec=none;audspec=none;compJah=mixed_sil_doer_checker;rastaFilter=none;backEnd=low_sil_diverse_doer_checker,True,,True,,0,0
E3k15,f_both3,1.25,SL,1,294,441,OPTIMAL,4.559,4704,282,10,686,4010,0,0,8,frontEnd=mixed_sil_doer_checker;rasta=none;powspec=none;audspec=none;compJah=mixed_sil_doer_checker;rastaFilter=none;backEnd=low_sil_diverse_doer_checker,True,True,True,OPTIMAL,0,0
E3k15,f_both3,1.25,PFmin,1,294,441,UNSAT,0.951,,,,,,,,,frontEnd=two_of_two_high_sil;rasta=none;powspec=none;audspec=none;compJah=two_of_two_high_sil;rastaFilter=none;backEnd=low_sil_diverse_doer_checker,,,,,,
E3k15,f_both3,1.25,PFmax,1,294,441,UNSAT,0.941,,,,,,,,,frontEnd=two_of_two_high_sil;rasta=none;powspec=none;audspec=none;compJah=two_of_two_high_sil;rastaFilter=none;backEnd=low_sil_diverse_doer_checker,,,,,,
E3k15,f_both3,1.25,PFlight,1,294,441,OPTIMAL,5.027,4700,266,9,682,4010,0,0,8,frontEnd=mixed_sil_doer_checker;rasta=none;powspec=none;audspec=none;compJah=mixed_sil_doer_checker;rastaFilter=none;backEnd=low_sil_diverse_doer_checker,True,True,True,,0,0
E3k15,f_both3,1.25,PFcheap,1,294,441,UNSAT,0.956,,,,,,,,,frontEnd=two_of_two_high_sil;rasta=none;powspec=none;audspec=none;compJah=two_of_two_high_sil;rastaFilter=none;backEnd=low_sil_diverse_doer_checker,,,,,,
E3k15,f_both3,1.50,joint,1,353,529,OPTIMAL,8.332,3670,235,10,690,2974,0,0,6,frontEnd=two_of_two_high_sil;rasta=none;powspec=none;audspec=none;compJah=two_of_two_high_sil;rastaFilter=none;backEnd=low_sil_diverse_doer_checker,True,,True,,0,3
E3k15,f_both3,1.50,SL,1,353,529,OPTIMAL,4.779,4149,319,9,650,3492,0,0,7,frontEnd=two_of_two_high_sil;rasta=none;powspec=none;audspec=none;compJah=mixed_sil_doer_checker;rastaFilter=none;backEnd=low_sil_diverse_doer_checker,True,True,True,OPTIMAL,0,0
E3k15,f_both3,1.50,PFmin,1,353,529,OPTIMAL,3.167,3670,235,10,690,2974,0,0,6,frontEnd=two_of_two_high_sil;rasta=none;powspec=none;audspec=none;compJah=two_of_two_high_sil;rastaFilter=none;backEnd=low_sil_diverse_doer_checker,True,True,True,,0,2
E3k15,f_both3,1.50,PFmax,1,353,529,OPTIMAL,3.23,3670,235,10,690,2974,0,0,6,frontEnd=two_of_two_high_sil;rasta=none;powspec=none;audspec=none;compJah=two_of_two_high_sil;rastaFilter=none;backEnd=low_sil_diverse_doer_checker,True,True,True,,0,2
E3k15,f_both3,1.50,PFlight,1,353,529,OPTIMAL,4.855,4663,319,9,645,4010,0,0,8,frontEnd=mixed_sil_doer_checker;rasta=none;powspec=none;audspec=none;compJah=mixed_sil_doer_checker;rastaFilter=none;backEnd=low_sil_diverse_doer_checker,True,True,True,,0,0
E3k15,f_both3,1.50,PFcheap,1,353,529,OPTIMAL,3.224,3670,235,10,690,2974,0,0,6,frontEnd=two_of_two_high_sil;rasta=none;powspec=none;audspec=none;compJah=two_of_two_high_sil;rastaFilter=none;backEnd=low_sil_diverse_doer_checker,True,True,True,,0,2
E3k15,f_both3,2.00,joint,1,470,705,OPTIMAL,8.943,3462,461,7,482,2974,0,0,6,frontEnd=two_of_two_high_sil;rasta=none;powspec=none;audspec=none;compJah=two_of_two_high_sil;rastaFilter=none;backEnd=low_sil_diverse_doer_checker,True,,True,,0,0
E3k15,f_both3,2.00,SL,1,470,705,OPTIMAL,5.058,3622,449,8,642,2974,0,0,6,frontEnd=two_of_two_high_sil;rasta=none;powspec=none;audspec=none;compJah=two_of_two_high_sil;rastaFilter=none;backEnd=low_sil_diverse_doer_checker,True,True,True,OPTIMAL,0,0
E3k15,f_both3,2.00,PFmin,1,470,705,OPTIMAL,3.992,3462,461,7,482,2974,0,0,6,frontEnd=two_of_two_high_sil;rasta=none;powspec=none;audspec=none;compJah=two_of_two_high_sil;rastaFilter=none;backEnd=low_sil_diverse_doer_checker,True,True,True,,0,0
E3k15,f_both3,2.00,PFmax,1,470,705,OPTIMAL,3.924,3462,461,7,482,2974,0,0,6,frontEnd=two_of_two_high_sil;rasta=none;powspec=none;audspec=none;compJah=two_of_two_high_sil;rastaFilter=none;backEnd=low_sil_diverse_doer_checker,True,True,True,,0,0
E3k15,f_both3,2.00,PFlight,1,470,705,OPTIMAL,4.125,4500,449,7,482,4010,0,0,8,frontEnd=mixed_sil_doer_checker;rasta=none;powspec=none;audspec=none;compJah=mixed_sil_doer_checker;rastaFilter=none;backEnd=low_sil_diverse_doer_checker,True,True,True,,0,0
E3k15,f_both3,2.00,PFcheap,1,470,705,OPTIMAL,3.985,3462,461,7,482,2974,0,0,6,frontEnd=two_of_two_high_sil;rasta=none;powspec=none;audspec=none;compJah=two_of_two_high_sil;rastaFilter=none;backEnd=low_sil_diverse_doer_checker,True,True,True,,0,0
E3k15,c_pat,1.00,joint,1,235,352,OPTIMAL,10.44,3636,235,10,656,2974,0,0,6,frontEnd=high_sil_isolated_checker;rasta=none;powspec=none;audspec=none;compJah=high_sil_isolated_checker;rastaFilter=none;backEnd=low_sil_doer_checker,True,,True,,0,0
E3k15,c_pat,1.00,SL,1,235,352,OPTIMAL,10.167,3636,235,10,656,2974,0,0,6,frontEnd=high_sil_isolated_checker;rasta=none;powspec=none;audspec=none;compJah=high_sil_isolated_checker;rastaFilter=none;backEnd=low_sil_doer_checker,True,True,True,OPTIMAL,0,0
E3k15,c_pat,1.00,PFmin,1,235,352,UNSAT,2.24,,,,,,,,,frontEnd=two_of_two_high_sil;rasta=none;powspec=none;audspec=none;compJah=two_of_two_high_sil;rastaFilter=none;backEnd=low_sil_doer_checker,,,,,,
E3k15,c_pat,1.00,PFmax,1,235,352,UNSAT,2.252,,,,,,,,,frontEnd=two_of_two_high_sil;rasta=none;powspec=none;audspec=none;compJah=two_of_two_high_sil;rastaFilter=none;backEnd=low_sil_diverse_doer_checker,,,,,,
E3k15,c_pat,1.00,PFlight,1,235,352,OPTIMAL,6.406,3636,235,10,656,2974,0,0,6,frontEnd=high_sil_isolated_checker;rasta=none;powspec=none;audspec=none;compJah=high_sil_isolated_checker;rastaFilter=none;backEnd=low_sil_doer_checker,True,True,True,,0,0
E3k15,c_pat,1.00,PFcheap,1,235,352,OPTIMAL,6.208,3636,235,10,656,2974,0,0,6,frontEnd=high_sil_isolated_checker;rasta=none;powspec=none;audspec=none;compJah=high_sil_isolated_checker;rastaFilter=none;backEnd=low_sil_doer_checker,True,True,True,,0,0
E3k15,c_pat,1.10,joint,1,259,388,OPTIMAL,14.441,3636,235,10,656,2974,0,0,6,frontEnd=high_sil_isolated_checker;rasta=none;powspec=none;audspec=none;compJah=high_sil_isolated_checker;rastaFilter=none;backEnd=low_sil_doer_checker,True,,True,,0,0
E3k15,c_pat,1.10,SL,1,259,388,OPTIMAL,12.317,3636,248,10,656,2974,0,0,6,frontEnd=high_sil_isolated_checker;rasta=none;powspec=none;audspec=none;compJah=high_sil_isolated_checker;rastaFilter=none;backEnd=low_sil_doer_checker,True,True,True,OPTIMAL,0,0
E3k15,c_pat,1.10,PFmin,1,259,388,UNSAT,2.215,,,,,,,,,frontEnd=two_of_two_high_sil;rasta=none;powspec=none;audspec=none;compJah=two_of_two_high_sil;rastaFilter=none;backEnd=low_sil_doer_checker,,,,,,
E3k15,c_pat,1.10,PFmax,1,259,388,UNSAT,2.221,,,,,,,,,frontEnd=two_of_two_high_sil;rasta=none;powspec=none;audspec=none;compJah=two_of_two_high_sil;rastaFilter=none;backEnd=low_sil_diverse_doer_checker,,,,,,
E3k15,c_pat,1.10,PFlight,1,259,388,OPTIMAL,8.225,3636,235,10,656,2974,0,0,6,frontEnd=high_sil_isolated_checker;rasta=none;powspec=none;audspec=none;compJah=high_sil_isolated_checker;rastaFilter=none;backEnd=low_sil_doer_checker,True,True,True,,0,0
E3k15,c_pat,1.10,PFcheap,1,259,388,OPTIMAL,8.211,3636,235,10,656,2974,0,0,6,frontEnd=high_sil_isolated_checker;rasta=none;powspec=none;audspec=none;compJah=high_sil_isolated_checker;rastaFilter=none;backEnd=low_sil_doer_checker,True,True,True,,0,0
E3k15,c_pat,1.25,joint,1,294,441,OPTIMAL,24.691,3484,282,10,504,2974,0,0,6,frontEnd=high_sil_isolated_checker;rasta=none;powspec=none;audspec=none;compJah=high_sil_isolated_checker;rastaFilter=none;backEnd=low_sil_doer_checker,True,,True,,0,0
E3k15,c_pat,1.25,SL,1,294,441,OPTIMAL,15.607,3484,282,10,504,2974,0,0,6,frontEnd=high_sil_isolated_checker;rasta=none;powspec=none;audspec=none;compJah=high_sil_isolated_checker;rastaFilter=none;backEnd=low_sil_doer_checker,True,True,True,OPTIMAL,0,0
E3k15,c_pat,1.25,PFmin,1,294,441,UNSAT,3.286,,,,,,,,,frontEnd=two_of_two_high_sil;rasta=none;powspec=none;audspec=none;compJah=two_of_two_high_sil;rastaFilter=none;backEnd=low_sil_doer_checker,,,,,,
E3k15,c_pat,1.25,PFmax,1,294,441,UNSAT,3.276,,,,,,,,,frontEnd=two_of_two_high_sil;rasta=none;powspec=none;audspec=none;compJah=two_of_two_high_sil;rastaFilter=none;backEnd=low_sil_diverse_doer_checker,,,,,,
E3k15,c_pat,1.25,PFlight,1,294,441,OPTIMAL,9.078,3484,282,10,504,2974,0,0,6,frontEnd=high_sil_isolated_checker;rasta=none;powspec=none;audspec=none;compJah=high_sil_isolated_checker;rastaFilter=none;backEnd=low_sil_doer_checker,True,True,True,,0,0
E3k15,c_pat,1.25,PFcheap,1,294,441,OPTIMAL,9.123,3484,282,10,504,2974,0,0,6,frontEnd=high_sil_isolated_checker;rasta=none;powspec=none;audspec=none;compJah=high_sil_isolated_checker;rastaFilter=none;backEnd=low_sil_doer_checker,True,True,True,,0,0
E3k15,c_pat,1.50,joint,1,353,529,OPTIMAL,27.982,3473,319,9,493,2974,0,0,6,frontEnd=two_of_two_high_sil;rasta=none;powspec=none;audspec=none;compJah=high_sil_isolated_checker;rastaFilter=none;backEnd=low_sil_doer_checker,True,,True,,0,0
E3k15,c_pat,1.50,SL,1,353,529,OPTIMAL,13.201,3473,325,9,493,2974,0,0,6,frontEnd=high_sil_isolated_checker;rasta=none;powspec=none;audspec=none;compJah=high_sil_isolated_checker;rastaFilter=none;backEnd=low_sil_doer_checker,True,True,True,OPTIMAL,0,0
E3k15,c_pat,1.50,PFmin,1,353,529,OPTIMAL,10.829,3473,340,9,493,2974,0,0,6,frontEnd=two_of_two_high_sil;rasta=none;powspec=none;audspec=none;compJah=two_of_two_high_sil;rastaFilter=none;backEnd=low_sil_doer_checker,True,True,True,,0,0
E3k15,c_pat,1.50,PFmax,1,353,529,OPTIMAL,9.956,3473,340,9,493,2974,0,0,6,frontEnd=two_of_two_high_sil;rasta=none;powspec=none;audspec=none;compJah=two_of_two_high_sil;rastaFilter=none;backEnd=low_sil_diverse_doer_checker,True,True,True,,0,0
E3k15,c_pat,1.50,PFlight,1,353,529,OPTIMAL,10.635,3473,323,9,493,2974,0,0,6,frontEnd=high_sil_isolated_checker;rasta=none;powspec=none;audspec=none;compJah=high_sil_isolated_checker;rastaFilter=none;backEnd=low_sil_doer_checker,True,True,True,,0,0
E3k15,c_pat,1.50,PFcheap,1,353,529,OPTIMAL,10.805,3473,325,9,493,2974,0,0,6,frontEnd=high_sil_isolated_checker;rasta=none;powspec=none;audspec=none;compJah=high_sil_isolated_checker;rastaFilter=none;backEnd=low_sil_doer_checker,True,True,True,,0,0
E3k15,c_pat,2.00,joint,1,470,705,OPTIMAL,27.946,3400,456,7,420,2974,0,0,6,frontEnd=high_sil_isolated_checker;rasta=none;powspec=none;audspec=none;compJah=high_sil_isolated_checker;rastaFilter=none;backEnd=low_sil_doer_checker,True,,True,,0,0
E3k15,c_pat,2.00,SL,1,470,705,OPTIMAL,13.71,3400,456,7,420,2974,0,0,6,frontEnd=high_sil_isolated_checker;rasta=none;powspec=none;audspec=none;compJah=high_sil_isolated_checker;rastaFilter=none;backEnd=low_sil_doer_checker,True,True,True,OPTIMAL,0,0
E3k15,c_pat,2.00,PFmin,1,470,705,OPTIMAL,12.984,3429,468,7,449,2974,0,0,6,frontEnd=two_of_two_high_sil;rasta=none;powspec=none;audspec=none;compJah=two_of_two_high_sil;rastaFilter=none;backEnd=low_sil_doer_checker,True,True,True,,0,0
E3k15,c_pat,2.00,PFmax,1,470,705,OPTIMAL,13.051,3433,350,8,453,2974,0,0,6,frontEnd=two_of_two_high_sil;rasta=none;powspec=none;audspec=none;compJah=two_of_two_high_sil;rastaFilter=none;backEnd=low_sil_diverse_doer_checker,True,True,True,,0,1
E3k15,c_pat,2.00,PFlight,1,470,705,OPTIMAL,11.157,3400,456,7,420,2974,0,0,6,frontEnd=high_sil_isolated_checker;rasta=none;powspec=none;audspec=none;compJah=high_sil_isolated_checker;rastaFilter=none;backEnd=low_sil_doer_checker,True,True,True,,0,0
E3k15,c_pat,2.00,PFcheap,1,470,705,OPTIMAL,10.237,3400,456,7,420,2974,0,0,6,frontEnd=high_sil_isolated_checker;rasta=none;powspec=none;audspec=none;compJah=high_sil_isolated_checker;rastaFilter=none;backEnd=low_sil_doer_checker,True,True,True,,0,0
E3k15,pc_sobel,1.00,joint,1,333,499,OPTIMAL,2.841,1411,333,3,34,1375,0,0,2,get_pixel=high_sil_isolated_checker;gx=none;gy=none;abs=none,True,,True,,0,0
E3k15,pc_sobel,1.00,SL,1,333,499,OPTIMAL,4.926,1411,333,3,34,1375,0,0,2,get_pixel=high_sil_isolated_checker;gx=none;gy=none;abs=none,True,True,True,OPTIMAL,0,0
E3k15,pc_sobel,1.00,PFmin,1,333,499,UNSAT,1.183,,,,,,,,,get_pixel=two_of_two_high_sil;gx=none;gy=none;abs=none,,,,,,
E3k15,pc_sobel,1.00,PFmax,1,333,499,UNSAT,1.209,,,,,,,,,get_pixel=two_of_two_high_sil;gx=none;gy=none;abs=none,,,,,,
E3k15,pc_sobel,1.00,PFlight,1,333,499,OPTIMAL,1.979,1411,333,3,34,1375,0,0,2,get_pixel=high_sil_isolated_checker;gx=none;gy=none;abs=none,True,True,True,,0,0
E3k15,pc_sobel,1.00,PFcheap,1,333,499,OPTIMAL,1.984,1411,333,3,34,1375,0,0,2,get_pixel=high_sil_isolated_checker;gx=none;gy=none;abs=none,True,True,True,,0,0
E3k15,pc_sobel,1.10,joint,1,367,550,OPTIMAL,3.434,1405,352,3,28,1375,0,0,2,get_pixel=high_sil_isolated_checker;gx=none;gy=none;abs=none,True,,True,,0,0
E3k15,pc_sobel,1.10,SL,1,367,550,OPTIMAL,5.325,1405,352,3,28,1375,0,0,2,get_pixel=high_sil_isolated_checker;gx=none;gy=none;abs=none,True,True,True,OPTIMAL,0,0
E3k15,pc_sobel,1.10,PFmin,1,367,550,OPTIMAL,1.802,1413,265,3,36,1375,0,0,2,get_pixel=two_of_two_high_sil;gx=none;gy=none;abs=none,True,True,True,,0,1
E3k15,pc_sobel,1.10,PFmax,1,367,550,OPTIMAL,1.867,1413,265,3,36,1375,0,0,2,get_pixel=two_of_two_high_sil;gx=none;gy=none;abs=none,True,True,True,,0,1
E3k15,pc_sobel,1.10,PFlight,1,367,550,OPTIMAL,2.606,1405,352,3,28,1375,0,0,2,get_pixel=high_sil_isolated_checker;gx=none;gy=none;abs=none,True,True,True,,0,0
E3k15,pc_sobel,1.10,PFcheap,1,367,550,OPTIMAL,2.66,1405,352,3,28,1375,0,0,2,get_pixel=high_sil_isolated_checker;gx=none;gy=none;abs=none,True,True,True,,0,0
E3k15,pc_sobel,1.25,joint,1,417,625,OPTIMAL,3.455,1403,416,3,26,1375,0,0,2,get_pixel=high_sil_isolated_checker;gx=none;gy=none;abs=none,True,,True,,0,0
E3k15,pc_sobel,1.25,SL,1,417,625,OPTIMAL,5.293,1403,416,3,26,1375,0,0,2,get_pixel=high_sil_isolated_checker;gx=none;gy=none;abs=none,True,True,True,OPTIMAL,0,0
E3k15,pc_sobel,1.25,PFmin,1,417,625,OPTIMAL,1.833,1411,277,3,34,1375,0,0,2,get_pixel=two_of_two_high_sil;gx=none;gy=none;abs=none,True,True,True,,0,1
E3k15,pc_sobel,1.25,PFmax,1,417,625,OPTIMAL,1.871,1411,277,3,34,1375,0,0,2,get_pixel=two_of_two_high_sil;gx=none;gy=none;abs=none,True,True,True,,0,1
E3k15,pc_sobel,1.25,PFlight,1,417,625,OPTIMAL,2.604,1403,416,3,26,1375,0,0,2,get_pixel=high_sil_isolated_checker;gx=none;gy=none;abs=none,True,True,True,,0,0
E3k15,pc_sobel,1.25,PFcheap,1,417,625,OPTIMAL,2.562,1403,416,3,26,1375,0,0,2,get_pixel=high_sil_isolated_checker;gx=none;gy=none;abs=none,True,True,True,,0,0
E3k15,pc_sobel,1.50,joint,1,500,750,OPTIMAL,3.395,1401,480,3,24,1375,0,0,2,get_pixel=high_sil_isolated_checker;gx=none;gy=none;abs=none,True,,True,,0,0
E3k15,pc_sobel,1.50,SL,1,500,750,OPTIMAL,4.999,1401,499,3,24,1375,0,0,2,get_pixel=high_sil_isolated_checker;gx=none;gy=none;abs=none,True,True,True,OPTIMAL,0,0
E3k15,pc_sobel,1.50,PFmin,1,500,750,OPTIMAL,2.66,1405,334,3,28,1375,0,0,2,get_pixel=two_of_two_high_sil;gx=none;gy=none;abs=none,True,True,True,,0,1
E3k15,pc_sobel,1.50,PFmax,1,500,750,OPTIMAL,2.656,1405,334,3,28,1375,0,0,2,get_pixel=two_of_two_high_sil;gx=none;gy=none;abs=none,True,True,True,,0,1
E3k15,pc_sobel,1.50,PFlight,1,500,750,OPTIMAL,2.503,1401,499,3,24,1375,0,0,2,get_pixel=high_sil_isolated_checker;gx=none;gy=none;abs=none,True,True,True,,0,0
E3k15,pc_sobel,1.50,PFcheap,1,500,750,OPTIMAL,2.475,1401,499,3,24,1375,0,0,2,get_pixel=high_sil_isolated_checker;gx=none;gy=none;abs=none,True,True,True,,0,0
E3k15,pc_sobel,2.00,joint,1,666,999,OPTIMAL,3.692,1401,393,3,24,1375,0,0,2,get_pixel=two_of_two_high_sil;gx=none;gy=none;abs=none,True,,True,,0,1
E3k15,pc_sobel,2.00,SL,1,666,999,OPTIMAL,5.199,1401,384,3,24,1375,0,0,2,get_pixel=two_of_two_high_sil;gx=none;gy=none;abs=none,True,True,True,OPTIMAL,0,1
E3k15,pc_sobel,2.00,PFmin,1,666,999,OPTIMAL,2.441,1401,393,3,24,1375,0,0,2,get_pixel=two_of_two_high_sil;gx=none;gy=none;abs=none,True,True,True,,0,1
E3k15,pc_sobel,2.00,PFmax,1,666,999,OPTIMAL,2.486,1401,393,3,24,1375,0,0,2,get_pixel=two_of_two_high_sil;gx=none;gy=none;abs=none,True,True,True,,0,1
E3k15,pc_sobel,2.00,PFlight,1,666,999,OPTIMAL,2.453,1401,393,3,24,1375,0,0,2,get_pixel=high_sil_isolated_checker;gx=none;gy=none;abs=none,True,True,True,,0,1
E3k15,pc_sobel,2.00,PFcheap,1,666,999,OPTIMAL,2.441,1401,393,3,24,1375,0,0,2,get_pixel=high_sil_isolated_checker;gx=none;gy=none;abs=none,True,True,True,,0,1
E3k15,v_nvp,1.00,joint,1,235,352,OPTIMAL,4.647,5992,235,12,936,5046,0,0,10,frontEnd=nvp_three_version;rasta=none;powspec=none;audspec=none;compJah=nvp_three_version;rastaFilter=none;backEnd=low_sil_diverse_doer_checker,True,,True,,0,0
E3k15,v_nvp,1.00,SL,1,235,352,OPTIMAL,12.553,6155,235,13,1099,5046,0,0,10,frontEnd=nvp_three_version;rasta=none;powspec=none;audspec=none;compJah=nvp_three_version;rastaFilter=none;backEnd=low_sil_diverse_doer_checker,True,True,True,OPTIMAL,0,0
E3k15,v_nvp,1.00,PFmin,1,235,352,OPTIMAL,3.606,5992,235,12,936,5046,0,0,10,frontEnd=nvp_three_version;rasta=none;powspec=none;audspec=none;compJah=nvp_three_version;rastaFilter=none;backEnd=low_sil_diverse_doer_checker,True,True,True,,0,0
E3k15,v_nvp,1.00,PFmax,1,235,352,OPTIMAL,3.754,5992,235,12,936,5046,0,0,10,frontEnd=nvp_three_version;rasta=none;powspec=none;audspec=none;compJah=nvp_three_version;rastaFilter=none;backEnd=low_sil_diverse_doer_checker,True,True,True,,0,0
E3k15,v_nvp,1.00,PFlight,1,235,352,OPTIMAL,3.616,5992,235,12,936,5046,0,0,10,frontEnd=nvp_three_version;rasta=none;powspec=none;audspec=none;compJah=nvp_three_version;rastaFilter=none;backEnd=low_sil_diverse_doer_checker,True,True,True,,0,0
E3k15,v_nvp,1.00,PFcheap,1,235,352,OPTIMAL,3.723,5992,235,12,936,5046,0,0,10,frontEnd=nvp_three_version;rasta=none;powspec=none;audspec=none;compJah=nvp_three_version;rastaFilter=none;backEnd=low_sil_diverse_doer_checker,True,True,True,,0,0
E3k15,v_nvp,1.10,joint,1,259,388,OPTIMAL,4.764,5992,253,12,936,5046,0,0,10,frontEnd=nvp_three_version;rasta=none;powspec=none;audspec=none;compJah=nvp_three_version;rastaFilter=none;backEnd=low_sil_diverse_doer_checker,True,,True,,0,0
E3k15,v_nvp,1.10,SL,1,259,388,OPTIMAL,5.402,5992,254,12,936,5046,0,0,10,frontEnd=nvp_three_version;rasta=none;powspec=none;audspec=none;compJah=nvp_three_version;rastaFilter=none;backEnd=low_sil_diverse_doer_checker,True,True,True,OPTIMAL,0,0
E3k15,v_nvp,1.10,PFmin,1,259,388,OPTIMAL,3.953,5992,254,12,936,5046,0,0,10,frontEnd=nvp_three_version;rasta=none;powspec=none;audspec=none;compJah=nvp_three_version;rastaFilter=none;backEnd=low_sil_diverse_doer_checker,True,True,True,,0,0
E3k15,v_nvp,1.10,PFmax,1,259,388,OPTIMAL,3.863,5992,254,12,936,5046,0,0,10,frontEnd=nvp_three_version;rasta=none;powspec=none;audspec=none;compJah=nvp_three_version;rastaFilter=none;backEnd=low_sil_diverse_doer_checker,True,True,True,,0,0
E3k15,v_nvp,1.10,PFlight,1,259,388,OPTIMAL,4.732,5992,254,12,936,5046,0,0,10,frontEnd=nvp_three_version;rasta=none;powspec=none;audspec=none;compJah=nvp_three_version;rastaFilter=none;backEnd=low_sil_diverse_doer_checker,True,True,True,,0,0
E3k15,v_nvp,1.10,PFcheap,1,259,388,OPTIMAL,4.087,5992,254,12,936,5046,0,0,10,frontEnd=nvp_three_version;rasta=none;powspec=none;audspec=none;compJah=nvp_three_version;rastaFilter=none;backEnd=low_sil_diverse_doer_checker,True,True,True,,0,0
E3k15,v_nvp,1.25,joint,1,294,441,OPTIMAL,9.114,5984,266,11,928,5046,0,0,10,frontEnd=nvp_three_version;rasta=none;powspec=none;audspec=none;compJah=nvp_three_version;rastaFilter=none;backEnd=low_sil_diverse_doer_checker,True,,True,,0,0
E3k15,v_nvp,1.25,SL,1,294,441,OPTIMAL,10.915,5988,282,12,932,5046,0,0,10,frontEnd=nvp_three_version;rasta=none;powspec=none;audspec=none;compJah=nvp_three_version;rastaFilter=none;backEnd=low_sil_diverse_doer_checker,True,True,True,OPTIMAL,0,0
E3k15,v_nvp,1.25,PFmin,1,294,441,OPTIMAL,5.421,5984,266,11,928,5046,0,0,10,frontEnd=nvp_three_version;rasta=none;powspec=none;audspec=none;compJah=nvp_three_version;rastaFilter=none;backEnd=low_sil_diverse_doer_checker,True,True,True,,0,0
E3k15,v_nvp,1.25,PFmax,1,294,441,OPTIMAL,5.704,5984,266,11,928,5046,0,0,10,frontEnd=nvp_three_version;rasta=none;powspec=none;audspec=none;compJah=nvp_three_version;rastaFilter=none;backEnd=low_sil_diverse_doer_checker,True,True,True,,0,0
E3k15,v_nvp,1.25,PFlight,1,294,441,OPTIMAL,5.989,5984,266,11,928,5046,0,0,10,frontEnd=nvp_three_version;rasta=none;powspec=none;audspec=none;compJah=nvp_three_version;rastaFilter=none;backEnd=low_sil_diverse_doer_checker,True,True,True,,0,0
E3k15,v_nvp,1.25,PFcheap,1,294,441,OPTIMAL,5.795,5984,266,11,928,5046,0,0,10,frontEnd=nvp_three_version;rasta=none;powspec=none;audspec=none;compJah=nvp_three_version;rastaFilter=none;backEnd=low_sil_diverse_doer_checker,True,True,True,,0,0
E3k15,v_nvp,1.50,joint,1,353,529,OPTIMAL,9.538,5952,319,11,896,5046,0,0,10,frontEnd=nvp_three_version;rasta=none;powspec=none;audspec=none;compJah=nvp_three_version;rastaFilter=none;backEnd=low_sil_diverse_doer_checker,True,,True,,0,0
E3k15,v_nvp,1.50,SL,1,353,529,OPTIMAL,5.357,5952,319,11,896,5046,0,0,10,frontEnd=nvp_three_version;rasta=none;powspec=none;audspec=none;compJah=nvp_three_version;rastaFilter=none;backEnd=low_sil_diverse_doer_checker,True,True,True,OPTIMAL,0,0
E3k15,v_nvp,1.50,PFmin,1,353,529,OPTIMAL,7.372,5952,319,11,896,5046,0,0,10,frontEnd=nvp_three_version;rasta=none;powspec=none;audspec=none;compJah=nvp_three_version;rastaFilter=none;backEnd=low_sil_diverse_doer_checker,True,True,True,,0,0
E3k15,v_nvp,1.50,PFmax,1,353,529,OPTIMAL,6.415,5952,319,11,896,5046,0,0,10,frontEnd=nvp_three_version;rasta=none;powspec=none;audspec=none;compJah=nvp_three_version;rastaFilter=none;backEnd=low_sil_diverse_doer_checker,True,True,True,,0,0
E3k15,v_nvp,1.50,PFlight,1,353,529,OPTIMAL,6.702,5952,319,11,896,5046,0,0,10,frontEnd=nvp_three_version;rasta=none;powspec=none;audspec=none;compJah=nvp_three_version;rastaFilter=none;backEnd=low_sil_diverse_doer_checker,True,True,True,,0,0
E3k15,v_nvp,1.50,PFcheap,1,353,529,OPTIMAL,7.512,5952,319,11,896,5046,0,0,10,frontEnd=nvp_three_version;rasta=none;powspec=none;audspec=none;compJah=nvp_three_version;rastaFilter=none;backEnd=low_sil_diverse_doer_checker,True,True,True,,0,0
E3k15,v_nvp,2.00,joint,1,470,705,OPTIMAL,15.66,5944,449,10,888,5046,0,0,10,frontEnd=nvp_three_version;rasta=none;powspec=none;audspec=none;compJah=nvp_three_version;rastaFilter=none;backEnd=low_sil_diverse_doer_checker,True,,True,,0,0
E3k15,v_nvp,2.00,SL,1,470,705,OPTIMAL,5.468,5944,449,10,888,5046,0,0,10,frontEnd=nvp_three_version;rasta=none;powspec=none;audspec=none;compJah=nvp_three_version;rastaFilter=none;backEnd=low_sil_diverse_doer_checker,True,True,True,OPTIMAL,0,0
E3k15,v_nvp,2.00,PFmin,1,470,705,OPTIMAL,10.749,5944,449,10,888,5046,0,0,10,frontEnd=nvp_three_version;rasta=none;powspec=none;audspec=none;compJah=nvp_three_version;rastaFilter=none;backEnd=low_sil_diverse_doer_checker,True,True,True,,0,0
E3k15,v_nvp,2.00,PFmax,1,470,705,OPTIMAL,12.816,5944,449,10,888,5046,0,0,10,frontEnd=nvp_three_version;rasta=none;powspec=none;audspec=none;compJah=nvp_three_version;rastaFilter=none;backEnd=low_sil_diverse_doer_checker,True,True,True,,0,0
E3k15,v_nvp,2.00,PFlight,1,470,705,OPTIMAL,8.99,5944,449,10,888,5046,0,0,10,frontEnd=nvp_three_version;rasta=none;powspec=none;audspec=none;compJah=nvp_three_version;rastaFilter=none;backEnd=low_sil_diverse_doer_checker,True,True,True,,0,0
E3k15,v_nvp,2.00,PFcheap,1,470,705,OPTIMAL,9.389,5944,449,10,888,5046,0,0,10,frontEnd=nvp_three_version;rasta=none;powspec=none;audspec=none;compJah=nvp_three_version;rastaFilter=none;backEnd=low_sil_diverse_doer_checker,True,True,True,,0,0
E3k2,p_rasta,1.00,joint,1,235,470,OPTIMAL,14.475,3615,235,9,620,2974,0,15,6,frontEnd=high_sil_isolated_checker;rasta=none;powspec=none;audspec=none;compJah=high_sil_isolated_checker;rastaFilter=none;backEnd=low_sil_doer_checker,True,,True,,0,1
E3k2,p_rasta,1.10,joint,1,259,518,OPTIMAL,12.601,3455,256,8,460,2974,0,15,6,frontEnd=high_sil_isolated_checker;rasta=none;powspec=none;audspec=none;compJah=high_sil_isolated_checker;rastaFilter=none;backEnd=low_sil_doer_checker,True,,True,,0,3
E3k2,p_rasta,1.25,joint,1,294,588,OPTIMAL,35.93,3430,282,7,420,2974,0,30,6,frontEnd=high_sil_isolated_checker;rasta=none;powspec=none;audspec=none;compJah=high_sil_isolated_checker;rastaFilter=none;backEnd=low_sil_doer_checker,True,,True,,0,2
E3k2,p_rasta,1.50,joint,1,353,706,SAT,300.404,3415,319,7,420,2974,0,15,6,frontEnd=high_sil_isolated_checker;rasta=none;powspec=none;audspec=none;compJah=two_of_two_high_sil;rastaFilter=none;backEnd=low_sil_doer_checker,True,,True,,0,2
E3k2,p_rasta,2.00,joint,1,470,940,SAT,300.397,3399,449,5,404,2974,0,15,6,frontEnd=high_sil_isolated_checker;rasta=none;powspec=none;audspec=none;compJah=high_sil_isolated_checker;rastaFilter=none;backEnd=low_sil_doer_checker,True,,True,,0,0
E3k2,f_random_hw,1.00,joint,1,235,470,OPTIMAL,12.581,3633,235,10,653,2974,0,0,6,frontEnd=two_of_two_high_sil;rasta=none;powspec=none;audspec=none;compJah=high_sil_isolated_checker;rastaFilter=none;backEnd=low_sil_doer_checker,True,,True,,0,2
E3k2,f_random_hw,1.10,joint,1,259,518,OPTIMAL,11.016,3476,256,9,496,2974,0,0,6,frontEnd=high_sil_isolated_checker;rasta=none;powspec=none;audspec=none;compJah=two_of_two_high_sil;rastaFilter=none;backEnd=low_sil_doer_checker,True,,True,,0,3
E3k2,f_random_hw,1.25,joint,1,294,588,OPTIMAL,14.22,3440,266,8,460,2974,0,0,6,frontEnd=high_sil_isolated_checker;rasta=none;powspec=none;audspec=none;compJah=two_of_two_high_sil;rastaFilter=none;backEnd=low_sil_doer_checker,True,,True,,0,3
E3k2,f_random_hw,1.50,joint,1,353,706,OPTIMAL,40.48,3433,339,8,453,2974,0,0,6,frontEnd=high_sil_isolated_checker;rasta=none;powspec=none;audspec=none;compJah=two_of_two_high_sil;rastaFilter=none;backEnd=low_sil_doer_checker,True,,True,,0,2
E3k2,f_random_hw,2.00,joint,1,470,940,OPTIMAL,27.948,3400,449,7,420,2974,0,0,6,frontEnd=high_sil_isolated_checker;rasta=none;powspec=none;audspec=none;compJah=high_sil_isolated_checker;rastaFilter=none;backEnd=low_sil_doer_checker,True,,True,,0,1
E3k2,d_random_hw,1.00,joint,1,235,470,OPTIMAL,8.784,2091,235,9,283,1802,0,0,6,frontEnd=low_sil_doer_checker;rasta=none;powspec=none;audspec=none;compJah=low_sil_doer_checker;rastaFilter=none;backEnd=low_sil_doer_checker,True,,True,,0,2
E3k2,d_random_hw,1.10,joint,1,259,518,OPTIMAL,8.488,2091,248,9,283,1802,0,0,6,frontEnd=low_sil_doer_checker;rasta=none;powspec=none;audspec=none;compJah=low_sil_doer_checker;rastaFilter=none;backEnd=low_sil_doer_checker,True,,True,,0,2
E3k2,d_random_hw,1.25,joint,1,294,588,OPTIMAL,8.912,1940,291,8,132,1802,0,0,6,frontEnd=low_sil_doer_checker;rasta=none;powspec=none;audspec=none;compJah=low_sil_doer_checker;rastaFilter=none;backEnd=low_sil_doer_checker,True,,True,,0,2
E3k2,d_random_hw,1.50,joint,1,353,706,OPTIMAL,8.445,1917,353,7,109,1802,0,0,6,frontEnd=low_sil_doer_checker;rasta=none;powspec=none;audspec=none;compJah=low_sil_doer_checker;rastaFilter=none;backEnd=low_sil_doer_checker,True,,True,,0,2
E3k2,d_random_hw,2.00,joint,1,470,940,OPTIMAL,12.006,1909,449,6,101,1802,0,0,6,frontEnd=low_sil_doer_checker;rasta=none;powspec=none;audspec=none;compJah=low_sil_doer_checker;rastaFilter=none;backEnd=low_sil_doer_checker,True,,True,,0,1
E3k2,d_systematic_sw,1.00,joint,1,235,470,OPTIMAL,3.971,2104,235,7,299,1802,0,0,3,frontEnd=same_cpu_doer_checker;rasta=none;powspec=none;audspec=none;compJah=same_cpu_doer_checker;rastaFilter=none;backEnd=same_cpu_doer_checker,True,,True,,0,0
E3k2,d_systematic_sw,1.10,joint,1,259,518,OPTIMAL,3.95,2104,235,7,299,1802,0,0,3,frontEnd=same_cpu_doer_checker;rasta=none;powspec=none;audspec=none;compJah=same_cpu_doer_checker;rastaFilter=none;backEnd=same_cpu_doer_checker,True,,True,,0,0
E3k2,d_systematic_sw,1.25,joint,1,294,588,OPTIMAL,4.182,1920,293,7,115,1802,0,0,3,frontEnd=same_cpu_doer_checker;rasta=none;powspec=none;audspec=none;compJah=same_cpu_doer_checker;rastaFilter=none;backEnd=same_cpu_doer_checker,True,,True,,0,0
E3k2,d_systematic_sw,1.50,joint,1,353,706,OPTIMAL,4.27,1909,319,6,104,1802,0,0,3,frontEnd=same_cpu_doer_checker;rasta=none;powspec=none;audspec=none;compJah=same_cpu_doer_checker;rastaFilter=none;backEnd=same_cpu_doer_checker,True,,True,,0,0
E3k2,d_systematic_sw,2.00,joint,1,470,940,OPTIMAL,4.054,1898,449,5,93,1802,0,0,3,frontEnd=same_cpu_doer_checker;rasta=none;powspec=none;audspec=none;compJah=same_cpu_doer_checker;rastaFilter=none;backEnd=same_cpu_doer_checker,True,,True,,0,0
E3k2,f_sw3,1.00,joint,1,235,470,OPTIMAL,6.41,3632,235,9,653,2974,0,0,5,frontEnd=two_of_two_high_sil;rasta=none;powspec=none;audspec=none;compJah=two_of_two_high_sil;rastaFilter=none;backEnd=same_cpu_doer_checker,True,,True,,0,2
E3k2,f_sw3,1.10,joint,1,259,518,OPTIMAL,5.959,3632,235,9,653,2974,0,0,5,frontEnd=two_of_two_high_sil;rasta=none;powspec=none;audspec=none;compJah=two_of_two_high_sil;rastaFilter=none;backEnd=same_cpu_doer_checker,True,,True,,0,2
E3k2,f_sw3,1.25,joint,1,294,588,OPTIMAL,7.263,3505,282,9,526,2974,0,0,5,frontEnd=two_of_two_high_sil;rasta=none;powspec=none;audspec=none;compJah=two_of_two_high_sil;rastaFilter=none;backEnd=same_cpu_doer_checker,True,,True,,0,2
E3k2,f_sw3,1.50,joint,1,353,706,OPTIMAL,8.489,3429,322,7,450,2974,0,0,5,frontEnd=two_of_two_high_sil;rasta=none;powspec=none;audspec=none;compJah=two_of_two_high_sil;rastaFilter=none;backEnd=same_cpu_doer_checker,True,,True,,0,2
E3k2,f_sw3,2.00,joint,1,470,940,OPTIMAL,8.806,3416,449,6,437,2974,0,0,5,frontEnd=two_of_two_high_sil;rasta=none;powspec=none;audspec=none;compJah=two_of_two_high_sil;rastaFilter=none;backEnd=same_cpu_doer_checker,True,,True,,0,1
E3k2,f_both3,1.00,joint,1,235,470,OPTIMAL,5.617,3670,235,10,690,2974,0,0,6,frontEnd=two_of_two_high_sil;rasta=none;powspec=none;audspec=none;compJah=two_of_two_high_sil;rastaFilter=none;backEnd=low_sil_diverse_doer_checker,True,,True,,0,3
E3k2,f_both3,1.10,joint,1,259,518,OPTIMAL,6.739,3670,235,10,690,2974,0,0,6,frontEnd=two_of_two_high_sil;rasta=none;powspec=none;audspec=none;compJah=two_of_two_high_sil;rastaFilter=none;backEnd=low_sil_diverse_doer_checker,True,,True,,0,3
E3k2,f_both3,1.25,joint,1,294,588,OPTIMAL,8.344,3662,266,9,682,2974,0,0,6,frontEnd=two_of_two_high_sil;rasta=none;powspec=none;audspec=none;compJah=two_of_two_high_sil;rastaFilter=none;backEnd=low_sil_diverse_doer_checker,True,,True,,0,2
E3k2,f_both3,1.50,joint,1,353,706,OPTIMAL,7.298,3470,322,8,490,2974,0,0,6,frontEnd=two_of_two_high_sil;rasta=none;powspec=none;audspec=none;compJah=two_of_two_high_sil;rastaFilter=none;backEnd=low_sil_diverse_doer_checker,True,,True,,0,2
E3k2,f_both3,2.00,joint,1,470,940,OPTIMAL,13.888,3462,449,7,482,2974,0,0,6,frontEnd=two_of_two_high_sil;rasta=none;powspec=none;audspec=none;compJah=two_of_two_high_sil;rastaFilter=none;backEnd=low_sil_diverse_doer_checker,True,,True,,0,1
E3k2,c_pat,1.00,joint,1,235,470,OPTIMAL,13.791,3633,235,10,653,2974,0,0,6,frontEnd=high_sil_isolated_checker;rasta=none;powspec=none;audspec=none;compJah=two_of_two_high_sil;rastaFilter=none;backEnd=low_sil_doer_checker,True,,True,,0,2
E3k2,c_pat,1.10,joint,1,259,518,OPTIMAL,21.131,3633,251,10,653,2974,0,0,6,frontEnd=two_of_two_high_sil;rasta=none;powspec=none;audspec=none;compJah=two_of_two_high_sil;rastaFilter=none;backEnd=low_sil_doer_checker,True,,True,,0,3
E3k2,c_pat,1.25,joint,1,294,588,OPTIMAL,21.317,3440,293,8,460,2974,0,0,6,frontEnd=high_sil_isolated_checker;rasta=none;powspec=none;audspec=none;compJah=high_sil_isolated_checker;rastaFilter=none;backEnd=low_sil_doer_checker,True,,True,,0,1
E3k2,c_pat,1.50,joint,1,353,706,OPTIMAL,24.14,3433,319,8,453,2974,0,0,6,frontEnd=high_sil_isolated_checker;rasta=none;powspec=none;audspec=none;compJah=high_sil_isolated_checker;rastaFilter=none;backEnd=low_sil_doer_checker,True,,True,,0,1
E3k2,c_pat,2.00,joint,1,470,940,OPTIMAL,30.696,3400,456,7,420,2974,0,0,6,frontEnd=high_sil_isolated_checker;rasta=none;powspec=none;audspec=none;compJah=high_sil_isolated_checker;rastaFilter=none;backEnd=low_sil_doer_checker,True,,True,,0,1
E3k2,pc_sobel,1.00,joint,1,333,666,OPTIMAL,3.231,1405,329,3,28,1375,0,0,2,get_pixel=high_sil_isolated_checker;gx=none;gy=none;abs=none,True,,True,,0,1
E3k2,pc_sobel,1.10,joint,1,367,734,OPTIMAL,3.281,1403,334,3,26,1375,0,0,2,get_pixel=high_sil_isolated_checker;gx=none;gy=none;abs=none,True,,True,,0,1
E3k2,pc_sobel,1.25,joint,1,417,834,OPTIMAL,3.218,1401,393,3,24,1375,0,0,2,get_pixel=two_of_two_high_sil;gx=none;gy=none;abs=none,True,,True,,0,1
E3k2,pc_sobel,1.50,joint,1,500,1000,OPTIMAL,3.281,1401,393,3,24,1375,0,0,2,get_pixel=high_sil_isolated_checker;gx=none;gy=none;abs=none,True,,True,,0,1
E3k2,pc_sobel,2.00,joint,1,666,1332,OPTIMAL,3.426,1401,393,3,24,1375,0,0,2,get_pixel=high_sil_isolated_checker;gx=none;gy=none;abs=none,True,,True,,0,1
E3k2,v_nvp,1.00,joint,1,235,470,OPTIMAL,5.789,5992,235,12,936,5046,0,0,10,frontEnd=nvp_three_version;rasta=none;powspec=none;audspec=none;compJah=nvp_three_version;rastaFilter=none;backEnd=low_sil_diverse_doer_checker,True,,True,,0,1
E3k2,v_nvp,1.10,joint,1,259,518,OPTIMAL,6.001,5992,254,12,936,5046,0,0,10,frontEnd=nvp_three_version;rasta=none;powspec=none;audspec=none;compJah=nvp_three_version;rastaFilter=none;backEnd=low_sil_diverse_doer_checker,True,,True,,0,0
E3k2,v_nvp,1.25,joint,1,294,588,OPTIMAL,11.014,5984,266,11,928,5046,0,0,10,frontEnd=nvp_three_version;rasta=none;powspec=none;audspec=none;compJah=nvp_three_version;rastaFilter=none;backEnd=low_sil_diverse_doer_checker,True,,True,,0,0
E3k2,v_nvp,1.50,joint,1,353,706,OPTIMAL,11.969,5952,319,11,896,5046,0,0,10,frontEnd=nvp_three_version;rasta=none;powspec=none;audspec=none;compJah=nvp_three_version;rastaFilter=none;backEnd=low_sil_diverse_doer_checker,True,,True,,0,0
E3k2,v_nvp,2.00,joint,1,470,940,OPTIMAL,17.869,5944,449,10,888,5046,0,0,10,frontEnd=nvp_three_version;rasta=none;powspec=none;audspec=none;compJah=nvp_three_version;rastaFilter=none;backEnd=low_sil_diverse_doer_checker,True,,True,,0,0
